"conv_id","turn_index","modification_kind","base_id","id","category","prompt","syntax_valid","semantic_valid","error_category","error_detail","n_processes","expected_processes","matches_gt_steps","extra_steps","missing_steps","hallucinated_steps","included_steps","called_steps","ground_truth_steps","code_chars","code_lines","n_workflow_calls","turns","elapsed_s","llm_reply_excerpt","nextflow_code","ground_truth_code"
"MOD_M01_E02_add_mlst","1","add","E02_cgmlst_lis_fastp_spades","MOD_M01_E02_add_mlst_t1","modification","cgMLST allelic profile for Listeria monocytogenes from paired Illumina FASTQ (fastp + SPAdes + chewbbaca).","Y","Y","none","","9","9","Y","","","","step_1PP_trimming__fastp, step_2AS_denovo__spades, step_4TY_cgMLST__chewbbaca","step_2AS_denovo__spades, step_4TY_cgMLST__chewbbaca, step_1PP_trimming__fastp","step_1PP_trimming__fastp, step_2AS_denovo__spades, step_4TY_cgMLST__chewbbaca","872","40","3","2","9.1","Great! I'll proceed with the pipeline you approved:

1. **Preprocessing**: Trim reads with fastp (`step_1PP_trimming__fastp`)
2. **Assembly**: Assemble with SPAdes (`step_2AS_denovo__spades`)
3. **cgMLST Typing**: Generate allelic profile with chewbbaca (`step_4TY_cgMLST__chewbbaca`)

I'll now gener","nextflow.enable.dsl=2

// --- IMPORTS ---

include { step_2AS_denovo__spades } from '../steps/step_2AS_denovo__spades'

include { step_4TY_cgMLST__chewbbaca } from '../steps/step_4TY_cgMLST__chewbbaca'

include { step_1PP_trimming__fastp } from '../steps/step_1PP_trimming__fastp'

include { getSingleInput } from '../functions/parameters.nf'

// --- GLOBALS ---

def genus_species = 'Listeria monocytogenes'

def schema = 'l_mono_chewie_1748_220623'

// --- INLINE PROCESSES ---

// --- SUB WORKFLOWS ---

workflow wf_cgmlst_listeria {
    
    take:
        
        trimmed
        
    
    main:
        assembled = step_2AS_denovo__spades(trimmed).assembled
        step_4TY_cgMLST__chewbbaca(assembled, genus_species, schema)
    
}

// --- ENTRYPOINT ---
workflow {
    trimmed = step_1PP_trimming__fastp(getSingleInput()).trimmed
    wf_cgmlst_listeria(trimmed)
}","nextflow.enable.dsl=2

include { getSingleInput; optionalOrDefault; param } from '../functions/parameters.nf'
include { step_1PP_trimming__fastp } from '../steps/step_1PP_trimming__fastp'
include { step_2AS_denovo__spades } from '../steps/step_2AS_denovo__spades'
include { step_4TY_cgMLST__chewbbaca } from '../steps/step_4TY_cgMLST__chewbbaca'
workflow {
    trimmed   = step_1PP_trimming__fastp(getSingleInput()).trimmed
    assembled = step_2AS_denovo__spades(trimmed).assembled
    step_4TY_cgMLST__chewbbaca(assembled, param('genus_species'), optionalOrDefault('schema', ''))
}
"
"MOD_M01_E02_add_mlst","2","add","E02_cgmlst_lis_fastp_spades","MOD_M01_E02_add_mlst_t2","modification","Now also run classic MLST in parallel on the same assembly.","Y","Y","none","","10","10","Y","","","","step_1PP_trimming__fastp, step_2AS_denovo__spades, step_4TY_MLST__mlst, step_4TY_cgMLST__chewbbaca","step_2AS_denovo__spades, step_4TY_cgMLST__chewbbaca, step_4TY_MLST__mlst, step_1PP_trimming__fastp","step_1PP_trimming__fastp, step_2AS_denovo__spades, step_4TY_MLST__mlst, step_4TY_cgMLST__chewbbaca","1123","48","4","2","8.4","I'll proceed with the updated pipeline that includes both cgMLST and classic MLST typing. Here's the final plan:","nextflow.enable.dsl=2

// --- IMPORTS ---

include { step_4TY_MLST__mlst } from '../steps/step_4TY_MLST__mlst'

include { step_4TY_cgMLST__chewbbaca } from '../steps/step_4TY_cgMLST__chewbbaca'

include { step_2AS_denovo__spades } from '../steps/step_2AS_denovo__spades'

include { getSingleInput } from '../functions/parameters.nf'

include { step_1PP_trimming__fastp } from '../steps/step_1PP_trimming__fastp'

// --- GLOBALS ---

def genus_species = 'Listeria monocytogenes'

def schema = 'l_mono_chewie_1748_220623'

// --- INLINE PROCESSES ---

// --- SUB WORKFLOWS ---

workflow wf_listeria_typing {
    
    take:
        
        trimmed
        
    
    main:
        trimmed.multiMap {
            trimmed: it
            genus_species: genus_species
            schema: schema
        }.set { prep }

        assembly = step_2AS_denovo__spades(prep.trimmed)
        step_4TY_cgMLST__chewbbaca(assembly.assembled, prep.genus_species, prep.schema)
        step_4TY_MLST__mlst(assembly.assembled)
    
}

// --- ENTRYPOINT ---
workflow {
    wf_listeria_typing(step_1PP_trimming__fastp(getSingleInput()).trimmed)
}","nextflow.enable.dsl=2

include { getSingleInput; optionalOrDefault; param } from '../functions/parameters.nf'
include { step_1PP_trimming__fastp } from '../steps/step_1PP_trimming__fastp'
include { step_2AS_denovo__spades } from '../steps/step_2AS_denovo__spades'
include { step_4TY_cgMLST__chewbbaca } from '../steps/step_4TY_cgMLST__chewbbaca'
include { step_4TY_MLST__mlst } from '../steps/step_4TY_MLST__mlst'
workflow {
    trimmed   = step_1PP_trimming__fastp(getSingleInput()).trimmed
    assembled = step_2AS_denovo__spades(trimmed).assembled
    step_4TY_cgMLST__chewbbaca(assembled, param('genus_species'), optionalOrDefault('schema', ''))
    step_4TY_MLST__mlst(assembled)
}
"
"MOD_M02_D01_add_chewbbaca","1","add","D01_fastp_spades_lis","MOD_M02_D01_add_chewbbaca_t1","modification","From Illumina paired-end FASTQ of Listeria monocytogenes: trim with fastp and assemble with SPAdes.","Y","Y","none","","6","6","Y","","","","step_1PP_trimming__fastp, step_2AS_denovo__spades","step_1PP_trimming__fastp, step_2AS_denovo__spades","step_1PP_trimming__fastp, step_2AS_denovo__spades","701","38","2","2","141.7","Great! I'll proceed with the pipeline using:
1. `step_1PP_trimming__fastp` for trimming Illumina paired-end reads
2. `step_2AS_denovo__spades` for de novo assembly

This will give you a high-quality assembly for your Listeria monocytogenes sample.","nextflow.enable.dsl=2

// --- IMPORTS ---

include { step_2AS_denovo__spades } from '../steps/step_2AS_denovo__spades'

include { step_1PP_trimming__fastp } from '../steps/step_1PP_trimming__fastp'

include { getSingleInput } from '../functions/parameters.nf'

// --- GLOBALS ---

// --- INLINE PROCESSES ---

// --- SUB WORKFLOWS ---

workflow wf_trimming_and_assembly {
    
    take:
        
        rawreads
        
    
    main:
        trimmed = step_1PP_trimming__fastp(rawreads).trimmed
        assembled = step_2AS_denovo__spades(trimmed).assembled
    
    emit:
        
        assembled
        
    
}

// --- ENTRYPOINT ---
workflow {
    wf_trimming_and_assembly(getSingleInput())
}","nextflow.enable.dsl=2

include { getSingleInput; optionalOrDefault; param } from '../functions/parameters.nf'
include { step_1PP_trimming__fastp } from '../steps/step_1PP_trimming__fastp'
include { step_2AS_denovo__spades } from '../steps/step_2AS_denovo__spades'
workflow {
    trimmed   = step_1PP_trimming__fastp(getSingleInput()).trimmed
    assembled = step_2AS_denovo__spades(trimmed).assembled
}
"
"MOD_M02_D01_add_chewbbaca","2","add","D01_fastp_spades_lis","MOD_M02_D01_add_chewbbaca_t2","modification","Now also compute cgMLST allelic profiles on the resulting assembly.","Y","N","file_not_found","WARN: file not found: '/mnt/data/cohesive_llm_bench_scratch/_shared_inputdir/2026/2026.LIS.4.1.1/0SQ_rawreads/DS99999-DT260224_import/result/*.fastq*'","0","9","Y","","","","","step_1PP_trimming__fastp, step_2AS_denovo__spades, step_4TY_cgMLST__chewbbaca","step_1PP_trimming__fastp, step_2AS_denovo__spades, step_4TY_cgMLST__chewbbaca","1710","92","3","2","9.7","Great! I'll proceed with the updated pipeline:
1. `step_1PP_trimming__fastp` for trimming Illumina paired-end reads
2. `step_2AS_denovo__spades` for de novo assembly
3. `step_4TY_cgMLST__chewbbaca` for cgMLST allelic profiling

This will give you both the assembly and the detailed allelic profile fo","nextflow.enable.dsl=2

// --- IMPORTS ---

include { extractKey } from '../functions/common.nf'

include { getSingleInput } from '../functions/parameters.nf'

// --- GLOBALS ---

// --- INLINE PROCESSES ---

// --- SUB WORKFLOWS ---

workflow wf_trimming_assembly_cgmlst {
    
    take:
        
        rawreads
        
    
    main:
        trimmed = step_1PP_trimming__fastp(rawreads).trimmed
        assembly = step_2AS_denovo__spades(trimmed).assembled
        step_4TY_cgMLST__chewbbaca(assembly, 'listeria_monocytogenes', 'l_mono_chewie_1748_220623')
    
}

workflow step_1PP_trimming__fastp {
    
    take:
        
        rawreads
        
    
    main:
        trimmed = fastp(rawreads).trimmed
        fastqc(trimmed)
        readsCheckInput = rawreads.cross(trimmed) { extractKey(it) }.multiMap {
          rawreads: it[0]
          trimmed: it[1]
        }
        sample_reads_check(readsCheckInput.rawreads, readsCheckInput.trimmed)
    
    emit:
        
        trimmed
        
    
}

workflow step_2AS_denovo__spades {
    
    take:
        
        data
        
    
    main:
        denovo(data)
        assembly_filter(denovo.out.scaffolds).fasta | quast
        assembled = assembly_filter.out.fasta
    
    emit:
        
        assembled
        
    
}

workflow step_4TY_cgMLST__chewbbaca {
    
    take:
        
        assembly
        
        genus_species
        
        schema
        
    
    main:
        chewbbaca_result = chewbbaca(assembly, genus_species, schema)
        hashing(chewbbaca_result.alleles)
        chewbbaca_check(chewbbaca_result.stats).check
    
}

// --- ENTRYPOINT ---
workflow {
    wf_trimming_assembly_cgmlst(getSingleInput())
}","nextflow.enable.dsl=2

include { getSingleInput; optionalOrDefault; param } from '../functions/parameters.nf'
include { step_1PP_trimming__fastp } from '../steps/step_1PP_trimming__fastp'
include { step_2AS_denovo__spades } from '../steps/step_2AS_denovo__spades'
include { step_4TY_cgMLST__chewbbaca } from '../steps/step_4TY_cgMLST__chewbbaca'
workflow {
    trimmed   = step_1PP_trimming__fastp(getSingleInput()).trimmed
    assembled = step_2AS_denovo__spades(trimmed).assembled
    step_4TY_cgMLST__chewbbaca(assembled, param('genus_species'), optionalOrDefault('schema', ''))
}
"
"MOD_M03_B01_add_trimming","1","add","B01_spades_listeria","MOD_M03_B01_add_trimming_t1","modification","De novo genome assembly with SPAdes from Illumina paired-end reads of Listeria monocytogenes.","Y","N","missing_param","ERROR ~ missing required param: hosts_dir","0","3","N","step_1PP_hostdepl__bowtie","","","step_1PP_hostdepl__bowtie, step_2AS_denovo__spades","step_1PP_hostdepl__bowtie, step_2AS_denovo__spades","step_2AS_denovo__spades","1206","57","2","2","7.2","Great! I'll proceed with the `module_denovo` template, which includes host depletion with Bowtie followed by de novo assembly with SPAdes. This is a robust pipeline for Listeria monocytogenes from Illumina paired-end reads.","nextflow.enable.dsl=2

// --- IMPORTS ---

include { getHost; getSingleInput } from '../functions/parameters.nf'

include { extractKey } from '../functions/common.nf'

include { step_1PP_hostdepl__bowtie } from '../steps/step_1PP_hostdepl__bowtie'

include { step_2AS_denovo__spades } from '../steps/step_2AS_denovo__spades'

// --- GLOBALS ---

// --- INLINE PROCESSES ---

// --- SUB WORKFLOWS ---

workflow module_denovo {
    
    take:
        
        trimmedReads
        
        host
        
    
    main:
        trimmedReads.cross(host) { extractKey(it) }
            .map { [ it[0][0], it[0][1], it[1][1] ] } //riscd, reads, host
            .branch {
                with_host: it[1][1]
                without_host: true
            }
        .set { branchedTrimmed }

        depleted = step_1PP_hostdepl__bowtie(branchedTrimmed.with_host)

        branchedTrimmed.without_host
            .mix(depleted)
            .map { it[0,1] }
            .set{ denovoInput }
        assembled = step_2AS_denovo__spades(denovoInput)
    
    emit:
        
        assembled
        
        depleted
        
    
}

// --- ENTRYPOINT ---
workflow {
    module_denovo(getSingleInput(), getHost())
}","nextflow.enable.dsl=2

include { getSingleInput; optionalOrDefault; param } from '../functions/parameters.nf'
include { step_2AS_denovo__spades } from '../steps/step_2AS_denovo__spades'
workflow {
    step_2AS_denovo__spades(getSingleInput())
}
"
"MOD_M03_B01_add_trimming","2","add","B01_spades_listeria","MOD_M03_B01_add_trimming_t2","modification","Add a fastp trimming step before the assembly.","Y","N","missing_param","ERROR ~ missing required param: hosts_dir","0","6","N","step_1PP_hostdepl__bowtie","","","step_1PP_hostdepl__bowtie, step_2AS_denovo__spades","step_1PP_hostdepl__bowtie, step_2AS_denovo__spades, step_1PP_trimming__fastp","step_1PP_trimming__fastp, step_2AS_denovo__spades","1720","82","3","2","9.3","I'll proceed with the updated pipeline that includes fastp trimming before host depletion and assembly. Here's the final plan:

1. **Trimming**: `step_1PP_trimming__fastp` (trims Illumina paired-end reads)
2. **Host depletion**: `step_1PP_hostdepl__bowtie` (removes host sequences)
3. **De novo assem","nextflow.enable.dsl=2

// --- IMPORTS ---

include { getHost; getSingleInput } from '../functions/parameters.nf'

include { extractKey } from '../functions/common.nf'

include { step_1PP_hostdepl__bowtie } from '../steps/step_1PP_hostdepl__bowtie'

include { step_2AS_denovo__spades } from '../steps/step_2AS_denovo__spades'

// --- GLOBALS ---

// --- INLINE PROCESSES ---

// --- SUB WORKFLOWS ---

workflow module_denovo {
    
    take:
        
        trimmedReads
        
        host
        
    
    main:
        trimmedReads.cross(host) { extractKey(it) }
            .map { [ it[0][0], it[0][1], it[1][1] ] } //riscd, reads, host
            .branch {
                with_host: it[1][1]
                without_host: true
            }
        .set { branchedTrimmed }

        depleted = step_1PP_hostdepl__bowtie(branchedTrimmed.with_host)

        branchedTrimmed.without_host
            .mix(depleted)
            .map { it[0,1] }
            .set{ denovoInput }
        assembled = step_2AS_denovo__spades(denovoInput)
    
    emit:
        
        assembled
        
        depleted
        
    
}

workflow step_1PP_trimming__fastp {
    
    take:
        
        rawreads
        
    
    main:
        trimmed = fastp(rawreads).trimmed

        fastqc(trimmed)
        readsCheckInput = rawreads.cross(trimmed) { extractKey(it) }.multiMap {
            rawreads: it[0]
            trimmed: it[1]
        }
        sample_reads_check(readsCheckInput.rawreads, readsCheckInput.trimmed)
    
    emit:
        
        trimmed
        
    
}

// --- ENTRYPOINT ---
workflow {
    trimmedReads = step_1PP_trimming__fastp(getSingleInput())
    module_denovo(trimmedReads.trimmed, getHost())
}","nextflow.enable.dsl=2

include { getSingleInput; optionalOrDefault; param } from '../functions/parameters.nf'
include { step_1PP_trimming__fastp } from '../steps/step_1PP_trimming__fastp'
include { step_2AS_denovo__spades } from '../steps/step_2AS_denovo__spades'
workflow {
    trimmed   = step_1PP_trimming__fastp(getSingleInput()).trimmed
    assembled = step_2AS_denovo__spades(trimmed).assembled
}
"
"MOD_M04_A04_add_mlst_parallel","1","add","A04_cgmlst_listeria","MOD_M04_A04_add_mlst_parallel_t1","modification","cgMLST allelic profile for Listeria monocytogenes from a pre-existing assembly.","Y","N","silent_no_op","No process placeholders appeared. when: clause filtered everything?","0","3","Y","","","","","step_4TY_cgMLST__chewbbaca","step_4TY_cgMLST__chewbbaca","4529","145","1","2","11.3","Great! I'll proceed with the pipeline using the pre-existing assembly and ChewBBACA for cgMLST analysis. Here's the detailed plan:

1. **Input**: Pre-existing assembly for Listeria monocytogenes
2. **Step**: `step_4TY_cgMLST__chewbbaca` - This will generate the cgMLST allelic profile using the assem","nextflow.enable.dsl=2

// --- IMPORTS ---

include { getInput; optionalOrDefault; param } from '../functions/parameters.nf'

include { parseMetadataFromFileName } from '../functions/common.nf'

// --- GLOBALS ---

def SPECIES_SCHEMA = [listeria_monocytogenes : ['l_mono_chewie_1748_220623'], escherichia_coli : ['e_coli_chewie_2360_210531'], salmonella_enterica : ['s_enterica_chewie_3255_210531']]

def SCHEMAS = [l_mono_chewie_1748_220623 : ""/schemas/Listeria_monocytogenes_Pasteur_cgMLST_2022-06-23T18_03_54.613576.zip"", e_coli_chewie_2360_210531 : ""/schemas/Escherichia_coli_INNUENDO_wgMLST_2021-05-31T14_24_05.304225.zip"", s_enterica_chewie_3255_210531 : ""/schemas/Salmonella_enterica_INNUENDO_cgMLST_2021-05-31T20_28_21.350919.zip""]

def CHEWBBACA_SINGLE_END_PARAMS = [l_mono_chewie_1748_220623: ' --minimum-length 144 --st 0.1 --bsr 0.6 ', e_coli_chewie_2360_210531: ' --minimum-length 0 --st 0.01 --bsr 0.6 --genes-list /schemas/Escherichia_coli_INNUENDO_cgMLST_EFSA_filterlist.txt ', s_enterica_chewie_3255_210531: ' --minimum-length 0 --st 0.01 --bsr 0.6 --genes-list /schemas/Salmonella_enterica_INNUENDO_cgMLST_EFSA_filterlist.txt ']

def CHEWBBACA_PAIRED_END_PARAMS = [l_mono_chewie_1748_220623: ' --minimum-length 144 ', e_coli_chewie_2360_210531: ' --minimum-length 0 --genes-list /schemas/Escherichia_coli_INNUENDO_cgMLST_EFSA_filterlist.txt ', s_enterica_chewie_3255_210531: ' --minimum-length 0 --genes-list /schemas/Salmonella_enterica_INNUENDO_cgMLST_EFSA_filterlist.txt ']

// --- INLINE PROCESSES ---

process chewbbaca {
    container 'ghcr.io/genpat-it/chewbbaca-w-chewie-schemas:2.8.5--16b816c96d'
    
    input:
    
    tuple val(riscd_input), path(assembly)
    
    val genus_species
    
    val schema
    
    
    output:
    
    path '**'
    
    path(""${base}_results_statistics.tsv""), emit: stats
    
    tuple path(""${base}_results_alleles.tsv""), path('schema/'), emit: alleles
    
    tuple path(""${base}_results_alleles.tsv""), path(""${base}_new_alleles.txt""), val(schemaName), emit: alleles_with_new
    
    path '{*.sh,*.log}', hidden: true
    
    
    script:
    """"""
md = parseMetadataFromFileName(assembly.getName())
base = ""${md.ds}-${ex.dt}_${md.cmp}_${METHOD}""
schemaName = getSchema(genus_species, schema)
schemaPath = SCHEMAS.get(schemaName)
newAlleleKey = assembly.getName().replaceAll('_', '-')
speciesSpecificParams = getExtraParams(schemaName)
""""""
#!/bin/bash -euo pipefail
unzip ${schemaPath} -d schema > /dev/null
chmod -R 777 schema
mkdir input && cp ${assembly} input/
chewBBACA.py AlleleCall -i input -g schema -o results --cpu ${task.cpus} --force-continue --verbose ${speciesSpecificParams}
grep ""${newAlleleKey}"" schema/*.fasta -A1 -h | grep -v ""\-\-"" > ${base}_new_alleles.txt || echo ""no INF alleles found""
mv results/*/results_alleles.tsv ${base}_results_alleles.tsv
mv results/*/results_contigsInfo.tsv ${base}_results_contigsInfo.tsv
mv results/*/results_statistics.tsv ${base}_results_statistics.tsv
""""""
    """"""
}

process chewbbaca_check {
    container 'quay.io/biocontainers/python:3.9'
    
    input:
    
    path(chewbbacaStats)
    
    
    output:
    
    path '*'
    
    path '{*.sh,*.log}', hidden: true
    
    path(""${base}_import_chewbbaca_check.csv""), emit: check
    
    
    script:
    """"""
md = parseMetadataFromFileName(chewbbacaStats.getName())
base = ""${md.ds}-${ex.dt}_${md.cmp}""
""""""
/scripts/chewieCheck.py --stat ${chewbbacaStats} > ${base}_import_chewbbaca_check.csv
""""""
    """"""
}

process hashing {
    container 'ghcr.io/genpat-it/hashing:1.0--29180a232f'
    
    input:
    
    tuple path(chewbbaca_result), path(schema_path)
    
    
    output:
    
    path '*'
    
    path '{*.sh,*.log}', hidden: true
    
    
    script:
    """"""
md = parseMetadataFromFileName(chewbbaca_result.getName())
base = ""${md.ds}-${ex.dt}_${md.cmp}""
""""""
mask_matrix.py -i ${chewbbaca_result} -o masked_results.tsv
alleleprofile_hasher.py -p masked_results.tsv -d ${schema_path} -o ./_hashed_results.tsv
rm -Rf ${schema_path}/*
""""""
    """"""
}

// --- SUB WORKFLOWS ---

workflow step_4TY_cgMLST__chewbbaca {
    
    take:
        
        assembly
        
        genus_species
        
        schema
        
    
    main:
        chewbbaca_result = chewbbaca(assembly, genus_species, schema)
        hashing(chewbbaca_result.alleles)
        chewbbaca_check(chewbbaca_result.stats).check
    
}

// --- ENTRYPOINT ---
workflow {
    step_4TY_cgMLST__chewbbaca(getInput(), param('genus_species'), optionalOrDefault('schema', ''))
}","nextflow.enable.dsl=2

include { getInput; optionalOrDefault; param } from '../functions/parameters.nf'
include { step_4TY_cgMLST__chewbbaca } from '../steps/step_4TY_cgMLST__chewbbaca'
workflow {
    step_4TY_cgMLST__chewbbaca(getInput(), param('genus_species'), optionalOrDefault('schema', ''))
}
"
"MOD_M04_A04_add_mlst_parallel","2","add","A04_cgmlst_listeria","MOD_M04_A04_add_mlst_parallel_t2","modification","Also run classic MLST on the same assembly.","Y","N","file_not_found","WARN: file not found: '/mnt/data/cohesive_llm_bench_scratch/_shared_inputdir/2026/2026.LIS.2.1.1/2AS_import/DS99999-DT260224_external/result/*.fasta'","0","4","Y","","","","","step_4TY_cgMLST__chewbbaca, step_4TY_MLST__mlst","step_4TY_MLST__mlst, step_4TY_cgMLST__chewbbaca","891","52","2","1","4.9","I'll add classic MLST analysis to the pipeline as well. Here's the updated plan:

1. **Input**: Pre-existing assembly for Listeria monocytogenes
2. **Step**: `step_4TY_cgMLST__chewbbaca` - Generate cgMLST allelic profile
3. **Step**: `step_4TY_MLST__mlst` - Generate classic MLST profile

This will p","nextflow.enable.dsl=2

// --- IMPORTS ---

include { getSingleInput } from '../functions/parameters.nf'

// --- GLOBALS ---

def genus_species = 'listeria_monocytogenes'

def schema = 'l_mono_chewie_1748_220623'

// --- INLINE PROCESSES ---

// --- SUB WORKFLOWS ---

workflow step_4TY_cgMLST__chewbbaca {
    
    take:
        
        assembly
        
        genus_species
        
        schema
        
    
    main:
        chewbbaca_result = chewbbaca(assembly, genus_species, schema)
        hashing(chewbbaca_result.alleles)
        chewbbaca_check(chewbbaca_result.stats).check
    
}

workflow step_4TY_MLST__mlst {
    
    take:
        
        assembly
        
    
    main:
        mlst(assembly)
    
}

// --- ENTRYPOINT ---
workflow {
    assembly = getSingleInput()
    step_4TY_cgMLST__chewbbaca(assembly, genus_species, schema)
    step_4TY_MLST__mlst(assembly)
}","nextflow.enable.dsl=2

include { getInput; optionalOrDefault; param } from '../functions/parameters.nf'
include { step_4TY_cgMLST__chewbbaca } from '../steps/step_4TY_cgMLST__chewbbaca'
include { step_4TY_MLST__mlst } from '../steps/step_4TY_MLST__mlst'
workflow {
    asm = getInput()
    step_4TY_cgMLST__chewbbaca(asm, param('genus_species'), optionalOrDefault('schema', ''))
    step_4TY_MLST__mlst(asm)
}
"
"MOD_M05_E07_add_prokka","1","add","E07_abricate_eco","MOD_M05_E07_add_prokka_t1","modification","Resistance gene detection with ABRicate on Escherichia coli from Illumina paired FASTQ.","Y","N","file_not_found","WARN: file not found: '/mnt/data/cohesive_llm_bench_scratch/_shared_inputdir/2026/2026.ECO.6.1.1/0SQ_rawreads/DS99999-DT260224_import/result/*.fastq*'","0","7","N","","step_1PP_trimming__fastp, step_2AS_denovo__spades, step_4AN_AMR__abricate","","","","step_1PP_trimming__fastp, step_2AS_denovo__spades, step_4AN_AMR__abricate","1092","67","0","2","13.7","Great! I'll proceed with the pipeline using the following steps:
1. Assembly with Unicycler (`step_2AS_denovo__unicycler`)
2. Species confirmation with KmerFinder (`step_3TX_species__kmerfinder`)
3. Resistance gene detection with ABRicate (`step_4AN_AMR__abricate`)

This will process your Illumina p","nextflow.enable.dsl=2

// --- IMPORTS ---

include { getSingleInput } from '../functions/parameters.nf'

// --- GLOBALS ---

// --- INLINE PROCESSES ---

// --- SUB WORKFLOWS ---

workflow wf_assembly {
    
    take:
        
        reads
        
    
    main:
        unicycler(reads).scaffolds | assembly_filter | quast
        assembled = assembly_filter.out.fasta
    
    emit:
        
        assembled
        
    
}

workflow wf_species_confirmation {
    
    take:
        
        assembled
        
    
    main:
        kmerfinder(assembled)
        assigned_species = kmerfinder.out.check.map { [ it[0], getCalculatedSpecies(it[1]), getBacterialReferencePath(it[1]) ] }
    
    emit:
        
        assigned_species
        
    
}

workflow wf_resistance_gene_detection {
    
    take:
        
        assembled
        
    
    main:
        abricate(assembled)
    
}

// --- ENTRYPOINT ---
workflow {
    reads = getSingleInput()
    wf_assembly(reads)
    wf_species_confirmation(wf_assembly.assembled)
    wf_resistance_gene_detection(wf_assembly.assembled)
}","nextflow.enable.dsl=2

include { getSingleInput; optionalOrDefault; param } from '../functions/parameters.nf'
include { step_1PP_trimming__fastp } from '../steps/step_1PP_trimming__fastp'
include { step_2AS_denovo__spades } from '../steps/step_2AS_denovo__spades'
include { step_4AN_AMR__abricate } from '../steps/step_4AN_AMR__abricate'
workflow {
    trimmed   = step_1PP_trimming__fastp(getSingleInput()).trimmed
    assembled = step_2AS_denovo__spades(trimmed).assembled
    step_4AN_AMR__abricate(assembled)
}
"
"MOD_M05_E07_add_prokka","2","add","E07_abricate_eco","MOD_M05_E07_add_prokka_t2","modification","Also annotate the assembly with Prokka.","Y","N","missing_param","ERROR ~ missing required param: step_3TX_species__kmerfinder__db","0","8","N","step_2AS_denovo__unicycler, step_3TX_species__kmerfinder","step_1PP_trimming__fastp, step_2AS_denovo__spades","","step_2AS_denovo__unicycler, step_3TX_species__kmerfinder, step_4AN_AMR__abricate, step_4AN_genes__prokka","step_2AS_denovo__unicycler, step_3TX_species__kmerfinder, step_4AN_genes__prokka, step_4AN_AMR__abricate","step_1PP_trimming__fastp, step_2AS_denovo__spades, step_4AN_AMR__abricate, step_4AN_genes__prokka","1236","53","4","2","8.4","Great! I'll proceed with the pipeline using the following steps:
1. Assembly with Unicycler (`step_2AS_denovo__unicycler`)
2. Species confirmation with KmerFinder (`step_3TX_species__kmerfinder`)
3. Annotation with Prokka (`step_4AN_genes__prokka`)
4. Resistance gene detection with ABRicate (`step_4","nextflow.enable.dsl=2

// --- IMPORTS ---

include { step_4AN_AMR__abricate } from '../steps/step_4AN_AMR__abricate'

include { getEmpty } from '../functions/common.nf'

include { getSingleInput } from '../functions/parameters.nf'

include { step_2AS_denovo__unicycler } from '../steps/step_2AS_denovo__unicycler'

include { step_4AN_genes__prokka } from '../steps/step_4AN_genes__prokka'

include { step_3TX_species__kmerfinder } from '../steps/step_3TX_species__kmerfinder'

// --- GLOBALS ---

def kingdom = 'Bacteria'

def species = 'Escherichia coli'

def riscd_ref = '220308-020220308005121273-2AS_import-external'

// --- INLINE PROCESSES ---

// --- SUB WORKFLOWS ---

workflow wf_assembly_and_annotation {
    
    take:
        
        reads
        
    
    main:
        unicycler_out = step_2AS_denovo__unicycler(reads)
        assembly = unicycler_out.assembled
        step_3TX_species__kmerfinder(assembly)
        step_4AN_genes__prokka(assembly.map { [ it[0], it[1], kingdom, riscd_ref, '-', getEmpty() ] })
        step_4AN_AMR__abricate(assembly)
    
    emit:
        
        assembly = unicycler_out.assembled
        
    
}

// --- ENTRYPOINT ---
workflow {
    wf_assembly_and_annotation(getSingleInput())
}","nextflow.enable.dsl=2

include { getSingleInput; optionalOrDefault; param } from '../functions/parameters.nf'
include { step_1PP_trimming__fastp } from '../steps/step_1PP_trimming__fastp'
include { step_2AS_denovo__spades } from '../steps/step_2AS_denovo__spades'
include { step_4AN_AMR__abricate } from '../steps/step_4AN_AMR__abricate'
include { step_4AN_genes__prokka } from '../steps/step_4AN_genes__prokka'
workflow {
    trimmed   = step_1PP_trimming__fastp(getSingleInput()).trimmed
    assembled = step_2AS_denovo__spades(trimmed).assembled
    step_4AN_AMR__abricate(assembled)
    step_4AN_genes__prokka(assembled)
}
"
"MOD_M06_D01_replace_spades_with_shovill","1","replace","D01_fastp_spades_lis","MOD_M06_D01_replace_spades_with_shovill_t1","modification","From Illumina paired-end FASTQ of Listeria monocytogenes: trim with fastp and assemble with SPAdes.","Y","N","file_not_found","WARN: file not found: '/mnt/data/cohesive_llm_bench_scratch/_shared_inputdir/2026/2026.LIS.4.1.1/0SQ_rawreads/DS99999-DT260224_import/result/*.fastq*'","0","6","Y","","","","","step_1PP_trimming__fastp, step_2AS_denovo__spades","step_1PP_trimming__fastp, step_2AS_denovo__spades","1100","62","2","2","134.4","I'll proceed with the pipeline using:
1. `step_1PP_trimming__fastp` for trimming Illumina paired-end reads
2. `step_2AS_denovo__spades` for de novo assembly

This is a standard approach for Listeria monocytogenes with Illumina data.","nextflow.enable.dsl=2

// --- IMPORTS ---

include { extractKey } from '../functions/common.nf'

include { getSingleInput } from '../functions/parameters.nf'

// --- GLOBALS ---

// --- INLINE PROCESSES ---

// --- SUB WORKFLOWS ---

workflow step_1PP_trimming__fastp {
    
    take:
        
        rawreads
        
    
    main:
        trimmed = fastp(rawreads).trimmed

        fastqc(trimmed)
        readsCheckInput = rawreads.cross(trimmed) { extractKey(it) }.multiMap {
          rawreads: it[0]
          trimmed: it[1]
        }
        sample_reads_check(readsCheckInput.rawreads, readsCheckInput.trimmed)
    
    emit:
        
        trimmed
        
    
}

workflow step_2AS_denovo__spades {
    
    take:
        
        data
        
    
    main:
        denovo(data)
        assembly_filter(denovo.out.scaffolds).fasta | quast
        assembled = assembly_filter.out.fasta
    
    emit:
        
        assembled
        
    
}

// --- ENTRYPOINT ---
workflow {
    trimmed = step_1PP_trimming__fastp(getSingleInput())
    assembled = step_2AS_denovo__spades(trimmed)
}","nextflow.enable.dsl=2

include { getSingleInput; optionalOrDefault; param } from '../functions/parameters.nf'
include { step_1PP_trimming__fastp } from '../steps/step_1PP_trimming__fastp'
include { step_2AS_denovo__spades } from '../steps/step_2AS_denovo__spades'
workflow {
    trimmed   = step_1PP_trimming__fastp(getSingleInput()).trimmed
    assembled = step_2AS_denovo__spades(trimmed).assembled
}
"
"MOD_M06_D01_replace_spades_with_shovill","2","replace","D01_fastp_spades_lis","MOD_M06_D01_replace_spades_with_shovill_t2","modification","Use Shovill instead of SPAdes for the assembly.","Y","N","silent_no_op","No process placeholders appeared. when: clause filtered everything?","0","6","Y","","","","","step_1PP_trimming__fastp, step_2AS_denovo__shovill","step_1PP_trimming__fastp, step_2AS_denovo__shovill","3022","140","2","2","7.8","I'll proceed with the pipeline using:
1. `step_1PP_trimming__fastp` for trimming Illumina paired-end reads
2. `step_2AS_denovo__shovill` for de novo assembly

This is a standard approach for bacterial genome assembly from Illumina data.","nextflow.enable.dsl=2

// --- IMPORTS ---

include { extractKey; getRisCd; parseMetadataFromFileName } from '../functions/common.nf'

include { getSingleInput; isIlluminaPaired; isIonTorrent } from '../functions/parameters.nf'

// --- GLOBALS ---

// --- INLINE PROCESSES ---

process fastp {
    
    
    
    
    
    
    
    
    script:
    """"""
(r1,r2) = (reads instanceof java.util.Collection) ? reads : [reads, null]
md = parseMetadataFromFileName(r1.getName())
base = ""${md.ds}-${ex.dt}_${md.cmp}_${METHOD}""
riscd = getRisCd(md, ex, STEP, METHOD)
if (isIlluminaPaired(reads)) {
  """"""
    fastp --in1 ${r1} --out1 ${base}_R1.fastq.gz --in2 ${r2} --out2 ${base}_R2.fastq.gz \
    --unpaired1 ${base}_unpaired.fastq.gz --unpaired2 ${base}_unpaired.fastq.gz \
    --json ${base}_summary.json --html ${base}_summary.html --thread 8       """"""
} else if (isIonTorrent(reads)) {
  """"""
    fastp --in1 ${r1} --out1 ${base}_R1.fastq.gz  \
    --json ${base}_summary.json --html ${base}_summary.html --thread 8         
  """"""
}
    """"""
}

process shovill {
    
    
    
    
    
    
    
    
    script:
    """"""
(t1,t2) = (reads instanceof java.util.Collection) ? reads : [reads, null]
md = parseMetadataFromFileName(t1.getName())
base = ""${md.ds}-${ex.dt}_${md.cmp}_${METHOD}""
riscd = getRisCd(md, ex, STEP, METHOD)
""""""
  shovill --outdir out --minlen 200 --cpus ${task.cpus} --ram ${task.memory.toGiga()} --R1 ${t1} --R2 ${t2}
  mv out/contigs.fa ${base}.fasta
""""""
    """"""
}

process shovill_se {
    
    
    
    
    
    
    
    
    script:
    """"""
(t1,t2) = (reads instanceof java.util.Collection) ? reads : [reads, null]
md = parseMetadataFromFileName(t1.getName())
base = ""${md.ds}-${ex.dt}_${md.cmp}_${METHOD}""
riscd = getRisCd(md, ex, STEP, METHOD)
""""""
  shovill-se --outdir out --minlen 200 --cpus ${task.cpus} --ram ${task.memory.toGiga()} --se ${t1} --opts '--sc --iontorrent' --kmers '31,33,55'
  mv out/contigs.fa ${base}.fasta
""""""
    """"""
}

// --- SUB WORKFLOWS ---

workflow step_1PP_trimming__fastp {
    
    take:
        
        rawreads
        
    
    main:
        trimmed = fastp(rawreads).trimmed

        fastqc(trimmed)
        readsCheckInput = rawreads.cross(trimmed) { extractKey(it) }.multiMap {
          rawreads: it[0]
          trimmed: it[1]
        }
        sample_reads_check(readsCheckInput.rawreads, readsCheckInput.trimmed)
    
    emit:
        
        trimmed
        
    
}

workflow step_2AS_denovo__shovill {
    
    take:
        
        rawreads
        
    
    main:
        contigs_from_pe = shovill(rawreads).assembly
        contigs_from_se = shovill_se(rawreads).assembly
        contigs = contigs_from_pe.mix(contigs_from_se)
        quast(contigs)
        if (!params.skip_checkm) {
          checkm(contigs)
        }
        assembly = contigs
    
    emit:
        
        assembly
        
    
}

// --- ENTRYPOINT ---
workflow {
    trimmed = step_1PP_trimming__fastp(getSingleInput())
    assembly = step_2AS_denovo__shovill(trimmed)
}","nextflow.enable.dsl=2

include { getSingleInput; optionalOrDefault; param } from '../functions/parameters.nf'
include { step_1PP_trimming__fastp } from '../steps/step_1PP_trimming__fastp'
include { step_2AS_denovo__shovill } from '../steps/step_2AS_denovo__shovill'
workflow {
    trimmed   = step_1PP_trimming__fastp(getSingleInput()).trimmed
    assembled = step_2AS_denovo__shovill(trimmed).assembly
}
"
"MOD_M07_D03_replace_trimmomatic_with_fastp","1","replace","D03_trimmomatic_spades","MOD_M07_D03_replace_trimmomatic_with_fastp_t1","modification","Pipeline: trim with Trimmomatic, assemble with SPAdes. Illumina paired-end.","Y","N","silent_no_op","No process placeholders appeared. when: clause filtered everything?","0","6","Y","","","","","step_1PP_trimming__trimmomatic, step_2AS_denovo__spades","step_1PP_trimming__trimmomatic, step_2AS_denovo__spades","6219","262","2","2","159.5","I'll proceed with the pipeline using Trimmomatic for trimming and SPAdes for assembly. Here's the detailed plan:

1. **Trimming**: `step_1PP_trimming__trimmomatic` - Will process your paired-end Illumina reads to remove adapters and low-quality bases
2. **Assembly**: `step_2AS_denovo__spades` - Will","nextflow.enable.dsl=2

// --- IMPORTS ---

include { extractKey; getRisCd; parseMetadataFromFileName } from '../functions/common.nf'

include { getInput; isIlluminaPaired; isIonTorrent } from '../functions/parameters.nf'

// --- GLOBALS ---

def trimmomatic_container = 'quay.io/biocontainers/trimmomatic:0.36--6'

def spades_container = 'quay.io/biocontainers/spades:3.11.1--py27_zlib1.2.8_0'

def fastqc_container = 'biocontainers/fastqc:v0.11.5_cv4'

def biopython_container = 'quay.io/biocontainers/biopython:1.78'

def python3_container = 'ghcr.io/genpat-it/python3:3.10.1--29cf21c1f1'

def quast_container = 'quay.io/biocontainers/quast:4.4--boost1.61_1'

// --- INLINE PROCESSES ---

process trimmomatic {
    container 'quay.io/biocontainers/trimmomatic:0.36--6'
    
    input:
    
    tuple val(riscd_input), path(reads)
    
    
    output:
    
    tuple val(riscd), path('*.fastq.gz'), emit: fastq
    
    path '{*trimmomatic.log,*.json}'
    
    path '*.sh', hidden: true
    
    
    script:
    """"""
(r1,r2) = (reads instanceof java.util.Collection) ? reads : [reads, null]
md = parseMetadataFromFileName(r1.getName())
base = ""${md.ds}-${ex.dt}_${md.cmp}""
riscd = getRisCd(md, ex, STEP, METHOD)
if (isIlluminaPaired(reads)) {
  """"""
    trimmomatic PE -threads 2 -phred33 $r1 $r2 ${base}_R1_trimmomatic.fastq.gz ${base}_R1_unpaired.fastq.gz ${base}_R2_trimmomatic.fastq.gz ${base}_R2_unpaired.fastq.gz ILLUMINACLIP:/usr/local/share/trimmomatic-0.36-6/adapters/NexteraPE-PE.fa:2:30:10 LEADING:25 TRAILING:25 SLIDINGWINDOW:20:25 MINLEN:36 2>> ${base}_trimmomatic.log;
    cat ${base}_R1_unpaired.fastq.gz ${base}_R2_unpaired.fastq.gz > ${base}_unpaired_trimmomatic.fastq.gz
    rm  ${base}_R1_unpaired.fastq.gz ${base}_R2_unpaired.fastq.gz
  """"""
} else if (isIonTorrent(reads)) {
  """"""
    trimmomatic SE -threads 2 -phred33 $r1 ${base}_R1_trimmomatic.fastq.gz LEADING:3 TRAILING:3 SLIDINGWINDOW:5:20 MINLEN:55 2>> ${base}_trimmomatic.log
  """"""
}
    """"""
}

process fastqc {
    container 'biocontainers/fastqc:v0.11.5_cv4'
    
    input:
    
    tuple val(riscd_input), path(reads)
    
    
    output:
    
    path '*'
    
    path '*.sh', hidden: true
    
    
    script:
    """"""
(r1,r2) = (reads instanceof java.util.Collection) ? reads : [reads, null]
md = parseMetadataFromFileName(r1.getName())
base = ""${md.ds}-${ex.dt}_${md.cmp}""
""""""
fastqc $reads > ""${base}_fastqc.log"" 2>&1
""""""
    """"""
}

process sample_reads_check {
    container 'quay.io/biocontainers/biopython:1.78'
    
    input:
    
    tuple val(_), path(reads)
    
    tuple val(_), path(trimmed)
    
    
    output:
    
    path '*'
    
    path '*.sh', hidden: true
    
    
    script:
    """"""
(r1,r2) = (reads instanceof java.util.Collection) ? reads : [reads, null]
(t1,t2,u) = (trimmed instanceof java.util.Collection) ? trimmed : [trimmed, null, null]
md = parseMetadataFromFileName(r1.getName())
base = ""${md.ds}-${ex.dt}_${md.cmp}""
if (isIlluminaPaired(reads)) {
  """"""
  /scripts/SampleReadsCheck.py -n $base -R1 $r1 -R2 $r2 -T1 $t1 -T2 $t2 -U $u > ${base}_SRC_raw.log
  cat ${base}_SRC_raw.log > ${base}_SRC_treads.log;
  """"""
} else if (isIonTorrent(reads)) {
  """"""
  /scripts/SampleReadsCheck_ionTorrent.py -n $base -R1 $r1 -T1 $t1 > ${base}_SRC_raw.log
  """"""
}
    """"""
}

process denovo {
    container 'quay.io/biocontainers/spades:3.11.1--py27_zlib1.2.8_0'
    
    input:
    
    tuple val(riscd_input), path(reads)
    
    
    output:
    
    path '*'
    
    path(""${base}_spades_scaffolds.fasta""), emit: scaffolds
    
    path '*.sh', hidden: true
    
    
    script:
    """"""
(t1,t2) = (reads instanceof java.util.Collection) ? reads : [reads, null]
md = parseMetadataFromFileName(t1.getName())
base = ""${md.ds}-${ex.dt}_${md.cmp}""
if (isIlluminaPaired(reads)) {
  """"""
  spades.py --only-assembler --careful -k 21,33,55,77 -t ${task.cpus}  -o spades -1 ${t1} -2 ${t2} > ${base}_spades.log 2>&1 ;
  mv spades/scaffolds.fasta ${base}_spades_scaffolds.fasta ;
  mv spades/contigs.fasta ${base}_spades_contigs.fasta ;
  """"""
} else if (isIonTorrent(reads)) {
  """"""
    spades.py --iontorrent --careful -o spades -s $t1 -t ${task.cpus}  > ${base}_spades.log 2>&1
    mv spades/scaffolds.fasta ${base}_spades_scaffolds.fasta ;
    mv spades/contigs.fasta ${base}_spades_contigs.fasta ;
  """"""
}
    """"""
}

process assembly_filter {
    container 'ghcr.io/genpat-it/python3:3.10.1--29cf21c1f1'
    
    input:
    
    path(scaffolds)
    
    
    output:
    
    tuple val(riscd), path(""${base}_${METHOD}_scaffolds_L200.fasta""), emit: fasta
    
    path '*.sh', hidden: true
    
    
    script:
    """"""
md = parseMetadataFromFileName(scaffolds.getName())
base = ""${md.ds}-${ex.dt}_${md.cmp}""
riscd = getRisCd(md, ex, STEP, METHOD)
""""""
/scripts/AssemblyFilter.py -n ${base} -f ${scaffolds} -l 200 -c 0 ;
""""""
    """"""
}

process quast {
    container 'quay.io/biocontainers/quast:4.4--boost1.61_1'
    
    input:
    
    tuple val(_), path(l200)
    
    
    output:
    
    path '*_quast.*'
    
    path '*.sh', hidden: true
    
    
    script:
    """"""
md = parseMetadataFromFileName(l200.getName())
base = ""${md.ds}-${ex.dt}_${md.cmp}""
""""""
quast -m 200 --fast -o quast ${l200} > ${base}_quast.log ;
  cut -f1,14,15,16,17,18,19,20,21 quast/transposed_report.tsv > ${base}_quast.csv ;
""""""
    """"""
}

// --- SUB WORKFLOWS ---

workflow step_1PP_trimming__trimmomatic {
    
    take:
        
        rawreads
        
    
    main:
        trimmed = trimmomatic(rawreads).fastq;
        fastqc(trimmed)
        readsCheckInput = rawreads.cross(trimmed) { extractKey(it) }.multiMap {
          rawreads: it[0]
          trimmed: it[1]
        }
        sample_reads_check(readsCheckInput.rawreads, readsCheckInput.trimmed)
    
    emit:
        
        trimmed
        
    
}

workflow step_2AS_denovo__spades {
    
    take:
        
        data
        
    
    main:
        denovo(data)
        assembly_filter(denovo.out.scaffolds).fasta | quast
        assembled = assembly_filter.out.fasta
    
    emit:
        
        assembled
        
    
}

// --- ENTRYPOINT ---
workflow {
    trimmed = step_1PP_trimming__trimmomatic(getInput())
    step_2AS_denovo__spades(trimmed)
}","nextflow.enable.dsl=2

include { getSingleInput; optionalOrDefault; param } from '../functions/parameters.nf'
include { step_1PP_trimming__trimmomatic } from '../steps/step_1PP_trimming__trimmomatic'
include { step_2AS_denovo__spades } from '../steps/step_2AS_denovo__spades'
workflow {
    trimmed   = step_1PP_trimming__trimmomatic(getSingleInput()).trimmed
    assembled = step_2AS_denovo__spades(trimmed).assembled
}
"
"MOD_M07_D03_replace_trimmomatic_with_fastp","2","replace","D03_trimmomatic_spades","MOD_M07_D03_replace_trimmomatic_with_fastp_t2","modification","Replace Trimmomatic with fastp.","N","N","no_code","http exception: HTTPConnectionPool(host='127.0.0.1', port=8765): Read timed out. (read timeout=180)","0","6","N","","step_1PP_trimming__fastp, step_2AS_denovo__spades","","","","step_1PP_trimming__fastp, step_2AS_denovo__spades","0","0","0","2","184.6","","","nextflow.enable.dsl=2

include { getSingleInput; optionalOrDefault; param } from '../functions/parameters.nf'
include { step_1PP_trimming__fastp } from '../steps/step_1PP_trimming__fastp'
include { step_2AS_denovo__spades } from '../steps/step_2AS_denovo__spades'
workflow {
    trimmed   = step_1PP_trimming__fastp(getSingleInput()).trimmed
    assembled = step_2AS_denovo__spades(trimmed).assembled
}
"
"MOD_M08_E01_replace_spades_with_unicycler","1","replace","E01_mlst_lis","MOD_M08_E01_replace_spades_with_unicycler_t1","modification","Classic MLST on Listeria monocytogenes from paired-end Illumina FASTQ (trim + assembly + MLST).","Y","N","file_not_found","WARN: file not found: '/mnt/data/cohesive_llm_bench_scratch/_shared_inputdir/2026/2026.LIS.5.1.1/0SQ_rawreads/DS99999-DT260224_import/result/*.fastq*'","0","7","Y","","","","","step_1PP_trimming__fastp, step_2AS_denovo__spades, step_4TY_MLST__mlst","step_1PP_trimming__fastp, step_2AS_denovo__spades, step_4TY_MLST__mlst","1260","75","3","2","9.2","Great! I'll proceed with the pipeline using:
1. `step_1PP_trimming__fastp` for trimming paired-end Illumina reads
2. `step_2AS_denovo__spades` for de novo assembly
3. `step_4TY_MLST__mlst` for MLST typing

This will process your reads, assemble them, and perform MLST typing for Listeria monocytogene","nextflow.enable.dsl=2

// --- IMPORTS ---

include { extractKey } from '../functions/common.nf'

include { getSingleInput } from '../functions/parameters.nf'

// --- GLOBALS ---

// --- INLINE PROCESSES ---

// --- SUB WORKFLOWS ---

workflow step_1PP_trimming__fastp {
    
    take:
        
        rawreads
        
    
    main:
        trimmed = fastp(rawreads).trimmed

        fastqc(trimmed)
        readsCheckInput = rawreads.cross(trimmed) { extractKey(it) }.multiMap {
          rawreads: it[0]
          trimmed: it[1]
        }
        sample_reads_check(readsCheckInput.rawreads, readsCheckInput.trimmed)
    
    emit:
        
        trimmed
        
    
}

workflow step_2AS_denovo__spades {
    
    take:
        
        data
        
    
    main:
        denovo(data)
        assembly_filter(denovo.out.scaffolds).fasta | quast
        assembled = assembly_filter.out.fasta
    
    emit:
        
        assembled
        
    
}

workflow step_4TY_MLST__mlst {
    
    take:
        
        assembly
        
    
    main:
        mlst(assembly)
    
}

// --- ENTRYPOINT ---
workflow {
    trimmed = step_1PP_trimming__fastp(getSingleInput())
    assembly = step_2AS_denovo__spades(trimmed)
    step_4TY_MLST__mlst(assembly)
}","nextflow.enable.dsl=2

include { getSingleInput; optionalOrDefault; param } from '../functions/parameters.nf'
include { step_1PP_trimming__fastp } from '../steps/step_1PP_trimming__fastp'
include { step_2AS_denovo__spades } from '../steps/step_2AS_denovo__spades'
include { step_4TY_MLST__mlst } from '../steps/step_4TY_MLST__mlst'
workflow {
    trimmed   = step_1PP_trimming__fastp(getSingleInput()).trimmed
    assembled = step_2AS_denovo__spades(trimmed).assembled
    step_4TY_MLST__mlst(assembled)
}
"
"MOD_M08_E01_replace_spades_with_unicycler","2","replace","E01_mlst_lis","MOD_M08_E01_replace_spades_with_unicycler_t2","modification","Use Unicycler instead of SPAdes.","Y","Y","none","","7","7","Y","","","","step_1PP_trimming__fastp, step_2AS_denovo__unicycler, step_4TY_MLST__mlst","step_1PP_trimming__fastp, step_2AS_denovo__unicycler, step_4TY_MLST__mlst","step_1PP_trimming__fastp, step_2AS_denovo__unicycler, step_4TY_MLST__mlst","759","36","3","2","6.5","Great! I'll proceed with the pipeline using:
1. `step_1PP_trimming__fastp` for trimming paired-end Illumina reads
2. `step_2AS_denovo__unicycler` for de novo assembly
3. `step_4TY_MLST__mlst` for MLST typing

This will process your reads, assemble them with Unicycler, and perform MLST typing for Lis","nextflow.enable.dsl=2

// --- IMPORTS ---

include { step_1PP_trimming__fastp } from '../steps/step_1PP_trimming__fastp'

include { getSingleInput } from '../functions/parameters.nf'

include { step_2AS_denovo__unicycler } from '../steps/step_2AS_denovo__unicycler'

include { step_4TY_MLST__mlst } from '../steps/step_4TY_MLST__mlst'

// --- GLOBALS ---

// --- INLINE PROCESSES ---

// --- SUB WORKFLOWS ---

workflow wf_trim_assemble_mlst {
    
    take:
        
        rawreads
        
    
    main:
        trimmed = step_1PP_trimming__fastp(rawreads).trimmed
        assembly = step_2AS_denovo__unicycler(trimmed).assembled
        step_4TY_MLST__mlst(assembly)
    
}

// --- ENTRYPOINT ---
workflow {
    wf_trim_assemble_mlst(getSingleInput())
}","nextflow.enable.dsl=2

include { getSingleInput; optionalOrDefault; param } from '../functions/parameters.nf'
include { step_1PP_trimming__fastp } from '../steps/step_1PP_trimming__fastp'
include { step_2AS_denovo__unicycler } from '../steps/step_2AS_denovo__unicycler'
include { step_4TY_MLST__mlst } from '../steps/step_4TY_MLST__mlst'
workflow {
    trimmed   = step_1PP_trimming__fastp(getSingleInput()).trimmed
    assembled = step_2AS_denovo__unicycler(trimmed).assembled
    step_4TY_MLST__mlst(assembled)
}
"
"MOD_M09_E07_replace_abricate_with_prokka","1","replace","E07_abricate_eco","MOD_M09_E07_replace_abricate_with_prokka_t1","modification","Resistance gene detection with ABRicate on Escherichia coli from Illumina paired FASTQ.","Y","Y","none","","7","7","Y","","","","step_1PP_trimming__fastp, step_2AS_denovo__spades, step_4AN_AMR__abricate","step_2AS_denovo__spades, step_4AN_AMR__abricate, step_1PP_trimming__fastp","step_1PP_trimming__fastp, step_2AS_denovo__spades, step_4AN_AMR__abricate","767","36","3","2","8.2","Great! I'll proceed with the pipeline using the following steps:
1. Trim Illumina reads with `step_1PP_trimming__fastp`
2. Assemble with `step_2AS_denovo__spades`
3. Run ABRicate with `step_4AN_AMR__abricate`

This will be built as a custom pipeline since there isn't a direct template for this exact","nextflow.enable.dsl=2

// --- IMPORTS ---

include { step_4AN_AMR__abricate } from '../steps/step_4AN_AMR__abricate'

include { step_2AS_denovo__spades } from '../steps/step_2AS_denovo__spades'

include { step_1PP_trimming__fastp } from '../steps/step_1PP_trimming__fastp'

include { getSingleInput } from '../functions/parameters.nf'

// --- GLOBALS ---

// --- INLINE PROCESSES ---

// --- SUB WORKFLOWS ---

workflow wf_resistance_gene_detection {
    
    take:
        
        trimmed
        
    
    main:
        assembly = step_2AS_denovo__spades(trimmed).assembled
        step_4AN_AMR__abricate(assembly)
    
}

// --- ENTRYPOINT ---
workflow {
    trimmed = step_1PP_trimming__fastp(getSingleInput()).trimmed
    wf_resistance_gene_detection(trimmed)
}","nextflow.enable.dsl=2

include { getSingleInput; optionalOrDefault; param } from '../functions/parameters.nf'
include { step_1PP_trimming__fastp } from '../steps/step_1PP_trimming__fastp'
include { step_2AS_denovo__spades } from '../steps/step_2AS_denovo__spades'
include { step_4AN_AMR__abricate } from '../steps/step_4AN_AMR__abricate'
workflow {
    trimmed   = step_1PP_trimming__fastp(getSingleInput()).trimmed
    assembled = step_2AS_denovo__spades(trimmed).assembled
    step_4AN_AMR__abricate(assembled)
}
"
"MOD_M09_E07_replace_abricate_with_prokka","2","replace","E07_abricate_eco","MOD_M09_E07_replace_abricate_with_prokka_t2","modification","Switch from ABRicate to Prokka annotation.","Y","N","file_not_found","WARN: file not found: '/mnt/data/cohesive_llm_bench_scratch/_shared_inputdir/2026/2026.ECO.6.1.1/0SQ_rawreads/DS99999-DT260224_import/result/*.fastq*'","6","7","Y","","","","step_1PP_trimming__fastp, step_2AS_denovo__spades, step_4AN_genes__prokka","step_1PP_trimming__fastp, step_2AS_denovo__spades, step_4AN_genes__prokka","step_1PP_trimming__fastp, step_2AS_denovo__spades, step_4AN_genes__prokka","1114","59","3","2","9.8","Great! I'll proceed with the pipeline using the following steps:
1. Trim Illumina reads with `step_1PP_trimming__fastp`
2. Assemble with `step_2AS_denovo__spades`
3. Run Prokka annotation with `step_4AN_genes__prokka`

This will be built as a custom pipeline since there isn't a direct template for t","nextflow.enable.dsl=2

// --- IMPORTS ---

include { step_2AS_denovo__spades } from '../steps/step_2AS_denovo__spades'

include { getEmpty } from '../functions/common.nf'

include { getSingleInput } from '../functions/parameters.nf'

include { step_4AN_genes__prokka } from '../steps/step_4AN_genes__prokka'

include { step_1PP_trimming__fastp } from '../steps/step_1PP_trimming__fastp'

// --- GLOBALS ---

def kingdom = 'Bacteria'

// --- INLINE PROCESSES ---

// --- SUB WORKFLOWS ---

workflow wf_trim_and_assemble {
    
    take:
        
        rawreads
        
    
    main:
        trimmed = step_1PP_trimming__fastp(rawreads).trimmed
        assembled = step_2AS_denovo__spades(trimmed).assembled
    
    emit:
        
        trimmed
        
        assembled
        
    
}

workflow wf_annotate {
    
    take:
        
        assembled
        
    
    main:
        step_4AN_genes__prokka(assembled.map { [ it[0], it[1], kingdom, '-', '-', getEmpty() ] })
    
}

// --- ENTRYPOINT ---
workflow {
    wf_trim_and_assemble(getSingleInput())
    wf_annotate(wf_trim_and_assemble.assembled)
}","nextflow.enable.dsl=2

include { getSingleInput; optionalOrDefault; param } from '../functions/parameters.nf'
include { step_1PP_trimming__fastp } from '../steps/step_1PP_trimming__fastp'
include { step_2AS_denovo__spades } from '../steps/step_2AS_denovo__spades'
include { step_4AN_genes__prokka } from '../steps/step_4AN_genes__prokka'
workflow {
    trimmed   = step_1PP_trimming__fastp(getSingleInput()).trimmed
    assembled = step_2AS_denovo__spades(trimmed).assembled
    step_4AN_genes__prokka(assembled)
}
"
"MOD_M10_A05_replace_cgmlst_with_mlst","1","replace","A05_cgmlst_ecoli","MOD_M10_A05_replace_cgmlst_with_mlst_t1","modification","cgMLST allelic profile on an Escherichia coli assembly.","Y","N","file_not_found","WARN: file not found: '/mnt/data/cohesive_llm_bench_scratch/_shared_inputdir/2026/2026.ECO.2.1.1/2AS_import/DS99999-DT260224_external/result/*.fasta'","0","3","Y","","","","","step_4TY_cgMLST__chewbbaca","step_4TY_cgMLST__chewbbaca","638","34","1","3","9.4","Perfect! I'll proceed with the pipeline using chewBBACA for cgMLST profiling on your Escherichia coli assembly. Here's the final plan:

1. **Input**: Your Escherichia coli assembly
2. **Tool**: chewBBACA (`step_4TY_cgMLST__chewbbaca`)
3. **Parameters**: 
   - Assembly: Your provided assembly file
  ","nextflow.enable.dsl=2

// --- IMPORTS ---

include { getAssembly } from '../functions/parameters.nf'

// --- GLOBALS ---

// --- INLINE PROCESSES ---

// --- SUB WORKFLOWS ---

workflow step_4TY_cgMLST__chewbbaca {
    
    take:
        
        assembly
        
        genus_species
        
        schema
        
    
    main:
        chewbbaca_result = chewbbaca(assembly, genus_species, schema)
        hashing(chewbbaca_result.alleles)
        chewbbaca_check(chewbbaca_result.stats).check
    
}

// --- ENTRYPOINT ---
workflow {
    step_4TY_cgMLST__chewbbaca(getAssembly(), 'Escherichia coli', 'e_coli_chewie_2360_210531')
}","nextflow.enable.dsl=2

include { getInput; optionalOrDefault; param } from '../functions/parameters.nf'
include { step_4TY_cgMLST__chewbbaca } from '../steps/step_4TY_cgMLST__chewbbaca'
workflow {
    step_4TY_cgMLST__chewbbaca(getInput(), param('genus_species'), optionalOrDefault('schema', ''))
}
"
"MOD_M10_A05_replace_cgmlst_with_mlst","2","replace","A05_cgmlst_ecoli","MOD_M10_A05_replace_cgmlst_with_mlst_t2","modification","Switch from cgMLST to classic 7-gene MLST.","Y","N","file_not_found","WARN: file not found: '/mnt/data/cohesive_llm_bench_scratch/_shared_inputdir/2026/2026.ECO.2.1.1/2AS_import/DS99999-DT260224_external/result/*.fasta'","0","1","Y","","","","","step_4TY_MLST__mlst","step_4TY_MLST__mlst","383","28","1","2","8.9","Great! I'll set up the pipeline to use MLST for classic 7-gene profiling on your Escherichia coli assembly. The pipeline will be:

1. **Input**: Your Escherichia coli assembly
2. **Tool**: MLST (`step_4TY_MLST__mlst`)
3. **Parameters**:
   - Assembly: Your provided assembly file
   - Genus/Species: ","nextflow.enable.dsl=2

// --- IMPORTS ---

include { getSingleInput } from '../functions/parameters.nf'

// --- GLOBALS ---

// --- INLINE PROCESSES ---

// --- SUB WORKFLOWS ---

workflow step_4TY_MLST__mlst {
    
    take:
        
        assembly
        
    
    main:
        mlst(assembly)
    
}

// --- ENTRYPOINT ---
workflow {
    step_4TY_MLST__mlst(getSingleInput())
}","nextflow.enable.dsl=2

include { getInput; optionalOrDefault; param } from '../functions/parameters.nf'
include { step_4TY_MLST__mlst } from '../steps/step_4TY_MLST__mlst'
workflow {
    step_4TY_MLST__mlst(getInput())
}
"
"MOD_M11_H01_drop_cgmlst","1","drop","H01_mlst_plus_cgmlst_lis","MOD_M11_H01_drop_cgmlst_t1","modification","Run both MLST and cgMLST typing on Listeria monocytogenes from paired Illumina FASTQ.","Y","N","missing_param","ERROR ~ missing required param: step_3TX_species__kmerfinder__db","0","10","N","step_3TX_species__kmerfinder","","","step_1PP_trimming__fastp, step_2AS_denovo__spades, step_3TX_species__kmerfinder, step_4TY_MLST__mlst, step_4TY_cgMLST__chewbbaca","step_2AS_denovo__spades, step_3TX_species__kmerfinder, step_4TY_MLST__mlst, step_4TY_cgMLST__chewbbaca, step_1PP_trimming__fastp","step_1PP_trimming__fastp, step_2AS_denovo__spades, step_4TY_MLST__mlst, step_4TY_cgMLST__chewbbaca","1138","46","5","2","9.2","Great! I'll proceed with the pipeline as discussed. Here's the final plan:

1. **Preprocessing**: Trim reads with Fastp (`step_1PP_trimming__fastp`)
2. **Assembly**: Use SPAdes (`step_2AS_denovo__spades`) for de novo assembly
3. **Species Confirmation**: Use KmerFinder (`step_3TX_species__kmerfinder","nextflow.enable.dsl=2

// --- IMPORTS ---

include { step_4TY_MLST__mlst } from '../steps/step_4TY_MLST__mlst'

include { step_4TY_cgMLST__chewbbaca } from '../steps/step_4TY_cgMLST__chewbbaca'

include { step_2AS_denovo__spades } from '../steps/step_2AS_denovo__spades'

include { getSingleInput } from '../functions/parameters.nf'

include { step_1PP_trimming__fastp } from '../steps/step_1PP_trimming__fastp'

include { step_3TX_species__kmerfinder } from '../steps/step_3TX_species__kmerfinder'

// --- GLOBALS ---

def genus_species = 'Listeria monocytogenes'

def schema = 'l_mono_chewie_1748_220623'

// --- INLINE PROCESSES ---

// --- SUB WORKFLOWS ---

workflow wf_listeria_typing {
    
    take:
        
        trimmed
        
    
    main:
        assembly = step_2AS_denovo__spades(trimmed).assembled
        species = step_3TX_species__kmerfinder(assembly).assigned_species
        step_4TY_MLST__mlst(assembly)
        step_4TY_cgMLST__chewbbaca(assembly, genus_species, schema)
    
}

// --- ENTRYPOINT ---
workflow {
    trimmed = step_1PP_trimming__fastp(getSingleInput()).trimmed
    wf_listeria_typing(trimmed)
}","nextflow.enable.dsl=2

include { getSingleInput; optionalOrDefault; param } from '../functions/parameters.nf'
include { step_1PP_trimming__fastp } from '../steps/step_1PP_trimming__fastp'
include { step_2AS_denovo__spades } from '../steps/step_2AS_denovo__spades'
include { step_4TY_MLST__mlst } from '../steps/step_4TY_MLST__mlst'
include { step_4TY_cgMLST__chewbbaca } from '../steps/step_4TY_cgMLST__chewbbaca'
workflow {
    trimmed   = step_1PP_trimming__fastp(getSingleInput()).trimmed
    assembled = step_2AS_denovo__spades(trimmed).assembled
    step_4TY_MLST__mlst(assembled)
    step_4TY_cgMLST__chewbbaca(assembled, param('genus_species'), optionalOrDefault('schema', ''))
}
"
"MOD_M11_H01_drop_cgmlst","2","drop","H01_mlst_plus_cgmlst_lis","MOD_M11_H01_drop_cgmlst_t2","modification","Drop the cgMLST step, only keep MLST.","N","N","no_code","http exception: HTTPConnectionPool(host='127.0.0.1', port=8765): Read timed out. (read timeout=180)","0","7","N","","step_1PP_trimming__fastp, step_2AS_denovo__spades, step_4TY_MLST__mlst","","","","step_1PP_trimming__fastp, step_2AS_denovo__spades, step_4TY_MLST__mlst","0","0","0","2","183.3","","","nextflow.enable.dsl=2

include { getSingleInput; optionalOrDefault; param } from '../functions/parameters.nf'
include { step_1PP_trimming__fastp } from '../steps/step_1PP_trimming__fastp'
include { step_2AS_denovo__spades } from '../steps/step_2AS_denovo__spades'
include { step_4TY_MLST__mlst } from '../steps/step_4TY_MLST__mlst'
workflow {
    trimmed   = step_1PP_trimming__fastp(getSingleInput()).trimmed
    assembled = step_2AS_denovo__spades(trimmed).assembled
    step_4TY_MLST__mlst(assembled)
}
"
"MOD_M12_D01_drop_assembly","1","drop","D01_fastp_spades_lis","MOD_M12_D01_drop_assembly_t1","modification","From Illumina paired-end FASTQ of Listeria monocytogenes: trim with fastp and assemble with SPAdes.","Y","Y","none","","6","6","Y","","","","step_1PP_trimming__fastp, step_2AS_denovo__spades","step_2AS_denovo__spades, step_1PP_trimming__fastp","step_1PP_trimming__fastp, step_2AS_denovo__spades","673","38","2","2","7.1","Great! I'll proceed with the pipeline that trims your Listeria monocytogenes Illumina paired-end FASTQ reads with fastp and then assembles them with SPAdes.","nextflow.enable.dsl=2

// --- IMPORTS ---

include { step_2AS_denovo__spades } from '../steps/step_2AS_denovo__spades'

include { step_1PP_trimming__fastp } from '../steps/step_1PP_trimming__fastp'

include { getSingleInput } from '../functions/parameters.nf'

// --- GLOBALS ---

// --- INLINE PROCESSES ---

// --- SUB WORKFLOWS ---

workflow module_denovo {
    
    take:
        
        trimmedReads
        
    
    main:
        assembled = step_2AS_denovo__spades(trimmedReads)
    
    emit:
        
        assembled
        
    
}

// --- ENTRYPOINT ---
workflow {
    trimmed = step_1PP_trimming__fastp(getSingleInput())
    module_denovo(trimmed.trimmed)
}","nextflow.enable.dsl=2

include { getSingleInput; optionalOrDefault; param } from '../functions/parameters.nf'
include { step_1PP_trimming__fastp } from '../steps/step_1PP_trimming__fastp'
include { step_2AS_denovo__spades } from '../steps/step_2AS_denovo__spades'
workflow {
    trimmed   = step_1PP_trimming__fastp(getSingleInput()).trimmed
    assembled = step_2AS_denovo__spades(trimmed).assembled
}
"
"MOD_M12_D01_drop_assembly","2","drop","D01_fastp_spades_lis","MOD_M12_D01_drop_assembly_t2","modification","Actually, drop the assembly and just trim the reads.","Y","Y","file_not_found","WARN: file not found: '/mnt/data/cohesive_llm_bench_scratch/_shared_inputdir/2026/2026.LIS.4.1.1/0SQ_rawreads/DS99999-DT260224_import/result/*.fastq*'","3","3","Y","","","","step_1PP_trimming__fastp","step_1PP_trimming__fastp","step_1PP_trimming__fastp","1156","57","1","2","7.2","Great! I'll proceed with the simplified pipeline that trims your Listeria monocytogenes Illumina paired-end FASTQ reads with fastp, without assembly.","nextflow.enable.dsl=2

// --- IMPORTS ---

include { getInput; hasEnoughFastqData; hasFastqData } from '../functions/parameters.nf'

include { step_1PP_trimming__fastp } from '../steps/step_1PP_trimming__fastp'

// --- GLOBALS ---

// --- INLINE PROCESSES ---

// --- SUB WORKFLOWS ---

workflow module_reads_processing {
    
    take:
        
        rawReads
        
    
    main:
        rawReads.branch {
            with_data: hasFastqData(it[1])
            no_reads: true
        }.set { ch_raw }

        proc_fastp = step_1PP_trimming__fastp(ch_raw.with_data)

        proc_fastp.trimmed.branch {
            with_data: hasEnoughFastqData(it[1])
            insufficient: true
        }.set { ch_final }

        assembly_result = assembly(ch_final.with_data)

        qc_result = qc_quast(assembly_result)
    
    emit:
        
        no_reads = ch_raw.no_reads
        
        trimmed_with_data = ch_final.with_data
        
        insufficient_number_of_reads = ch_final.insufficient
        
        assembly_result
        
        qc_result
        
    
}

// --- ENTRYPOINT ---
workflow {
    module_reads_processing(getInput())
}","nextflow.enable.dsl=2

include { getSingleInput; optionalOrDefault; param } from '../functions/parameters.nf'
include { step_1PP_trimming__fastp } from '../steps/step_1PP_trimming__fastp'
workflow {
    step_1PP_trimming__fastp(getSingleInput())
}
"
"MOD_M13_I01_drop_kmerfinder","1","drop","I01_kmerfinder_fastp_spades","MOD_M13_I01_drop_kmerfinder_t1","modification","Identify the species with KmerFinder, in parallel trim with fastp and assemble with SPAdes (Illumina paired).","Y","Y","none","","7","7","Y","","","","step_1PP_trimming__fastp, step_2AS_denovo__spades, step_3TX_species__kmerfinder","step_3TX_species__kmerfinder, step_1PP_trimming__fastp, step_2AS_denovo__spades","step_1PP_trimming__fastp, step_2AS_denovo__spades, step_3TX_species__kmerfinder","1196","54","3","2","10.3","Great! I'll proceed with the following pipeline:

1. **Species Identification**: KmerFinder (`step_3TX_species__kmerfinder`)
2. **Read Trimming**: Fastp (`step_1PP_trimming__fastp`)
3. **Assembly**: SPAdes (`step_2AS_denovo__spades`)

The steps will be organized to maximize parallelization where pos","nextflow.enable.dsl=2

// --- IMPORTS ---

include { step_2AS_denovo__spades } from '../steps/step_2AS_denovo__spades'

include { step_1PP_trimming__fastp } from '../steps/step_1PP_trimming__fastp'

include { getSingleInput } from '../functions/parameters.nf'

include { step_3TX_species__kmerfinder } from '../steps/step_3TX_species__kmerfinder'

// --- GLOBALS ---

// --- INLINE PROCESSES ---

// --- SUB WORKFLOWS ---

workflow wf_species_id_trim_assembly {
    
    take:
        
        rawreads
        
    
    main:
        rawreads.branch {
            species_id: true
            trim_assembly: true
        }.set { branched }

        // Species ID branch
        kmerfinder_out = step_3TX_species__kmerfinder(branched.species_id)

        // Trimming + Assembly branch
        trimmed = step_1PP_trimming__fastp(branched.trim_assembly).trimmed
        assembly_out = step_2AS_denovo__spades(trimmed)

        assigned_species = kmerfinder_out.assigned_species
        assembled = assembly_out.assembled
    
    emit:
        
        assigned_species
        
        assembled
        
    
}

// --- ENTRYPOINT ---
workflow {
    wf_species_id_trim_assembly(getSingleInput())
}","nextflow.enable.dsl=2

include { getSingleInput; optionalOrDefault; param } from '../functions/parameters.nf'
include { step_3TX_species__kmerfinder } from '../steps/step_3TX_species__kmerfinder'
include { step_1PP_trimming__fastp } from '../steps/step_1PP_trimming__fastp'
include { step_2AS_denovo__spades } from '../steps/step_2AS_denovo__spades'
workflow {
    raw = getSingleInput()
    step_3TX_species__kmerfinder(raw)
    trimmed   = step_1PP_trimming__fastp(raw).trimmed
    assembled = step_2AS_denovo__spades(trimmed).assembled
}
"
"MOD_M13_I01_drop_kmerfinder","2","drop","I01_kmerfinder_fastp_spades","MOD_M13_I01_drop_kmerfinder_t2","modification","Drop the KmerFinder species ID. Keep only trim + assembly.","N","N","no_code","http exception: HTTPConnectionPool(host='127.0.0.1', port=8765): Read timed out. (read timeout=180)","0","6","N","","step_1PP_trimming__fastp, step_2AS_denovo__spades","","","","step_1PP_trimming__fastp, step_2AS_denovo__spades","0","0","0","2","183.7","","","nextflow.enable.dsl=2

include { getSingleInput; optionalOrDefault; param } from '../functions/parameters.nf'
include { step_1PP_trimming__fastp } from '../steps/step_1PP_trimming__fastp'
include { step_2AS_denovo__spades } from '../steps/step_2AS_denovo__spades'
workflow {
    trimmed   = step_1PP_trimming__fastp(getSingleInput()).trimmed
    assembled = step_2AS_denovo__spades(trimmed).assembled
}
"
"MOD_M14_E02_switch_species_to_salmonella","1","switch_species","E02_cgmlst_lis_fastp_spades","MOD_M14_E02_switch_species_to_salmonella_t1","modification","cgMLST allelic profile for Listeria monocytogenes from paired Illumina FASTQ (fastp + SPAdes + chewbbaca).","Y","N","file_not_found","WARN: file not found: '/mnt/data/cohesive_llm_bench_scratch/_shared_inputdir/2026/2026.LIS.6.1.1/0SQ_rawreads/DS99999-DT260224_import/result/*.fastq*'","0","9","Y","","","","","step_1PP_trimming__fastp, step_2AS_denovo__spades, step_4TY_cgMLST__chewbbaca","step_1PP_trimming__fastp, step_2AS_denovo__spades, step_4TY_cgMLST__chewbbaca","1620","85","3","2","9.3","Great! I'll set up the pipeline with the following steps:
1. **Preprocessing**: `fastp` for trimming paired-end Illumina reads
2. **Assembly**: `SPAdes` for de novo assembly
3. **cgMLST Typing**: `chewbbaca` for allelic profiling

This will generate a cgMLST profile for Listeria monocytogenes from y","nextflow.enable.dsl=2

// --- IMPORTS ---

include { extractKey } from '../functions/common.nf'

include { getSingleInput } from '../functions/parameters.nf'

// --- GLOBALS ---

def genus_species = 'Listeria monocytogenes'

def schema = 'l_mono_chewie_1748_220623'

// --- INLINE PROCESSES ---

// --- SUB WORKFLOWS ---

workflow step_1PP_trimming__fastp {
    
    take:
        
        rawreads
        
    
    main:
        trimmed = fastp(rawreads).trimmed

        fastqc(trimmed)
        readsCheckInput = rawreads.cross(trimmed) { extractKey(it) }.multiMap {
          rawreads: it[0]
          trimmed: it[1]
        }
        sample_reads_check(readsCheckInput.rawreads, readsCheckInput.trimmed)
    
    emit:
        
        trimmed
        
    
}

workflow step_2AS_denovo__spades {
    
    take:
        
        data
        
    
    main:
        denovo(data)
        assembly_filter(denovo.out.scaffolds).fasta | quast
        assembled = assembly_filter.out.fasta
    
    emit:
        
        assembled
        
    
}

workflow step_4TY_cgMLST__chewbbaca {
    
    take:
        
        assembly
        
        genus_species
        
        schema
        
    
    main:
        chewbbaca_result = chewbbaca(assembly, genus_species, schema)
        hashing(chewbbaca_result.alleles)
        chewbbaca_check(chewbbaca_result.stats).check
    
}

// --- ENTRYPOINT ---
workflow {
    step_1PP_trimming__fastp(getSingleInput())
    step_2AS_denovo__spades(step_1PP_trimming__fastp.out.trimmed)
    step_4TY_cgMLST__chewbbaca(step_2AS_denovo__spades.out.assembled, genus_species, schema)
}","nextflow.enable.dsl=2

include { getSingleInput; optionalOrDefault; param } from '../functions/parameters.nf'
include { step_1PP_trimming__fastp } from '../steps/step_1PP_trimming__fastp'
include { step_2AS_denovo__spades } from '../steps/step_2AS_denovo__spades'
include { step_4TY_cgMLST__chewbbaca } from '../steps/step_4TY_cgMLST__chewbbaca'
workflow {
    trimmed   = step_1PP_trimming__fastp(getSingleInput()).trimmed
    assembled = step_2AS_denovo__spades(trimmed).assembled
    step_4TY_cgMLST__chewbbaca(assembled, param('genus_species'), optionalOrDefault('schema', ''))
}
"
"MOD_M14_E02_switch_species_to_salmonella","2","switch_species","E02_cgmlst_lis_fastp_spades","MOD_M14_E02_switch_species_to_salmonella_t2","modification","Run the same pipeline for Salmonella enterica instead of Listeria monocytogenes.","Y","Y","none","","9","9","Y","","","","step_1PP_trimming__fastp, step_2AS_denovo__spades, step_4TY_cgMLST__chewbbaca","step_2AS_denovo__spades, step_4TY_cgMLST__chewbbaca, step_1PP_trimming__fastp","step_1PP_trimming__fastp, step_2AS_denovo__spades, step_4TY_cgMLST__chewbbaca","871","40","3","2","6.9","Great! I'll set up the pipeline for Salmonella enterica with the following steps:
1. Preprocessing: fastp for trimming paired-end Illumina reads
2. Assembly: SPAdes for de novo assembly
3. cgMLST Typing: chewbbaca for allelic profiling

This will generate a cgMLST profile for Salmonella enterica fro","nextflow.enable.dsl=2

// --- IMPORTS ---

include { step_2AS_denovo__spades } from '../steps/step_2AS_denovo__spades'

include { step_4TY_cgMLST__chewbbaca } from '../steps/step_4TY_cgMLST__chewbbaca'

include { step_1PP_trimming__fastp } from '../steps/step_1PP_trimming__fastp'

include { getSingleInput } from '../functions/parameters.nf'

// --- GLOBALS ---

def genus_species = 'Salmonella enterica'

def schema = 's_enterica_chewie_3255_210531'

// --- INLINE PROCESSES ---

// --- SUB WORKFLOWS ---

workflow wf_cgmlst_salmonella {
    
    take:
        
        trimmed
        
    
    main:
        spades_out = step_2AS_denovo__spades(trimmed)
        step_4TY_cgMLST__chewbbaca(spades_out.assembled, genus_species, schema)
    
}

// --- ENTRYPOINT ---
workflow {
    trimmed = step_1PP_trimming__fastp(getSingleInput())
    wf_cgmlst_salmonella(trimmed)
}","nextflow.enable.dsl=2

include { getSingleInput; optionalOrDefault; param } from '../functions/parameters.nf'
include { step_1PP_trimming__fastp } from '../steps/step_1PP_trimming__fastp'
include { step_2AS_denovo__spades } from '../steps/step_2AS_denovo__spades'
include { step_4TY_cgMLST__chewbbaca } from '../steps/step_4TY_cgMLST__chewbbaca'
workflow {
    trimmed   = step_1PP_trimming__fastp(getSingleInput()).trimmed
    assembled = step_2AS_denovo__spades(trimmed).assembled
    step_4TY_cgMLST__chewbbaca(assembled, param('genus_species'), optionalOrDefault('schema', ''))
}
"
"MOD_M15_A04_switch_species_to_ecoli","1","switch_species","A04_cgmlst_listeria","MOD_M15_A04_switch_species_to_ecoli_t1","modification","cgMLST allelic profile for Listeria monocytogenes from a pre-existing assembly.","Y","N","missing_param","ERROR ~ missing required param: step_3TX_species__kmerfinder__db","0","3","N","step_2AS_mapping__bowtie, step_3TX_species__kmerfinder, step_4AN_AMR__abricate, step_4AN_AMR__staramr, step_4AN_genes__prokka, step_4TY_MLST__mlst, step_4TY_flaA__flaA","","","step_2AS_mapping__bowtie, step_3TX_species__kmerfinder, step_4AN_AMR__abricate, step_4AN_AMR__staramr, step_4AN_genes__prokka, step_4TY_MLST__mlst, step_4TY_cgMLST__chewbbaca, step_4TY_flaA__flaA","step_3TX_species__kmerfinder, step_2AS_mapping__bowtie, step_4AN_AMR__abricate, step_4AN_genes__prokka, step_4AN_AMR__staramr, step_4TY_MLST__mlst, step_4TY_flaA__flaA, step_4TY_cgMLST__chewbbaca","step_4TY_cgMLST__chewbbaca","2326","80","8","2","9.3","Great! I'll proceed with the `module_typing_bacteria` template, which includes the cgMLST step with ChewBBACA for Listeria monocytogenes. This will also include other useful bacterial typing steps like MLST, AMR detection, and gene annotation.

Here's the plan:
1. Use the pre-existing assembly as in","nextflow.enable.dsl=2

// --- IMPORTS ---

include { step_2AS_mapping__bowtie } from '../steps/step_2AS_mapping__bowtie'

include { step_4TY_MLST__mlst } from '../steps/step_4TY_MLST__mlst'

include { step_4TY_flaA__flaA } from '../steps/step_4TY_flaA__flaA'

include { step_4AN_AMR__abricate } from '../steps/step_4AN_AMR__abricate'

include { extractKey; getEmpty } from '../functions/common.nf'

include { getAssembly; getTrimmedReads } from '../functions/parameters.nf'

include { step_4AN_AMR__staramr } from '../steps/step_4AN_AMR__staramr'

include { step_4TY_cgMLST__chewbbaca } from '../steps/step_4TY_cgMLST__chewbbaca'

include { step_4AN_genes__prokka } from '../steps/step_4AN_genes__prokka'

include { step_3TX_species__kmerfinder } from '../steps/step_3TX_species__kmerfinder'

// --- GLOBALS ---

def referenceCode = 'Listeria_monocytogenes'

def species = 'Listeria monocytogenes'

// --- INLINE PROCESSES ---

// --- SUB WORKFLOWS ---

workflow module_typing_bacteria {
    
    take:
        
        trimmed
        
        assembly
        
    
    main:
        assigned_species = step_3TX_species__kmerfinder(assembly).assigned_species

        if (!params.skip_bestref_mapping) {
          trimmed.cross(assigned_species) { extractKey(it) }.multiMap {
            trimmed: it[0]
            species: it[1][1]
            referencePath: it[1][2]
          }.set { trimAndAndSpecies }
          step_2AS_mapping__bowtie(trimAndAndSpecies.trimmed, trimAndAndSpecies.referencePath)
        }

        step_4AN_AMR__abricate(assembly)

        step_4AN_genes__prokka(assembly.map{ [ it[0], it[1], 'Bacteria', '-', '-', getEmpty() ] })

        assembly.cross(assigned_species) { extractKey(it) }.multiMap {
          assembly: it[0]
          species: it[1][1]
        }.set { assemblyAndSpecies }

        step_4AN_AMR__staramr(assemblyAndSpecies.assembly, assemblyAndSpecies.species)
        step_4TY_MLST__mlst(assemblyAndSpecies.assembly)
        step_4TY_flaA__flaA(assemblyAndSpecies.assembly, assemblyAndSpecies.species)
        step_4TY_cgMLST__chewbbaca(assemblyAndSpecies.assembly, assemblyAndSpecies.species, '')
    
    emit:
        
        genus_species = assigned_species
        
    
}

// --- ENTRYPOINT ---
workflow {
    module_typing_bacteria(getTrimmedReads(true), getAssembly())
}","nextflow.enable.dsl=2

include { getInput; optionalOrDefault; param } from '../functions/parameters.nf'
include { step_4TY_cgMLST__chewbbaca } from '../steps/step_4TY_cgMLST__chewbbaca'
workflow {
    step_4TY_cgMLST__chewbbaca(getInput(), param('genus_species'), optionalOrDefault('schema', ''))
}
"
"MOD_M15_A04_switch_species_to_ecoli","2","switch_species","A04_cgmlst_listeria","MOD_M15_A04_switch_species_to_ecoli_t2","modification","Same thing but for Escherichia coli.","Y","N","file_not_found","WARN: file not found: '/mnt/data/cohesive_llm_bench_scratch/_shared_inputdir/2026/2026.ECO.2.1.1/2AS_import/DS99999-DT260224_external/result/*.fasta'","0","3","N","step_4AN_AMR__abricate, step_4AN_AMR__staramr, step_4AN_genes__prokka, step_4TY_MLST__mlst, step_4TY_flaA__flaA","","","step_4AN_AMR__abricate, step_4AN_AMR__staramr, step_4AN_genes__prokka, step_4TY_MLST__mlst, step_4TY_cgMLST__chewbbaca, step_4TY_flaA__flaA","step_4AN_AMR__abricate, step_4AN_genes__prokka, step_4AN_AMR__staramr, step_4TY_MLST__mlst, step_4TY_flaA__flaA, step_4TY_cgMLST__chewbbaca","step_4TY_cgMLST__chewbbaca","1561","56","6","2","7.2","Great! I'll proceed with the `module_typing_bacteria` template for Escherichia coli. This will include:

1. **cgMLST profiling** using ChewBBACA with the E. coli schema
2. **MLST typing** for Escherichia coli
3. **AMR detection** with Abricate and Staramr
4. **Gene annotation** with Prokka

The pipe","nextflow.enable.dsl=2

// --- IMPORTS ---

include { step_4TY_MLST__mlst } from '../steps/step_4TY_MLST__mlst'

include { step_4TY_flaA__flaA } from '../steps/step_4TY_flaA__flaA'

include { step_4AN_AMR__abricate } from '../steps/step_4AN_AMR__abricate'

include { extractKey; getEmpty } from '../functions/common.nf'

include { getAssembly } from '../functions/parameters.nf'

include { step_4AN_AMR__staramr } from '../steps/step_4AN_AMR__staramr'

include { step_4TY_cgMLST__chewbbaca } from '../steps/step_4TY_cgMLST__chewbbaca'

include { step_4AN_genes__prokka } from '../steps/step_4AN_genes__prokka'

// --- GLOBALS ---

def genusSpecies = 'Escherichia coli'

def schema = 'ecoli'

// --- INLINE PROCESSES ---

// --- SUB WORKFLOWS ---

workflow module_typing_bacteria {
    
    take:
        
        assembly
        
    
    main:
        assembly.cross(assigned_species) { extractKey(it) }.multiMap {
          assembly: it[0]
          species: it[1][1]
        }.set { assemblyAndSpecies }

        step_4AN_AMR__abricate(assembly)
        step_4AN_genes__prokka(assembly.map{ [ it[0], it[1], 'Bacteria', '-', '-', getEmpty() ] })
        step_4AN_AMR__staramr(assemblyAndSpecies.assembly, assemblyAndSpecies.species)
        step_4TY_MLST__mlst(assemblyAndSpecies.assembly)
        step_4TY_flaA__flaA(assemblyAndSpecies.assembly, assemblyAndSpecies.species)
        step_4TY_cgMLST__chewbbaca(assemblyAndSpecies.assembly, assemblyAndSpecies.species, schema)
    
}

// --- ENTRYPOINT ---
workflow {
    module_typing_bacteria(getAssembly())
}","nextflow.enable.dsl=2

include { getInput; optionalOrDefault; param } from '../functions/parameters.nf'
include { step_4TY_cgMLST__chewbbaca } from '../steps/step_4TY_cgMLST__chewbbaca'
workflow {
    step_4TY_cgMLST__chewbbaca(getInput(), param('genus_species'), optionalOrDefault('schema', ''))
}
"
"MOD_M16_E07_switch_species_to_salmonella","1","switch_species","E07_abricate_eco","MOD_M16_E07_switch_species_to_salmonella_t1","modification","Resistance gene detection with ABRicate on Escherichia coli from Illumina paired FASTQ.","Y","Y","none","","7","7","Y","","","","step_1PP_trimming__fastp, step_2AS_denovo__spades, step_4AN_AMR__abricate","step_2AS_denovo__spades, step_4AN_AMR__abricate, step_1PP_trimming__fastp","step_1PP_trimming__fastp, step_2AS_denovo__spades, step_4AN_AMR__abricate","844","41","3","3","10.4","I'll proceed with the pipeline using Fastp for trimming, SPAdes for assembly, and ABRicate for resistance gene detection. Here's the detailed plan:

1. **Preprocessing**: Trim Illumina paired FASTQ reads using Fastp (`step_1PP_trimming__fastp`)
2. **Assembly**: Assemble trimmed reads using SPAdes (`","nextflow.enable.dsl=2

// --- IMPORTS ---

include { step_4AN_AMR__abricate } from '../steps/step_4AN_AMR__abricate'

include { step_2AS_denovo__spades } from '../steps/step_2AS_denovo__spades'

include { step_1PP_trimming__fastp } from '../steps/step_1PP_trimming__fastp'

include { getSingleInput } from '../functions/parameters.nf'

// --- GLOBALS ---

// --- INLINE PROCESSES ---

// --- SUB WORKFLOWS ---

workflow wf_resistance_gene_detection {
    
    take:
        
        trimmed
        
    
    main:
        spades_out = step_2AS_denovo__spades(trimmed)
        step_4AN_AMR__abricate(spades_out.assembled)
    
    emit:
        
        assembly = spades_out.assembled
        
    
}

// --- ENTRYPOINT ---
workflow {
    trimmed = step_1PP_trimming__fastp(getSingleInput()).trimmed
    wf_resistance_gene_detection(trimmed)
}","nextflow.enable.dsl=2

include { getSingleInput; optionalOrDefault; param } from '../functions/parameters.nf'
include { step_1PP_trimming__fastp } from '../steps/step_1PP_trimming__fastp'
include { step_2AS_denovo__spades } from '../steps/step_2AS_denovo__spades'
include { step_4AN_AMR__abricate } from '../steps/step_4AN_AMR__abricate'
workflow {
    trimmed   = step_1PP_trimming__fastp(getSingleInput()).trimmed
    assembled = step_2AS_denovo__spades(trimmed).assembled
    step_4AN_AMR__abricate(assembled)
}
"
"MOD_M16_E07_switch_species_to_salmonella","2","switch_species","E07_abricate_eco","MOD_M16_E07_switch_species_to_salmonella_t2","modification","Switch to Salmonella enterica.","Y","N","file_not_found","WARN: file not found: '/mnt/data/cohesive_llm_bench_scratch/_shared_inputdir/2026/2026.SAL.7.1.1/0SQ_rawreads/DS99999-DT260224_import/result/*.fastq*'","0","7","Y","","","","","step_2AS_denovo__spades, step_4AN_AMR__abricate, step_1PP_trimming__fastp","step_1PP_trimming__fastp, step_2AS_denovo__spades, step_4AN_AMR__abricate","1534","91","3","2","8.0","I'll proceed with the pipeline for Salmonella enterica resistance gene detection using Fastp, SPAdes, and ABRicate. Here's the final plan:

1. **Preprocessing**: Trim Illumina paired FASTQ reads using Fastp (`step_1PP_trimming__fastp`)
2. **Assembly**: Assemble trimmed reads using SPAdes (`step_2AS_","nextflow.enable.dsl=2

// --- IMPORTS ---

include { extractKey } from '../functions/common.nf'

include { getSingleInput } from '../functions/parameters.nf'

// --- GLOBALS ---

// --- INLINE PROCESSES ---

// --- SUB WORKFLOWS ---

workflow wf_resistance_gene_detection {
    
    take:
        
        trimmed
        
    
    main:
        trimmed.multiMap {
            trimmed: it
        }.set { trAndRef }

        spades_out = step_2AS_denovo__spades(trAndRef.trimmed)
        step_4AN_AMR__abricate(spades_out.assembled)
    
}

workflow step_1PP_trimming__fastp {
    
    take:
        
        rawreads
        
    
    main:
        trimmed = fastp(rawreads).trimmed

        fastqc(trimmed)
        readsCheckInput = rawreads.cross(trimmed) { extractKey(it) }.multiMap {
          rawreads: it[0]
          trimmed: it[1]
        }
        sample_reads_check(readsCheckInput.rawreads, readsCheckInput.trimmed)
    
    emit:
        
        trimmed
        
    
}

workflow step_2AS_denovo__spades {
    
    take:
        
        data
        
    
    main:
        denovo(data)
        assembly_filter(denovo.out.scaffolds).fasta | quast
        assembled = assembly_filter.out.fasta
    
    emit:
        
        assembled
        
    
}

workflow step_4AN_AMR__abricate {
    
    take:
        
        data
        
    
    main:
        abricate(data)
    
}

// --- ENTRYPOINT ---
workflow {
    trimmed = step_1PP_trimming__fastp(getSingleInput()).trimmed
    wf_resistance_gene_detection(trimmed)
}","nextflow.enable.dsl=2

include { getSingleInput; optionalOrDefault; param } from '../functions/parameters.nf'
include { step_1PP_trimming__fastp } from '../steps/step_1PP_trimming__fastp'
include { step_2AS_denovo__spades } from '../steps/step_2AS_denovo__spades'
include { step_4AN_AMR__abricate } from '../steps/step_4AN_AMR__abricate'
workflow {
    trimmed   = step_1PP_trimming__fastp(getSingleInput()).trimmed
    assembled = step_2AS_denovo__spades(trimmed).assembled
    step_4AN_AMR__abricate(assembled)
}
"
"MOD_M17_D05_switch_species_to_ecoli","1","switch_species","D05_fastp_spades_cam","MOD_M17_D05_switch_species_to_ecoli_t1","modification","Trim and de novo assembly (fastp + SPAdes) for a paired-end Illumina Campylobacter sample.","N","N","no_code","http exception: HTTPConnectionPool(host='127.0.0.1', port=8765): Read timed out. (read timeout=180)","0","6","N","","step_1PP_trimming__fastp, step_2AS_denovo__spades","","","","step_1PP_trimming__fastp, step_2AS_denovo__spades","0","0","0","2","183.6","","","nextflow.enable.dsl=2

include { getSingleInput; optionalOrDefault; param } from '../functions/parameters.nf'
include { step_1PP_trimming__fastp } from '../steps/step_1PP_trimming__fastp'
include { step_2AS_denovo__spades } from '../steps/step_2AS_denovo__spades'
workflow {
    trimmed   = step_1PP_trimming__fastp(getSingleInput()).trimmed
    assembled = step_2AS_denovo__spades(trimmed).assembled
}
"
"MOD_K01_add_mlst_to_chewbbaca_lis_spades","1","add","(generated)","MOD_K01_add_mlst_to_chewbbaca_lis_spades_t1","modification","chewbbaca on Listeria monocytogenes from paired Illumina FASTQ (fastp + spades).","Y","Y","none","","9","9","Y","","","","step_1PP_trimming__fastp, step_2AS_denovo__spades, step_4TY_cgMLST__chewbbaca","step_1PP_trimming__fastp, step_2AS_denovo__spades, step_4TY_cgMLST__chewbbaca","step_1PP_trimming__fastp, step_2AS_denovo__spades, step_4TY_cgMLST__chewbbaca","896","40","3","2","49.4","Great! I'll set up a pipeline for Listeria monocytogenes using paired Illumina FASTQ reads with the following steps:

1. **Trimming**: fastp (`step_1PP_trimming__fastp`) for quality control and adapter removal
2. **Assembly**: SPAdes (`step_2AS_denovo__spades`) for de novo assembly
3. **cgMLST Typin","nextflow.enable.dsl=2

// --- IMPORTS ---

include { step_2AS_denovo__spades } from '../steps/step_2AS_denovo__spades'

include { step_4TY_cgMLST__chewbbaca } from '../steps/step_4TY_cgMLST__chewbbaca'

include { step_1PP_trimming__fastp } from '../steps/step_1PP_trimming__fastp'

include { getSingleInput } from '../functions/parameters.nf'

// --- GLOBALS ---

def genus_species = 'listeria_monocytogenes'

def schema = 'l_mono_chewie_1748_220623'

// --- INLINE PROCESSES ---

// --- SUB WORKFLOWS ---

workflow wf_trimming_assembly_typing {
    
    take:
        
        rawreads
        
    
    main:
        trimmed = step_1PP_trimming__fastp(rawreads).trimmed
        assembled = step_2AS_denovo__spades(trimmed).assembled
        step_4TY_cgMLST__chewbbaca(assembled, genus_species, schema)
    
}

// --- ENTRYPOINT ---
workflow {
    wf_trimming_assembly_typing(getSingleInput())
}","nextflow.enable.dsl=2

include { getSingleInput; optionalOrDefault; param } from '../functions/parameters.nf'
include { step_1PP_trimming__fastp } from '../steps/step_1PP_trimming__fastp'
include { step_2AS_denovo__spades } from '../steps/step_2AS_denovo__spades'
include { step_4TY_cgMLST__chewbbaca } from '../steps/step_4TY_cgMLST__chewbbaca'
workflow {
    trimmed   = step_1PP_trimming__fastp(getSingleInput()).trimmed
    assembled = step_2AS_denovo__spades(trimmed).assembled
    step_4TY_cgMLST__chewbbaca(assembled, param('genus_species'), optionalOrDefault('schema', ''))
}
"
"MOD_K01_add_mlst_to_chewbbaca_lis_spades","2","add","(generated)","MOD_K01_add_mlst_to_chewbbaca_lis_spades_t2","modification","Now also run mlst in parallel on the same assembly.","Y","N","file_not_found","WARN: file not found: '/mnt/data/cohesive_llm_bench_scratch/_shared_inputdir/2026/2026.LIS.200.1.1/0SQ_rawreads/DS99999-DT260224_import/result/*.fastq*'","0","10","Y","","","","","step_1PP_trimming__fastp, step_2AS_denovo__spades, step_4TY_cgMLST__chewbbaca, step_4TY_MLST__mlst","step_1PP_trimming__fastp, step_2AS_denovo__spades, step_4TY_MLST__mlst, step_4TY_cgMLST__chewbbaca","1914","110","4","1","7.8","I'll add MLST typing in parallel using the same assembly. Here's the updated pipeline:

1. **Trimming**: fastp (`step_1PP_trimming__fastp`) for quality control and adapter removal
2. **Assembly**: SPAdes (`step_2AS_denovo__spades`) for de novo assembly
3. **cgMLST Typing**: ChewBBACA (`step_4TY_cgML","nextflow.enable.dsl=2

// --- IMPORTS ---

include { extractKey } from '../functions/common.nf'

include { getSingleInput } from '../functions/parameters.nf'

// --- GLOBALS ---

def genus_species = 'listeria_monocytogenes'

def schema = 'l_mono_chewie_1748_220623'

// --- INLINE PROCESSES ---

// --- SUB WORKFLOWS ---

workflow wf_trimming_assembly_typing {
    
    take:
        
        rawreads
        
    
    main:
        trimmed = step_1PP_trimming__fastp(rawreads)
        assembly = step_2AS_denovo__spades(trimmed)
        step_4TY_cgMLST__chewbbaca(assembly, genus_species, schema)
        step_4TY_MLST__mlst(assembly)
    
}

workflow step_1PP_trimming__fastp {
    
    take:
        
        rawreads
        
    
    main:
        trimmed = fastp(rawreads).trimmed

        fastqc(trimmed)
        readsCheckInput = rawreads.cross(trimmed) { extractKey(it) }.multiMap {
          rawreads: it[0]
          trimmed: it[1]
        }
        sample_reads_check(readsCheckInput.rawreads, readsCheckInput.trimmed)
    
    emit:
        
        trimmed
        
    
}

workflow step_2AS_denovo__spades {
    
    take:
        
        data
        
    
    main:
        denovo(data)
        assembly_filter(denovo.out.scaffolds).fasta | quast
        assembled = assembly_filter.out.fasta
    
    emit:
        
        assembled
        
    
}

workflow step_4TY_cgMLST__chewbbaca {
    
    take:
        
        assembly
        
        genus_species
        
        schema
        
    
    main:
        chewbbaca_result = chewbbaca(assembly, genus_species, schema)
        hashing(chewbbaca_result.alleles)
        chewbbaca_check(chewbbaca_result.stats).check
    
}

workflow step_4TY_MLST__mlst {
    
    take:
        
        assembly
        
    
    main:
        mlst(assembly)
    
}

// --- ENTRYPOINT ---
workflow {
    wf_trimming_assembly_typing(getSingleInput())
}","nextflow.enable.dsl=2

include { getSingleInput; optionalOrDefault; param } from '../functions/parameters.nf'
include { step_1PP_trimming__fastp } from '../steps/step_1PP_trimming__fastp'
include { step_2AS_denovo__spades } from '../steps/step_2AS_denovo__spades'
include { step_4TY_cgMLST__chewbbaca } from '../steps/step_4TY_cgMLST__chewbbaca'
include { step_4TY_MLST__mlst } from '../steps/step_4TY_MLST__mlst'
workflow {
    trimmed   = step_1PP_trimming__fastp(getSingleInput()).trimmed
    assembled = step_2AS_denovo__spades(trimmed).assembled
    step_4TY_cgMLST__chewbbaca(assembled, param('genus_species'), optionalOrDefault('schema', ''))
    step_4TY_MLST__mlst(assembled)
}
"
"MOD_K02_add_mlst_to_chewbbaca_sal_spades","1","add","(generated)","MOD_K02_add_mlst_to_chewbbaca_sal_spades_t1","modification","chewbbaca on Salmonella enterica from paired Illumina FASTQ (fastp + spades).","Y","N","file_not_found","WARN: file not found: '/mnt/data/cohesive_llm_bench_scratch/_shared_inputdir/2026/2026.SAL.200.1.1/0SQ_rawreads/DS99999-DT260224_import/result/*.fastq*'","0","9","Y","","","","step_2AS_denovo__spades, step_4TY_cgMLST__chewbbaca","step_2AS_denovo__spades, step_4TY_cgMLST__chewbbaca, step_1PP_trimming__fastp","step_1PP_trimming__fastp, step_2AS_denovo__spades, step_4TY_cgMLST__chewbbaca","1429","69","3","2","22.4","Great! I'll proceed with the pipeline using:
1. fastp for trimming
2. SPAdes for de novo assembly
3. chewBBACA for cgMLST typing

I'll use the `module_denovo` template as a base and add the typing step.","nextflow.enable.dsl=2

// --- IMPORTS ---

include { extractKey } from '../functions/common.nf'

include { step_4TY_cgMLST__chewbbaca } from '../steps/step_4TY_cgMLST__chewbbaca'

include { getSingleInput } from '../functions/parameters.nf'

include { step_2AS_denovo__spades } from '../steps/step_2AS_denovo__spades'

// --- GLOBALS ---

// --- INLINE PROCESSES ---

// --- SUB WORKFLOWS ---

workflow module_denovo {
    
    take:
        
        trimmedReads
        
    
    main:
        trimmedReads.multiMap {
            trimmed: it
            genus_species: 'Salmonella enterica'
            schema: 's_enterica_chewie_3255_210531'
        }.set { prep }
        assembled = step_2AS_denovo__spades(prep.trimmed)
        step_4TY_cgMLST__chewbbaca(assembled, prep.genus_species, prep.schema)
    
    emit:
        
        assembled
        
    
}

workflow step_1PP_trimming__fastp {
    
    take:
        
        rawreads
        
    
    main:
        trimmed = fastp(rawreads).trimmed
        fastqc(trimmed)
        readsCheckInput = rawreads.cross(trimmed) { extractKey(it) }.multiMap {
            rawreads: it[0]
            trimmed: it[1]
        }
        sample_reads_check(readsCheckInput.rawreads, readsCheckInput.trimmed)
    
    emit:
        
        trimmed
        
    
}

// --- ENTRYPOINT ---
workflow {
    trimmed = step_1PP_trimming__fastp(getSingleInput())
    module_denovo(trimmed)
}","nextflow.enable.dsl=2

include { getSingleInput; optionalOrDefault; param } from '../functions/parameters.nf'
include { step_1PP_trimming__fastp } from '../steps/step_1PP_trimming__fastp'
include { step_2AS_denovo__spades } from '../steps/step_2AS_denovo__spades'
include { step_4TY_cgMLST__chewbbaca } from '../steps/step_4TY_cgMLST__chewbbaca'
workflow {
    trimmed   = step_1PP_trimming__fastp(getSingleInput()).trimmed
    assembled = step_2AS_denovo__spades(trimmed).assembled
    step_4TY_cgMLST__chewbbaca(assembled, param('genus_species'), optionalOrDefault('schema', ''))
}
"
"MOD_K02_add_mlst_to_chewbbaca_sal_spades","2","add","(generated)","MOD_K02_add_mlst_to_chewbbaca_sal_spades_t2","modification","Now also run mlst in parallel on the same assembly.","Y","N","file_not_found","WARN: file not found: '/mnt/data/cohesive_llm_bench_scratch/_shared_inputdir/2026/2026.SAL.200.1.1/0SQ_rawreads/DS99999-DT260224_import/result/*.fastq*'","6","10","Y","","","","step_1PP_trimming__fastp, step_2AS_denovo__spades, step_4TY_MLST__mlst, step_4TY_cgMLST__chewbbaca","step_2AS_denovo__spades, step_4TY_cgMLST__chewbbaca, step_4TY_MLST__mlst, step_1PP_trimming__fastp","step_1PP_trimming__fastp, step_2AS_denovo__spades, step_4TY_MLST__mlst, step_4TY_cgMLST__chewbbaca","1238","52","4","2","9.3","Great! I'll proceed with the pipeline using:
1. fastp for trimming
2. SPAdes for de novo assembly
3. chewBBACA for cgMLST typing
4. MLST typing (in parallel with cgMLST)

This will give you both cgMLST and MLST results from the same assembly.","nextflow.enable.dsl=2

// --- IMPORTS ---

include { step_4TY_MLST__mlst } from '../steps/step_4TY_MLST__mlst'

include { extractKey } from '../functions/common.nf'

include { step_4TY_cgMLST__chewbbaca } from '../steps/step_4TY_cgMLST__chewbbaca'

include { step_2AS_denovo__spades } from '../steps/step_2AS_denovo__spades'

include { getSingleInput } from '../functions/parameters.nf'

include { step_1PP_trimming__fastp } from '../steps/step_1PP_trimming__fastp'

// --- GLOBALS ---

def genus_species = 'Salmonella enterica'

def schema = 's_enterica_chewie_3255_210531'

// --- INLINE PROCESSES ---

// --- SUB WORKFLOWS ---

workflow wf_denovo_and_typing {
    
    take:
        
        trimmedReads
        
    
    main:
        assembled = step_2AS_denovo__spades(trimmedReads)

        assembled.cross(genus_species, schema) { extractKey(it) }.multiMap {
            assembly: it[0]
            genus_species: it[1]
            schema: it[2]
        }.set { prep }

        step_4TY_cgMLST__chewbbaca(prep.assembly, prep.genus_species, prep.schema)
        step_4TY_MLST__mlst(prep.assembly)
    
}

// --- ENTRYPOINT ---
workflow {
    trimmed = step_1PP_trimming__fastp(getSingleInput())
    wf_denovo_and_typing(trimmed)
}","nextflow.enable.dsl=2

include { getSingleInput; optionalOrDefault; param } from '../functions/parameters.nf'
include { step_1PP_trimming__fastp } from '../steps/step_1PP_trimming__fastp'
include { step_2AS_denovo__spades } from '../steps/step_2AS_denovo__spades'
include { step_4TY_cgMLST__chewbbaca } from '../steps/step_4TY_cgMLST__chewbbaca'
include { step_4TY_MLST__mlst } from '../steps/step_4TY_MLST__mlst'
workflow {
    trimmed   = step_1PP_trimming__fastp(getSingleInput()).trimmed
    assembled = step_2AS_denovo__spades(trimmed).assembled
    step_4TY_cgMLST__chewbbaca(assembled, param('genus_species'), optionalOrDefault('schema', ''))
    step_4TY_MLST__mlst(assembled)
}
"
"MOD_K03_add_mlst_to_chewbbaca_eco_spades","1","add","(generated)","MOD_K03_add_mlst_to_chewbbaca_eco_spades_t1","modification","chewbbaca on Escherichia coli from paired Illumina FASTQ (fastp + spades).","Y","Y","none","","9","9","Y","","","","step_1PP_trimming__fastp, step_2AS_denovo__spades, step_4TY_cgMLST__chewbbaca","step_2AS_denovo__spades, step_4TY_cgMLST__chewbbaca, step_1PP_trimming__fastp","step_1PP_trimming__fastp, step_2AS_denovo__spades, step_4TY_cgMLST__chewbbaca","1046","50","3","2","9.2","Great! I'll proceed with the pipeline as discussed:
1. Trimming with fastp
2. Assembly with SPAdes
3. cgMLST typing with chewBBACA

I'll set this up now.","nextflow.enable.dsl=2

// --- IMPORTS ---

include { step_2AS_denovo__spades } from '../steps/step_2AS_denovo__spades'

include { step_4TY_cgMLST__chewbbaca } from '../steps/step_4TY_cgMLST__chewbbaca'

include { step_1PP_trimming__fastp } from '../steps/step_1PP_trimming__fastp'

include { getSingleInput } from '../functions/parameters.nf'

// --- GLOBALS ---

def genus_species = 'Escherichia coli'

def schema = 'e_coli_chewie_2360_210531'

// --- INLINE PROCESSES ---

// --- SUB WORKFLOWS ---

workflow module_denovo {
    
    take:
        
        trimmedReads
        
    
    main:
        trimmedReads.multiMap {
            trimmed: it
            genus_species: genus_species
            schema: schema
        }.set { prep }
        assembled = step_2AS_denovo__spades(prep.trimmed)
        step_4TY_cgMLST__chewbbaca(assembled, genus_species, schema)
    
    emit:
        
        assembled
        
    
}

// --- ENTRYPOINT ---
workflow {
    trimmed = step_1PP_trimming__fastp(getSingleInput())
    module_denovo(trimmed)
}","nextflow.enable.dsl=2

include { getSingleInput; optionalOrDefault; param } from '../functions/parameters.nf'
include { step_1PP_trimming__fastp } from '../steps/step_1PP_trimming__fastp'
include { step_2AS_denovo__spades } from '../steps/step_2AS_denovo__spades'
include { step_4TY_cgMLST__chewbbaca } from '../steps/step_4TY_cgMLST__chewbbaca'
workflow {
    trimmed   = step_1PP_trimming__fastp(getSingleInput()).trimmed
    assembled = step_2AS_denovo__spades(trimmed).assembled
    step_4TY_cgMLST__chewbbaca(assembled, param('genus_species'), optionalOrDefault('schema', ''))
}
"
"MOD_K03_add_mlst_to_chewbbaca_eco_spades","2","add","(generated)","MOD_K03_add_mlst_to_chewbbaca_eco_spades_t2","modification","Now also run mlst in parallel on the same assembly.","Y","N","file_not_found","WARN: file not found: '/mnt/data/cohesive_llm_bench_scratch/_shared_inputdir/2026/2026.ECO.200.1.1/0SQ_rawreads/DS99999-DT260224_import/result/*.fastq*'","6","10","Y","","","","step_1PP_trimming__fastp, step_2AS_denovo__spades, step_4TY_MLST__mlst, step_4TY_cgMLST__chewbbaca","step_1PP_trimming__fastp, step_2AS_denovo__spades, step_4TY_cgMLST__chewbbaca, step_4TY_MLST__mlst","step_1PP_trimming__fastp, step_2AS_denovo__spades, step_4TY_MLST__mlst, step_4TY_cgMLST__chewbbaca","1201","62","4","2","10.1","Understood! I'll set up the pipeline with:
1. Trimming with fastp
2. Assembly with SPAdes
3. Parallel typing:
   - cgMLST with chewBBACA
   - MLST with MLST

I'll proceed with this configuration now.","nextflow.enable.dsl=2

// --- IMPORTS ---

include { step_4TY_MLST__mlst } from '../steps/step_4TY_MLST__mlst'

include { step_4TY_cgMLST__chewbbaca } from '../steps/step_4TY_cgMLST__chewbbaca'

include { step_2AS_denovo__spades } from '../steps/step_2AS_denovo__spades'

include { getSingleInput } from '../functions/parameters.nf'

include { step_1PP_trimming__fastp } from '../steps/step_1PP_trimming__fastp'

// --- GLOBALS ---

def genus_species = 'Escherichia coli'

def schema = 'e_coli_chewie_2360_210531'

// --- INLINE PROCESSES ---

// --- SUB WORKFLOWS ---

workflow wf_trim_and_assemble {
    
    take:
        
        rawreads
        
    
    main:
        trimmed = step_1PP_trimming__fastp(rawreads).trimmed
        assembled = step_2AS_denovo__spades(trimmed).assembled
    
    emit:
        
        trimmed
        
        assembled
        
    
}

workflow wf_typing {
    
    take:
        
        assembled
        
    
    main:
        step_4TY_cgMLST__chewbbaca(assembled, genus_species, schema)
        step_4TY_MLST__mlst(assembled)
    
}

// --- ENTRYPOINT ---
workflow {
    wf_trim_and_assemble(getSingleInput())
    wf_typing(wf_trim_and_assemble.assembled)
}","nextflow.enable.dsl=2

include { getSingleInput; optionalOrDefault; param } from '../functions/parameters.nf'
include { step_1PP_trimming__fastp } from '../steps/step_1PP_trimming__fastp'
include { step_2AS_denovo__spades } from '../steps/step_2AS_denovo__spades'
include { step_4TY_cgMLST__chewbbaca } from '../steps/step_4TY_cgMLST__chewbbaca'
include { step_4TY_MLST__mlst } from '../steps/step_4TY_MLST__mlst'
workflow {
    trimmed   = step_1PP_trimming__fastp(getSingleInput()).trimmed
    assembled = step_2AS_denovo__spades(trimmed).assembled
    step_4TY_cgMLST__chewbbaca(assembled, param('genus_species'), optionalOrDefault('schema', ''))
    step_4TY_MLST__mlst(assembled)
}
"
"MOD_K04_add_abricate_to_chewbbaca_lis_spades","1","add","(generated)","MOD_K04_add_abricate_to_chewbbaca_lis_spades_t1","modification","chewbbaca on Listeria monocytogenes from paired Illumina FASTQ (fastp + spades).","Y","Y","none","","9","9","Y","","","","step_1PP_trimming__fastp, step_2AS_denovo__spades, step_4TY_cgMLST__chewbbaca","step_2AS_denovo__spades, step_4TY_cgMLST__chewbbaca, step_1PP_trimming__fastp","step_1PP_trimming__fastp, step_2AS_denovo__spades, step_4TY_cgMLST__chewbbaca","1006","45","3","4","53.0","Great! I'll set up a pipeline for Listeria monocytogenes using paired Illumina FASTQ reads with fastp trimming and SPAdes assembly, followed by ChewBBACA typing. Let me confirm the exact steps and tools to use.","nextflow.enable.dsl=2

// --- IMPORTS ---

include { step_2AS_denovo__spades } from '../steps/step_2AS_denovo__spades'

include { step_4TY_cgMLST__chewbbaca } from '../steps/step_4TY_cgMLST__chewbbaca'

include { step_1PP_trimming__fastp } from '../steps/step_1PP_trimming__fastp'

include { getSingleInput } from '../functions/parameters.nf'

// --- GLOBALS ---

def genus_species = 'Listeria monocytogenes'

def schema = 'l_mono_chewie_1748_220623'

// --- INLINE PROCESSES ---

// --- SUB WORKFLOWS ---

workflow wf_listeria_typing {
    
    take:
        
        trimmed
        
    
    main:
        trimmed.multiMap {
            trimmed: it
            genus_species: genus_species
            schema: schema
        }.set { prep }

        assembly = step_2AS_denovo__spades(prep.trimmed)
        step_4TY_cgMLST__chewbbaca(assembly.assembled, prep.genus_species, prep.schema)
    
}

// --- ENTRYPOINT ---
workflow {
    wf_listeria_typing(step_1PP_trimming__fastp(getSingleInput()).trimmed)
}","nextflow.enable.dsl=2

include { getSingleInput; optionalOrDefault; param } from '../functions/parameters.nf'
include { step_1PP_trimming__fastp } from '../steps/step_1PP_trimming__fastp'
include { step_2AS_denovo__spades } from '../steps/step_2AS_denovo__spades'
include { step_4TY_cgMLST__chewbbaca } from '../steps/step_4TY_cgMLST__chewbbaca'
workflow {
    trimmed   = step_1PP_trimming__fastp(getSingleInput()).trimmed
    assembled = step_2AS_denovo__spades(trimmed).assembled
    step_4TY_cgMLST__chewbbaca(assembled, param('genus_species'), optionalOrDefault('schema', ''))
}
"
"MOD_K04_add_abricate_to_chewbbaca_lis_spades","2","add","(generated)","MOD_K04_add_abricate_to_chewbbaca_lis_spades_t2","modification","Now also run abricate in parallel on the same assembly.","Y","Y","none","","10","10","Y","","","","step_1PP_trimming__fastp, step_2AS_denovo__spades, step_4AN_AMR__abricate, step_4TY_cgMLST__chewbbaca","step_2AS_denovo__spades, step_4TY_cgMLST__chewbbaca, step_4AN_AMR__abricate, step_1PP_trimming__fastp","step_1PP_trimming__fastp, step_2AS_denovo__spades, step_4AN_AMR__abricate, step_4TY_cgMLST__chewbbaca","1132","48","4","2","12.5","Great! I'll set up a pipeline for Listeria monocytogenes using paired Illumina FASTQ reads with fastp trimming and SPAdes assembly, followed by ChewBBACA typing and Abricate AMR detection in parallel. Here's the final plan:

## PIPELINE PLAN: Listeria monocytogenes Typing (ChewBBACA + Abricate)

###","nextflow.enable.dsl=2

// --- IMPORTS ---

include { step_4AN_AMR__abricate } from '../steps/step_4AN_AMR__abricate'

include { step_4TY_cgMLST__chewbbaca } from '../steps/step_4TY_cgMLST__chewbbaca'

include { step_2AS_denovo__spades } from '../steps/step_2AS_denovo__spades'

include { getSingleInput } from '../functions/parameters.nf'

include { step_1PP_trimming__fastp } from '../steps/step_1PP_trimming__fastp'

// --- GLOBALS ---

def genus_species = 'Listeria monocytogenes'

def schema = 'l_mono_chewie_1748_220623'

// --- INLINE PROCESSES ---

// --- SUB WORKFLOWS ---

workflow wf_listeria_typing {
    
    take:
        
        trimmed
        
    
    main:
        trimmed.multiMap {
            trimmed: it
            genus_species: genus_species
            schema: schema
        }.set { prep }

        assembly = step_2AS_denovo__spades(prep.trimmed)
        step_4TY_cgMLST__chewbbaca(assembly.assembled, prep.genus_species, prep.schema)
        step_4AN_AMR__abricate(assembly.assembled)
    
}

// --- ENTRYPOINT ---
workflow {
    wf_listeria_typing(step_1PP_trimming__fastp(getSingleInput()).trimmed)
}","nextflow.enable.dsl=2

include { getSingleInput; optionalOrDefault; param } from '../functions/parameters.nf'
include { step_1PP_trimming__fastp } from '../steps/step_1PP_trimming__fastp'
include { step_2AS_denovo__spades } from '../steps/step_2AS_denovo__spades'
include { step_4TY_cgMLST__chewbbaca } from '../steps/step_4TY_cgMLST__chewbbaca'
include { step_4AN_AMR__abricate } from '../steps/step_4AN_AMR__abricate'
workflow {
    trimmed   = step_1PP_trimming__fastp(getSingleInput()).trimmed
    assembled = step_2AS_denovo__spades(trimmed).assembled
    step_4TY_cgMLST__chewbbaca(assembled, param('genus_species'), optionalOrDefault('schema', ''))
    step_4AN_AMR__abricate(assembled)
}
"
"MOD_K05_add_abricate_to_chewbbaca_sal_spades","1","add","(generated)","MOD_K05_add_abricate_to_chewbbaca_sal_spades_t1","modification","chewbbaca on Salmonella enterica from paired Illumina FASTQ (fastp + spades).","Y","N","file_not_found","WARN: file not found: '/mnt/data/cohesive_llm_bench_scratch/_shared_inputdir/2026/2026.SAL.201.1.1/0SQ_rawreads/DS99999-DT260224_import/result/*.fastq*'","0","9","Y","","","","","step_1PP_trimming__fastp, step_2AS_denovo__spades, step_4TY_cgMLST__chewbbaca","step_1PP_trimming__fastp, step_2AS_denovo__spades, step_4TY_cgMLST__chewbbaca","1586","85","3","2","10.4","Understood! I'll proceed with the pipeline you approved:

1. **Preprocessing**: `step_1PP_trimming__fastp` for trimming Illumina reads
2. **Assembly**: `step_2AS_denovo__spades` for de novo assembly
3. **Typing**: `step_4TY_cgMLST__chewbbaca` for cgMLST typing

I'll now generate the detailed pipelin","nextflow.enable.dsl=2

// --- IMPORTS ---

include { extractKey } from '../functions/common.nf'

include { getSingleInput } from '../functions/parameters.nf'

// --- GLOBALS ---

def genus_species = 'Salmonella enterica'

def schema = 's_enterica_chewie_3255_210531'

// --- INLINE PROCESSES ---

// --- SUB WORKFLOWS ---

workflow step_1PP_trimming__fastp {
    
    take:
        
        rawreads
        
    
    main:
        trimmed = fastp(rawreads).trimmed

        fastqc(trimmed)
        readsCheckInput = rawreads.cross(trimmed) { extractKey(it) }.multiMap {
          rawreads: it[0]
          trimmed: it[1]
        }
        sample_reads_check(readsCheckInput.rawreads, readsCheckInput.trimmed)
    
    emit:
        
        trimmed
        
    
}

workflow step_2AS_denovo__spades {
    
    take:
        
        data
        
    
    main:
        denovo(data)
        assembly_filter(denovo.out.scaffolds).fasta | quast
        assembled = assembly_filter.out.fasta
    
    emit:
        
        assembled
        
    
}

workflow step_4TY_cgMLST__chewbbaca {
    
    take:
        
        assembly
        
        genus_species
        
        schema
        
    
    main:
        chewbbaca_result = chewbbaca(assembly, genus_species, schema)
        hashing(chewbbaca_result.alleles)
        chewbbaca_check(chewbbaca_result.stats).check
    
}

// --- ENTRYPOINT ---
workflow {
    trimmed = step_1PP_trimming__fastp(getSingleInput())
    assembled = step_2AS_denovo__spades(trimmed)
    step_4TY_cgMLST__chewbbaca(assembled, genus_species, schema)
}","nextflow.enable.dsl=2

include { getSingleInput; optionalOrDefault; param } from '../functions/parameters.nf'
include { step_1PP_trimming__fastp } from '../steps/step_1PP_trimming__fastp'
include { step_2AS_denovo__spades } from '../steps/step_2AS_denovo__spades'
include { step_4TY_cgMLST__chewbbaca } from '../steps/step_4TY_cgMLST__chewbbaca'
workflow {
    trimmed   = step_1PP_trimming__fastp(getSingleInput()).trimmed
    assembled = step_2AS_denovo__spades(trimmed).assembled
    step_4TY_cgMLST__chewbbaca(assembled, param('genus_species'), optionalOrDefault('schema', ''))
}
"
"MOD_K05_add_abricate_to_chewbbaca_sal_spades","2","add","(generated)","MOD_K05_add_abricate_to_chewbbaca_sal_spades_t2","modification","Now also run abricate in parallel on the same assembly.","Y","Y","none","","10","10","Y","","","","step_1PP_trimming__fastp, step_2AS_denovo__spades, step_4AN_AMR__abricate, step_4TY_cgMLST__chewbbaca","step_2AS_denovo__spades, step_4TY_cgMLST__chewbbaca, step_4AN_AMR__abricate, step_1PP_trimming__fastp","step_1PP_trimming__fastp, step_2AS_denovo__spades, step_4AN_AMR__abricate, step_4TY_cgMLST__chewbbaca","1075","46","4","2","9.8","Understood! I'll proceed with the updated pipeline you approved:

1. Preprocessing: `step_1PP_trimming__fastp` for trimming Illumina reads
2. Assembly: `step_2AS_denovo__spades` for de novo assembly
3. Typing: `step_4TY_cgMLST__chewbbaca` for cgMLST typing
4. AMR detection: `step_4AN_AMR__abricate` ","nextflow.enable.dsl=2

// --- IMPORTS ---

include { step_4AN_AMR__abricate } from '../steps/step_4AN_AMR__abricate'

include { step_4TY_cgMLST__chewbbaca } from '../steps/step_4TY_cgMLST__chewbbaca'

include { step_2AS_denovo__spades } from '../steps/step_2AS_denovo__spades'

include { getSingleInput } from '../functions/parameters.nf'

include { step_1PP_trimming__fastp } from '../steps/step_1PP_trimming__fastp'

// --- GLOBALS ---

def genus_species = 'Salmonella enterica'

def schema = 's_enterica_chewie_3255_210531'

// --- INLINE PROCESSES ---

// --- SUB WORKFLOWS ---

workflow wf_salmonella_cgmlst_amr {
    
    take:
        
        trimmed
        
    
    main:
        trimmed.multiMap {
            trimmed: it
        }.set { trAndRef }

        assembly = step_2AS_denovo__spades(trAndRef.trimmed)
        step_4TY_cgMLST__chewbbaca(assembly.assembled, genus_species, schema)
        step_4AN_AMR__abricate(assembly.assembled)
    
}

// --- ENTRYPOINT ---
workflow {
    wf_salmonella_cgmlst_amr(step_1PP_trimming__fastp(getSingleInput()).trimmed)
}","nextflow.enable.dsl=2

include { getSingleInput; optionalOrDefault; param } from '../functions/parameters.nf'
include { step_1PP_trimming__fastp } from '../steps/step_1PP_trimming__fastp'
include { step_2AS_denovo__spades } from '../steps/step_2AS_denovo__spades'
include { step_4TY_cgMLST__chewbbaca } from '../steps/step_4TY_cgMLST__chewbbaca'
include { step_4AN_AMR__abricate } from '../steps/step_4AN_AMR__abricate'
workflow {
    trimmed   = step_1PP_trimming__fastp(getSingleInput()).trimmed
    assembled = step_2AS_denovo__spades(trimmed).assembled
    step_4TY_cgMLST__chewbbaca(assembled, param('genus_species'), optionalOrDefault('schema', ''))
    step_4AN_AMR__abricate(assembled)
}
"
"MOD_K06_add_prokka_to_chewbbaca_lis_spades","1","add","(generated)","MOD_K06_add_prokka_to_chewbbaca_lis_spades_t1","modification","chewbbaca on Listeria monocytogenes from paired Illumina FASTQ (fastp + spades).","Y","Y","none","","9","9","Y","","","","step_1PP_trimming__fastp, step_2AS_denovo__spades, step_4TY_cgMLST__chewbbaca","step_2AS_denovo__spades, step_4TY_cgMLST__chewbbaca, step_1PP_trimming__fastp","step_1PP_trimming__fastp, step_2AS_denovo__spades, step_4TY_cgMLST__chewbbaca","1024","45","3","2","57.5","Understood! I'll proceed with the pipeline using:
1. fastp for trimming (step_1PP_trimming__fastp)
2. SPAdes for assembly (step_2AS_denovo__spades)
3. chewBBACA for cgMLST typing (step_4TY_cgMLST__chewbbaca)

This will process your paired Illumina FASTQ reads for Listeria monocytogenes.","nextflow.enable.dsl=2

// --- IMPORTS ---

include { step_2AS_denovo__spades } from '../steps/step_2AS_denovo__spades'

include { step_4TY_cgMLST__chewbbaca } from '../steps/step_4TY_cgMLST__chewbbaca'

include { step_1PP_trimming__fastp } from '../steps/step_1PP_trimming__fastp'

include { getSingleInput } from '../functions/parameters.nf'

// --- GLOBALS ---

def genus_species = 'Listeria monocytogenes'

def schema = 'l_mono_chewie_1748_220623'

// --- INLINE PROCESSES ---

// --- SUB WORKFLOWS ---

workflow wf_listeria_cgmlst {
    
    take:
        
        trimmed
        
    
    main:
        trimmed.multiMap {
            trimmed: it
            genus_species: genus_species
            schema: schema
        }.set { trAndSchema }

        assembly = step_2AS_denovo__spades(trAndSchema.trimmed)
        step_4TY_cgMLST__chewbbaca(assembly, trAndSchema.genus_species, trAndSchema.schema)
    
}

// --- ENTRYPOINT ---
workflow {
    wf_listeria_cgmlst(step_1PP_trimming__fastp(getSingleInput()).trimmed)
}","nextflow.enable.dsl=2

include { getSingleInput; optionalOrDefault; param } from '../functions/parameters.nf'
include { step_1PP_trimming__fastp } from '../steps/step_1PP_trimming__fastp'
include { step_2AS_denovo__spades } from '../steps/step_2AS_denovo__spades'
include { step_4TY_cgMLST__chewbbaca } from '../steps/step_4TY_cgMLST__chewbbaca'
workflow {
    trimmed   = step_1PP_trimming__fastp(getSingleInput()).trimmed
    assembled = step_2AS_denovo__spades(trimmed).assembled
    step_4TY_cgMLST__chewbbaca(assembled, param('genus_species'), optionalOrDefault('schema', ''))
}
"
"MOD_K06_add_prokka_to_chewbbaca_lis_spades","2","add","(generated)","MOD_K06_add_prokka_to_chewbbaca_lis_spades_t2","modification","Now also run prokka in parallel on the same assembly.","Y","Y","none","","11","10","N","step_2AS_mapping__ivar, step_4TY_lineage__pangolin","step_1PP_trimming__fastp, step_2AS_denovo__spades, step_4AN_genes__prokka, step_4TY_cgMLST__chewbbaca","","step_2AS_mapping__ivar, step_4TY_lineage__pangolin","step_2AS_mapping__ivar, step_4TY_lineage__pangolin","step_1PP_trimming__fastp, step_2AS_denovo__spades, step_4AN_genes__prokka, step_4TY_cgMLST__chewbbaca","1003","44","2","2","9.3","Understood! I'll proceed with the pipeline using:
1. fastp for trimming (step_1PP_trimming__fastp)
2. SPAdes for assembly (step_2AS_denovo__spades)
3. chewBBACA for cgMLST typing (step_4TY_cgMLST__chewbbaca)
4. Prokka for genome annotation (step_4AN_genes__prokka) running in parallel on the same ass","nextflow.enable.dsl=2

// --- IMPORTS ---

include { step_2AS_mapping__ivar } from '../steps/step_2AS_mapping__ivar'

include { getSingleInput } from '../functions/parameters.nf'

include { step_4TY_lineage__pangolin } from '../steps/step_4TY_lineage__pangolin'

// --- GLOBALS ---

def referenceCode = 'NC_045512.2'

def referencePath = ""${params.assets_dir}/module_covid_emergency/NC_045512.fasta""

def referenceRiscd = '220308-020220308005121273-2AS_import-external'

// --- INLINE PROCESSES ---

// --- SUB WORKFLOWS ---

workflow module_covid_emergency {
    
    take:
        
        trimmed
        
    
    main:
        trimmed.multiMap {
            trimmed: it
            reference: [ referenceRiscd, referenceCode, file(referencePath) ]
        }.set { trAndRef }

        ivar_out = step_2AS_mapping__ivar(trAndRef.trimmed, trAndRef.reference)
        step_4TY_lineage__pangolin(ivar_out.consensus)
    
}

// --- ENTRYPOINT ---
workflow {
    module_covid_emergency(getSingleInput())
}","nextflow.enable.dsl=2

include { getSingleInput; optionalOrDefault; param } from '../functions/parameters.nf'
include { step_1PP_trimming__fastp } from '../steps/step_1PP_trimming__fastp'
include { step_2AS_denovo__spades } from '../steps/step_2AS_denovo__spades'
include { step_4TY_cgMLST__chewbbaca } from '../steps/step_4TY_cgMLST__chewbbaca'
include { step_4AN_genes__prokka } from '../steps/step_4AN_genes__prokka'
workflow {
    trimmed   = step_1PP_trimming__fastp(getSingleInput()).trimmed
    assembled = step_2AS_denovo__spades(trimmed).assembled
    step_4TY_cgMLST__chewbbaca(assembled, param('genus_species'), optionalOrDefault('schema', ''))
    step_4AN_genes__prokka(assembled)
}
"
"MOD_K07_add_prokka_to_chewbbaca_sal_spades","1","add","(generated)","MOD_K07_add_prokka_to_chewbbaca_sal_spades_t1","modification","chewbbaca on Salmonella enterica from paired Illumina FASTQ (fastp + spades).","Y","N","file_not_found","WARN: file not found: '/mnt/data/cohesive_llm_bench_scratch/_shared_inputdir/2026/2026.SAL.202.1.1/0SQ_rawreads/DS99999-DT260224_import/result/*.fastq*'","0","9","Y","","","","","step_2AS_denovo__spades, step_4TY_cgMLST__chewbbaca, step_1PP_trimming__fastp","step_1PP_trimming__fastp, step_2AS_denovo__spades, step_4TY_cgMLST__chewbbaca","1855","100","3","2","12.1","Great! I'll proceed with the pipeline using:
1. `step_1PP_trimming__fastp` for trimming paired Illumina reads
2. `step_2AS_denovo__spades` for de novo assembly
3. `step_4TY_cgMLST__chewbbaca` for cgMLST typing on Salmonella enterica

I'll set this up now.","nextflow.enable.dsl=2

// --- IMPORTS ---

include { extractKey } from '../functions/common.nf'

include { getSingleInput } from '../functions/parameters.nf'

// --- GLOBALS ---

// --- INLINE PROCESSES ---

// --- SUB WORKFLOWS ---

workflow wf_salmonella_cgmlst {
    
    take:
        
        trimmed
        
    
    main:
        trimmed.multiMap {
            trimmed: it
            genus_species: 'Salmonella enterica'
            schema: 's_enterica_chewie_3255_210531'
        }.set { prep }

        assembly = step_2AS_denovo__spades(prep.trimmed).assembled
        step_4TY_cgMLST__chewbbaca(assembly, prep.genus_species, prep.schema)
    
}

workflow step_1PP_trimming__fastp {
    
    take:
        
        rawreads
        
    
    main:
        trimmed = fastp(rawreads).trimmed

        fastqc(trimmed)
        readsCheckInput = rawreads.cross(trimmed) { extractKey(it) }.multiMap {
            rawreads: it[0]
            trimmed: it[1]
        }
        sample_reads_check(readsCheckInput.rawreads, readsCheckInput.trimmed)
    
    emit:
        
        trimmed
        
    
}

workflow step_2AS_denovo__spades {
    
    take:
        
        data
        
    
    main:
        denovo(data)
        assembly_filter(denovo.out.scaffolds).fasta | quast

        assembled = assembly_filter.out.fasta
    
    emit:
        
        assembled
        
    
}

workflow step_4TY_cgMLST__chewbbaca {
    
    take:
        
        assembly
        
        genus_species
        
        schema
        
    
    main:
        chewbbaca_result = chewbbaca(assembly, genus_species, schema)
        hashing(chewbbaca_result.alleles)
        chewbbaca_check(chewbbaca_result.stats).check
    
}

// --- ENTRYPOINT ---
workflow {
    trimmed = step_1PP_trimming__fastp(getSingleInput()).trimmed
    wf_salmonella_cgmlst(trimmed)
}","nextflow.enable.dsl=2

include { getSingleInput; optionalOrDefault; param } from '../functions/parameters.nf'
include { step_1PP_trimming__fastp } from '../steps/step_1PP_trimming__fastp'
include { step_2AS_denovo__spades } from '../steps/step_2AS_denovo__spades'
include { step_4TY_cgMLST__chewbbaca } from '../steps/step_4TY_cgMLST__chewbbaca'
workflow {
    trimmed   = step_1PP_trimming__fastp(getSingleInput()).trimmed
    assembled = step_2AS_denovo__spades(trimmed).assembled
    step_4TY_cgMLST__chewbbaca(assembled, param('genus_species'), optionalOrDefault('schema', ''))
}
"
"MOD_K07_add_prokka_to_chewbbaca_sal_spades","2","add","(generated)","MOD_K07_add_prokka_to_chewbbaca_sal_spades_t2","modification","Now also run prokka in parallel on the same assembly.","Y","Y","none","","10","10","Y","","","","step_1PP_trimming__fastp, step_2AS_denovo__spades, step_4AN_genes__prokka, step_4TY_cgMLST__chewbbaca","step_2AS_denovo__spades, step_4TY_cgMLST__chewbbaca, step_4AN_genes__prokka, step_1PP_trimming__fastp","step_1PP_trimming__fastp, step_2AS_denovo__spades, step_4AN_genes__prokka, step_4TY_cgMLST__chewbbaca","1242","50","4","3","9.6","I'll set up the pipeline with the following steps:

1. **Trimming**: `step_1PP_trimming__fastp` for paired Illumina reads
2. **Assembly**: `step_2AS_denovo__spades` for de novo assembly
3. **Parallel Analysis**:
   - `step_4TY_cgMLST__chewbbaca` for cgMLST typing on Salmonella enterica
   - `step_4A","nextflow.enable.dsl=2

// --- IMPORTS ---

include { step_4TY_cgMLST__chewbbaca } from '../steps/step_4TY_cgMLST__chewbbaca'

include { step_2AS_denovo__spades } from '../steps/step_2AS_denovo__spades'

include { getEmpty } from '../functions/common.nf'

include { getSingleInput } from '../functions/parameters.nf'

include { step_4AN_genes__prokka } from '../steps/step_4AN_genes__prokka'

include { step_1PP_trimming__fastp } from '../steps/step_1PP_trimming__fastp'

// --- GLOBALS ---

def genus_species = 'Salmonella enterica'

def schema = 's_enterica_chewie_3255_210531'

// --- INLINE PROCESSES ---

// --- SUB WORKFLOWS ---

workflow wf_salmonella_analysis {
    
    take:
        
        trimmed
        
    
    main:
        trimmed.multiMap {
            trimmed: it
            genus_species: genus_species
            schema: schema
        }.set { prep }

        assembly = step_2AS_denovo__spades(prep.trimmed)
        step_4TY_cgMLST__chewbbaca(assembly.assembled, genus_species, schema)
        step_4AN_genes__prokka(assembly.assembled.map { [ it[0], it[1], 'Bacteria', '-', '-', getEmpty() ] })
    
}

// --- ENTRYPOINT ---
workflow {
    wf_salmonella_analysis(step_1PP_trimming__fastp(getSingleInput()).trimmed)
}","nextflow.enable.dsl=2

include { getSingleInput; optionalOrDefault; param } from '../functions/parameters.nf'
include { step_1PP_trimming__fastp } from '../steps/step_1PP_trimming__fastp'
include { step_2AS_denovo__spades } from '../steps/step_2AS_denovo__spades'
include { step_4TY_cgMLST__chewbbaca } from '../steps/step_4TY_cgMLST__chewbbaca'
include { step_4AN_genes__prokka } from '../steps/step_4AN_genes__prokka'
workflow {
    trimmed   = step_1PP_trimming__fastp(getSingleInput()).trimmed
    assembled = step_2AS_denovo__spades(trimmed).assembled
    step_4TY_cgMLST__chewbbaca(assembled, param('genus_species'), optionalOrDefault('schema', ''))
    step_4AN_genes__prokka(assembled)
}
"
"MOD_K08_add_chewbbaca_to_mlst_lis_spades","1","add","(generated)","MOD_K08_add_chewbbaca_to_mlst_lis_spades_t1","modification","mlst on Listeria monocytogenes from paired Illumina FASTQ (fastp + spades).","Y","Y","none","","7","7","Y","","","","step_1PP_trimming__fastp, step_2AS_denovo__spades, step_4TY_MLST__mlst","step_1PP_trimming__fastp, step_2AS_denovo__spades, step_4TY_MLST__mlst","step_1PP_trimming__fastp, step_2AS_denovo__spades, step_4TY_MLST__mlst","752","36","3","2","6.8","I'll proceed with the pipeline using fastp for trimming, SPAdes for assembly, and MLST for typing of Listeria monocytogenes from paired Illumina reads.","nextflow.enable.dsl=2

// --- IMPORTS ---

include { step_2AS_denovo__spades } from '../steps/step_2AS_denovo__spades'

include { step_1PP_trimming__fastp } from '../steps/step_1PP_trimming__fastp'

include { getSingleInput } from '../functions/parameters.nf'

include { step_4TY_MLST__mlst } from '../steps/step_4TY_MLST__mlst'

// --- GLOBALS ---

// --- INLINE PROCESSES ---

// --- SUB WORKFLOWS ---

workflow wf_trim_assemble_mlst {
    
    take:
        
        rawreads
        
    
    main:
        trimmed = step_1PP_trimming__fastp(rawreads).trimmed
        assembled = step_2AS_denovo__spades(trimmed).assembled
        step_4TY_MLST__mlst(assembled)
    
}

// --- ENTRYPOINT ---
workflow {
    wf_trim_assemble_mlst(getSingleInput())
}","nextflow.enable.dsl=2

include { getSingleInput; optionalOrDefault; param } from '../functions/parameters.nf'
include { step_1PP_trimming__fastp } from '../steps/step_1PP_trimming__fastp'
include { step_2AS_denovo__spades } from '../steps/step_2AS_denovo__spades'
include { step_4TY_MLST__mlst } from '../steps/step_4TY_MLST__mlst'
workflow {
    trimmed   = step_1PP_trimming__fastp(getSingleInput()).trimmed
    assembled = step_2AS_denovo__spades(trimmed).assembled
    step_4TY_MLST__mlst(assembled)
}
"
"MOD_K08_add_chewbbaca_to_mlst_lis_spades","2","add","(generated)","MOD_K08_add_chewbbaca_to_mlst_lis_spades_t2","modification","Now also run chewbbaca in parallel on the same assembly.","Y","Y","none","","10","10","Y","","","","step_1PP_trimming__fastp, step_2AS_denovo__spades, step_4TY_MLST__mlst, step_4TY_cgMLST__chewbbaca","step_2AS_denovo__spades, step_4TY_MLST__mlst, step_4TY_cgMLST__chewbbaca, step_1PP_trimming__fastp","step_1PP_trimming__fastp, step_2AS_denovo__spades, step_4TY_MLST__mlst, step_4TY_cgMLST__chewbbaca","908","39","4","2","46.7","I'll update the pipeline to include ChewBBACA in parallel with MLST, both running on the SPAdes assembly. This will give you both traditional MLST and cgMLST results for your Listeria monocytogenes sample.","nextflow.enable.dsl=2

// --- IMPORTS ---

include { step_4TY_MLST__mlst } from '../steps/step_4TY_MLST__mlst'

include { step_4TY_cgMLST__chewbbaca } from '../steps/step_4TY_cgMLST__chewbbaca'

include { step_2AS_denovo__spades } from '../steps/step_2AS_denovo__spades'

include { getSingleInput } from '../functions/parameters.nf'

include { step_1PP_trimming__fastp } from '../steps/step_1PP_trimming__fastp'

// --- GLOBALS ---

// --- INLINE PROCESSES ---

// --- SUB WORKFLOWS ---

workflow wf_assembly_and_typing {
    
    take:
        
        trimmed
        
    
    main:
        assembled = step_2AS_denovo__spades(trimmed)
        step_4TY_MLST__mlst(assembled)
        step_4TY_cgMLST__chewbbaca(assembled, 'escherichia_coli', 'e_coli_chewie_2360_210531')
    
}

// --- ENTRYPOINT ---
workflow {
    trimmed = step_1PP_trimming__fastp(getSingleInput())
    wf_assembly_and_typing(trimmed)
}","nextflow.enable.dsl=2

include { getSingleInput; optionalOrDefault; param } from '../functions/parameters.nf'
include { step_1PP_trimming__fastp } from '../steps/step_1PP_trimming__fastp'
include { step_2AS_denovo__spades } from '../steps/step_2AS_denovo__spades'
include { step_4TY_MLST__mlst } from '../steps/step_4TY_MLST__mlst'
include { step_4TY_cgMLST__chewbbaca } from '../steps/step_4TY_cgMLST__chewbbaca'
workflow {
    trimmed   = step_1PP_trimming__fastp(getSingleInput()).trimmed
    assembled = step_2AS_denovo__spades(trimmed).assembled
    step_4TY_MLST__mlst(assembled)
    step_4TY_cgMLST__chewbbaca(assembled, param('genus_species'), optionalOrDefault('schema', ''))
}
"
"MOD_K09_add_chewbbaca_to_mlst_eco_spades","1","add","(generated)","MOD_K09_add_chewbbaca_to_mlst_eco_spades_t1","modification","mlst on Escherichia coli from paired Illumina FASTQ (fastp + spades).","Y","Y","none","","7","7","Y","","","","step_1PP_trimming__fastp, step_2AS_denovo__spades, step_4TY_MLST__mlst","step_1PP_trimming__fastp, step_2AS_denovo__spades, step_4TY_MLST__mlst","step_1PP_trimming__fastp, step_2AS_denovo__spades, step_4TY_MLST__mlst","740","36","3","2","11.9","Great! I'll proceed with the pipeline using fastp for trimming, SPAdes for assembly, and MLST typing for Escherichia coli. Here's the detailed plan:

1. **Trimming**: `step_1PP_trimming__fastp` - Input: paired Illumina FASTQ reads, Output: trimmed reads
2. **Assembly**: `step_2AS_denovo__spades` - I","nextflow.enable.dsl=2

// --- IMPORTS ---

include { step_2AS_denovo__spades } from '../steps/step_2AS_denovo__spades'

include { step_1PP_trimming__fastp } from '../steps/step_1PP_trimming__fastp'

include { getSingleInput } from '../functions/parameters.nf'

include { step_4TY_MLST__mlst } from '../steps/step_4TY_MLST__mlst'

// --- GLOBALS ---

// --- INLINE PROCESSES ---

// --- SUB WORKFLOWS ---

workflow wf_mlst_pipeline {
    
    take:
        
        rawreads
        
    
    main:
        trimmed = step_1PP_trimming__fastp(rawreads).trimmed
        assembly = step_2AS_denovo__spades(trimmed).assembled
        step_4TY_MLST__mlst(assembly)
    
}

// --- ENTRYPOINT ---
workflow {
    wf_mlst_pipeline(getSingleInput())
}","nextflow.enable.dsl=2

include { getSingleInput; optionalOrDefault; param } from '../functions/parameters.nf'
include { step_1PP_trimming__fastp } from '../steps/step_1PP_trimming__fastp'
include { step_2AS_denovo__spades } from '../steps/step_2AS_denovo__spades'
include { step_4TY_MLST__mlst } from '../steps/step_4TY_MLST__mlst'
workflow {
    trimmed   = step_1PP_trimming__fastp(getSingleInput()).trimmed
    assembled = step_2AS_denovo__spades(trimmed).assembled
    step_4TY_MLST__mlst(assembled)
}
"
"MOD_K09_add_chewbbaca_to_mlst_eco_spades","2","add","(generated)","MOD_K09_add_chewbbaca_to_mlst_eco_spades_t2","modification","Now also run chewbbaca in parallel on the same assembly.","Y","N","silent_no_op","No process placeholders appeared. when: clause filtered everything?","0","10","N","","step_1PP_trimming__fastp","","step_2AS_denovo__spades, step_4TY_MLST__mlst, step_4TY_cgMLST__chewbbaca","step_2AS_denovo__spades, step_4TY_MLST__mlst, step_4TY_cgMLST__chewbbaca","step_1PP_trimming__fastp, step_2AS_denovo__spades, step_4TY_MLST__mlst, step_4TY_cgMLST__chewbbaca","1010","45","3","2","58.8","Understood! I'll add ChewBBACA cgMLST typing in parallel to the MLST step, both running on the SPAdes assembly. Here's the updated pipeline:

1. **Trimming**: `step_1PP_trimming__fastp` - Input: paired Illumina FASTQ reads, Output: trimmed reads
2. **Assembly**: `step_2AS_denovo__spades` - Input: tr","nextflow.enable.dsl=2

// --- IMPORTS ---

include { step_2AS_denovo__spades } from '../steps/step_2AS_denovo__spades'

include { step_4TY_cgMLST__chewbbaca } from '../steps/step_4TY_cgMLST__chewbbaca'

include { getSingleInput } from '../functions/parameters.nf'

include { step_4TY_MLST__mlst } from '../steps/step_4TY_MLST__mlst'

// --- GLOBALS ---

def genus_species = 'Escherichia_coli'

def schema = 'e_coli_chewie_2360_210531'

// --- INLINE PROCESSES ---

// --- SUB WORKFLOWS ---

workflow wf_mlst_cgmlst {
    
    take:
        
        trimmed
        
    
    main:
        trimmed.multiMap {
            trimmed: it
            reference: [ referenceRiscd, referenceCode, file(referencePath) ]
        }.set { trAndRef }

        spades_out = step_2AS_denovo__spades(trAndRef.trimmed)
        step_4TY_MLST__mlst(spades_out.assembled)
        step_4TY_cgMLST__chewbbaca(spades_out.assembled, genus_species, schema)
    
}

// --- ENTRYPOINT ---
workflow {
    wf_mlst_cgmlst(getSingleInput())
}","nextflow.enable.dsl=2

include { getSingleInput; optionalOrDefault; param } from '../functions/parameters.nf'
include { step_1PP_trimming__fastp } from '../steps/step_1PP_trimming__fastp'
include { step_2AS_denovo__spades } from '../steps/step_2AS_denovo__spades'
include { step_4TY_MLST__mlst } from '../steps/step_4TY_MLST__mlst'
include { step_4TY_cgMLST__chewbbaca } from '../steps/step_4TY_cgMLST__chewbbaca'
workflow {
    trimmed   = step_1PP_trimming__fastp(getSingleInput()).trimmed
    assembled = step_2AS_denovo__spades(trimmed).assembled
    step_4TY_MLST__mlst(assembled)
    step_4TY_cgMLST__chewbbaca(assembled, param('genus_species'), optionalOrDefault('schema', ''))
}
"
"MOD_K10_add_abricate_to_mlst_lis_spades","1","add","(generated)","MOD_K10_add_abricate_to_mlst_lis_spades_t1","modification","mlst on Listeria monocytogenes from paired Illumina FASTQ (fastp + spades).","Y","N","missing_param","ERROR ~ missing required param: hosts_dir","0","7","N","step_1PP_hostdepl__bowtie","step_1PP_trimming__fastp","","step_1PP_hostdepl__bowtie, step_2AS_denovo__spades, step_4TY_MLST__mlst","step_1PP_hostdepl__bowtie, step_2AS_denovo__spades, step_4TY_MLST__mlst","step_1PP_trimming__fastp, step_2AS_denovo__spades, step_4TY_MLST__mlst","1310","59","3","2","51.4","Great! I'll set up a pipeline for MLST typing of Listeria monocytogenes from paired Illumina FASTQ reads using fastp for trimming and SPAdes for assembly. Here's the plan:

1. **Trimming**: Use `step_1PP_trimming__fastp` to trim paired Illumina reads
2. **Assembly**: Use `step_2AS_denovo__spades` to","nextflow.enable.dsl=2

// --- IMPORTS ---

include { step_4TY_MLST__mlst } from '../steps/step_4TY_MLST__mlst'

include { getHost; getSingleInput } from '../functions/parameters.nf'

include { extractKey } from '../functions/common.nf'

include { step_1PP_hostdepl__bowtie } from '../steps/step_1PP_hostdepl__bowtie'

include { step_2AS_denovo__spades } from '../steps/step_2AS_denovo__spades'

// --- GLOBALS ---

// --- INLINE PROCESSES ---

// --- SUB WORKFLOWS ---

workflow module_denovo {
    
    take:
        
        trimmedReads
        
        host
        
    
    main:
        trimmedReads.cross(host) { extractKey(it) }
            .map { [ it[0][0], it[0][1], it[1][1] ] } //riscd, reads, host
            .branch {
                with_host: it[1][1]
                without_host: true
            }
        .set { branchedTrimmed }

        // [REMOVED BY PLAN] depleted = step_1PP_hostdepl__bowtie(branchedTrimmed.with_host)

        branchedTrimmed.without_host
            .mix(depleted)
            .map { it[0,1] }
            .set{ denovoInput }
        assembled = step_2AS_denovo__spades(denovoInput)

        step_4TY_MLST__mlst(assembled)
    
    emit:
        
        assembled
        
    
}

// --- ENTRYPOINT ---
workflow {
    module_denovo(getSingleInput(), getHost())
}","nextflow.enable.dsl=2

include { getSingleInput; optionalOrDefault; param } from '../functions/parameters.nf'
include { step_1PP_trimming__fastp } from '../steps/step_1PP_trimming__fastp'
include { step_2AS_denovo__spades } from '../steps/step_2AS_denovo__spades'
include { step_4TY_MLST__mlst } from '../steps/step_4TY_MLST__mlst'
workflow {
    trimmed   = step_1PP_trimming__fastp(getSingleInput()).trimmed
    assembled = step_2AS_denovo__spades(trimmed).assembled
    step_4TY_MLST__mlst(assembled)
}
"
"MOD_K10_add_abricate_to_mlst_lis_spades","2","add","(generated)","MOD_K10_add_abricate_to_mlst_lis_spades_t2","modification","Now also run abricate in parallel on the same assembly.","Y","N","file_not_found","WARN: file not found: '/mnt/data/cohesive_llm_bench_scratch/_shared_inputdir/2026/2026.LIS.204.1.1/0SQ_rawreads/DS99999-DT260224_import/result/*.fastq*'","6","8","N","step_2AS_mapping__bowtie","","","step_1PP_trimming__fastp, step_2AS_denovo__spades, step_2AS_mapping__bowtie, step_4AN_AMR__abricate, step_4TY_MLST__mlst","step_2AS_mapping__bowtie, step_4AN_AMR__abricate, step_4TY_MLST__mlst, step_1PP_trimming__fastp, step_2AS_denovo__spades","step_1PP_trimming__fastp, step_2AS_denovo__spades, step_4AN_AMR__abricate, step_4TY_MLST__mlst","1739","66","5","2","13.4","I'll set up the pipeline with the following steps:

1. **Trimming**: `step_1PP_trimming__fastp` (paired Illumina reads → trimmed reads)
2. **Assembly**: `step_2AS_denovo__spades` (trimmed reads → assembly)
3. **MLST Typing**: `step_4TY_MLST__mlst` (assembly → MLST results)
4. **AMR Detection**: `ste","nextflow.enable.dsl=2

// --- IMPORTS ---

include { step_2AS_mapping__bowtie } from '../steps/step_2AS_mapping__bowtie'

include { step_4TY_MLST__mlst } from '../steps/step_4TY_MLST__mlst'

include { step_4AN_AMR__abricate } from '../steps/step_4AN_AMR__abricate'

include { extractKey } from '../functions/common.nf'

include { getInput } from '../functions/parameters.nf'

include { step_2AS_denovo__spades } from '../steps/step_2AS_denovo__spades'

include { step_1PP_trimming__fastp } from '../steps/step_1PP_trimming__fastp'

// --- GLOBALS ---

def referenceCode = 'NC_045512.2'

def referencePath = ""${params.assets_dir}/module_covid_emergency/NC_045512.fasta""

def referenceRiscd = '220308-020220308005121273-2AS_import-external'

// --- INLINE PROCESSES ---

// --- SUB WORKFLOWS ---

workflow module_typing_bacteria {
    
    take:
        
        trimmed
        
        assembly
        
    
    main:
        if (!params.skip_bestref_mapping) {
          trimmed.cross(assigned_species) { extractKey(it) }.multiMap {
            trimmed: it[0]
            species: it[1][1]
            referencePath: it[1][2]
          }.set { trimAndAndSpecies }
          step_2AS_mapping__bowtie(trimAndAndSpecies.trimmed, trimAndAndSpecies.referencePath)
        }

        step_4AN_AMR__abricate(assembly)

        assembly.cross(assigned_species) { extractKey(it) }.multiMap {
          assembly: it[0]
          species: it[1][1]
        }.set { assemblyAndSpecies }

        step_4TY_MLST__mlst(assemblyAndSpecies.assembly)
    
}

// --- ENTRYPOINT ---
workflow {
    trimmed = step_1PP_trimming__fastp(getInput()).trimmed
    assembly = step_2AS_denovo__spades(trimmed).assembled
    module_typing_bacteria(trimmed, assembly)
}","nextflow.enable.dsl=2

include { getSingleInput; optionalOrDefault; param } from '../functions/parameters.nf'
include { step_1PP_trimming__fastp } from '../steps/step_1PP_trimming__fastp'
include { step_2AS_denovo__spades } from '../steps/step_2AS_denovo__spades'
include { step_4TY_MLST__mlst } from '../steps/step_4TY_MLST__mlst'
include { step_4AN_AMR__abricate } from '../steps/step_4AN_AMR__abricate'
workflow {
    trimmed   = step_1PP_trimming__fastp(getSingleInput()).trimmed
    assembled = step_2AS_denovo__spades(trimmed).assembled
    step_4TY_MLST__mlst(assembled)
    step_4AN_AMR__abricate(assembled)
}
"
"MOD_K11_add_abricate_to_mlst_eco_spades","1","add","(generated)","MOD_K11_add_abricate_to_mlst_eco_spades_t1","modification","mlst on Escherichia coli from paired Illumina FASTQ (fastp + spades).","Y","Y","none","","7","7","Y","","","","step_1PP_trimming__fastp, step_2AS_denovo__spades, step_4TY_MLST__mlst","step_1PP_trimming__fastp, step_2AS_denovo__spades, step_4TY_MLST__mlst","step_1PP_trimming__fastp, step_2AS_denovo__spades, step_4TY_MLST__mlst","769","38","3","2","10.9","Great! I'll set up the pipeline with the following steps:
1. Preprocessing: fastp for trimming paired Illumina reads
2. Assembly: SPAdes for de novo assembly
3. MLST Typing: MLST for Escherichia coli typing

This will give you the MLST results for your Escherichia coli samples.","nextflow.enable.dsl=2

// --- IMPORTS ---

include { step_2AS_denovo__spades } from '../steps/step_2AS_denovo__spades'

include { step_1PP_trimming__fastp } from '../steps/step_1PP_trimming__fastp'

include { getSingleInput } from '../functions/parameters.nf'

include { step_4TY_MLST__mlst } from '../steps/step_4TY_MLST__mlst'

// --- GLOBALS ---

def excluded_schemas = '""""'

// --- INLINE PROCESSES ---

// --- SUB WORKFLOWS ---

workflow wf_mlst_pipeline {
    
    take:
        
        rawreads
        
    
    main:
        trimmed = step_1PP_trimming__fastp(rawreads).trimmed
        assembly = step_2AS_denovo__spades(trimmed).assembled
        step_4TY_MLST__mlst(assembly)
    
}

// --- ENTRYPOINT ---
workflow {
    wf_mlst_pipeline(getSingleInput())
}","nextflow.enable.dsl=2

include { getSingleInput; optionalOrDefault; param } from '../functions/parameters.nf'
include { step_1PP_trimming__fastp } from '../steps/step_1PP_trimming__fastp'
include { step_2AS_denovo__spades } from '../steps/step_2AS_denovo__spades'
include { step_4TY_MLST__mlst } from '../steps/step_4TY_MLST__mlst'
workflow {
    trimmed   = step_1PP_trimming__fastp(getSingleInput()).trimmed
    assembled = step_2AS_denovo__spades(trimmed).assembled
    step_4TY_MLST__mlst(assembled)
}
"
"MOD_K11_add_abricate_to_mlst_eco_spades","2","add","(generated)","MOD_K11_add_abricate_to_mlst_eco_spades_t2","modification","Now also run abricate in parallel on the same assembly.","Y","N","file_not_found","WARN: file not found: '/mnt/data/cohesive_llm_bench_scratch/_shared_inputdir/2026/2026.ECO.202.1.1/0SQ_rawreads/DS99999-DT260224_import/result/*.fastq*'","0","8","Y","","","","","step_1PP_trimming__fastp, step_2AS_denovo__spades, step_4TY_MLST__mlst, step_4AN_AMR__abricate","step_1PP_trimming__fastp, step_2AS_denovo__spades, step_4AN_AMR__abricate, step_4TY_MLST__mlst","1424","89","4","2","9.7","Great! I'll set up the pipeline with the following steps:
1. Preprocessing: fastp for trimming paired Illumina reads
2. Assembly: SPAdes for de novo assembly
3. Parallel analysis:
   - MLST Typing: MLST for Escherichia coli typing
   - AMR Detection: Abricate for antimicrobial resistance profiling

","nextflow.enable.dsl=2

// --- IMPORTS ---

include { extractKey } from '../functions/common.nf'

include { getSingleInput } from '../functions/parameters.nf'

// --- GLOBALS ---

// --- INLINE PROCESSES ---

// --- SUB WORKFLOWS ---

workflow step_1PP_trimming__fastp {
    
    take:
        
        rawreads
        
    
    main:
        trimmed = fastp(rawreads).trimmed

        fastqc(trimmed)
        readsCheckInput = rawreads.cross(trimmed) { extractKey(it) }.multiMap {
          rawreads: it[0]
          trimmed: it[1]
        }
        sample_reads_check(readsCheckInput.rawreads, readsCheckInput.trimmed)
    
    emit:
        
        trimmed
        
    
}

workflow step_2AS_denovo__spades {
    
    take:
        
        data
        
    
    main:
        denovo(data)
        assembly_filter(denovo.out.scaffolds).fasta | quast

        assembled = assembly_filter.out.fasta
    
    emit:
        
        assembled
        
    
}

workflow step_4TY_MLST__mlst {
    
    take:
        
        assembly
        
    
    main:
        mlst(assembly)
    
}

workflow step_4AN_AMR__abricate {
    
    take:
        
        data
        
    
    main:
        abricate(data)
    
}

// --- ENTRYPOINT ---
workflow {
    trimmed = step_1PP_trimming__fastp(getSingleInput())
    assembly = step_2AS_denovo__spades(trimmed)
    step_4TY_MLST__mlst(assembly)
    step_4AN_AMR__abricate(assembly)
}","nextflow.enable.dsl=2

include { getSingleInput; optionalOrDefault; param } from '../functions/parameters.nf'
include { step_1PP_trimming__fastp } from '../steps/step_1PP_trimming__fastp'
include { step_2AS_denovo__spades } from '../steps/step_2AS_denovo__spades'
include { step_4TY_MLST__mlst } from '../steps/step_4TY_MLST__mlst'
include { step_4AN_AMR__abricate } from '../steps/step_4AN_AMR__abricate'
workflow {
    trimmed   = step_1PP_trimming__fastp(getSingleInput()).trimmed
    assembled = step_2AS_denovo__spades(trimmed).assembled
    step_4TY_MLST__mlst(assembled)
    step_4AN_AMR__abricate(assembled)
}
"
"MOD_K12_add_abricate_to_mlst_sal_spades","1","add","(generated)","MOD_K12_add_abricate_to_mlst_sal_spades_t1","modification","mlst on Salmonella enterica from paired Illumina FASTQ (fastp + spades).","Y","Y","none","","7","7","Y","","","","step_1PP_trimming__fastp, step_2AS_denovo__spades, step_4TY_MLST__mlst","step_2AS_denovo__spades, step_4TY_MLST__mlst, step_1PP_trimming__fastp","step_1PP_trimming__fastp, step_2AS_denovo__spades, step_4TY_MLST__mlst","722","36","3","2","8.9","Great! I'll proceed with the pipeline using:
1. `step_1PP_trimming__fastp` for trimming paired Illumina reads
2. `step_2AS_denovo__spades` for de novo assembly
3. `step_4TY_MLST__mlst` for MLST typing on Salmonella enterica

This will give you the MLST profile for your Salmonella enterica samples.","nextflow.enable.dsl=2

// --- IMPORTS ---

include { step_2AS_denovo__spades } from '../steps/step_2AS_denovo__spades'

include { step_1PP_trimming__fastp } from '../steps/step_1PP_trimming__fastp'

include { getSingleInput } from '../functions/parameters.nf'

include { step_4TY_MLST__mlst } from '../steps/step_4TY_MLST__mlst'

// --- GLOBALS ---

// --- INLINE PROCESSES ---

// --- SUB WORKFLOWS ---

workflow wf_mlst_salmonella {
    
    take:
        
        trimmed
        
    
    main:
        assembled = step_2AS_denovo__spades(trimmed)
        step_4TY_MLST__mlst(assembled)
    
}

// --- ENTRYPOINT ---
workflow {
    trimmed = step_1PP_trimming__fastp(getSingleInput())
    wf_mlst_salmonella(trimmed)
}","nextflow.enable.dsl=2

include { getSingleInput; optionalOrDefault; param } from '../functions/parameters.nf'
include { step_1PP_trimming__fastp } from '../steps/step_1PP_trimming__fastp'
include { step_2AS_denovo__spades } from '../steps/step_2AS_denovo__spades'
include { step_4TY_MLST__mlst } from '../steps/step_4TY_MLST__mlst'
workflow {
    trimmed   = step_1PP_trimming__fastp(getSingleInput()).trimmed
    assembled = step_2AS_denovo__spades(trimmed).assembled
    step_4TY_MLST__mlst(assembled)
}
"
"MOD_K12_add_abricate_to_mlst_sal_spades","2","add","(generated)","MOD_K12_add_abricate_to_mlst_sal_spades_t2","modification","Now also run abricate in parallel on the same assembly.","Y","Y","none","","8","8","Y","","","","step_1PP_trimming__fastp, step_2AS_denovo__spades, step_4AN_AMR__abricate, step_4TY_MLST__mlst","step_4TY_MLST__mlst, step_4AN_AMR__abricate, step_1PP_trimming__fastp, step_2AS_denovo__spades","step_1PP_trimming__fastp, step_2AS_denovo__spades, step_4AN_AMR__abricate, step_4TY_MLST__mlst","838","39","4","2","8.1","Great! I'll proceed with the pipeline using:
1. `step_1PP_trimming__fastp` for trimming paired Illumina reads
2. `step_2AS_denovo__spades` for de novo assembly
3. `step_4TY_MLST__mlst` for MLST typing on Salmonella enterica
4. `step_4AN_AMR__abricate` for AMR detection (running in parallel with MLST","nextflow.enable.dsl=2

// --- IMPORTS ---

include { step_4TY_MLST__mlst } from '../steps/step_4TY_MLST__mlst'

include { step_4AN_AMR__abricate } from '../steps/step_4AN_AMR__abricate'

include { step_2AS_denovo__spades } from '../steps/step_2AS_denovo__spades'

include { getSingleInput } from '../functions/parameters.nf'

include { step_1PP_trimming__fastp } from '../steps/step_1PP_trimming__fastp'

// --- GLOBALS ---

// --- INLINE PROCESSES ---

// --- SUB WORKFLOWS ---

workflow wf_mlst_amr {
    
    take:
        
        assembly
        
    
    main:
        step_4TY_MLST__mlst(assembly)
        step_4AN_AMR__abricate(assembly)
    
}

// --- ENTRYPOINT ---
workflow {
    trimmed = step_1PP_trimming__fastp(getSingleInput()).trimmed
    assembly = step_2AS_denovo__spades(trimmed).assembled
    wf_mlst_amr(assembly)
}","nextflow.enable.dsl=2

include { getSingleInput; optionalOrDefault; param } from '../functions/parameters.nf'
include { step_1PP_trimming__fastp } from '../steps/step_1PP_trimming__fastp'
include { step_2AS_denovo__spades } from '../steps/step_2AS_denovo__spades'
include { step_4TY_MLST__mlst } from '../steps/step_4TY_MLST__mlst'
include { step_4AN_AMR__abricate } from '../steps/step_4AN_AMR__abricate'
workflow {
    trimmed   = step_1PP_trimming__fastp(getSingleInput()).trimmed
    assembled = step_2AS_denovo__spades(trimmed).assembled
    step_4TY_MLST__mlst(assembled)
    step_4AN_AMR__abricate(assembled)
}
"
"MOD_K13_add_prokka_to_mlst_lis_spades","1","add","(generated)","MOD_K13_add_prokka_to_mlst_lis_spades_t1","modification","mlst on Listeria monocytogenes from paired Illumina FASTQ (fastp + spades).","Y","Y","none","","7","7","Y","","","","step_1PP_trimming__fastp, step_2AS_denovo__spades, step_4TY_MLST__mlst","step_2AS_denovo__spades, step_4TY_MLST__mlst, step_1PP_trimming__fastp","step_1PP_trimming__fastp, step_2AS_denovo__spades, step_4TY_MLST__mlst","808","40","3","2","53.6","Great! I'll set up a pipeline for MLST typing of Listeria monocytogenes from paired Illumina FASTQ reads using fastp for trimming and SPAdes for assembly, followed by MLST analysis. Here's the plan:

1. **Trimming**: Use `step_1PP_trimming__fastp` to trim paired Illumina reads
2. **Assembly**: Use `","nextflow.enable.dsl=2

// --- IMPORTS ---

include { step_2AS_denovo__spades } from '../steps/step_2AS_denovo__spades'

include { step_1PP_trimming__fastp } from '../steps/step_1PP_trimming__fastp'

include { getSingleInput } from '../functions/parameters.nf'

include { step_4TY_MLST__mlst } from '../steps/step_4TY_MLST__mlst'

// --- GLOBALS ---

// --- INLINE PROCESSES ---

// --- SUB WORKFLOWS ---

workflow wf_mlst_typing {
    
    take:
        
        trimmed
        
    
    main:
        trimmed.multiMap {
            trimmed: it
        }.set { trAndRef }

        assembly = step_2AS_denovo__spades(trAndRef.trimmed)
        step_4TY_MLST__mlst(assembly)
    
}

// --- ENTRYPOINT ---
workflow {
    trimmed = step_1PP_trimming__fastp(getSingleInput()).trimmed
    wf_mlst_typing(trimmed)
}","nextflow.enable.dsl=2

include { getSingleInput; optionalOrDefault; param } from '../functions/parameters.nf'
include { step_1PP_trimming__fastp } from '../steps/step_1PP_trimming__fastp'
include { step_2AS_denovo__spades } from '../steps/step_2AS_denovo__spades'
include { step_4TY_MLST__mlst } from '../steps/step_4TY_MLST__mlst'
workflow {
    trimmed   = step_1PP_trimming__fastp(getSingleInput()).trimmed
    assembled = step_2AS_denovo__spades(trimmed).assembled
    step_4TY_MLST__mlst(assembled)
}
"
"MOD_K13_add_prokka_to_mlst_lis_spades","2","add","(generated)","MOD_K13_add_prokka_to_mlst_lis_spades_t2","modification","Now also run prokka in parallel on the same assembly.","Y","N","file_not_found","WARN: file not found: '/mnt/data/cohesive_llm_bench_scratch/_shared_inputdir/2026/2026.LIS.205.1.1/0SQ_rawreads/DS99999-DT260224_import/result/*.fastq*'","7","8","Y","","","","step_1PP_trimming__fastp, step_2AS_denovo__spades, step_4AN_genes__prokka, step_4TY_MLST__mlst","step_4TY_MLST__mlst, step_4AN_genes__prokka, step_1PP_trimming__fastp, step_2AS_denovo__spades","step_1PP_trimming__fastp, step_2AS_denovo__spades, step_4AN_genes__prokka, step_4TY_MLST__mlst","1021","47","4","1","9.9","I'll add Prokka to run in parallel on the same assembly for gene annotation. This will give you both MLST typing and gene annotation results. Here's the updated plan:

1. **Trimming**: Use `step_1PP_trimming__fastp` to trim paired Illumina reads
2. **Assembly**: Use `step_2AS_denovo__spades` to asse","nextflow.enable.dsl=2

// --- IMPORTS ---

include { step_4TY_MLST__mlst } from '../steps/step_4TY_MLST__mlst'

include { step_2AS_denovo__spades } from '../steps/step_2AS_denovo__spades'

include { getSingleInput } from '../functions/parameters.nf'

include { step_4AN_genes__prokka } from '../steps/step_4AN_genes__prokka'

include { step_1PP_trimming__fastp } from '../steps/step_1PP_trimming__fastp'

// --- GLOBALS ---

def kingdom = 'Bacteria'

def riscd_ref = '220308-020220308005121273-2AS_import-external'

def reference = ''

def gb = ''

// --- INLINE PROCESSES ---

// --- SUB WORKFLOWS ---

workflow wf_mlst_prokka {
    
    take:
        
        assembly
        
    
    main:
        step_4TY_MLST__mlst(assembly)
        step_4AN_genes__prokka([assembly[0], assembly[1], kingdom, riscd_ref, reference, gb])
    
}

// --- ENTRYPOINT ---
workflow {
    trimmed = step_1PP_trimming__fastp(getSingleInput()).trimmed
    assembly = step_2AS_denovo__spades(trimmed).assembled
    wf_mlst_prokka(assembly)
}","nextflow.enable.dsl=2

include { getSingleInput; optionalOrDefault; param } from '../functions/parameters.nf'
include { step_1PP_trimming__fastp } from '../steps/step_1PP_trimming__fastp'
include { step_2AS_denovo__spades } from '../steps/step_2AS_denovo__spades'
include { step_4TY_MLST__mlst } from '../steps/step_4TY_MLST__mlst'
include { step_4AN_genes__prokka } from '../steps/step_4AN_genes__prokka'
workflow {
    trimmed   = step_1PP_trimming__fastp(getSingleInput()).trimmed
    assembled = step_2AS_denovo__spades(trimmed).assembled
    step_4TY_MLST__mlst(assembled)
    step_4AN_genes__prokka(assembled)
}
"
"MOD_K14_add_prokka_to_mlst_eco_spades","1","add","(generated)","MOD_K14_add_prokka_to_mlst_eco_spades_t1","modification","mlst on Escherichia coli from paired Illumina FASTQ (fastp + spades).","Y","Y","none","","7","7","Y","","","","step_1PP_trimming__fastp, step_2AS_denovo__spades, step_4TY_MLST__mlst","step_1PP_trimming__fastp, step_2AS_denovo__spades, step_4TY_MLST__mlst","step_1PP_trimming__fastp, step_2AS_denovo__spades, step_4TY_MLST__mlst","740","36","3","2","7.9","Great! I'll set up the pipeline with the following steps:
1. **Preprocessing**: Trim paired-end Illumina reads using `fastp` (`step_1PP_trimming__fastp`)
2. **Assembly**: Assemble the trimmed reads using `SPAdes` (`step_2AS_denovo__spades`)
3. **MLST Typing**: Determine MLST type using `MLST` (`step","nextflow.enable.dsl=2

// --- IMPORTS ---

include { step_2AS_denovo__spades } from '../steps/step_2AS_denovo__spades'

include { step_1PP_trimming__fastp } from '../steps/step_1PP_trimming__fastp'

include { getSingleInput } from '../functions/parameters.nf'

include { step_4TY_MLST__mlst } from '../steps/step_4TY_MLST__mlst'

// --- GLOBALS ---

// --- INLINE PROCESSES ---

// --- SUB WORKFLOWS ---

workflow wf_mlst_pipeline {
    
    take:
        
        rawreads
        
    
    main:
        trimmed = step_1PP_trimming__fastp(rawreads).trimmed
        assembly = step_2AS_denovo__spades(trimmed).assembled
        step_4TY_MLST__mlst(assembly)
    
}

// --- ENTRYPOINT ---
workflow {
    wf_mlst_pipeline(getSingleInput())
}","nextflow.enable.dsl=2

include { getSingleInput; optionalOrDefault; param } from '../functions/parameters.nf'
include { step_1PP_trimming__fastp } from '../steps/step_1PP_trimming__fastp'
include { step_2AS_denovo__spades } from '../steps/step_2AS_denovo__spades'
include { step_4TY_MLST__mlst } from '../steps/step_4TY_MLST__mlst'
workflow {
    trimmed   = step_1PP_trimming__fastp(getSingleInput()).trimmed
    assembled = step_2AS_denovo__spades(trimmed).assembled
    step_4TY_MLST__mlst(assembled)
}
"
"MOD_K14_add_prokka_to_mlst_eco_spades","2","add","(generated)","MOD_K14_add_prokka_to_mlst_eco_spades_t2","modification","Now also run prokka in parallel on the same assembly.","Y","N","file_not_found","WARN: file not found: '/mnt/data/cohesive_llm_bench_scratch/_shared_inputdir/2026/2026.ECO.203.1.1/0SQ_rawreads/DS99999-DT260224_import/result/*.fastq*'","7","8","Y","","","","step_1PP_trimming__fastp, step_2AS_denovo__spades, step_4AN_genes__prokka, step_4TY_MLST__mlst","step_4TY_MLST__mlst, step_4AN_genes__prokka, step_1PP_trimming__fastp, step_2AS_denovo__spades","step_1PP_trimming__fastp, step_2AS_denovo__spades, step_4AN_genes__prokka, step_4TY_MLST__mlst","1021","47","4","2","8.5","I'll set up the pipeline with the following steps:
1. **Preprocessing**: Trim paired-end Illumina reads using `fastp` (`step_1PP_trimming__fastp`)
2. **Assembly**: Assemble the trimmed reads using `SPAdes` (`step_2AS_denovo__spades`)
3. **MLST Typing**: Determine MLST type using `MLST` (`step_4TY_ML","nextflow.enable.dsl=2

// --- IMPORTS ---

include { step_4TY_MLST__mlst } from '../steps/step_4TY_MLST__mlst'

include { step_2AS_denovo__spades } from '../steps/step_2AS_denovo__spades'

include { getSingleInput } from '../functions/parameters.nf'

include { step_4AN_genes__prokka } from '../steps/step_4AN_genes__prokka'

include { step_1PP_trimming__fastp } from '../steps/step_1PP_trimming__fastp'

// --- GLOBALS ---

def kingdom = 'Bacteria'

def riscd_ref = '220308-020220308005121273-2AS_import-external'

def reference = ''

def gb = ''

// --- INLINE PROCESSES ---

// --- SUB WORKFLOWS ---

workflow wf_mlst_prokka {
    
    take:
        
        assembly
        
    
    main:
        step_4TY_MLST__mlst(assembly)
        step_4AN_genes__prokka([assembly[0], assembly[1], kingdom, riscd_ref, reference, gb])
    
}

// --- ENTRYPOINT ---
workflow {
    trimmed = step_1PP_trimming__fastp(getSingleInput()).trimmed
    assembly = step_2AS_denovo__spades(trimmed).assembled
    wf_mlst_prokka(assembly)
}","nextflow.enable.dsl=2

include { getSingleInput; optionalOrDefault; param } from '../functions/parameters.nf'
include { step_1PP_trimming__fastp } from '../steps/step_1PP_trimming__fastp'
include { step_2AS_denovo__spades } from '../steps/step_2AS_denovo__spades'
include { step_4TY_MLST__mlst } from '../steps/step_4TY_MLST__mlst'
include { step_4AN_genes__prokka } from '../steps/step_4AN_genes__prokka'
workflow {
    trimmed   = step_1PP_trimming__fastp(getSingleInput()).trimmed
    assembled = step_2AS_denovo__spades(trimmed).assembled
    step_4TY_MLST__mlst(assembled)
    step_4AN_genes__prokka(assembled)
}
"
"MOD_K15_add_prokka_to_mlst_sal_spades","1","add","(generated)","MOD_K15_add_prokka_to_mlst_sal_spades_t1","modification","mlst on Salmonella enterica from paired Illumina FASTQ (fastp + spades).","Y","Y","none","","7","7","Y","","","","step_1PP_trimming__fastp, step_2AS_denovo__spades, step_4TY_MLST__mlst","step_2AS_denovo__spades, step_4TY_MLST__mlst, step_1PP_trimming__fastp","step_1PP_trimming__fastp, step_2AS_denovo__spades, step_4TY_MLST__mlst","814","40","3","2","20.4","Great! I'll proceed with the pipeline using:
1. fastp for trimming paired Illumina reads
2. SPAdes for de novo assembly
3. MLST for typing

This will be built using the available components in the framework.","nextflow.enable.dsl=2

// --- IMPORTS ---

include { step_2AS_denovo__spades } from '../steps/step_2AS_denovo__spades'

include { step_1PP_trimming__fastp } from '../steps/step_1PP_trimming__fastp'

include { getSingleInput } from '../functions/parameters.nf'

include { step_4TY_MLST__mlst } from '../steps/step_4TY_MLST__mlst'

// --- GLOBALS ---

// --- INLINE PROCESSES ---

// --- SUB WORKFLOWS ---

workflow wf_mlst_pipeline {
    
    take:
        
        trimmed
        
    
    main:
        trimmed.multiMap {
            trimmed: it
        }.set { trAndRef }

        assembled = step_2AS_denovo__spades(trAndRef.trimmed)
        step_4TY_MLST__mlst(assembled)
    
}

// --- ENTRYPOINT ---
workflow {
    trimmed = step_1PP_trimming__fastp(getSingleInput()).trimmed
    wf_mlst_pipeline(trimmed)
}","nextflow.enable.dsl=2

include { getSingleInput; optionalOrDefault; param } from '../functions/parameters.nf'
include { step_1PP_trimming__fastp } from '../steps/step_1PP_trimming__fastp'
include { step_2AS_denovo__spades } from '../steps/step_2AS_denovo__spades'
include { step_4TY_MLST__mlst } from '../steps/step_4TY_MLST__mlst'
workflow {
    trimmed   = step_1PP_trimming__fastp(getSingleInput()).trimmed
    assembled = step_2AS_denovo__spades(trimmed).assembled
    step_4TY_MLST__mlst(assembled)
}
"
"MOD_K15_add_prokka_to_mlst_sal_spades","2","add","(generated)","MOD_K15_add_prokka_to_mlst_sal_spades_t2","modification","Now also run prokka in parallel on the same assembly.","Y","Y","none","","8","8","Y","","","","step_1PP_trimming__fastp, step_2AS_denovo__spades, step_4AN_genes__prokka, step_4TY_MLST__mlst","step_4TY_MLST__mlst, step_4AN_genes__prokka, step_1PP_trimming__fastp, step_2AS_denovo__spades","step_1PP_trimming__fastp, step_2AS_denovo__spades, step_4AN_genes__prokka, step_4TY_MLST__mlst","991","47","4","1","7.9","I'll update the pipeline to run Prokka in parallel with MLST on the same assembly. This will give you both MLST typing and genome annotation. Let me adjust the plan accordingly.","nextflow.enable.dsl=2

// --- IMPORTS ---

include { step_4TY_MLST__mlst } from '../steps/step_4TY_MLST__mlst'

include { step_2AS_denovo__spades } from '../steps/step_2AS_denovo__spades'

include { getSingleInput } from '../functions/parameters.nf'

include { step_4AN_genes__prokka } from '../steps/step_4AN_genes__prokka'

include { step_1PP_trimming__fastp } from '../steps/step_1PP_trimming__fastp'

// --- GLOBALS ---

def kingdom = 'Bacteria'

def riscd_ref = '-'

def reference = '-'

def gb = '-'

// --- INLINE PROCESSES ---

// --- SUB WORKFLOWS ---

workflow wf_mlst_prokka {
    
    take:
        
        assembled
        
    
    main:
        step_4TY_MLST__mlst(assembled)
        step_4AN_genes__prokka(assembled.map { [ it[0], it[1], kingdom, riscd_ref, reference, gb ] })
    
}

// --- ENTRYPOINT ---
workflow {
    trimmed = step_1PP_trimming__fastp(getSingleInput()).trimmed
    assembled = step_2AS_denovo__spades(trimmed).assembled
    wf_mlst_prokka(assembled)
}","nextflow.enable.dsl=2

include { getSingleInput; optionalOrDefault; param } from '../functions/parameters.nf'
include { step_1PP_trimming__fastp } from '../steps/step_1PP_trimming__fastp'
include { step_2AS_denovo__spades } from '../steps/step_2AS_denovo__spades'
include { step_4TY_MLST__mlst } from '../steps/step_4TY_MLST__mlst'
include { step_4AN_genes__prokka } from '../steps/step_4AN_genes__prokka'
workflow {
    trimmed   = step_1PP_trimming__fastp(getSingleInput()).trimmed
    assembled = step_2AS_denovo__spades(trimmed).assembled
    step_4TY_MLST__mlst(assembled)
    step_4AN_genes__prokka(assembled)
}
"
"MOD_K16_add_prokka_to_mlst_cam_spades","1","add","(generated)","MOD_K16_add_prokka_to_mlst_cam_spades_t1","modification","mlst on Campylobacter jejuni from paired Illumina FASTQ (fastp + spades).","Y","Y","none","","7","7","Y","","","","step_1PP_trimming__fastp, step_2AS_denovo__spades, step_4TY_MLST__mlst","step_2AS_denovo__spades, step_4TY_MLST__mlst, step_1PP_trimming__fastp","step_1PP_trimming__fastp, step_2AS_denovo__spades, step_4TY_MLST__mlst","814","41","3","2","51.6","Great! I'll set up a pipeline for MLST typing of Campylobacter jejuni from paired Illumina FASTQ reads using FastP for trimming and SPAdes for assembly, followed by MLST analysis. Here's the plan:

1. **Trimming**: Use `step_1PP_trimming__fastp` to trim paired Illumina reads
2. **Assembly**: Use `st","nextflow.enable.dsl=2

// --- IMPORTS ---

include { step_2AS_denovo__spades } from '../steps/step_2AS_denovo__spades'

include { step_1PP_trimming__fastp } from '../steps/step_1PP_trimming__fastp'

include { getSingleInput } from '../functions/parameters.nf'

include { step_4TY_MLST__mlst } from '../steps/step_4TY_MLST__mlst'

// --- GLOBALS ---

// --- INLINE PROCESSES ---

// --- SUB WORKFLOWS ---

workflow wf_campylobacter_mlst {
    
    take:
        
        trimmed
        
    
    main:
        spades_out = step_2AS_denovo__spades(trimmed)
        step_4TY_MLST__mlst(spades_out.assembled)
    
    emit:
        
        assembled = spades_out.assembled
        
    
}

// --- ENTRYPOINT ---
workflow {
    trimmed = step_1PP_trimming__fastp(getSingleInput())
    wf_campylobacter_mlst(trimmed)
}","nextflow.enable.dsl=2

include { getSingleInput; optionalOrDefault; param } from '../functions/parameters.nf'
include { step_1PP_trimming__fastp } from '../steps/step_1PP_trimming__fastp'
include { step_2AS_denovo__spades } from '../steps/step_2AS_denovo__spades'
include { step_4TY_MLST__mlst } from '../steps/step_4TY_MLST__mlst'
workflow {
    trimmed   = step_1PP_trimming__fastp(getSingleInput()).trimmed
    assembled = step_2AS_denovo__spades(trimmed).assembled
    step_4TY_MLST__mlst(assembled)
}
"
"MOD_K16_add_prokka_to_mlst_cam_spades","2","add","(generated)","MOD_K16_add_prokka_to_mlst_cam_spades_t2","modification","Now also run prokka in parallel on the same assembly.","Y","Y","none","","8","8","Y","","","","step_1PP_trimming__fastp, step_2AS_denovo__spades, step_4AN_genes__prokka, step_4TY_MLST__mlst","step_4TY_MLST__mlst, step_4AN_genes__prokka, step_1PP_trimming__fastp, step_2AS_denovo__spades","step_1PP_trimming__fastp, step_2AS_denovo__spades, step_4AN_genes__prokka, step_4TY_MLST__mlst","965","43","4","2","8.9","Great! I'll set up the pipeline with FastP trimming, SPAdes assembly, and then run both MLST and Prokka annotation in parallel on the assembly. Here's the final plan:

1. **Trimming**: `step_1PP_trimming__fastp` (paired Illumina reads → trimmed reads)
2. **Assembly**: `step_2AS_denovo__spades` (trim","nextflow.enable.dsl=2

// --- IMPORTS ---

include { step_4TY_MLST__mlst } from '../steps/step_4TY_MLST__mlst'

include { step_2AS_denovo__spades } from '../steps/step_2AS_denovo__spades'

include { getEmpty } from '../functions/common.nf'

include { getSingleInput } from '../functions/parameters.nf'

include { step_4AN_genes__prokka } from '../steps/step_4AN_genes__prokka'

include { step_1PP_trimming__fastp } from '../steps/step_1PP_trimming__fastp'

// --- GLOBALS ---

def kingdom = 'Bacteria'

// --- INLINE PROCESSES ---

// --- SUB WORKFLOWS ---

workflow wf_mlst_prokka {
    
    take:
        
        assembled
        
    
    main:
        step_4TY_MLST__mlst(assembled)
        step_4AN_genes__prokka(assembled.map { [ it[0], it[1], kingdom, '-', '-', getEmpty() ] })
    
}

// --- ENTRYPOINT ---
workflow {
    trimmed = step_1PP_trimming__fastp(getSingleInput())
    assembled = step_2AS_denovo__spades(trimmed)
    wf_mlst_prokka(assembled)
}","nextflow.enable.dsl=2

include { getSingleInput; optionalOrDefault; param } from '../functions/parameters.nf'
include { step_1PP_trimming__fastp } from '../steps/step_1PP_trimming__fastp'
include { step_2AS_denovo__spades } from '../steps/step_2AS_denovo__spades'
include { step_4TY_MLST__mlst } from '../steps/step_4TY_MLST__mlst'
include { step_4AN_genes__prokka } from '../steps/step_4AN_genes__prokka'
workflow {
    trimmed   = step_1PP_trimming__fastp(getSingleInput()).trimmed
    assembled = step_2AS_denovo__spades(trimmed).assembled
    step_4TY_MLST__mlst(assembled)
    step_4AN_genes__prokka(assembled)
}
"
"MOD_K17_add_prokka_to_abricate_lis_spades","1","add","(generated)","MOD_K17_add_prokka_to_abricate_lis_spades_t1","modification","abricate on Listeria monocytogenes from paired Illumina FASTQ (fastp + spades).","Y","N","file_not_found","WARN: file not found: '/mnt/data/cohesive_llm_bench_scratch/_shared_inputdir/2026/2026.LIS.206.1.1/0SQ_rawreads/DS99999-DT260224_import/result/*.fastq*'","6","7","Y","","","","step_1PP_trimming__fastp, step_2AS_denovo__spades, step_4AN_AMR__abricate","step_1PP_trimming__fastp, step_2AS_denovo__spades, step_4AN_AMR__abricate","step_1PP_trimming__fastp, step_2AS_denovo__spades, step_4AN_AMR__abricate","851","42","3","2","8.1","I will create a pipeline with the following steps:
1. Trim paired Illumina reads with fastp (step_1PP_trimming__fastp)
2. Assemble with SPAdes (step_2AS_denovo__spades)
3. Run abricate for AMR detection (step_4AN_AMR__abricate)

This will process your Listeria monocytogenes samples and detect resist","nextflow.enable.dsl=2

// --- IMPORTS ---

include { step_4AN_AMR__abricate } from '../steps/step_4AN_AMR__abricate'

include { step_2AS_denovo__spades } from '../steps/step_2AS_denovo__spades'

include { step_1PP_trimming__fastp } from '../steps/step_1PP_trimming__fastp'

include { getSingleInput } from '../functions/parameters.nf'

// --- GLOBALS ---

// --- INLINE PROCESSES ---

// --- SUB WORKFLOWS ---

workflow wf_trim_and_assemble {
    
    take:
        
        rawreads
        
    
    main:
        trimmed = step_1PP_trimming__fastp(rawreads).trimmed
        assembled = step_2AS_denovo__spades(trimmed).assembled
    
    emit:
        
        assembled
        
    
}

// --- ENTRYPOINT ---
workflow {
    rawreads = getSingleInput()
    wf_trim_and_assemble(rawreads)
    step_4AN_AMR__abricate(wf_trim_and_assemble.assembled)
}","nextflow.enable.dsl=2

include { getSingleInput; optionalOrDefault; param } from '../functions/parameters.nf'
include { step_1PP_trimming__fastp } from '../steps/step_1PP_trimming__fastp'
include { step_2AS_denovo__spades } from '../steps/step_2AS_denovo__spades'
include { step_4AN_AMR__abricate } from '../steps/step_4AN_AMR__abricate'
workflow {
    trimmed   = step_1PP_trimming__fastp(getSingleInput()).trimmed
    assembled = step_2AS_denovo__spades(trimmed).assembled
    step_4AN_AMR__abricate(assembled)
}
"
"MOD_K17_add_prokka_to_abricate_lis_spades","2","add","(generated)","MOD_K17_add_prokka_to_abricate_lis_spades_t2","modification","Now also run prokka in parallel on the same assembly.","Y","Y","none","","8","8","Y","","","","step_1PP_trimming__fastp, step_2AS_denovo__spades, step_4AN_AMR__abricate, step_4AN_genes__prokka","step_4AN_AMR__abricate, step_4AN_genes__prokka, step_1PP_trimming__fastp, step_2AS_denovo__spades","step_1PP_trimming__fastp, step_2AS_denovo__spades, step_4AN_AMR__abricate, step_4AN_genes__prokka","988","43","4","2","7.6","I will create a pipeline with the following steps:
1. Trim paired Illumina reads with fastp (step_1PP_trimming__fastp)
2. Assemble with SPAdes (step_2AS_denovo__spades)
3. Run abricate for AMR detection (step_4AN_AMR__abricate)
4. Run prokka for genome annotation (step_4AN_genes__prokka)

This will ","nextflow.enable.dsl=2

// --- IMPORTS ---

include { step_4AN_AMR__abricate } from '../steps/step_4AN_AMR__abricate'

include { step_2AS_denovo__spades } from '../steps/step_2AS_denovo__spades'

include { getEmpty } from '../functions/common.nf'

include { getSingleInput } from '../functions/parameters.nf'

include { step_4AN_genes__prokka } from '../steps/step_4AN_genes__prokka'

include { step_1PP_trimming__fastp } from '../steps/step_1PP_trimming__fastp'

// --- GLOBALS ---

def kingdom = 'Bacteria'

// --- INLINE PROCESSES ---

// --- SUB WORKFLOWS ---

workflow wf_amr_and_annotation {
    
    take:
        
        assembled
        
    
    main:
        step_4AN_AMR__abricate(assembled)
        step_4AN_genes__prokka(assembled.map { [ it[0], it[1], kingdom, '-', '-', getEmpty() ] })
    
}

// --- ENTRYPOINT ---
workflow {
    trimmed = step_1PP_trimming__fastp(getSingleInput())
    assembled = step_2AS_denovo__spades(trimmed)
    wf_amr_and_annotation(assembled)
}","nextflow.enable.dsl=2

include { getSingleInput; optionalOrDefault; param } from '../functions/parameters.nf'
include { step_1PP_trimming__fastp } from '../steps/step_1PP_trimming__fastp'
include { step_2AS_denovo__spades } from '../steps/step_2AS_denovo__spades'
include { step_4AN_AMR__abricate } from '../steps/step_4AN_AMR__abricate'
include { step_4AN_genes__prokka } from '../steps/step_4AN_genes__prokka'
workflow {
    trimmed   = step_1PP_trimming__fastp(getSingleInput()).trimmed
    assembled = step_2AS_denovo__spades(trimmed).assembled
    step_4AN_AMR__abricate(assembled)
    step_4AN_genes__prokka(assembled)
}
"
"MOD_K18_add_prokka_to_abricate_eco_spades","1","add","(generated)","MOD_K18_add_prokka_to_abricate_eco_spades_t1","modification","abricate on Escherichia coli from paired Illumina FASTQ (fastp + spades).","Y","Y","none","","7","7","Y","","","","step_1PP_trimming__fastp, step_2AS_denovo__spades, step_4AN_AMR__abricate","step_1PP_trimming__fastp, step_2AS_denovo__spades, step_4AN_AMR__abricate","step_1PP_trimming__fastp, step_2AS_denovo__spades, step_4AN_AMR__abricate","769","36","3","2","7.0","Great! I'll proceed with the pipeline using fastp for trimming, SPAdes for assembly, and abricate for AMR detection on your Escherichia coli paired Illumina reads.","nextflow.enable.dsl=2

// --- IMPORTS ---

include { step_4AN_AMR__abricate } from '../steps/step_4AN_AMR__abricate'

include { step_2AS_denovo__spades } from '../steps/step_2AS_denovo__spades'

include { step_1PP_trimming__fastp } from '../steps/step_1PP_trimming__fastp'

include { getSingleInput } from '../functions/parameters.nf'

// --- GLOBALS ---

// --- INLINE PROCESSES ---

// --- SUB WORKFLOWS ---

workflow wf_preprocess_assemble_amr {
    
    take:
        
        rawreads
        
    
    main:
        trimmed = step_1PP_trimming__fastp(rawreads).trimmed
        assembly = step_2AS_denovo__spades(trimmed).assembled
        step_4AN_AMR__abricate(assembly)
    
}

// --- ENTRYPOINT ---
workflow {
    wf_preprocess_assemble_amr(getSingleInput())
}","nextflow.enable.dsl=2

include { getSingleInput; optionalOrDefault; param } from '../functions/parameters.nf'
include { step_1PP_trimming__fastp } from '../steps/step_1PP_trimming__fastp'
include { step_2AS_denovo__spades } from '../steps/step_2AS_denovo__spades'
include { step_4AN_AMR__abricate } from '../steps/step_4AN_AMR__abricate'
workflow {
    trimmed   = step_1PP_trimming__fastp(getSingleInput()).trimmed
    assembled = step_2AS_denovo__spades(trimmed).assembled
    step_4AN_AMR__abricate(assembled)
}
"
"MOD_K18_add_prokka_to_abricate_eco_spades","2","add","(generated)","MOD_K18_add_prokka_to_abricate_eco_spades_t2","modification","Now also run prokka in parallel on the same assembly.","Y","Y","none","","11","8","N","step_2AS_mapping__ivar, step_4TY_lineage__pangolin","step_1PP_trimming__fastp, step_2AS_denovo__spades, step_4AN_AMR__abricate, step_4AN_genes__prokka","","step_2AS_mapping__ivar, step_4TY_lineage__pangolin","step_2AS_mapping__ivar, step_4TY_lineage__pangolin","step_1PP_trimming__fastp, step_2AS_denovo__spades, step_4AN_AMR__abricate, step_4AN_genes__prokka","1003","44","2","2","6.9","Great! I'll proceed with the pipeline using fastp for trimming, SPAdes for assembly, and abricate for AMR detection on your Escherichia coli paired Illumina reads. I'll also run prokka in parallel on the same assembly for gene annotation. This will give you both AMR analysis and comprehensive gene a","nextflow.enable.dsl=2

// --- IMPORTS ---

include { step_2AS_mapping__ivar } from '../steps/step_2AS_mapping__ivar'

include { getSingleInput } from '../functions/parameters.nf'

include { step_4TY_lineage__pangolin } from '../steps/step_4TY_lineage__pangolin'

// --- GLOBALS ---

def referenceCode = 'NC_045512.2'

def referencePath = ""${params.assets_dir}/module_covid_emergency/NC_045512.fasta""

def referenceRiscd = '220308-020220308005121273-2AS_import-external'

// --- INLINE PROCESSES ---

// --- SUB WORKFLOWS ---

workflow module_covid_emergency {
    
    take:
        
        trimmed
        
    
    main:
        trimmed.multiMap {
            trimmed: it
            reference: [ referenceRiscd, referenceCode, file(referencePath) ]
        }.set { trAndRef }

        ivar_out = step_2AS_mapping__ivar(trAndRef.trimmed, trAndRef.reference)
        step_4TY_lineage__pangolin(ivar_out.consensus)
    
}

// --- ENTRYPOINT ---
workflow {
    module_covid_emergency(getSingleInput())
}","nextflow.enable.dsl=2

include { getSingleInput; optionalOrDefault; param } from '../functions/parameters.nf'
include { step_1PP_trimming__fastp } from '../steps/step_1PP_trimming__fastp'
include { step_2AS_denovo__spades } from '../steps/step_2AS_denovo__spades'
include { step_4AN_AMR__abricate } from '../steps/step_4AN_AMR__abricate'
include { step_4AN_genes__prokka } from '../steps/step_4AN_genes__prokka'
workflow {
    trimmed   = step_1PP_trimming__fastp(getSingleInput()).trimmed
    assembled = step_2AS_denovo__spades(trimmed).assembled
    step_4AN_AMR__abricate(assembled)
    step_4AN_genes__prokka(assembled)
}
"
"MOD_K19_add_mlst_to_abricate_sal_spades","1","add","(generated)","MOD_K19_add_mlst_to_abricate_sal_spades_t1","modification","abricate on Salmonella enterica from paired Illumina FASTQ (fastp + spades).","Y","N","file_not_found","WARN: file not found: '/mnt/data/cohesive_llm_bench_scratch/_shared_inputdir/2026/2026.SAL.205.1.1/0SQ_rawreads/DS99999-DT260224_import/result/*.fastq*'","6","7","Y","","","","step_1PP_trimming__fastp, step_2AS_denovo__spades, step_4AN_AMR__abricate","step_1PP_trimming__fastp, step_2AS_denovo__spades, step_4AN_AMR__abricate","step_1PP_trimming__fastp, step_2AS_denovo__spades, step_4AN_AMR__abricate","827","41","3","2","7.3","Great! I'll proceed with the pipeline using fastp for trimming, SPAdes for assembly, and abricate for AMR detection on your Salmonella enterica paired Illumina reads.","nextflow.enable.dsl=2

// --- IMPORTS ---

include { step_4AN_AMR__abricate } from '../steps/step_4AN_AMR__abricate'

include { step_2AS_denovo__spades } from '../steps/step_2AS_denovo__spades'

include { step_1PP_trimming__fastp } from '../steps/step_1PP_trimming__fastp'

include { getSingleInput } from '../functions/parameters.nf'

// --- GLOBALS ---

// --- INLINE PROCESSES ---

// --- SUB WORKFLOWS ---

workflow wf_trim_and_assemble {
    
    take:
        
        rawreads
        
    
    main:
        trimmed = step_1PP_trimming__fastp(rawreads).trimmed
        assembled = step_2AS_denovo__spades(trimmed).assembled
    
    emit:
        
        assembled
        
    
}

// --- ENTRYPOINT ---
workflow {
    wf_trim_and_assemble(getSingleInput())
    step_4AN_AMR__abricate(wf_trim_and_assemble.assembled)
}","nextflow.enable.dsl=2

include { getSingleInput; optionalOrDefault; param } from '../functions/parameters.nf'
include { step_1PP_trimming__fastp } from '../steps/step_1PP_trimming__fastp'
include { step_2AS_denovo__spades } from '../steps/step_2AS_denovo__spades'
include { step_4AN_AMR__abricate } from '../steps/step_4AN_AMR__abricate'
workflow {
    trimmed   = step_1PP_trimming__fastp(getSingleInput()).trimmed
    assembled = step_2AS_denovo__spades(trimmed).assembled
    step_4AN_AMR__abricate(assembled)
}
"
"MOD_K19_add_mlst_to_abricate_sal_spades","2","add","(generated)","MOD_K19_add_mlst_to_abricate_sal_spades_t2","modification","Now also run mlst in parallel on the same assembly.","Y","Y","none","","8","8","Y","","","","step_1PP_trimming__fastp, step_2AS_denovo__spades, step_4AN_AMR__abricate, step_4TY_MLST__mlst","step_1PP_trimming__fastp, step_2AS_denovo__spades, step_4AN_AMR__abricate, step_4TY_MLST__mlst","step_1PP_trimming__fastp, step_2AS_denovo__spades, step_4AN_AMR__abricate, step_4TY_MLST__mlst","875","39","4","2","6.9","Great! I'll proceed with the pipeline using fastp for trimming, SPAdes for assembly, and both abricate for AMR profiling and mlst for MLST typing on your Salmonella enterica paired Illumina reads.","nextflow.enable.dsl=2

// --- IMPORTS ---

include { step_4TY_MLST__mlst } from '../steps/step_4TY_MLST__mlst'

include { step_4AN_AMR__abricate } from '../steps/step_4AN_AMR__abricate'

include { step_2AS_denovo__spades } from '../steps/step_2AS_denovo__spades'

include { getSingleInput } from '../functions/parameters.nf'

include { step_1PP_trimming__fastp } from '../steps/step_1PP_trimming__fastp'

// --- GLOBALS ---

// --- INLINE PROCESSES ---

// --- SUB WORKFLOWS ---

workflow wf_trim_assemble_analyze {
    
    take:
        
        rawreads
        
    
    main:
        trimmed = step_1PP_trimming__fastp(rawreads).trimmed
        assembled = step_2AS_denovo__spades(trimmed).assembled
        step_4AN_AMR__abricate(assembled)
        step_4TY_MLST__mlst(assembled)
    
}

// --- ENTRYPOINT ---
workflow {
    wf_trim_assemble_analyze(getSingleInput())
}","nextflow.enable.dsl=2

include { getSingleInput; optionalOrDefault; param } from '../functions/parameters.nf'
include { step_1PP_trimming__fastp } from '../steps/step_1PP_trimming__fastp'
include { step_2AS_denovo__spades } from '../steps/step_2AS_denovo__spades'
include { step_4AN_AMR__abricate } from '../steps/step_4AN_AMR__abricate'
include { step_4TY_MLST__mlst } from '../steps/step_4TY_MLST__mlst'
workflow {
    trimmed   = step_1PP_trimming__fastp(getSingleInput()).trimmed
    assembled = step_2AS_denovo__spades(trimmed).assembled
    step_4AN_AMR__abricate(assembled)
    step_4TY_MLST__mlst(assembled)
}
"
"MOD_K20_add_mlst_to_abricate_eco_spades","1","add","(generated)","MOD_K20_add_mlst_to_abricate_eco_spades_t1","modification","abricate on Escherichia coli from paired Illumina FASTQ (fastp + spades).","Y","Y","none","","7","7","Y","","","","step_1PP_trimming__fastp, step_2AS_denovo__spades, step_4AN_AMR__abricate","step_1PP_trimming__fastp, step_2AS_denovo__spades, step_4AN_AMR__abricate","step_1PP_trimming__fastp, step_2AS_denovo__spades, step_4AN_AMR__abricate","822","41","3","2","6.9","Great! I'll proceed with the pipeline using fastp for trimming, SPAdes for assembly, and abricate for AMR analysis on your Escherichia coli paired Illumina reads.","nextflow.enable.dsl=2

// --- IMPORTS ---

include { step_4AN_AMR__abricate } from '../steps/step_4AN_AMR__abricate'

include { step_2AS_denovo__spades } from '../steps/step_2AS_denovo__spades'

include { step_1PP_trimming__fastp } from '../steps/step_1PP_trimming__fastp'

include { getSingleInput } from '../functions/parameters.nf'

// --- GLOBALS ---

// --- INLINE PROCESSES ---

// --- SUB WORKFLOWS ---

workflow wf_preprocess_assemble_amr {
    
    take:
        
        rawreads
        
    
    main:
        trimmed = step_1PP_trimming__fastp(rawreads).trimmed
        assembled = step_2AS_denovo__spades(trimmed).assembled
        step_4AN_AMR__abricate(assembled)
    
    emit:
        
        assembled
        
    
}

// --- ENTRYPOINT ---
workflow {
    wf_preprocess_assemble_amr(getSingleInput())
}","nextflow.enable.dsl=2

include { getSingleInput; optionalOrDefault; param } from '../functions/parameters.nf'
include { step_1PP_trimming__fastp } from '../steps/step_1PP_trimming__fastp'
include { step_2AS_denovo__spades } from '../steps/step_2AS_denovo__spades'
include { step_4AN_AMR__abricate } from '../steps/step_4AN_AMR__abricate'
workflow {
    trimmed   = step_1PP_trimming__fastp(getSingleInput()).trimmed
    assembled = step_2AS_denovo__spades(trimmed).assembled
    step_4AN_AMR__abricate(assembled)
}
"
"MOD_K20_add_mlst_to_abricate_eco_spades","2","add","(generated)","MOD_K20_add_mlst_to_abricate_eco_spades_t2","modification","Now also run mlst in parallel on the same assembly.","Y","Y","none","","8","8","Y","","","","step_1PP_trimming__fastp, step_2AS_denovo__spades, step_4AN_AMR__abricate, step_4TY_MLST__mlst","step_1PP_trimming__fastp, step_2AS_denovo__spades, step_4AN_AMR__abricate, step_4TY_MLST__mlst","step_1PP_trimming__fastp, step_2AS_denovo__spades, step_4AN_AMR__abricate, step_4TY_MLST__mlst","877","39","4","2","13.8","Great! I'll proceed with the pipeline using fastp for trimming, SPAdes for assembly, and abricate for AMR analysis on your Escherichia coli paired Illumina reads. I'll also run MLST typing in parallel using the same assembly.","nextflow.enable.dsl=2

// --- IMPORTS ---

include { step_4TY_MLST__mlst } from '../steps/step_4TY_MLST__mlst'

include { step_4AN_AMR__abricate } from '../steps/step_4AN_AMR__abricate'

include { step_2AS_denovo__spades } from '../steps/step_2AS_denovo__spades'

include { getSingleInput } from '../functions/parameters.nf'

include { step_1PP_trimming__fastp } from '../steps/step_1PP_trimming__fastp'

// --- GLOBALS ---

// --- INLINE PROCESSES ---

// --- SUB WORKFLOWS ---

workflow wf_trim_assemble_amr_mlst {
    
    take:
        
        rawreads
        
    
    main:
        trimmed = step_1PP_trimming__fastp(rawreads).trimmed
        assembled = step_2AS_denovo__spades(trimmed).assembled
        step_4AN_AMR__abricate(assembled)
        step_4TY_MLST__mlst(assembled)
    
}

// --- ENTRYPOINT ---
workflow {
    wf_trim_assemble_amr_mlst(getSingleInput())
}","nextflow.enable.dsl=2

include { getSingleInput; optionalOrDefault; param } from '../functions/parameters.nf'
include { step_1PP_trimming__fastp } from '../steps/step_1PP_trimming__fastp'
include { step_2AS_denovo__spades } from '../steps/step_2AS_denovo__spades'
include { step_4AN_AMR__abricate } from '../steps/step_4AN_AMR__abricate'
include { step_4TY_MLST__mlst } from '../steps/step_4TY_MLST__mlst'
workflow {
    trimmed   = step_1PP_trimming__fastp(getSingleInput()).trimmed
    assembled = step_2AS_denovo__spades(trimmed).assembled
    step_4AN_AMR__abricate(assembled)
    step_4TY_MLST__mlst(assembled)
}
"
"MOD_K21_add_mlst_to_flaA_cam_spades","1","add","(generated)","MOD_K21_add_mlst_to_flaA_cam_spades_t1","modification","flaA on Campylobacter jejuni from paired Illumina FASTQ (fastp + spades).","Y","Y","none","","7","7","Y","","","","step_1PP_trimming__fastp, step_2AS_denovo__spades, step_4TY_flaA__flaA","step_2AS_denovo__spades, step_4TY_flaA__flaA, step_1PP_trimming__fastp","step_1PP_trimming__fastp, step_2AS_denovo__spades, step_4TY_flaA__flaA","805","38","3","2","53.1","Great! I'll proceed with the pipeline for Campylobacter jejuni using paired Illumina FASTQ reads. The pipeline will include:

1. **Trimming**: fastp (`step_1PP_trimming__fastp`)
2. **Assembly**: SPAdes (`step_2AS_denovo__spades`)
3. **Typing**: flaA (`step_4TY_flaA__flaA`)

This pipeline is designed","nextflow.enable.dsl=2

// --- IMPORTS ---

include { step_4TY_flaA__flaA } from '../steps/step_4TY_flaA__flaA'

include { step_2AS_denovo__spades } from '../steps/step_2AS_denovo__spades'

include { step_1PP_trimming__fastp } from '../steps/step_1PP_trimming__fastp'

include { getSingleInput } from '../functions/parameters.nf'

// --- GLOBALS ---

def genus_species = 'Campylobacter jejuni'

// --- INLINE PROCESSES ---

// --- SUB WORKFLOWS ---

workflow wf_campylobacter_flaa {
    
    take:
        
        trimmed
        
    
    main:
        assembled = step_2AS_denovo__spades(trimmed)
        step_4TY_flaA__flaA(assembled.assembled, genus_species)
    
}

// --- ENTRYPOINT ---
workflow {
    trimmed = step_1PP_trimming__fastp(getSingleInput())
    wf_campylobacter_flaa(trimmed.trimmed)
}","nextflow.enable.dsl=2

include { getSingleInput; optionalOrDefault; param } from '../functions/parameters.nf'
include { step_1PP_trimming__fastp } from '../steps/step_1PP_trimming__fastp'
include { step_2AS_denovo__spades } from '../steps/step_2AS_denovo__spades'
include { step_4TY_flaA__flaA } from '../steps/step_4TY_flaA__flaA'
workflow {
    trimmed   = step_1PP_trimming__fastp(getSingleInput()).trimmed
    assembled = step_2AS_denovo__spades(trimmed).assembled
    step_4TY_flaA__flaA(assembled, param('genus_species'))
}
"
"MOD_K21_add_mlst_to_flaA_cam_spades","2","add","(generated)","MOD_K21_add_mlst_to_flaA_cam_spades_t2","modification","Now also run mlst in parallel on the same assembly.","Y","Y","none","","8","8","Y","","","","step_1PP_trimming__fastp, step_2AS_denovo__spades, step_4TY_MLST__mlst, step_4TY_flaA__flaA","step_4TY_flaA__flaA, step_4TY_MLST__mlst, step_1PP_trimming__fastp, step_2AS_denovo__spades","step_1PP_trimming__fastp, step_2AS_denovo__spades, step_4TY_MLST__mlst, step_4TY_flaA__flaA","866","41","4","2","10.9","Great! I'll proceed with the pipeline for Campylobacter jejuni using paired Illumina FASTQ reads. The pipeline will include:

1. **Trimming**: fastp (`step_1PP_trimming__fastp`)
2. **Assembly**: SPAdes (`step_2AS_denovo__spades`)
3. **Typing (parallel branches)**:
   - flaA (`step_4TY_flaA__flaA`)
 ","nextflow.enable.dsl=2

// --- IMPORTS ---

include { step_4TY_MLST__mlst } from '../steps/step_4TY_MLST__mlst'

include { step_4TY_flaA__flaA } from '../steps/step_4TY_flaA__flaA'

include { step_2AS_denovo__spades } from '../steps/step_2AS_denovo__spades'

include { getSingleInput } from '../functions/parameters.nf'

include { step_1PP_trimming__fastp } from '../steps/step_1PP_trimming__fastp'

// --- GLOBALS ---

def genus_species = 'Campylobacter jejuni'

// --- INLINE PROCESSES ---

// --- SUB WORKFLOWS ---

workflow wf_typing {
    
    take:
        
        assembly
        
    
    main:
        step_4TY_flaA__flaA(assembly, genus_species)
        step_4TY_MLST__mlst(assembly)
    
}

// --- ENTRYPOINT ---
workflow {
    trimmed = step_1PP_trimming__fastp(getSingleInput())
    assembly = step_2AS_denovo__spades(trimmed)
    wf_typing(assembly)
}","nextflow.enable.dsl=2

include { getSingleInput; optionalOrDefault; param } from '../functions/parameters.nf'
include { step_1PP_trimming__fastp } from '../steps/step_1PP_trimming__fastp'
include { step_2AS_denovo__spades } from '../steps/step_2AS_denovo__spades'
include { step_4TY_flaA__flaA } from '../steps/step_4TY_flaA__flaA'
include { step_4TY_MLST__mlst } from '../steps/step_4TY_MLST__mlst'
workflow {
    trimmed   = step_1PP_trimming__fastp(getSingleInput()).trimmed
    assembled = step_2AS_denovo__spades(trimmed).assembled
    step_4TY_flaA__flaA(assembled, param('genus_species'))
    step_4TY_MLST__mlst(assembled)
}
"
"MOD_K22_add_staramr_to_flaA_cam_spades","1","add","(generated)","MOD_K22_add_staramr_to_flaA_cam_spades_t1","modification","flaA on Campylobacter jejuni from paired Illumina FASTQ (fastp + spades).","Y","N","file_not_found","WARN: file not found: '/mnt/data/cohesive_llm_bench_scratch/_shared_inputdir/2026/2026.CAM.202.1.1/0SQ_rawreads/DS99999-DT260224_import/result/*.fastq*'","0","7","Y","","","","","step_1PP_trimming__fastp, step_2AS_denovo__spades, step_4TY_flaA__flaA","step_1PP_trimming__fastp, step_2AS_denovo__spades, step_4TY_flaA__flaA","1363","79","3","2","48.4","Great! I'll proceed with the pipeline for Campylobacter jejuni using paired Illumina FASTQ reads. The pipeline will include:

1. **Trimming**: fastp (`step_1PP_trimming__fastp`)
2. **Assembly**: SPAdes (`step_2AS_denovo__spades`)
3. **Typing**: flaA (`step_4TY_flaA__flaA`)

This pipeline is designed","nextflow.enable.dsl=2

// --- IMPORTS ---

include { extractKey } from '../functions/common.nf'

include { getSingleInput } from '../functions/parameters.nf'

// --- GLOBALS ---

def genus_species = 'campylobacter'

// --- INLINE PROCESSES ---

// --- SUB WORKFLOWS ---

workflow step_1PP_trimming__fastp {
    
    take:
        
        rawreads
        
    
    main:
        trimmed = fastp(rawreads).trimmed

        fastqc(trimmed)
        readsCheckInput = rawreads.cross(trimmed) { extractKey(it) }.multiMap {
          rawreads: it[0]
          trimmed: it[1]
        }
        sample_reads_check(readsCheckInput.rawreads, readsCheckInput.trimmed)
    
    emit:
        
        trimmed
        
    
}

workflow step_2AS_denovo__spades {
    
    take:
        
        data
        
    
    main:
        denovo(data)
        assembly_filter(denovo.out.scaffolds).fasta | quast
        assembled = assembly_filter.out.fasta
    
    emit:
        
        assembled
        
    
}

workflow step_4TY_flaA__flaA {
    
    take:
        
        assembly
        
        genus_species
        
    
    main:
        mlst_flaa(assembly, genus_species)
    
}

// --- ENTRYPOINT ---
workflow {
    trimmed = step_1PP_trimming__fastp(getSingleInput())
    assembly = step_2AS_denovo__spades(trimmed)
    step_4TY_flaA__flaA(assembly, genus_species)
}","nextflow.enable.dsl=2

include { getSingleInput; optionalOrDefault; param } from '../functions/parameters.nf'
include { step_1PP_trimming__fastp } from '../steps/step_1PP_trimming__fastp'
include { step_2AS_denovo__spades } from '../steps/step_2AS_denovo__spades'
include { step_4TY_flaA__flaA } from '../steps/step_4TY_flaA__flaA'
workflow {
    trimmed   = step_1PP_trimming__fastp(getSingleInput()).trimmed
    assembled = step_2AS_denovo__spades(trimmed).assembled
    step_4TY_flaA__flaA(assembled, param('genus_species'))
}
"
"MOD_K22_add_staramr_to_flaA_cam_spades","2","add","(generated)","MOD_K22_add_staramr_to_flaA_cam_spades_t2","modification","Now also run staramr in parallel on the same assembly.","Y","Y","none","","8","8","Y","","","","step_1PP_trimming__fastp, step_2AS_denovo__spades, step_4AN_AMR__staramr, step_4TY_flaA__flaA","step_4TY_flaA__flaA, step_4AN_AMR__staramr, step_1PP_trimming__fastp, step_2AS_denovo__spades","step_1PP_trimming__fastp, step_2AS_denovo__spades, step_4AN_AMR__staramr, step_4TY_flaA__flaA","1057","46","4","2","10.6","Great! I'll proceed with the updated pipeline for Campylobacter jejuni using paired Illumina FASTQ reads. The pipeline will include:

1. **Trimming**: fastp (`step_1PP_trimming__fastp`)
2. **Assembly**: SPAdes (`step_2AS_denovo__spades`)
3. **Typing**: flaA (`step_4TY_flaA__flaA`)
4. **AMR Detection","nextflow.enable.dsl=2

// --- IMPORTS ---

include { step_4TY_flaA__flaA } from '../steps/step_4TY_flaA__flaA'

include { step_4AN_AMR__staramr } from '../steps/step_4AN_AMR__staramr'

include { step_2AS_denovo__spades } from '../steps/step_2AS_denovo__spades'

include { getSingleInput } from '../functions/parameters.nf'

include { step_1PP_trimming__fastp } from '../steps/step_1PP_trimming__fastp'

// --- GLOBALS ---

def GENUS_SPECIES = 'campylobacter_jejuni'

// --- INLINE PROCESSES ---

// --- SUB WORKFLOWS ---

workflow wf_flaA_and_AMR {
    
    take:
        
        assembly
        
    
    main:
        assembly.multiMap {
            assembly: it
            genus_species: GENUS_SPECIES
        }.set { prep }

        step_4TY_flaA__flaA(prep.assembly, prep.genus_species)
        step_4AN_AMR__staramr(prep.assembly, prep.genus_species)
    
}

// --- ENTRYPOINT ---
workflow {
    trimmed = step_1PP_trimming__fastp(getSingleInput()).trimmed
    assembled = step_2AS_denovo__spades(trimmed).assembled
    wf_flaA_and_AMR(assembled)
}","nextflow.enable.dsl=2

include { getSingleInput; optionalOrDefault; param } from '../functions/parameters.nf'
include { step_1PP_trimming__fastp } from '../steps/step_1PP_trimming__fastp'
include { step_2AS_denovo__spades } from '../steps/step_2AS_denovo__spades'
include { step_4TY_flaA__flaA } from '../steps/step_4TY_flaA__flaA'
include { step_4AN_AMR__staramr } from '../steps/step_4AN_AMR__staramr'
workflow {
    trimmed   = step_1PP_trimming__fastp(getSingleInput()).trimmed
    assembled = step_2AS_denovo__spades(trimmed).assembled
    step_4TY_flaA__flaA(assembled, param('genus_species'))
    step_4AN_AMR__staramr(assembled, param('genus_species'))
}
"
"MOD_K23_add_abricate_to_flaA_cam_spades","1","add","(generated)","MOD_K23_add_abricate_to_flaA_cam_spades_t1","modification","flaA on Campylobacter jejuni from paired Illumina FASTQ (fastp + spades).","N","N","no_code","no nextflow_code after max turns","0","7","N","","step_1PP_trimming__fastp, step_2AS_denovo__spades, step_4TY_flaA__flaA","","","","step_1PP_trimming__fastp, step_2AS_denovo__spades, step_4TY_flaA__flaA","0","0","0","4","48.7","I'll set up the pipeline for Campylobacter jejuni using paired Illumina FASTQ reads. The pipeline will include:

1. **Trimming**: fastp (`step_1PP_trimming__fastp`) for paired-end Illumina reads
2. **Assembly**: SPAdes (`step_2AS_denovo__spades`) for de novo assembly
3. **Typing**: flaA (`step_4TY_f","","nextflow.enable.dsl=2

include { getSingleInput; optionalOrDefault; param } from '../functions/parameters.nf'
include { step_1PP_trimming__fastp } from '../steps/step_1PP_trimming__fastp'
include { step_2AS_denovo__spades } from '../steps/step_2AS_denovo__spades'
include { step_4TY_flaA__flaA } from '../steps/step_4TY_flaA__flaA'
workflow {
    trimmed   = step_1PP_trimming__fastp(getSingleInput()).trimmed
    assembled = step_2AS_denovo__spades(trimmed).assembled
    step_4TY_flaA__flaA(assembled, param('genus_species'))
}
"
"MOD_K24_add_prokka_to_flaA_cam_spades","1","add","(generated)","MOD_K24_add_prokka_to_flaA_cam_spades_t1","modification","flaA on Campylobacter jejuni from paired Illumina FASTQ (fastp + spades).","Y","Y","none","","7","7","Y","","","","step_1PP_trimming__fastp, step_2AS_denovo__spades, step_4TY_flaA__flaA","step_2AS_denovo__spades, step_4TY_flaA__flaA, step_1PP_trimming__fastp","step_1PP_trimming__fastp, step_2AS_denovo__spades, step_4TY_flaA__flaA","805","38","3","2","49.5","Great! I'll set up a pipeline for Campylobacter jejuni using paired Illumina FASTQ reads. The pipeline will include:

1. **Trimming**: fastp (`step_1PP_trimming__fastp`) for paired-end reads
2. **Assembly**: SPAdes (`step_2AS_denovo__spades`) for de novo assembly
3. **Typing**: flaA (`step_4TY_flaA_","nextflow.enable.dsl=2

// --- IMPORTS ---

include { step_4TY_flaA__flaA } from '../steps/step_4TY_flaA__flaA'

include { step_2AS_denovo__spades } from '../steps/step_2AS_denovo__spades'

include { step_1PP_trimming__fastp } from '../steps/step_1PP_trimming__fastp'

include { getSingleInput } from '../functions/parameters.nf'

// --- GLOBALS ---

def genus_species = 'Campylobacter jejuni'

// --- INLINE PROCESSES ---

// --- SUB WORKFLOWS ---

workflow wf_campylobacter_flaA {
    
    take:
        
        trimmed
        
    
    main:
        assembled = step_2AS_denovo__spades(trimmed).assembled
        step_4TY_flaA__flaA(assembled, genus_species)
    
}

// --- ENTRYPOINT ---
workflow {
    trimmed = step_1PP_trimming__fastp(getSingleInput()).trimmed
    wf_campylobacter_flaA(trimmed)
}","nextflow.enable.dsl=2

include { getSingleInput; optionalOrDefault; param } from '../functions/parameters.nf'
include { step_1PP_trimming__fastp } from '../steps/step_1PP_trimming__fastp'
include { step_2AS_denovo__spades } from '../steps/step_2AS_denovo__spades'
include { step_4TY_flaA__flaA } from '../steps/step_4TY_flaA__flaA'
workflow {
    trimmed   = step_1PP_trimming__fastp(getSingleInput()).trimmed
    assembled = step_2AS_denovo__spades(trimmed).assembled
    step_4TY_flaA__flaA(assembled, param('genus_species'))
}
"
"MOD_K24_add_prokka_to_flaA_cam_spades","2","add","(generated)","MOD_K24_add_prokka_to_flaA_cam_spades_t2","modification","Now also run prokka in parallel on the same assembly.","N","N","arity_error","ERROR ~ Workflow `wf_campylobacter_analysis:step_4AN_genes__prokka` declares 1 input channels but 2 were given","7","8","Y","","","","step_1PP_trimming__fastp, step_2AS_denovo__spades, step_4AN_genes__prokka, step_4TY_flaA__flaA","step_2AS_denovo__spades, step_4TY_flaA__flaA, step_4AN_genes__prokka, step_1PP_trimming__fastp","step_1PP_trimming__fastp, step_2AS_denovo__spades, step_4AN_genes__prokka, step_4TY_flaA__flaA","1224","55","4","1","6.6","I'll add Prokka to run in parallel on the same assembly. This will give you both flaA typing and genome annotation. Let me update the pipeline to include Prokka (`step_4AN_genes__prokka`) alongside the existing steps.","nextflow.enable.dsl=2

// --- IMPORTS ---

include { step_4TY_flaA__flaA } from '../steps/step_4TY_flaA__flaA'

include { step_2AS_denovo__spades } from '../steps/step_2AS_denovo__spades'

include { getSingleInput } from '../functions/parameters.nf'

include { step_4AN_genes__prokka } from '../steps/step_4AN_genes__prokka'

include { step_1PP_trimming__fastp } from '../steps/step_1PP_trimming__fastp'

// --- GLOBALS ---

def genus_species = 'Campylobacter jejuni'

def kingdom = 'Bacteria'

// --- INLINE PROCESSES ---

// --- SUB WORKFLOWS ---

workflow wf_campylobacter_analysis {
    
    take:
        
        trimmed
        
    
    main:
        assembly = step_2AS_denovo__spades(trimmed)

        assembly.multiMap {
          assembly: it
          genus_species: genus_species
        }.set { flaA_input }

        step_4TY_flaA__flaA(flaA_input.assembly, flaA_input.genus_species)

        assembly.multiMap {
          assembly: it
          kingdom: kingdom
        }.set { prokka_input }

        step_4AN_genes__prokka(prokka_input.assembly, prokka_input.kingdom)
    
}

// --- ENTRYPOINT ---
workflow {
    trimmed = step_1PP_trimming__fastp(getSingleInput())
    wf_campylobacter_analysis(trimmed)
}","nextflow.enable.dsl=2

include { getSingleInput; optionalOrDefault; param } from '../functions/parameters.nf'
include { step_1PP_trimming__fastp } from '../steps/step_1PP_trimming__fastp'
include { step_2AS_denovo__spades } from '../steps/step_2AS_denovo__spades'
include { step_4TY_flaA__flaA } from '../steps/step_4TY_flaA__flaA'
include { step_4AN_genes__prokka } from '../steps/step_4AN_genes__prokka'
workflow {
    trimmed   = step_1PP_trimming__fastp(getSingleInput()).trimmed
    assembled = step_2AS_denovo__spades(trimmed).assembled
    step_4TY_flaA__flaA(assembled, param('genus_species'))
    step_4AN_genes__prokka(assembled)
}
"
"MOD_K25_add_mlst_to_staramr_cam_spades","1","add","(generated)","MOD_K25_add_mlst_to_staramr_cam_spades_t1","modification","staramr on Campylobacter jejuni from paired Illumina FASTQ (fastp + spades).","Y","Y","file_not_found","WARN: file not found: '/mnt/data/cohesive_llm_bench_scratch/_shared_inputdir/2026/2026.CAM.205.1.1/0SQ_rawreads/DS99999-DT260224_import/result/*.fastq*'","7","7","Y","","","","step_1PP_trimming__fastp, step_2AS_denovo__spades, step_4AN_AMR__staramr","step_2AS_denovo__spades, step_4AN_AMR__staramr, step_1PP_trimming__fastp","step_1PP_trimming__fastp, step_2AS_denovo__spades, step_4AN_AMR__staramr","908","44","3","2","8.7","Great! I'll proceed with the pipeline using:
1. `step_1PP_trimming__fastp` for trimming paired Illumina reads
2. `step_2AS_denovo__spades` for de novo assembly
3. `step_4AN_AMR__staramr` for antimicrobial resistance profiling

This will process your Campylobacter jejuni samples from FASTQ to AMR ana","nextflow.enable.dsl=2

// --- IMPORTS ---

include { step_2AS_denovo__spades } from '../steps/step_2AS_denovo__spades'

include { step_1PP_trimming__fastp } from '../steps/step_1PP_trimming__fastp'

include { getSingleInput } from '../functions/parameters.nf'

include { step_4AN_AMR__staramr } from '../steps/step_4AN_AMR__staramr'

// --- GLOBALS ---

def genus_species = 'Campylobacter jejuni'

// --- INLINE PROCESSES ---

// --- SUB WORKFLOWS ---

workflow wf_campylobacter_amr {
    
    take:
        
        trimmed
        
    
    main:
        assembled = step_2AS_denovo__spades(trimmed).assembled
        step_4AN_AMR__staramr(assembled, genus_species)
        AMR_report = step_4AN_AMR__staramr.out
    
    emit:
        
        AMR_report
        
    
}

// --- ENTRYPOINT ---
workflow {
    trimmed = step_1PP_trimming__fastp(getSingleInput()).trimmed
    wf_campylobacter_amr(trimmed)
}","nextflow.enable.dsl=2

include { getSingleInput; optionalOrDefault; param } from '../functions/parameters.nf'
include { step_1PP_trimming__fastp } from '../steps/step_1PP_trimming__fastp'
include { step_2AS_denovo__spades } from '../steps/step_2AS_denovo__spades'
include { step_4AN_AMR__staramr } from '../steps/step_4AN_AMR__staramr'
workflow {
    trimmed   = step_1PP_trimming__fastp(getSingleInput()).trimmed
    assembled = step_2AS_denovo__spades(trimmed).assembled
    step_4AN_AMR__staramr(assembled, param('genus_species'))
}
"
"MOD_K25_add_mlst_to_staramr_cam_spades","2","add","(generated)","MOD_K25_add_mlst_to_staramr_cam_spades_t2","modification","Now also run mlst in parallel on the same assembly.","Y","Y","none","","8","8","Y","","","","step_1PP_trimming__fastp, step_2AS_denovo__spades, step_4AN_AMR__staramr, step_4TY_MLST__mlst","step_4AN_AMR__staramr, step_4TY_MLST__mlst, step_1PP_trimming__fastp, step_2AS_denovo__spades","step_1PP_trimming__fastp, step_2AS_denovo__spades, step_4AN_AMR__staramr, step_4TY_MLST__mlst","852","39","4","2","8.2","I'll set up the pipeline with the following steps:

1. **Trimming**: `step_1PP_trimming__fastp` for paired Illumina reads
2. **Assembly**: `step_2AS_denovo__spades` for de novo assembly
3. **AMR Analysis**: `step_4AN_AMR__staramr` on the assembly
4. **MLST Typing**: `step_4TY_MLST__mlst` on the same","nextflow.enable.dsl=2

// --- IMPORTS ---

include { step_4TY_MLST__mlst } from '../steps/step_4TY_MLST__mlst'

include { step_4AN_AMR__staramr } from '../steps/step_4AN_AMR__staramr'

include { step_2AS_denovo__spades } from '../steps/step_2AS_denovo__spades'

include { getSingleInput } from '../functions/parameters.nf'

include { step_1PP_trimming__fastp } from '../steps/step_1PP_trimming__fastp'

// --- GLOBALS ---

// --- INLINE PROCESSES ---

// --- SUB WORKFLOWS ---

workflow wf_amr_mlst {
    
    take:
        
        assembly
        
    
    main:
        step_4AN_AMR__staramr(assembly, 'campylobacter')
        step_4TY_MLST__mlst(assembly)
    
}

// --- ENTRYPOINT ---
workflow {
    trimmed = step_1PP_trimming__fastp(getSingleInput()).trimmed
    assembly = step_2AS_denovo__spades(trimmed).assembled
    wf_amr_mlst(assembly)
}","nextflow.enable.dsl=2

include { getSingleInput; optionalOrDefault; param } from '../functions/parameters.nf'
include { step_1PP_trimming__fastp } from '../steps/step_1PP_trimming__fastp'
include { step_2AS_denovo__spades } from '../steps/step_2AS_denovo__spades'
include { step_4AN_AMR__staramr } from '../steps/step_4AN_AMR__staramr'
include { step_4TY_MLST__mlst } from '../steps/step_4TY_MLST__mlst'
workflow {
    trimmed   = step_1PP_trimming__fastp(getSingleInput()).trimmed
    assembled = step_2AS_denovo__spades(trimmed).assembled
    step_4AN_AMR__staramr(assembled, param('genus_species'))
    step_4TY_MLST__mlst(assembled)
}
"
"MOD_K26_add_flaA_to_staramr_cam_spades","1","add","(generated)","MOD_K26_add_flaA_to_staramr_cam_spades_t1","modification","staramr on Campylobacter jejuni from paired Illumina FASTQ (fastp + spades).","Y","Y","none","","7","7","Y","","","","step_1PP_trimming__fastp, step_2AS_denovo__spades, step_4AN_AMR__staramr","step_1PP_trimming__fastp, step_2AS_denovo__spades, step_4AN_AMR__staramr","step_1PP_trimming__fastp, step_2AS_denovo__spades, step_4AN_AMR__staramr","778","36","3","2","6.8","Great! I'll proceed with the pipeline using fastp for trimming, SPAdes for assembly, and Staramr for AMR detection on your Campylobacter jejuni paired Illumina reads.","nextflow.enable.dsl=2

// --- IMPORTS ---

include { step_2AS_denovo__spades } from '../steps/step_2AS_denovo__spades'

include { step_1PP_trimming__fastp } from '../steps/step_1PP_trimming__fastp'

include { getSingleInput } from '../functions/parameters.nf'

include { step_4AN_AMR__staramr } from '../steps/step_4AN_AMR__staramr'

// --- GLOBALS ---

// --- INLINE PROCESSES ---

// --- SUB WORKFLOWS ---

workflow wf_trim_assemble_amr {
    
    take:
        
        rawreads
        
    
    main:
        trimmed = step_1PP_trimming__fastp(rawreads).trimmed
        assembly = step_2AS_denovo__spades(trimmed).assembled
        step_4AN_AMR__staramr(assembly, 'Campylobacter jejuni')
    
}

// --- ENTRYPOINT ---
workflow {
    wf_trim_assemble_amr(getSingleInput())
}","nextflow.enable.dsl=2

include { getSingleInput; optionalOrDefault; param } from '../functions/parameters.nf'
include { step_1PP_trimming__fastp } from '../steps/step_1PP_trimming__fastp'
include { step_2AS_denovo__spades } from '../steps/step_2AS_denovo__spades'
include { step_4AN_AMR__staramr } from '../steps/step_4AN_AMR__staramr'
workflow {
    trimmed   = step_1PP_trimming__fastp(getSingleInput()).trimmed
    assembled = step_2AS_denovo__spades(trimmed).assembled
    step_4AN_AMR__staramr(assembled, param('genus_species'))
}
"
"MOD_K26_add_flaA_to_staramr_cam_spades","2","add","(generated)","MOD_K26_add_flaA_to_staramr_cam_spades_t2","modification","Now also run flaA in parallel on the same assembly.","Y","N","file_not_found","WARN: file not found: '/mnt/data/cohesive_llm_bench_scratch/_shared_inputdir/2026/2026.CAM.206.1.1/0SQ_rawreads/DS99999-DT260224_import/result/*.fastq*'","6","8","Y","","","","step_1PP_trimming__fastp, step_2AS_denovo__spades, step_4AN_AMR__staramr, step_4TY_flaA__flaA","step_1PP_trimming__fastp, step_2AS_denovo__spades, step_4AN_AMR__staramr, step_4TY_flaA__flaA","step_1PP_trimming__fastp, step_2AS_denovo__spades, step_4AN_AMR__staramr, step_4TY_flaA__flaA","1186","61","4","1","6.6","I'll add the flaA typing step to run in parallel with Staramr on the same assembly. This will give you both AMR detection and flaA typing results. Let me update the pipeline accordingly.","nextflow.enable.dsl=2

// --- IMPORTS ---

include { step_4TY_flaA__flaA } from '../steps/step_4TY_flaA__flaA'

include { step_4AN_AMR__staramr } from '../steps/step_4AN_AMR__staramr'

include { step_2AS_denovo__spades } from '../steps/step_2AS_denovo__spades'

include { getSingleInput } from '../functions/parameters.nf'

include { step_1PP_trimming__fastp } from '../steps/step_1PP_trimming__fastp'

// --- GLOBALS ---

def genusSpecies = 'Campylobacter jejuni'

// --- INLINE PROCESSES ---

// --- SUB WORKFLOWS ---

workflow wf_trim_and_assemble {
    
    take:
        
        rawreads
        
    
    main:
        trimmed = step_1PP_trimming__fastp(rawreads).trimmed
        assembly = step_2AS_denovo__spades(trimmed).assembled
    
    emit:
        
        trimmed
        
        assembly
        
    
}

workflow wf_amr_and_typing {
    
    take:
        
        assembly
        
    
    main:
        step_4AN_AMR__staramr(assembly, genusSpecies)
        step_4TY_flaA__flaA(assembly, genusSpecies)
    
}

// --- ENTRYPOINT ---
workflow {
    rawreads = getSingleInput()
    wf_trim_and_assemble(rawreads)
    wf_amr_and_typing(wf_trim_and_assemble.assembly)
}","nextflow.enable.dsl=2

include { getSingleInput; optionalOrDefault; param } from '../functions/parameters.nf'
include { step_1PP_trimming__fastp } from '../steps/step_1PP_trimming__fastp'
include { step_2AS_denovo__spades } from '../steps/step_2AS_denovo__spades'
include { step_4AN_AMR__staramr } from '../steps/step_4AN_AMR__staramr'
include { step_4TY_flaA__flaA } from '../steps/step_4TY_flaA__flaA'
workflow {
    trimmed   = step_1PP_trimming__fastp(getSingleInput()).trimmed
    assembled = step_2AS_denovo__spades(trimmed).assembled
    step_4AN_AMR__staramr(assembled, param('genus_species'))
    step_4TY_flaA__flaA(assembled, param('genus_species'))
}
"
"MOD_K27_add_abricate_to_staramr_cam_spades","1","add","(generated)","MOD_K27_add_abricate_to_staramr_cam_spades_t1","modification","staramr on Campylobacter jejuni from paired Illumina FASTQ (fastp + spades).","Y","Y","none","","7","7","Y","","","","step_1PP_trimming__fastp, step_2AS_denovo__spades, step_4AN_AMR__staramr","step_1PP_trimming__fastp, step_2AS_denovo__spades, step_4AN_AMR__staramr","step_1PP_trimming__fastp, step_2AS_denovo__spades, step_4AN_AMR__staramr","780","36","3","2","7.5","Great! I'll proceed with the pipeline using fastp for trimming, SPAdes for assembly, and staramr for AMR analysis on your Campylobacter jejuni paired Illumina reads.","nextflow.enable.dsl=2

// --- IMPORTS ---

include { step_2AS_denovo__spades } from '../steps/step_2AS_denovo__spades'

include { step_1PP_trimming__fastp } from '../steps/step_1PP_trimming__fastp'

include { getSingleInput } from '../functions/parameters.nf'

include { step_4AN_AMR__staramr } from '../steps/step_4AN_AMR__staramr'

// --- GLOBALS ---

// --- INLINE PROCESSES ---

// --- SUB WORKFLOWS ---

workflow wf_trim_assemble_amr {
    
    take:
        
        rawreads
        
    
    main:
        trimmed = step_1PP_trimming__fastp(rawreads).trimmed
        assembled = step_2AS_denovo__spades(trimmed).assembled
        step_4AN_AMR__staramr(assembled, 'Campylobacter_jejuni')
    
}

// --- ENTRYPOINT ---
workflow {
    wf_trim_assemble_amr(getSingleInput())
}","nextflow.enable.dsl=2

include { getSingleInput; optionalOrDefault; param } from '../functions/parameters.nf'
include { step_1PP_trimming__fastp } from '../steps/step_1PP_trimming__fastp'
include { step_2AS_denovo__spades } from '../steps/step_2AS_denovo__spades'
include { step_4AN_AMR__staramr } from '../steps/step_4AN_AMR__staramr'
workflow {
    trimmed   = step_1PP_trimming__fastp(getSingleInput()).trimmed
    assembled = step_2AS_denovo__spades(trimmed).assembled
    step_4AN_AMR__staramr(assembled, param('genus_species'))
}
"
"MOD_K27_add_abricate_to_staramr_cam_spades","2","add","(generated)","MOD_K27_add_abricate_to_staramr_cam_spades_t2","modification","Now also run abricate in parallel on the same assembly.","Y","Y","none","","8","8","Y","","","","step_1PP_trimming__fastp, step_2AS_denovo__spades, step_4AN_AMR__abricate, step_4AN_AMR__staramr","step_4AN_AMR__staramr, step_4AN_AMR__abricate, step_1PP_trimming__fastp, step_2AS_denovo__spades","step_1PP_trimming__fastp, step_2AS_denovo__spades, step_4AN_AMR__abricate, step_4AN_AMR__staramr","874","39","4","2","8.7","I'll proceed with the pipeline using fastp for trimming, SPAdes for assembly, and both staramr and abricate for AMR analysis on your Campylobacter jejuni paired Illumina reads.","nextflow.enable.dsl=2

// --- IMPORTS ---

include { step_4AN_AMR__abricate } from '../steps/step_4AN_AMR__abricate'

include { step_4AN_AMR__staramr } from '../steps/step_4AN_AMR__staramr'

include { step_2AS_denovo__spades } from '../steps/step_2AS_denovo__spades'

include { getSingleInput } from '../functions/parameters.nf'

include { step_1PP_trimming__fastp } from '../steps/step_1PP_trimming__fastp'

// --- GLOBALS ---

// --- INLINE PROCESSES ---

// --- SUB WORKFLOWS ---

workflow wf_amr_analysis {
    
    take:
        
        assembled
        
    
    main:
        step_4AN_AMR__staramr(assembled, 'campylobacter')
        step_4AN_AMR__abricate(assembled)
    
}

// --- ENTRYPOINT ---
workflow {
    trimmed = step_1PP_trimming__fastp(getSingleInput()).trimmed
    assembled = step_2AS_denovo__spades(trimmed).assembled
    wf_amr_analysis(assembled)
}","nextflow.enable.dsl=2

include { getSingleInput; optionalOrDefault; param } from '../functions/parameters.nf'
include { step_1PP_trimming__fastp } from '../steps/step_1PP_trimming__fastp'
include { step_2AS_denovo__spades } from '../steps/step_2AS_denovo__spades'
include { step_4AN_AMR__staramr } from '../steps/step_4AN_AMR__staramr'
include { step_4AN_AMR__abricate } from '../steps/step_4AN_AMR__abricate'
workflow {
    trimmed   = step_1PP_trimming__fastp(getSingleInput()).trimmed
    assembled = step_2AS_denovo__spades(trimmed).assembled
    step_4AN_AMR__staramr(assembled, param('genus_species'))
    step_4AN_AMR__abricate(assembled)
}
"
"MOD_K28_add_prokka_to_staramr_cam_spades","1","add","(generated)","MOD_K28_add_prokka_to_staramr_cam_spades_t1","modification","staramr on Campylobacter jejuni from paired Illumina FASTQ (fastp + spades).","Y","N","file_not_found","WARN: file not found: '/mnt/data/cohesive_llm_bench_scratch/_shared_inputdir/2026/2026.CAM.208.1.1/0SQ_rawreads/DS99999-DT260224_import/result/*.fastq*'","0","7","Y","","","","","step_1PP_trimming__fastp, step_2AS_denovo__spades, step_4AN_AMR__staramr","step_1PP_trimming__fastp, step_2AS_denovo__spades, step_4AN_AMR__staramr","1374","79","3","2","9.4","Understood! I'll proceed with the pipeline using:
1. fastp for trimming paired-end Illumina reads
2. SPAdes for de novo assembly
3. Staramr for AMR detection

I'll now generate the detailed plan for the Architect Agent.","nextflow.enable.dsl=2

// --- IMPORTS ---

include { extractKey } from '../functions/common.nf'

include { getSingleInput } from '../functions/parameters.nf'

// --- GLOBALS ---

def genus_species = 'Campylobacter jejuni'

// --- INLINE PROCESSES ---

// --- SUB WORKFLOWS ---

workflow step_1PP_trimming__fastp {
    
    take:
        
        rawreads
        
    
    main:
        trimmed = fastp(rawreads).trimmed

        fastqc(trimmed)
        readsCheckInput = rawreads.cross(trimmed) { extractKey(it) }.multiMap {
          rawreads: it[0]
          trimmed: it[1]
        }
        sample_reads_check(readsCheckInput.rawreads, readsCheckInput.trimmed)
    
    emit:
        
        trimmed
        
    
}

workflow step_2AS_denovo__spades {
    
    take:
        
        data
        
    
    main:
        denovo(data)
        assembly_filter(denovo.out.scaffolds).fasta | quast
        assembled = assembly_filter.out.fasta
    
    emit:
        
        assembled
        
    
}

workflow step_4AN_AMR__staramr {
    
    take:
        
        assembly
        
        genus_species
        
    
    main:
        staramr(assembly, genus_species)
    
}

// --- ENTRYPOINT ---
workflow {
    trimmed = step_1PP_trimming__fastp(getSingleInput())
    assembled = step_2AS_denovo__spades(trimmed)
    step_4AN_AMR__staramr(assembled, genus_species)
}","nextflow.enable.dsl=2

include { getSingleInput; optionalOrDefault; param } from '../functions/parameters.nf'
include { step_1PP_trimming__fastp } from '../steps/step_1PP_trimming__fastp'
include { step_2AS_denovo__spades } from '../steps/step_2AS_denovo__spades'
include { step_4AN_AMR__staramr } from '../steps/step_4AN_AMR__staramr'
workflow {
    trimmed   = step_1PP_trimming__fastp(getSingleInput()).trimmed
    assembled = step_2AS_denovo__spades(trimmed).assembled
    step_4AN_AMR__staramr(assembled, param('genus_species'))
}
"
"MOD_K28_add_prokka_to_staramr_cam_spades","2","add","(generated)","MOD_K28_add_prokka_to_staramr_cam_spades_t2","modification","Now also run prokka in parallel on the same assembly.","N","N","arity_error","ERROR ~ Workflow `wf_amr_and_annotation:step_4AN_genes__prokka` declares 1 input channels but 2 were given","7","8","Y","","","","step_1PP_trimming__fastp, step_2AS_denovo__spades, step_4AN_AMR__staramr, step_4AN_genes__prokka","step_4AN_AMR__staramr, step_4AN_genes__prokka, step_1PP_trimming__fastp, step_2AS_denovo__spades","step_1PP_trimming__fastp, step_2AS_denovo__spades, step_4AN_AMR__staramr, step_4AN_genes__prokka","1127","49","4","1","6.5","I'll update the pipeline to include Prokka running in parallel on the same assembly. This will give you both AMR detection and genome annotation. Let me adjust the plan accordingly.","nextflow.enable.dsl=2

// --- IMPORTS ---

include { step_4AN_AMR__staramr } from '../steps/step_4AN_AMR__staramr'

include { step_2AS_denovo__spades } from '../steps/step_2AS_denovo__spades'

include { getSingleInput } from '../functions/parameters.nf'

include { step_4AN_genes__prokka } from '../steps/step_4AN_genes__prokka'

include { step_1PP_trimming__fastp } from '../steps/step_1PP_trimming__fastp'

// --- GLOBALS ---

def genusSpecies = 'Campylobacter jejuni'

def kingdom = 'Bacteria'

// --- INLINE PROCESSES ---

// --- SUB WORKFLOWS ---

workflow wf_amr_and_annotation {
    
    take:
        
        assembled
        
    
    main:
        assembled.multiMap {
            assembly: it
            genus_species: genusSpecies
            kingdom: kingdom
        }.set { prep }

        step_4AN_AMR__staramr(prep.assembly, prep.genus_species)
        step_4AN_genes__prokka(prep.assembly, prep.kingdom)
    
}

// --- ENTRYPOINT ---
workflow {
    trimmed = step_1PP_trimming__fastp(getSingleInput()).trimmed
    assembled = step_2AS_denovo__spades(trimmed).assembled
    wf_amr_and_annotation(assembled)
}","nextflow.enable.dsl=2

include { getSingleInput; optionalOrDefault; param } from '../functions/parameters.nf'
include { step_1PP_trimming__fastp } from '../steps/step_1PP_trimming__fastp'
include { step_2AS_denovo__spades } from '../steps/step_2AS_denovo__spades'
include { step_4AN_AMR__staramr } from '../steps/step_4AN_AMR__staramr'
include { step_4AN_genes__prokka } from '../steps/step_4AN_genes__prokka'
workflow {
    trimmed   = step_1PP_trimming__fastp(getSingleInput()).trimmed
    assembled = step_2AS_denovo__spades(trimmed).assembled
    step_4AN_AMR__staramr(assembled, param('genus_species'))
    step_4AN_genes__prokka(assembled)
}
"
"MOD_K29_add_flaA_to_mlst_cam_spades","1","add","(generated)","MOD_K29_add_flaA_to_mlst_cam_spades_t1","modification","mlst on Campylobacter jejuni from paired Illumina FASTQ (fastp + spades).","Y","Y","none","","7","7","Y","","","","step_1PP_trimming__fastp, step_2AS_denovo__spades, step_4TY_MLST__mlst","step_1PP_trimming__fastp, step_2AS_denovo__spades, step_4TY_MLST__mlst","step_1PP_trimming__fastp, step_2AS_denovo__spades, step_4TY_MLST__mlst","752","36","3","2","48.9","Great! I'll set up a pipeline for MLST typing of Campylobacter jejuni from paired Illumina FASTQ reads using fastp for trimming and SPAdes for assembly. Here's the plan:

1. **Trimming**: Use `step_1PP_trimming__fastp` to trim paired Illumina reads
2. **Assembly**: Use `step_2AS_denovo__spades` to a","nextflow.enable.dsl=2

// --- IMPORTS ---

include { step_2AS_denovo__spades } from '../steps/step_2AS_denovo__spades'

include { step_1PP_trimming__fastp } from '../steps/step_1PP_trimming__fastp'

include { getSingleInput } from '../functions/parameters.nf'

include { step_4TY_MLST__mlst } from '../steps/step_4TY_MLST__mlst'

// --- GLOBALS ---

// --- INLINE PROCESSES ---

// --- SUB WORKFLOWS ---

workflow wf_trim_assemble_mlst {
    
    take:
        
        rawreads
        
    
    main:
        trimmed = step_1PP_trimming__fastp(rawreads).trimmed
        assembled = step_2AS_denovo__spades(trimmed).assembled
        step_4TY_MLST__mlst(assembled)
    
}

// --- ENTRYPOINT ---
workflow {
    wf_trim_assemble_mlst(getSingleInput())
}","nextflow.enable.dsl=2

include { getSingleInput; optionalOrDefault; param } from '../functions/parameters.nf'
include { step_1PP_trimming__fastp } from '../steps/step_1PP_trimming__fastp'
include { step_2AS_denovo__spades } from '../steps/step_2AS_denovo__spades'
include { step_4TY_MLST__mlst } from '../steps/step_4TY_MLST__mlst'
workflow {
    trimmed   = step_1PP_trimming__fastp(getSingleInput()).trimmed
    assembled = step_2AS_denovo__spades(trimmed).assembled
    step_4TY_MLST__mlst(assembled)
}
"
"MOD_K29_add_flaA_to_mlst_cam_spades","2","add","(generated)","MOD_K29_add_flaA_to_mlst_cam_spades_t2","modification","Now also run flaA in parallel on the same assembly.","Y","Y","none","","8","8","Y","","","","step_1PP_trimming__fastp, step_2AS_denovo__spades, step_4TY_MLST__mlst, step_4TY_flaA__flaA","step_1PP_trimming__fastp, step_2AS_denovo__spades, step_4TY_MLST__mlst, step_4TY_flaA__flaA","step_1PP_trimming__fastp, step_2AS_denovo__spades, step_4TY_MLST__mlst, step_4TY_flaA__flaA","889","39","4","1","5.6","I'll add FlaA typing in parallel to the MLST analysis. This will use the same assembly output from SPAdes for both typing steps. Here's the updated plan:

1. **Trimming**: Use `step_1PP_trimming__fastp` to trim paired Illumina reads
2. **Assembly**: Use `step_2AS_denovo__spades` to assemble the trim","nextflow.enable.dsl=2

// --- IMPORTS ---

include { step_4TY_MLST__mlst } from '../steps/step_4TY_MLST__mlst'

include { step_4TY_flaA__flaA } from '../steps/step_4TY_flaA__flaA'

include { step_2AS_denovo__spades } from '../steps/step_2AS_denovo__spades'

include { getSingleInput } from '../functions/parameters.nf'

include { step_1PP_trimming__fastp } from '../steps/step_1PP_trimming__fastp'

// --- GLOBALS ---

// --- INLINE PROCESSES ---

// --- SUB WORKFLOWS ---

workflow wf_trimming_assembly_typing {
    
    take:
        
        rawreads
        
    
    main:
        trimmed = step_1PP_trimming__fastp(rawreads).trimmed
        assembled = step_2AS_denovo__spades(trimmed).assembled
        step_4TY_MLST__mlst(assembled)
        step_4TY_flaA__flaA(assembled, 'campylobacter')
    
}

// --- ENTRYPOINT ---
workflow {
    wf_trimming_assembly_typing(getSingleInput())
}","nextflow.enable.dsl=2

include { getSingleInput; optionalOrDefault; param } from '../functions/parameters.nf'
include { step_1PP_trimming__fastp } from '../steps/step_1PP_trimming__fastp'
include { step_2AS_denovo__spades } from '../steps/step_2AS_denovo__spades'
include { step_4TY_MLST__mlst } from '../steps/step_4TY_MLST__mlst'
include { step_4TY_flaA__flaA } from '../steps/step_4TY_flaA__flaA'
workflow {
    trimmed   = step_1PP_trimming__fastp(getSingleInput()).trimmed
    assembled = step_2AS_denovo__spades(trimmed).assembled
    step_4TY_MLST__mlst(assembled)
    step_4TY_flaA__flaA(assembled, param('genus_species'))
}
"
"MOD_K30_add_staramr_to_mlst_cam_spades","1","add","(generated)","MOD_K30_add_staramr_to_mlst_cam_spades_t1","modification","mlst on Campylobacter jejuni from paired Illumina FASTQ (fastp + spades).","Y","N","file_not_found","WARN: file not found: '/mnt/data/cohesive_llm_bench_scratch/_shared_inputdir/2026/2026.CAM.210.1.1/0SQ_rawreads/DS99999-DT260224_import/result/*.fastq*'","6","7","Y","","","","step_1PP_trimming__fastp, step_2AS_denovo__spades, step_4TY_MLST__mlst","step_1PP_trimming__fastp, step_2AS_denovo__spades, step_4TY_MLST__mlst","step_1PP_trimming__fastp, step_2AS_denovo__spades, step_4TY_MLST__mlst","976","54","3","2","49.3","Great! I'll set up a pipeline for MLST typing of Campylobacter jejuni from paired Illumina FASTQ reads using fastp for trimming and SPAdes for assembly. Here's the plan:

1. **Trimming**: Use `step_1PP_trimming__fastp` to trim paired Illumina reads
2. **Assembly**: Use `step_2AS_denovo__spades` to a","nextflow.enable.dsl=2

// --- IMPORTS ---

include { step_2AS_denovo__spades } from '../steps/step_2AS_denovo__spades'

include { step_1PP_trimming__fastp } from '../steps/step_1PP_trimming__fastp'

include { getSingleInput } from '../functions/parameters.nf'

include { step_4TY_MLST__mlst } from '../steps/step_4TY_MLST__mlst'

// --- GLOBALS ---

// --- INLINE PROCESSES ---

// --- SUB WORKFLOWS ---

workflow wf_trim_and_assemble {
    
    take:
        
        rawreads
        
    
    main:
        trimmed = step_1PP_trimming__fastp(rawreads).trimmed
        assembled = step_2AS_denovo__spades(trimmed).assembled
    
    emit:
        
        assembled
        
    
}

workflow wf_mlst_typing {
    
    take:
        
        assembled
        
    
    main:
        step_4TY_MLST__mlst(assembled)
    
}

// --- ENTRYPOINT ---
workflow {
    rawreads = getSingleInput()
    wf_trim_and_assemble(rawreads)
    wf_mlst_typing(wf_trim_and_assemble.assembled)
}","nextflow.enable.dsl=2

include { getSingleInput; optionalOrDefault; param } from '../functions/parameters.nf'
include { step_1PP_trimming__fastp } from '../steps/step_1PP_trimming__fastp'
include { step_2AS_denovo__spades } from '../steps/step_2AS_denovo__spades'
include { step_4TY_MLST__mlst } from '../steps/step_4TY_MLST__mlst'
workflow {
    trimmed   = step_1PP_trimming__fastp(getSingleInput()).trimmed
    assembled = step_2AS_denovo__spades(trimmed).assembled
    step_4TY_MLST__mlst(assembled)
}
"
"MOD_K30_add_staramr_to_mlst_cam_spades","2","add","(generated)","MOD_K30_add_staramr_to_mlst_cam_spades_t2","modification","Now also run staramr in parallel on the same assembly.","Y","N","file_not_found","WARN: file not found: '/mnt/data/cohesive_llm_bench_scratch/_shared_inputdir/2026/2026.CAM.210.1.1/0SQ_rawreads/DS99999-DT260224_import/result/*.fastq*'","6","8","Y","","","","step_1PP_trimming__fastp, step_2AS_denovo__spades, step_4AN_AMR__staramr, step_4TY_MLST__mlst","step_1PP_trimming__fastp, step_2AS_denovo__spades, step_4TY_MLST__mlst, step_4AN_AMR__staramr","step_1PP_trimming__fastp, step_2AS_denovo__spades, step_4AN_AMR__staramr, step_4TY_MLST__mlst","1156","58","4","1","16.6","I'll add AMR detection using Staramr in parallel to the MLST typing. Here's the updated plan:

1. **Trimming**: Use `step_1PP_trimming__fastp` to trim paired Illumina reads
2. **Assembly**: Use `step_2AS_denovo__spades` to assemble the trimmed reads
3. **MLST Typing**: Use `step_4TY_MLST__mlst` to p","nextflow.enable.dsl=2

// --- IMPORTS ---

include { getSingleInput; param } from '../functions/parameters.nf'

include { step_4TY_MLST__mlst } from '../steps/step_4TY_MLST__mlst'

include { step_4AN_AMR__staramr } from '../steps/step_4AN_AMR__staramr'

include { step_2AS_denovo__spades } from '../steps/step_2AS_denovo__spades'

include { step_1PP_trimming__fastp } from '../steps/step_1PP_trimming__fastp'

// --- GLOBALS ---

// --- INLINE PROCESSES ---

// --- SUB WORKFLOWS ---

workflow wf_trim_and_assemble {
    
    take:
        
        rawreads
        
    
    main:
        trimmed = step_1PP_trimming__fastp(rawreads).trimmed
        assembled = step_2AS_denovo__spades(trimmed).assembled
    
    emit:
        
        assembled
        
    
}

workflow wf_mlst_and_amr {
    
    take:
        
        assembled
        
        genus_species
        
    
    main:
        step_4TY_MLST__mlst(assembled)
        step_4AN_AMR__staramr(assembled, genus_species)
    
}

// --- ENTRYPOINT ---
workflow {
    rawreads = getSingleInput()
    wf_trim_and_assemble(rawreads).assembled | wf_mlst_and_amr(assembled, param('genus_species'))
}","nextflow.enable.dsl=2

include { getSingleInput; optionalOrDefault; param } from '../functions/parameters.nf'
include { step_1PP_trimming__fastp } from '../steps/step_1PP_trimming__fastp'
include { step_2AS_denovo__spades } from '../steps/step_2AS_denovo__spades'
include { step_4TY_MLST__mlst } from '../steps/step_4TY_MLST__mlst'
include { step_4AN_AMR__staramr } from '../steps/step_4AN_AMR__staramr'
workflow {
    trimmed   = step_1PP_trimming__fastp(getSingleInput()).trimmed
    assembled = step_2AS_denovo__spades(trimmed).assembled
    step_4TY_MLST__mlst(assembled)
    step_4AN_AMR__staramr(assembled, param('genus_species'))
}
"
"MOD_K31_add_abricate_to_mlst_lis_shovill","1","add","(generated)","MOD_K31_add_abricate_to_mlst_lis_shovill_t1","modification","mlst on Listeria monocytogenes from paired Illumina FASTQ (fastp + shovill).","Y","N","missing_param","ERROR ~ missing required param: step_3TX_species__kmerfinder__db","0","7","N","step_2AS_mapping__bowtie, step_3TX_species__kmerfinder, step_4AN_AMR__abricate, step_4AN_AMR__staramr, step_4AN_genes__prokka, step_4TY_cgMLST__chewbbaca, step_4TY_flaA__flaA","","","step_1PP_trimming__fastp, step_2AS_denovo__shovill, step_2AS_mapping__bowtie, step_3TX_species__kmerfinder, step_4AN_AMR__abricate, step_4AN_AMR__staramr, step_4AN_genes__prokka, step_4TY_MLST__mlst, step_4TY_cgMLST__chewbbaca, step_4TY_flaA__flaA","step_3TX_species__kmerfinder, step_2AS_mapping__bowtie, step_4AN_AMR__abricate, step_4AN_genes__prokka, step_4AN_AMR__staramr, step_4TY_MLST__mlst, step_4TY_flaA__flaA, step_4TY_cgMLST__chewbbaca, step_1PP_trimming__fastp, step_2AS_denovo__shovill","step_1PP_trimming__fastp, step_2AS_denovo__shovill, step_4TY_MLST__mlst","2928","88","10","2","94.9","Great! I'll set up a pipeline for MLST typing of Listeria monocytogenes from paired Illumina FASTQ reads using fastp for trimming and Shovill for assembly. Here's the plan:

1. **Trimming**: Use `step_1PP_trimming__fastp` to trim paired Illumina FASTQ reads
2. **Assembly**: Use `step_2AS_denovo__sho","nextflow.enable.dsl=2

// --- IMPORTS ---

include { step_2AS_mapping__bowtie } from '../steps/step_2AS_mapping__bowtie'

include { step_4TY_MLST__mlst } from '../steps/step_4TY_MLST__mlst'

include { step_4TY_flaA__flaA } from '../steps/step_4TY_flaA__flaA'

include { step_4AN_AMR__abricate } from '../steps/step_4AN_AMR__abricate'

include { step_2AS_denovo__shovill } from '../steps/step_2AS_denovo__shovill'

include { extractKey; getEmpty } from '../functions/common.nf'

include { step_4AN_AMR__staramr } from '../steps/step_4AN_AMR__staramr'

include { step_4TY_cgMLST__chewbbaca } from '../steps/step_4TY_cgMLST__chewbbaca'

include { getSingleInput } from '../functions/parameters.nf'

include { step_4AN_genes__prokka } from '../steps/step_4AN_genes__prokka'

include { step_1PP_trimming__fastp } from '../steps/step_1PP_trimming__fastp'

include { step_3TX_species__kmerfinder } from '../steps/step_3TX_species__kmerfinder'

// --- GLOBALS ---

def referenceCode = 'NC_045512.2'

def referencePath = ""${params.assets_dir}/module_covid_emergency/NC_045512.fasta""

def referenceRiscd = '220308-020220308005121273-2AS_import-external'

// --- INLINE PROCESSES ---

// --- SUB WORKFLOWS ---

workflow module_typing_bacteria {
    
    take:
        
        trimmed
        
        assembly
        
    
    main:
        // [REMOVED BY PLAN] assigned_species = step_3TX_species__kmerfinder(assembly).assigned_species
            
            if (!params.skip_bestref_mapping) {
                trimmed.cross(assigned_species) { extractKey(it) }.multiMap {
                  trimmed: it[0]
                  species: it[1][1]
                  referencePath: it[1][2]
                }.set { trimAndAndSpecies }
            // [REMOVED BY PLAN] step_2AS_mapping__bowtie(trimAndAndSpecies.trimmed, trimAndAndSpecies.referencePath)
            } 

            // [REMOVED BY PLAN] step_4AN_AMR__abricate(assembly)

            // [REMOVED BY PLAN] step_4AN_genes__prokka(assembly.map{ [ it[0], it[1], 'Bacteria', '-', '-', getEmpty() ] })

            assembly.cross(assigned_species) { extractKey(it) }.multiMap {
                assembly: it[0]
                species: it[1][1]
            }.set { assemblyAndSpecies }

            // [REMOVED BY PLAN] step_4AN_AMR__staramr(assemblyAndSpecies.assembly, assemblyAndSpecies.species)
            step_4TY_MLST__mlst(assemblyAndSpecies.assembly)
            // [REMOVED BY PLAN] step_4TY_flaA__flaA(assemblyAndSpecies.assembly, assemblyAndSpecies.species)
            // [REMOVED BY PLAN] step_4TY_cgMLST__chewbbaca(assemblyAndSpecies.assembly, assemblyAndSpecies.species, '')
    
    emit:
        
        genus_species = assigned_species
        
    
}

// --- ENTRYPOINT ---
workflow {
    trimmed = step_1PP_trimming__fastp(getSingleInput()).trimmed
        assembly = step_2AS_denovo__shovill(trimmed).assembly
        module_typing_bacteria(trimmed, assembly)
}","nextflow.enable.dsl=2

include { getSingleInput; optionalOrDefault; param } from '../functions/parameters.nf'
include { step_1PP_trimming__fastp } from '../steps/step_1PP_trimming__fastp'
include { step_2AS_denovo__shovill } from '../steps/step_2AS_denovo__shovill'
include { step_4TY_MLST__mlst } from '../steps/step_4TY_MLST__mlst'
workflow {
    trimmed   = step_1PP_trimming__fastp(getSingleInput()).trimmed
    assembled = step_2AS_denovo__shovill(trimmed).assembly
    step_4TY_MLST__mlst(assembled)
}
"
"MOD_K31_add_abricate_to_mlst_lis_shovill","2","add","(generated)","MOD_K31_add_abricate_to_mlst_lis_shovill_t2","modification","Now also run abricate in parallel on the same assembly.","Y","Y","none","","8","8","Y","","","","step_1PP_trimming__fastp, step_2AS_denovo__shovill, step_4AN_AMR__abricate, step_4TY_MLST__mlst","step_4TY_MLST__mlst, step_4AN_AMR__abricate, step_1PP_trimming__fastp, step_2AS_denovo__shovill","step_1PP_trimming__fastp, step_2AS_denovo__shovill, step_4AN_AMR__abricate, step_4TY_MLST__mlst","840","39","4","2","8.3","Great! I'll set up a pipeline for MLST typing of Listeria monocytogenes from paired Illumina FASTQ reads using fastp for trimming and Shovill for assembly. Here's the plan:

1. **Trimming**: Use `step_1PP_trimming__fastp` to trim paired Illumina FASTQ reads
2. **Assembly**: Use `step_2AS_denovo__sho","nextflow.enable.dsl=2

// --- IMPORTS ---

include { step_4TY_MLST__mlst } from '../steps/step_4TY_MLST__mlst'

include { step_4AN_AMR__abricate } from '../steps/step_4AN_AMR__abricate'

include { step_2AS_denovo__shovill } from '../steps/step_2AS_denovo__shovill'

include { getSingleInput } from '../functions/parameters.nf'

include { step_1PP_trimming__fastp } from '../steps/step_1PP_trimming__fastp'

// --- GLOBALS ---

// --- INLINE PROCESSES ---

// --- SUB WORKFLOWS ---

workflow wf_mlst_amr {
    
    take:
        
        assembly
        
    
    main:
        step_4TY_MLST__mlst(assembly)
        step_4AN_AMR__abricate(assembly)
    
}

// --- ENTRYPOINT ---
workflow {
    trimmed = step_1PP_trimming__fastp(getSingleInput()).trimmed
    assembly = step_2AS_denovo__shovill(trimmed).assembly
    wf_mlst_amr(assembly)
}","nextflow.enable.dsl=2

include { getSingleInput; optionalOrDefault; param } from '../functions/parameters.nf'
include { step_1PP_trimming__fastp } from '../steps/step_1PP_trimming__fastp'
include { step_2AS_denovo__shovill } from '../steps/step_2AS_denovo__shovill'
include { step_4TY_MLST__mlst } from '../steps/step_4TY_MLST__mlst'
include { step_4AN_AMR__abricate } from '../steps/step_4AN_AMR__abricate'
workflow {
    trimmed   = step_1PP_trimming__fastp(getSingleInput()).trimmed
    assembled = step_2AS_denovo__shovill(trimmed).assembly
    step_4TY_MLST__mlst(assembled)
    step_4AN_AMR__abricate(assembled)
}
"
"MOD_K32_add_prokka_to_mlst_sal_shovill","1","add","(generated)","MOD_K32_add_prokka_to_mlst_sal_shovill_t1","modification","mlst on Salmonella enterica from paired Illumina FASTQ (fastp + shovill).","N","N","no_code","http exception: HTTPConnectionPool(host='127.0.0.1', port=8765): Read timed out. (read timeout=180)","0","7","N","","step_1PP_trimming__fastp, step_2AS_denovo__shovill, step_4TY_MLST__mlst","","","","step_1PP_trimming__fastp, step_2AS_denovo__shovill, step_4TY_MLST__mlst","0","0","0","2","223.3","","","nextflow.enable.dsl=2

include { getSingleInput; optionalOrDefault; param } from '../functions/parameters.nf'
include { step_1PP_trimming__fastp } from '../steps/step_1PP_trimming__fastp'
include { step_2AS_denovo__shovill } from '../steps/step_2AS_denovo__shovill'
include { step_4TY_MLST__mlst } from '../steps/step_4TY_MLST__mlst'
workflow {
    trimmed   = step_1PP_trimming__fastp(getSingleInput()).trimmed
    assembled = step_2AS_denovo__shovill(trimmed).assembly
    step_4TY_MLST__mlst(assembled)
}
"
"MOD_K33_add_abricate_to_chewbbaca_lis_unicycler","1","add","(generated)","MOD_K33_add_abricate_to_chewbbaca_lis_unicycler_t1","modification","chewbbaca on Listeria monocytogenes from paired Illumina FASTQ (fastp + unicycler).","N","N","no_code","http exception: HTTPConnectionPool(host='127.0.0.1', port=8765): Read timed out. (read timeout=180)","0","9","N","","step_1PP_trimming__fastp, step_2AS_denovo__unicycler, step_4TY_cgMLST__chewbbaca","","","","step_1PP_trimming__fastp, step_2AS_denovo__unicycler, step_4TY_cgMLST__chewbbaca","0","0","0","3","227.8","","","nextflow.enable.dsl=2

include { getSingleInput; optionalOrDefault; param } from '../functions/parameters.nf'
include { step_1PP_trimming__fastp } from '../steps/step_1PP_trimming__fastp'
include { step_2AS_denovo__unicycler } from '../steps/step_2AS_denovo__unicycler'
include { step_4TY_cgMLST__chewbbaca } from '../steps/step_4TY_cgMLST__chewbbaca'
workflow {
    trimmed   = step_1PP_trimming__fastp(getSingleInput()).trimmed
    assembled = step_2AS_denovo__unicycler(trimmed).assembled
    step_4TY_cgMLST__chewbbaca(assembled, param('genus_species'), optionalOrDefault('schema', ''))
}
"
"MOD_K34_add_abricate_to_chewbbaca_sal_unicycler","1","add","(generated)","MOD_K34_add_abricate_to_chewbbaca_sal_unicycler_t1","modification","chewbbaca on Salmonella enterica from paired Illumina FASTQ (fastp + unicycler).","Y","Y","none","","9","9","Y","","","","step_1PP_trimming__fastp, step_2AS_denovo__unicycler, step_4TY_cgMLST__chewbbaca","step_4TY_cgMLST__chewbbaca, step_1PP_trimming__fastp, step_2AS_denovo__unicycler","step_1PP_trimming__fastp, step_2AS_denovo__unicycler, step_4TY_cgMLST__chewbbaca","1223","51","3","3","51.6","Perfect! I'll set up the pipeline for Salmonella enterica using paired Illumina FASTQ reads with the following steps:

1. **Preprocessing**: Trim reads with Fastp (`step_1PP_trimming__fastp`)
2. **Assembly**: Assemble with Unicycler (`step_2AS_denovo__unicycler`)
3. **Typing**: Run ChewBBACA for cgM","nextflow.enable.dsl=2

// --- IMPORTS ---

include { step_4TY_cgMLST__chewbbaca } from '../steps/step_4TY_cgMLST__chewbbaca'

include { extractKey } from '../functions/common.nf'

include { getSingleInput } from '../functions/parameters.nf'

include { step_2AS_denovo__unicycler } from '../steps/step_2AS_denovo__unicycler'

include { step_1PP_trimming__fastp } from '../steps/step_1PP_trimming__fastp'

// --- GLOBALS ---

def referenceCode = 'NC_045512.2'

def referencePath = ""${params.assets_dir}/module_covid_emergency/NC_045512.fasta""

def referenceRiscd = '220308-020220308005121273-2AS_import-external'

// --- INLINE PROCESSES ---

// --- SUB WORKFLOWS ---

workflow module_typing_bacteria {
    
    take:
        
        trimmed
        
        assembly
        
    
    main:
        trimmed.cross(assembly) { extractKey(it) }.multiMap {
          trimmed: it[0]
          assembly: it[1]
        }.set { trimAndAssembly }

        step_4TY_cgMLST__chewbbaca(trimAndAssembly.assembly, 'salmonella_enterica', '')
    
}

// --- ENTRYPOINT ---
workflow {
    trimmed = step_1PP_trimming__fastp(getSingleInput())
    assembly = step_2AS_denovo__unicycler(trimmed)
    module_typing_bacteria(trimmed, assembly)
}","nextflow.enable.dsl=2

include { getSingleInput; optionalOrDefault; param } from '../functions/parameters.nf'
include { step_1PP_trimming__fastp } from '../steps/step_1PP_trimming__fastp'
include { step_2AS_denovo__unicycler } from '../steps/step_2AS_denovo__unicycler'
include { step_4TY_cgMLST__chewbbaca } from '../steps/step_4TY_cgMLST__chewbbaca'
workflow {
    trimmed   = step_1PP_trimming__fastp(getSingleInput()).trimmed
    assembled = step_2AS_denovo__unicycler(trimmed).assembled
    step_4TY_cgMLST__chewbbaca(assembled, param('genus_species'), optionalOrDefault('schema', ''))
}
"
"MOD_K34_add_abricate_to_chewbbaca_sal_unicycler","2","add","(generated)","MOD_K34_add_abricate_to_chewbbaca_sal_unicycler_t2","modification","Now also run abricate in parallel on the same assembly.","Y","N","missing_param","ERROR ~ missing required param: step_3TX_species__kmerfinder__db","0","10","N","step_2AS_mapping__bowtie, step_3TX_species__kmerfinder, step_4AN_AMR__staramr, step_4AN_genes__prokka, step_4TY_MLST__mlst, step_4TY_flaA__flaA","step_1PP_trimming__fastp, step_2AS_denovo__unicycler","","step_2AS_mapping__bowtie, step_3TX_species__kmerfinder, step_4AN_AMR__abricate, step_4AN_AMR__staramr, step_4AN_genes__prokka, step_4TY_MLST__mlst, step_4TY_cgMLST__chewbbaca, step_4TY_flaA__flaA","step_3TX_species__kmerfinder, step_2AS_mapping__bowtie, step_4AN_AMR__abricate, step_4AN_genes__prokka, step_4AN_AMR__staramr, step_4TY_MLST__mlst, step_4TY_flaA__flaA, step_4TY_cgMLST__chewbbaca","step_1PP_trimming__fastp, step_2AS_denovo__unicycler, step_4AN_AMR__abricate, step_4TY_cgMLST__chewbbaca","2261","78","8","2","9.2","Great! I'll set up the pipeline for Salmonella enterica using paired Illumina FASTQ reads with the following steps:

1. **Preprocessing**: Trim reads with Fastp (`step_1PP_trimming__fastp`)
2. **Assembly**: Assemble with Unicycler (`step_2AS_denovo__unicycler`)
3. **Typing**: Run ChewBBACA for cgMLS","nextflow.enable.dsl=2

// --- IMPORTS ---

include { step_2AS_mapping__bowtie } from '../steps/step_2AS_mapping__bowtie'

include { step_4TY_MLST__mlst } from '../steps/step_4TY_MLST__mlst'

include { step_4TY_flaA__flaA } from '../steps/step_4TY_flaA__flaA'

include { step_4AN_AMR__abricate } from '../steps/step_4AN_AMR__abricate'

include { extractKey; getEmpty } from '../functions/common.nf'

include { getAssembly; getTrimmedReads } from '../functions/parameters.nf'

include { step_4AN_AMR__staramr } from '../steps/step_4AN_AMR__staramr'

include { step_4TY_cgMLST__chewbbaca } from '../steps/step_4TY_cgMLST__chewbbaca'

include { step_4AN_genes__prokka } from '../steps/step_4AN_genes__prokka'

include { step_3TX_species__kmerfinder } from '../steps/step_3TX_species__kmerfinder'

// --- GLOBALS ---

def schema = ''

// --- INLINE PROCESSES ---

// --- SUB WORKFLOWS ---

workflow module_typing_bacteria {
    
    take:
        
        trimmed
        
        assembly
        
    
    main:
        assigned_species = step_3TX_species__kmerfinder(assembly).assigned_species

        if (!params.skip_bestref_mapping) {
          trimmed.cross(assigned_species) { extractKey(it) }.multiMap {
            trimmed: it[0]
            species: it[1][1]
            referencePath: it[1][2]
          }.set { trimAndAndSpecies }
          step_2AS_mapping__bowtie(trimAndAndSpecies.trimmed, trimAndAndSpecies.referencePath)
        }

        step_4AN_AMR__abricate(assembly)

        step_4AN_genes__prokka(assembly.map{ [ it[0], it[1], 'Bacteria', '-', '-', getEmpty() ] })

        assembly.cross(assigned_species) { extractKey(it) }.multiMap {
          assembly: it[0]
          species: it[1][1]
        }.set { assemblyAndSpecies }

        step_4AN_AMR__staramr(assemblyAndSpecies.assembly, assemblyAndSpecies.species)
        step_4TY_MLST__mlst(assemblyAndSpecies.assembly)
        step_4TY_flaA__flaA(assemblyAndSpecies.assembly, assemblyAndSpecies.species)
        step_4TY_cgMLST__chewbbaca(assemblyAndSpecies.assembly, assemblyAndSpecies.species, schema)
    
    emit:
        
        genus_species = assigned_species
        
    
}

// --- ENTRYPOINT ---
workflow {
    module_typing_bacteria(getTrimmedReads(true), getAssembly())
}","nextflow.enable.dsl=2

include { getSingleInput; optionalOrDefault; param } from '../functions/parameters.nf'
include { step_1PP_trimming__fastp } from '../steps/step_1PP_trimming__fastp'
include { step_2AS_denovo__unicycler } from '../steps/step_2AS_denovo__unicycler'
include { step_4TY_cgMLST__chewbbaca } from '../steps/step_4TY_cgMLST__chewbbaca'
include { step_4AN_AMR__abricate } from '../steps/step_4AN_AMR__abricate'
workflow {
    trimmed   = step_1PP_trimming__fastp(getSingleInput()).trimmed
    assembled = step_2AS_denovo__unicycler(trimmed).assembled
    step_4TY_cgMLST__chewbbaca(assembled, param('genus_species'), optionalOrDefault('schema', ''))
    step_4AN_AMR__abricate(assembled)
}
"
"MOD_K35_add_chewbbaca_to_mlst_eco_shovill","1","add","(generated)","MOD_K35_add_chewbbaca_to_mlst_eco_shovill_t1","modification","mlst on Escherichia coli from paired Illumina FASTQ (fastp + shovill).","Y","Y","none","","7","7","Y","","","","step_1PP_trimming__fastp, step_2AS_denovo__shovill, step_4TY_MLST__mlst","step_1PP_trimming__fastp, step_2AS_denovo__shovill, step_4TY_MLST__mlst","step_1PP_trimming__fastp, step_2AS_denovo__shovill, step_4TY_MLST__mlst","752","36","3","2","7.2","Great! I'll proceed with the pipeline using fastp for trimming, Shovill for assembly, and MLST for typing. I'll set it up now.","nextflow.enable.dsl=2

// --- IMPORTS ---

include { step_2AS_denovo__shovill } from '../steps/step_2AS_denovo__shovill'

include { step_1PP_trimming__fastp } from '../steps/step_1PP_trimming__fastp'

include { getSingleInput } from '../functions/parameters.nf'

include { step_4TY_MLST__mlst } from '../steps/step_4TY_MLST__mlst'

// --- GLOBALS ---

// --- INLINE PROCESSES ---

// --- SUB WORKFLOWS ---

workflow wf_trim_assemble_mlst {
    
    take:
        
        rawreads
        
    
    main:
        trimmed = step_1PP_trimming__fastp(rawreads).trimmed
        assembly = step_2AS_denovo__shovill(trimmed).assembly
        step_4TY_MLST__mlst(assembly)
    
}

// --- ENTRYPOINT ---
workflow {
    wf_trim_assemble_mlst(getSingleInput())
}","nextflow.enable.dsl=2

include { getSingleInput; optionalOrDefault; param } from '../functions/parameters.nf'
include { step_1PP_trimming__fastp } from '../steps/step_1PP_trimming__fastp'
include { step_2AS_denovo__shovill } from '../steps/step_2AS_denovo__shovill'
include { step_4TY_MLST__mlst } from '../steps/step_4TY_MLST__mlst'
workflow {
    trimmed   = step_1PP_trimming__fastp(getSingleInput()).trimmed
    assembled = step_2AS_denovo__shovill(trimmed).assembly
    step_4TY_MLST__mlst(assembled)
}
"
"MOD_K35_add_chewbbaca_to_mlst_eco_shovill","2","add","(generated)","MOD_K35_add_chewbbaca_to_mlst_eco_shovill_t2","modification","Now also run chewbbaca in parallel on the same assembly.","Y","Y","none","","10","10","Y","","","","step_1PP_trimming__fastp, step_2AS_denovo__shovill, step_4TY_MLST__mlst, step_4TY_cgMLST__chewbbaca","step_1PP_trimming__fastp, step_2AS_denovo__shovill, step_4TY_MLST__mlst, step_4TY_cgMLST__chewbbaca","step_1PP_trimming__fastp, step_2AS_denovo__shovill, step_4TY_MLST__mlst, step_4TY_cgMLST__chewbbaca","1115","56","4","2","46.1","Great! I'll proceed with the pipeline using fastp for trimming, Shovill for assembly, and MLST for typing. I'll set it up now.","nextflow.enable.dsl=2

// --- IMPORTS ---

include { step_4TY_MLST__mlst } from '../steps/step_4TY_MLST__mlst'

include { step_2AS_denovo__shovill } from '../steps/step_2AS_denovo__shovill'

include { step_4TY_cgMLST__chewbbaca } from '../steps/step_4TY_cgMLST__chewbbaca'

include { getSingleInput } from '../functions/parameters.nf'

include { step_1PP_trimming__fastp } from '../steps/step_1PP_trimming__fastp'

// --- GLOBALS ---

// --- INLINE PROCESSES ---

// --- SUB WORKFLOWS ---

workflow wf_trim_and_assemble {
    
    take:
        
        rawreads
        
    
    main:
        trimmed = step_1PP_trimming__fastp(rawreads).trimmed
        assembly = step_2AS_denovo__shovill(trimmed).assembly
    
    emit:
        
        assembly
        
    
}

workflow wf_typing {
    
    take:
        
        assembly
        
    
    main:
        step_4TY_MLST__mlst(assembly)
        step_4TY_cgMLST__chewbbaca(assembly, 'escherichia_coli', 'e_coli_chewie_2360_210531')
    
}

// --- ENTRYPOINT ---
workflow {
    assembly = wf_trim_and_assemble(getSingleInput()).assembly
    wf_typing(assembly)
}","nextflow.enable.dsl=2

include { getSingleInput; optionalOrDefault; param } from '../functions/parameters.nf'
include { step_1PP_trimming__fastp } from '../steps/step_1PP_trimming__fastp'
include { step_2AS_denovo__shovill } from '../steps/step_2AS_denovo__shovill'
include { step_4TY_MLST__mlst } from '../steps/step_4TY_MLST__mlst'
include { step_4TY_cgMLST__chewbbaca } from '../steps/step_4TY_cgMLST__chewbbaca'
workflow {
    trimmed   = step_1PP_trimming__fastp(getSingleInput()).trimmed
    assembled = step_2AS_denovo__shovill(trimmed).assembly
    step_4TY_MLST__mlst(assembled)
    step_4TY_cgMLST__chewbbaca(assembled, param('genus_species'), optionalOrDefault('schema', ''))
}
"
"MOD_K36_add_chewbbaca_to_mlst_sal_shovill","1","add","(generated)","MOD_K36_add_chewbbaca_to_mlst_sal_shovill_t1","modification","mlst on Salmonella enterica from paired Illumina FASTQ (fastp + shovill).","Y","N","file_not_found","WARN: file not found: '/mnt/data/cohesive_llm_bench_scratch/_shared_inputdir/2026/2026.SAL.208.1.1/0SQ_rawreads/DS99999-DT260224_import/result/*.fastq*'","0","7","Y","","","","","step_1PP_trimming__fastp, step_2AS_denovo__shovill, step_4TY_MLST__mlst","step_1PP_trimming__fastp, step_2AS_denovo__shovill, step_4TY_MLST__mlst","1406","79","3","2","51.2","Great! I'll set up a pipeline for MLST typing of Salmonella enterica from paired Illumina FASTQ files using fastp for trimming and Shovill for assembly. Here's the plan:

1. **Trimming**: Use `step_1PP_trimming__fastp` to trim paired Illumina reads
2. **Assembly**: Use `step_2AS_denovo__shovill` to ","nextflow.enable.dsl=2

// --- IMPORTS ---

include { extractKey } from '../functions/common.nf'

include { getSingleInput } from '../functions/parameters.nf'

// --- GLOBALS ---

// --- INLINE PROCESSES ---

// --- SUB WORKFLOWS ---

workflow step_1PP_trimming__fastp {
    
    take:
        
        rawreads
        
    
    main:
        trimmed = fastp(rawreads).trimmed

        fastqc(trimmed)
        readsCheckInput = rawreads.cross(trimmed) { extractKey(it) }.multiMap {
          rawreads: it[0]
          trimmed: it[1]
        }
        sample_reads_check(readsCheckInput.rawreads, readsCheckInput.trimmed)
    
    emit:
        
        trimmed
        
    
}

workflow step_2AS_denovo__shovill {
    
    take:
        
        rawreads
        
    
    main:
        contigs_from_pe = shovill(rawreads).assembly
        contigs_from_se = shovill_se(rawreads).assembly
        contigs = contigs_from_pe.mix(contigs_from_se)
        quast(contigs)
        if (!params.skip_checkm) {
          checkm(contigs)
        }
    
    emit:
        
        assembly = contigs
        
    
}

workflow step_4TY_MLST__mlst {
    
    take:
        
        assembly
        
    
    main:
        mlst(assembly)
    
}

// --- ENTRYPOINT ---
workflow {
    trimmed = step_1PP_trimming__fastp(getSingleInput())
    assembly = step_2AS_denovo__shovill(trimmed)
    step_4TY_MLST__mlst(assembly)
}","nextflow.enable.dsl=2

include { getSingleInput; optionalOrDefault; param } from '../functions/parameters.nf'
include { step_1PP_trimming__fastp } from '../steps/step_1PP_trimming__fastp'
include { step_2AS_denovo__shovill } from '../steps/step_2AS_denovo__shovill'
include { step_4TY_MLST__mlst } from '../steps/step_4TY_MLST__mlst'
workflow {
    trimmed   = step_1PP_trimming__fastp(getSingleInput()).trimmed
    assembled = step_2AS_denovo__shovill(trimmed).assembly
    step_4TY_MLST__mlst(assembled)
}
"
"MOD_K36_add_chewbbaca_to_mlst_sal_shovill","2","add","(generated)","MOD_K36_add_chewbbaca_to_mlst_sal_shovill_t2","modification","Now also run chewbbaca in parallel on the same assembly.","Y","N","file_not_found","WARN: file not found: '/mnt/data/cohesive_llm_bench_scratch/_shared_inputdir/2026/2026.SAL.208.1.1/0SQ_rawreads/DS99999-DT260224_import/result/*.fastq*'","6","10","N","","step_4TY_MLST__mlst, step_4TY_cgMLST__chewbbaca","","step_1PP_trimming__fastp, step_2AS_denovo__shovill","step_1PP_trimming__fastp, step_2AS_denovo__shovill","step_1PP_trimming__fastp, step_2AS_denovo__shovill, step_4TY_MLST__mlst, step_4TY_cgMLST__chewbbaca","798","39","2","2","55.2","I'll update the pipeline to include ChewBBACA cgMLST typing in parallel with MLST. The pipeline will now have two typing steps after assembly:

1. MLST typing with `step_4TY_MLST__mlst`
2. cgMLST typing with `step_4TY_cgMLST__chewbbaca`

Both will run on the same assembly output from Shovill. This w","nextflow.enable.dsl=2

// --- IMPORTS ---

include { step_2AS_denovo__shovill } from '../steps/step_2AS_denovo__shovill'

include { step_1PP_trimming__fastp } from '../steps/step_1PP_trimming__fastp'

include { getSingleInput } from '../functions/parameters.nf'

// --- GLOBALS ---

def genus_species = 'salmonella_enterica'

def schema = 's_enterica_chewie_3255_210531'

// --- INLINE PROCESSES ---

// --- SUB WORKFLOWS ---

workflow wf_salmonella_typing {
    
    take:
        
        assembly
        
    
    main:
        mlst(assembly)
        chewbbaca(assembly, genus_species, schema)
    
}

// --- ENTRYPOINT ---
workflow {
    trimmed = step_1PP_trimming__fastp(getSingleInput()).trimmed
    assembly = step_2AS_denovo__shovill(trimmed).assembly
    wf_salmonella_typing(assembly)
}","nextflow.enable.dsl=2

include { getSingleInput; optionalOrDefault; param } from '../functions/parameters.nf'
include { step_1PP_trimming__fastp } from '../steps/step_1PP_trimming__fastp'
include { step_2AS_denovo__shovill } from '../steps/step_2AS_denovo__shovill'
include { step_4TY_MLST__mlst } from '../steps/step_4TY_MLST__mlst'
include { step_4TY_cgMLST__chewbbaca } from '../steps/step_4TY_cgMLST__chewbbaca'
workflow {
    trimmed   = step_1PP_trimming__fastp(getSingleInput()).trimmed
    assembled = step_2AS_denovo__shovill(trimmed).assembly
    step_4TY_MLST__mlst(assembled)
    step_4TY_cgMLST__chewbbaca(assembled, param('genus_species'), optionalOrDefault('schema', ''))
}
"
"MOD_K37_add_abricate_to_mlst_lis_spades","1","add","(generated)","MOD_K37_add_abricate_to_mlst_lis_spades_t1","modification","mlst on Listeria monocytogenes from paired Illumina FASTQ (trimmomatic + spades).","Y","N","file_not_found","WARN: file not found: '/mnt/data/cohesive_llm_bench_scratch/_shared_inputdir/2026/2026.LIS.209.1.1/0SQ_rawreads/DS99999-DT260224_import/result/*.fastq*'","0","7","Y","","","","","step_1PP_trimming__trimmomatic, step_2AS_denovo__spades, step_4TY_MLST__mlst","step_1PP_trimming__trimmomatic, step_2AS_denovo__spades, step_4TY_MLST__mlst","1277","74","3","2","28.1","Great! I'll proceed with the pipeline using Trimmomatic for trimming, SPAdes for assembly, and MLST typing for Listeria monocytogenes. Here's the detailed plan:

1. **Trimming**: `step_1PP_trimming__trimmomatic` - Input: paired Illumina FASTQ reads, Output: trimmed reads
2. **Assembly**: `step_2AS_d","nextflow.enable.dsl=2

// --- IMPORTS ---

include { extractKey } from '../functions/common.nf'

include { getSingleInput } from '../functions/parameters.nf'

// --- GLOBALS ---

// --- INLINE PROCESSES ---

// --- SUB WORKFLOWS ---

workflow step_1PP_trimming__trimmomatic {
    
    take:
        
        rawreads
        
    
    main:
        trimmed = trimmomatic(rawreads).fastq
        fastqc(trimmed)
        readsCheckInput = rawreads.cross(trimmed) { extractKey(it) }.multiMap {
          rawreads: it[0]
          trimmed: it[1]
        }
        sample_reads_check(readsCheckInput.rawreads, readsCheckInput.trimmed)
    
    emit:
        
        trimmed
        
    
}

workflow step_2AS_denovo__spades {
    
    take:
        
        data
        
    
    main:
        denovo(data)
        assembly_filter(denovo.out.scaffolds).fasta | quast
        assembled = assembly_filter.out.fasta
    
    emit:
        
        assembled
        
    
}

workflow step_4TY_MLST__mlst {
    
    take:
        
        assembly
        
    
    main:
        mlst(assembly)
    
}

// --- ENTRYPOINT ---
workflow {
    trimmed = step_1PP_trimming__trimmomatic(getSingleInput())
    assembled = step_2AS_denovo__spades(trimmed)
    step_4TY_MLST__mlst(assembled)
}","nextflow.enable.dsl=2

include { getSingleInput; optionalOrDefault; param } from '../functions/parameters.nf'
include { step_1PP_trimming__trimmomatic } from '../steps/step_1PP_trimming__trimmomatic'
include { step_2AS_denovo__spades } from '../steps/step_2AS_denovo__spades'
include { step_4TY_MLST__mlst } from '../steps/step_4TY_MLST__mlst'
workflow {
    trimmed   = step_1PP_trimming__trimmomatic(getSingleInput()).trimmed
    assembled = step_2AS_denovo__spades(trimmed).assembled
    step_4TY_MLST__mlst(assembled)
}
"
"MOD_K37_add_abricate_to_mlst_lis_spades","2","add","(generated)","MOD_K37_add_abricate_to_mlst_lis_spades_t2","modification","Now also run abricate in parallel on the same assembly.","Y","Y","none","","8","8","Y","","","","step_1PP_trimming__trimmomatic, step_2AS_denovo__spades, step_4AN_AMR__abricate, step_4TY_MLST__mlst","step_2AS_denovo__spades, step_4TY_MLST__mlst, step_4AN_AMR__abricate, step_1PP_trimming__trimmomatic","step_1PP_trimming__trimmomatic, step_2AS_denovo__spades, step_4AN_AMR__abricate, step_4TY_MLST__mlst","880","40","4","2","8.7","I'll build the pipeline with the following steps:

1. **Trimming**: `step_1PP_trimming__trimmomatic` - Input: paired Illumina FASTQ reads, Output: trimmed reads
2. **Assembly**: `step_2AS_denovo__spades` - Input: trimmed reads, Output: assembled genome
3. **MLST Typing**: `step_4TY_MLST__mlst` - Inp","nextflow.enable.dsl=2

// --- IMPORTS ---

include { step_1PP_trimming__trimmomatic } from '../steps/step_1PP_trimming__trimmomatic'

include { step_4TY_MLST__mlst } from '../steps/step_4TY_MLST__mlst'

include { step_4AN_AMR__abricate } from '../steps/step_4AN_AMR__abricate'

include { step_2AS_denovo__spades } from '../steps/step_2AS_denovo__spades'

include { getSingleInput } from '../functions/parameters.nf'

// --- GLOBALS ---

// --- INLINE PROCESSES ---

// --- SUB WORKFLOWS ---

workflow wf_listeria_mlst_amr {
    
    take:
        
        trimmed
        
    
    main:
        assembled = step_2AS_denovo__spades(trimmed).assembled

        step_4TY_MLST__mlst(assembled)
        step_4AN_AMR__abricate(assembled)
    
}

// --- ENTRYPOINT ---
workflow {
    trimmed = step_1PP_trimming__trimmomatic(getSingleInput()).trimmed
    wf_listeria_mlst_amr(trimmed)
}","nextflow.enable.dsl=2

include { getSingleInput; optionalOrDefault; param } from '../functions/parameters.nf'
include { step_1PP_trimming__trimmomatic } from '../steps/step_1PP_trimming__trimmomatic'
include { step_2AS_denovo__spades } from '../steps/step_2AS_denovo__spades'
include { step_4TY_MLST__mlst } from '../steps/step_4TY_MLST__mlst'
include { step_4AN_AMR__abricate } from '../steps/step_4AN_AMR__abricate'
workflow {
    trimmed   = step_1PP_trimming__trimmomatic(getSingleInput()).trimmed
    assembled = step_2AS_denovo__spades(trimmed).assembled
    step_4TY_MLST__mlst(assembled)
    step_4AN_AMR__abricate(assembled)
}
"
"MOD_K38_add_prokka_to_mlst_eco_spades","1","add","(generated)","MOD_K38_add_prokka_to_mlst_eco_spades_t1","modification","mlst on Escherichia coli from paired Illumina FASTQ (trimmomatic + spades).","Y","Y","none","","7","7","Y","","","","step_1PP_trimming__trimmomatic, step_2AS_denovo__spades, step_4TY_MLST__mlst","step_1PP_trimming__trimmomatic, step_2AS_denovo__spades, step_4TY_MLST__mlst","step_1PP_trimming__trimmomatic, step_2AS_denovo__spades, step_4TY_MLST__mlst","846","41","3","2","10.7","Great! I'll set up the pipeline with Trimmomatic for trimming, SPAdes for assembly, and MLST for typing. I'll proceed with the exact plan as discussed.","nextflow.enable.dsl=2

// --- IMPORTS ---

include { step_1PP_trimming__trimmomatic } from '../steps/step_1PP_trimming__trimmomatic'

include { step_2AS_denovo__spades } from '../steps/step_2AS_denovo__spades'

include { getSingleInput } from '../functions/parameters.nf'

include { step_4TY_MLST__mlst } from '../steps/step_4TY_MLST__mlst'

// --- GLOBALS ---

// --- INLINE PROCESSES ---

// --- SUB WORKFLOWS ---

workflow wf_trim_assemble_mlst {
    
    take:
        
        rawreads
        
    
    main:
        trimmed = step_1PP_trimming__trimmomatic(rawreads).trimmed
        spades_out = step_2AS_denovo__spades(trimmed)
        step_4TY_MLST__mlst(spades_out.assembled)
    
    emit:
        
        assembled = spades_out.assembled
        
    
}

// --- ENTRYPOINT ---
workflow {
    wf_trim_assemble_mlst(getSingleInput())
}","nextflow.enable.dsl=2

include { getSingleInput; optionalOrDefault; param } from '../functions/parameters.nf'
include { step_1PP_trimming__trimmomatic } from '../steps/step_1PP_trimming__trimmomatic'
include { step_2AS_denovo__spades } from '../steps/step_2AS_denovo__spades'
include { step_4TY_MLST__mlst } from '../steps/step_4TY_MLST__mlst'
workflow {
    trimmed   = step_1PP_trimming__trimmomatic(getSingleInput()).trimmed
    assembled = step_2AS_denovo__spades(trimmed).assembled
    step_4TY_MLST__mlst(assembled)
}
"
"MOD_K38_add_prokka_to_mlst_eco_spades","2","add","(generated)","MOD_K38_add_prokka_to_mlst_eco_spades_t2","modification","Now also run prokka in parallel on the same assembly.","Y","Y","none","","8","8","Y","","","","step_1PP_trimming__trimmomatic, step_2AS_denovo__spades, step_4AN_genes__prokka, step_4TY_MLST__mlst","step_1PP_trimming__trimmomatic, step_2AS_denovo__spades, step_4TY_MLST__mlst, step_4AN_genes__prokka","step_1PP_trimming__trimmomatic, step_2AS_denovo__spades, step_4AN_genes__prokka, step_4TY_MLST__mlst","1022","43","4","2","7.2","I'll set up the pipeline with Trimmomatic for trimming, SPAdes for assembly, and then run both MLST and Prokka in parallel on the assembly. This will give you both typing and annotation results. I'll proceed with this plan.","nextflow.enable.dsl=2

// --- IMPORTS ---

include { step_1PP_trimming__trimmomatic } from '../steps/step_1PP_trimming__trimmomatic'

include { step_4TY_MLST__mlst } from '../steps/step_4TY_MLST__mlst'

include { step_2AS_denovo__spades } from '../steps/step_2AS_denovo__spades'

include { getEmpty } from '../functions/common.nf'

include { getSingleInput } from '../functions/parameters.nf'

include { step_4AN_genes__prokka } from '../steps/step_4AN_genes__prokka'

// --- GLOBALS ---

def kingdom = 'Bacteria'

// --- INLINE PROCESSES ---

// --- SUB WORKFLOWS ---

workflow wf_trim_assemble_analyze {
    
    take:
        
        rawreads
        
    
    main:
        trimmed = step_1PP_trimming__trimmomatic(rawreads).fastq
        assembly = step_2AS_denovo__spades(trimmed).assembled
        step_4TY_MLST__mlst(assembly)
        step_4AN_genes__prokka(assembly.map { [ it[0], it[1], kingdom, '-', '-', getEmpty() ] })
    
}

// --- ENTRYPOINT ---
workflow {
    wf_trim_assemble_analyze(getSingleInput())
}","nextflow.enable.dsl=2

include { getSingleInput; optionalOrDefault; param } from '../functions/parameters.nf'
include { step_1PP_trimming__trimmomatic } from '../steps/step_1PP_trimming__trimmomatic'
include { step_2AS_denovo__spades } from '../steps/step_2AS_denovo__spades'
include { step_4TY_MLST__mlst } from '../steps/step_4TY_MLST__mlst'
include { step_4AN_genes__prokka } from '../steps/step_4AN_genes__prokka'
workflow {
    trimmed   = step_1PP_trimming__trimmomatic(getSingleInput()).trimmed
    assembled = step_2AS_denovo__spades(trimmed).assembled
    step_4TY_MLST__mlst(assembled)
    step_4AN_genes__prokka(assembled)
}
"
"MOD_R01_replace_asm_spades_to_shovill_lis","1","replace","(generated)","MOD_R01_replace_asm_spades_to_shovill_lis_t1","modification","Trim + assemble Listeria monocytogenes from paired Illumina FASTQ using fastp + spades.","Y","N","missing_param","ERROR ~ missing required param: hosts_dir","0","6","N","step_1PP_hostdepl__bowtie","step_1PP_trimming__fastp","","step_1PP_hostdepl__bowtie, step_2AS_denovo__spades","step_1PP_hostdepl__bowtie, step_2AS_denovo__spades","step_1PP_trimming__fastp, step_2AS_denovo__spades","1206","57","2","2","6.8","Great! I'll proceed with the pipeline using fastp for trimming and SPAdes for assembly of your Listeria monocytogenes Illumina paired-end reads. This will follow the `module_denovo` template.","nextflow.enable.dsl=2

// --- IMPORTS ---

include { getHost; getSingleInput } from '../functions/parameters.nf'

include { extractKey } from '../functions/common.nf'

include { step_1PP_hostdepl__bowtie } from '../steps/step_1PP_hostdepl__bowtie'

include { step_2AS_denovo__spades } from '../steps/step_2AS_denovo__spades'

// --- GLOBALS ---

// --- INLINE PROCESSES ---

// --- SUB WORKFLOWS ---

workflow module_denovo {
    
    take:
        
        trimmedReads
        
        host
        
    
    main:
        trimmedReads.cross(host) { extractKey(it) }
            .map { [ it[0][0], it[0][1], it[1][1] ] } //riscd, reads, host
            .branch {
                with_host: it[1][1]
                without_host: true
            }
        .set { branchedTrimmed }

        depleted = step_1PP_hostdepl__bowtie(branchedTrimmed.with_host)

        branchedTrimmed.without_host
            .mix(depleted)
            .map { it[0,1] }
            .set{ denovoInput }
        assembled = step_2AS_denovo__spades(denovoInput)
    
    emit:
        
        assembled
        
        depleted
        
    
}

// --- ENTRYPOINT ---
workflow {
    module_denovo(getSingleInput(), getHost())
}","nextflow.enable.dsl=2

include { getSingleInput; optionalOrDefault; param } from '../functions/parameters.nf'
include { step_1PP_trimming__fastp } from '../steps/step_1PP_trimming__fastp'
include { step_2AS_denovo__spades } from '../steps/step_2AS_denovo__spades'
workflow {
    trimmed   = step_1PP_trimming__fastp(getSingleInput()).trimmed
    assembled = step_2AS_denovo__spades(trimmed).assembled
}
"
"MOD_R01_replace_asm_spades_to_shovill_lis","2","replace","(generated)","MOD_R01_replace_asm_spades_to_shovill_lis_t2","modification","Replace spades with shovill.","Y","Y","none","","6","6","Y","","","","step_1PP_trimming__fastp, step_2AS_denovo__shovill","step_2AS_denovo__shovill, step_1PP_trimming__fastp","step_1PP_trimming__fastp, step_2AS_denovo__shovill","708","39","2","2","12.7","Great! I'll update the pipeline to use fastp for trimming and Shovill for assembly of your Listeria monocytogenes Illumina paired-end reads. This will follow the `module_denovo` template but with Shovill instead of SPAdes. I'll proceed with this configuration.","nextflow.enable.dsl=2

// --- IMPORTS ---

include { step_2AS_denovo__shovill } from '../steps/step_2AS_denovo__shovill'

include { step_1PP_trimming__fastp } from '../steps/step_1PP_trimming__fastp'

include { getSingleInput } from '../functions/parameters.nf'

// --- GLOBALS ---

// --- INLINE PROCESSES ---

// --- SUB WORKFLOWS ---

workflow module_denovo {
    
    take:
        
        trimmedReads
        
    
    main:
        trimmedReads.set { denovoInput }
        assembled = step_2AS_denovo__shovill(denovoInput)
    
    emit:
        
        assembled
        
    
}

// --- ENTRYPOINT ---
workflow {
    trimmed = step_1PP_trimming__fastp(getSingleInput())
    module_denovo(trimmed)
}","nextflow.enable.dsl=2

include { getSingleInput; optionalOrDefault; param } from '../functions/parameters.nf'
include { step_1PP_trimming__fastp } from '../steps/step_1PP_trimming__fastp'
include { step_2AS_denovo__shovill } from '../steps/step_2AS_denovo__shovill'
workflow {
    trimmed   = step_1PP_trimming__fastp(getSingleInput()).trimmed
    assembled = step_2AS_denovo__shovill(trimmed).assembly
}
"
"MOD_R02_replace_asm_spades_to_shovill_sal","1","replace","(generated)","MOD_R02_replace_asm_spades_to_shovill_sal_t1","modification","Trim + assemble Salmonella enterica from paired Illumina FASTQ using fastp + spades.","Y","Y","none","","6","6","Y","","","","step_1PP_trimming__fastp, step_2AS_denovo__spades","step_1PP_trimming__fastp, step_2AS_denovo__spades","step_1PP_trimming__fastp, step_2AS_denovo__spades","701","38","2","2","8.1","Great! I'll proceed with the pipeline using fastp for trimming and SPAdes for assembly of your Salmonella enterica paired Illumina reads. Here's the detailed plan:

1. **Trimming**: `step_1PP_trimming__fastp` - Input: paired FASTQ reads, Output: trimmed reads
2. **Assembly**: `step_2AS_denovo__spade","nextflow.enable.dsl=2

// --- IMPORTS ---

include { step_2AS_denovo__spades } from '../steps/step_2AS_denovo__spades'

include { step_1PP_trimming__fastp } from '../steps/step_1PP_trimming__fastp'

include { getSingleInput } from '../functions/parameters.nf'

// --- GLOBALS ---

// --- INLINE PROCESSES ---

// --- SUB WORKFLOWS ---

workflow wf_trimming_and_assembly {
    
    take:
        
        rawreads
        
    
    main:
        trimmed = step_1PP_trimming__fastp(rawreads).trimmed
        assembled = step_2AS_denovo__spades(trimmed).assembled
    
    emit:
        
        assembled
        
    
}

// --- ENTRYPOINT ---
workflow {
    wf_trimming_and_assembly(getSingleInput())
}","nextflow.enable.dsl=2

include { getSingleInput; optionalOrDefault; param } from '../functions/parameters.nf'
include { step_1PP_trimming__fastp } from '../steps/step_1PP_trimming__fastp'
include { step_2AS_denovo__spades } from '../steps/step_2AS_denovo__spades'
workflow {
    trimmed   = step_1PP_trimming__fastp(getSingleInput()).trimmed
    assembled = step_2AS_denovo__spades(trimmed).assembled
}
"
"MOD_R02_replace_asm_spades_to_shovill_sal","2","replace","(generated)","MOD_R02_replace_asm_spades_to_shovill_sal_t2","modification","Replace spades with shovill.","Y","N","file_not_found","WARN: file not found: '/mnt/data/cohesive_llm_bench_scratch/_shared_inputdir/2026/2026.SAL.209.1.1/0SQ_rawreads/DS99999-DT260224_import/result/*.fastq*'","0","6","Y","","","","","step_1PP_trimming__fastp, step_2AS_denovo__shovill","step_1PP_trimming__fastp, step_2AS_denovo__shovill","1231","66","2","2","6.3","I'll proceed with the pipeline using fastp for trimming and Shovill for assembly of your Salmonella enterica paired Illumina reads. Here's the detailed plan:

1. **Trimming**: `step_1PP_trimming__fastp` - Input: paired FASTQ reads, Output: trimmed reads
2. **Assembly**: `step_2AS_denovo__shovill` - ","nextflow.enable.dsl=2

// --- IMPORTS ---

include { extractKey } from '../functions/common.nf'

include { getSingleInput } from '../functions/parameters.nf'

// --- GLOBALS ---

// --- INLINE PROCESSES ---

// --- SUB WORKFLOWS ---

workflow step_1PP_trimming__fastp {
    
    take:
        
        rawreads
        
    
    main:
        trimmed = fastp(rawreads).trimmed

        fastqc(trimmed)
        readsCheckInput = rawreads.cross(trimmed) { extractKey(it) }.multiMap {
          rawreads: it[0]
          trimmed: it[1]
        }
        sample_reads_check(readsCheckInput.rawreads, readsCheckInput.trimmed)
    
    emit:
        
        trimmed
        
    
}

workflow step_2AS_denovo__shovill {
    
    take:
        
        trimmed
        
    
    main:
        contigs_from_pe = shovill(trimmed).assembly
        contigs_from_se = shovill_se(trimmed).assembly
        contigs = contigs_from_pe.mix(contigs_from_se)
        quast(contigs)
        if (!params.skip_checkm) {
          checkm(contigs)
        }
    
    emit:
        
        assembly = contigs
        
    
}

// --- ENTRYPOINT ---
workflow {
    trimmed = step_1PP_trimming__fastp(getSingleInput())
    step_2AS_denovo__shovill(trimmed)
}","nextflow.enable.dsl=2

include { getSingleInput; optionalOrDefault; param } from '../functions/parameters.nf'
include { step_1PP_trimming__fastp } from '../steps/step_1PP_trimming__fastp'
include { step_2AS_denovo__shovill } from '../steps/step_2AS_denovo__shovill'
workflow {
    trimmed   = step_1PP_trimming__fastp(getSingleInput()).trimmed
    assembled = step_2AS_denovo__shovill(trimmed).assembly
}
"
"MOD_R03_replace_asm_spades_to_shovill_eco","1","replace","(generated)","MOD_R03_replace_asm_spades_to_shovill_eco_t1","modification","Trim + assemble Escherichia coli from paired Illumina FASTQ using fastp + spades.","Y","N","missing_param","ERROR ~ missing required param: hosts_dir","0","6","N","step_1PP_hostdepl__bowtie","step_1PP_trimming__fastp","","step_1PP_hostdepl__bowtie, step_2AS_denovo__spades","step_1PP_hostdepl__bowtie, step_2AS_denovo__spades","step_1PP_trimming__fastp, step_2AS_denovo__spades","1206","57","2","2","9.3","I'll build the pipeline using:
1. `step_1PP_trimming__fastp` for trimming paired Illumina reads
2. `step_2AS_denovo__spades` for de novo assembly

This matches the `module_denovo` template. I'll set it up now.","nextflow.enable.dsl=2

// --- IMPORTS ---

include { getHost; getSingleInput } from '../functions/parameters.nf'

include { extractKey } from '../functions/common.nf'

include { step_1PP_hostdepl__bowtie } from '../steps/step_1PP_hostdepl__bowtie'

include { step_2AS_denovo__spades } from '../steps/step_2AS_denovo__spades'

// --- GLOBALS ---

// --- INLINE PROCESSES ---

// --- SUB WORKFLOWS ---

workflow module_denovo {
    
    take:
        
        trimmedReads
        
        host
        
    
    main:
        trimmedReads.cross(host) { extractKey(it) }
            .map { [ it[0][0], it[0][1], it[1][1] ] } //riscd, reads, host
            .branch {
                with_host: it[1][1]
                without_host: true
            }
        .set { branchedTrimmed }

        depleted = step_1PP_hostdepl__bowtie(branchedTrimmed.with_host)

        branchedTrimmed.without_host
            .mix(depleted)
            .map { it[0,1] }
            .set{ denovoInput }
        assembled = step_2AS_denovo__spades(denovoInput)
    
    emit:
        
        assembled
        
        depleted
        
    
}

// --- ENTRYPOINT ---
workflow {
    module_denovo(getSingleInput(), getHost())
}","nextflow.enable.dsl=2

include { getSingleInput; optionalOrDefault; param } from '../functions/parameters.nf'
include { step_1PP_trimming__fastp } from '../steps/step_1PP_trimming__fastp'
include { step_2AS_denovo__spades } from '../steps/step_2AS_denovo__spades'
workflow {
    trimmed   = step_1PP_trimming__fastp(getSingleInput()).trimmed
    assembled = step_2AS_denovo__spades(trimmed).assembled
}
"
"MOD_R03_replace_asm_spades_to_shovill_eco","2","replace","(generated)","MOD_R03_replace_asm_spades_to_shovill_eco_t2","modification","Replace spades with shovill.","N","N","no_code","http exception: HTTPConnectionPool(host='127.0.0.1', port=8765): Read timed out. (read timeout=180)","0","6","N","","step_1PP_trimming__fastp, step_2AS_denovo__shovill","","","","step_1PP_trimming__fastp, step_2AS_denovo__shovill","0","0","0","2","182.1","","","nextflow.enable.dsl=2

include { getSingleInput; optionalOrDefault; param } from '../functions/parameters.nf'
include { step_1PP_trimming__fastp } from '../steps/step_1PP_trimming__fastp'
include { step_2AS_denovo__shovill } from '../steps/step_2AS_denovo__shovill'
workflow {
    trimmed   = step_1PP_trimming__fastp(getSingleInput()).trimmed
    assembled = step_2AS_denovo__shovill(trimmed).assembly
}
"
"MOD_R04_replace_asm_spades_to_shovill_cam","1","replace","(generated)","MOD_R04_replace_asm_spades_to_shovill_cam_t1","modification","Trim + assemble Campylobacter jejuni from paired Illumina FASTQ using fastp + spades.","N","N","no_code","http exception: HTTPConnectionPool(host='127.0.0.1', port=8765): Read timed out. (read timeout=180)","0","6","N","","step_1PP_trimming__fastp, step_2AS_denovo__spades","","","","step_1PP_trimming__fastp, step_2AS_denovo__spades","0","0","0","2","183.4","","","nextflow.enable.dsl=2

include { getSingleInput; optionalOrDefault; param } from '../functions/parameters.nf'
include { step_1PP_trimming__fastp } from '../steps/step_1PP_trimming__fastp'
include { step_2AS_denovo__spades } from '../steps/step_2AS_denovo__spades'
workflow {
    trimmed   = step_1PP_trimming__fastp(getSingleInput()).trimmed
    assembled = step_2AS_denovo__spades(trimmed).assembled
}
"
"MOD_R05_replace_asm_spades_to_unicycler_lis","1","replace","(generated)","MOD_R05_replace_asm_spades_to_unicycler_lis_t1","modification","Trim + assemble Listeria monocytogenes from paired Illumina FASTQ using fastp + spades.","Y","N","missing_param","ERROR ~ missing required param: hosts_dir","0","6","N","step_1PP_hostdepl__bowtie","step_1PP_trimming__fastp","","step_1PP_hostdepl__bowtie, step_2AS_denovo__spades","step_1PP_hostdepl__bowtie, step_2AS_denovo__spades","step_1PP_trimming__fastp, step_2AS_denovo__spades","1206","57","2","2","7.3","Great! I'll proceed with the pipeline using fastp for trimming and SPAdes for assembly of your Listeria monocytogenes paired Illumina reads. This will use the `module_denovo` template.","nextflow.enable.dsl=2

// --- IMPORTS ---

include { getHost; getSingleInput } from '../functions/parameters.nf'

include { extractKey } from '../functions/common.nf'

include { step_1PP_hostdepl__bowtie } from '../steps/step_1PP_hostdepl__bowtie'

include { step_2AS_denovo__spades } from '../steps/step_2AS_denovo__spades'

// --- GLOBALS ---

// --- INLINE PROCESSES ---

// --- SUB WORKFLOWS ---

workflow module_denovo {
    
    take:
        
        trimmedReads
        
        host
        
    
    main:
        trimmedReads.cross(host) { extractKey(it) }
            .map { [ it[0][0], it[0][1], it[1][1] ] } //riscd, reads, host
            .branch {
                with_host: it[1][1]
                without_host: true
            }
        .set { branchedTrimmed }

        depleted = step_1PP_hostdepl__bowtie(branchedTrimmed.with_host)

        branchedTrimmed.without_host
            .mix(depleted)
            .map { it[0,1] }
            .set{ denovoInput }
        assembled = step_2AS_denovo__spades(denovoInput)
    
    emit:
        
        assembled
        
        depleted
        
    
}

// --- ENTRYPOINT ---
workflow {
    module_denovo(getSingleInput(), getHost())
}","nextflow.enable.dsl=2

include { getSingleInput; optionalOrDefault; param } from '../functions/parameters.nf'
include { step_1PP_trimming__fastp } from '../steps/step_1PP_trimming__fastp'
include { step_2AS_denovo__spades } from '../steps/step_2AS_denovo__spades'
workflow {
    trimmed   = step_1PP_trimming__fastp(getSingleInput()).trimmed
    assembled = step_2AS_denovo__spades(trimmed).assembled
}
"
"MOD_R05_replace_asm_spades_to_unicycler_lis","2","replace","(generated)","MOD_R05_replace_asm_spades_to_unicycler_lis_t2","modification","Replace spades with unicycler.","Y","N","missing_param","ERROR ~ missing required param: hosts_dir","0","6","N","step_1PP_hostdepl__bowtie, step_2AS_denovo__spades","","","step_1PP_hostdepl__bowtie, step_2AS_denovo__spades","step_1PP_hostdepl__bowtie, step_2AS_denovo__spades, step_1PP_trimming__fastp, step_2AS_denovo__unicycler","step_1PP_trimming__fastp, step_2AS_denovo__unicycler","2289","108","4","2","6.6","Great! I'll proceed with the pipeline using fastp for trimming and Unicycler for assembly of your Listeria monocytogenes paired Illumina reads. This will use the `module_denovo` template.","nextflow.enable.dsl=2

// --- IMPORTS ---

include { getHost; getSingleInput } from '../functions/parameters.nf'

include { extractKey } from '../functions/common.nf'

include { step_1PP_hostdepl__bowtie } from '../steps/step_1PP_hostdepl__bowtie'

include { step_2AS_denovo__spades } from '../steps/step_2AS_denovo__spades'

// --- GLOBALS ---

def referenceCode = 'NC_045512.2'

def referencePath = ""${params.assets_dir}/module_covid_emergency/NC_045512.fasta""

def referenceRiscd = '220308-020220308005121273-2AS_import-external'

// --- INLINE PROCESSES ---

// --- SUB WORKFLOWS ---

workflow module_denovo {
    
    take:
        
        trimmedReads
        
        host
        
    
    main:
        trimmedReads.cross(host) { extractKey(it) }
            .map { [ it[0][0], it[0][1], it[1][1] ] } //riscd, reads, host
            .branch {
                with_host: it[1][1]
                without_host: true
            }
        .set { branchedTrimmed }

        // [REMOVED BY PLAN] depleted = step_1PP_hostdepl__bowtie(branchedTrimmed.with_host)

        branchedTrimmed.without_host
            .mix(depleted)
            .map { it[0,1] }
            .set{ denovoInput }
        // [REMOVED BY PLAN] assembled = step_2AS_denovo__spades(denovoInput)
    
    emit:
        
        assembled
        
        depleted
        
    
}

workflow step_1PP_trimming__fastp {
    
    take:
        
        rawreads
        
    
    main:
        trimmed = fastp(rawreads).trimmed

        fastqc(trimmed)
        readsCheckInput = rawreads.cross(trimmed) { extractKey(it) }.multiMap {
          rawreads: it[0]
          trimmed: it[1]
        }
        sample_reads_check(readsCheckInput.rawreads, readsCheckInput.trimmed)
    
    emit:
        
        trimmed
        
    
}

workflow step_2AS_denovo__unicycler {
    
    take:
        
        data
        
    
    main:
        unicycler(data).scaffolds
        assembly_filter(unicycler.out.scaffolds).fasta | quast
        assembled = assembly_filter.out.fasta
    
    emit:
        
        assembled
        
    
}

// --- ENTRYPOINT ---
workflow {
    trimmed = step_1PP_trimming__fastp(getSingleInput()).trimmed
    assembled = step_2AS_denovo__unicycler(trimmed)
    module_denovo(trimmed, getHost())
}","nextflow.enable.dsl=2

include { getSingleInput; optionalOrDefault; param } from '../functions/parameters.nf'
include { step_1PP_trimming__fastp } from '../steps/step_1PP_trimming__fastp'
include { step_2AS_denovo__unicycler } from '../steps/step_2AS_denovo__unicycler'
workflow {
    trimmed   = step_1PP_trimming__fastp(getSingleInput()).trimmed
    assembled = step_2AS_denovo__unicycler(trimmed).assembled
}
"
"MOD_R06_replace_asm_spades_to_unicycler_sal","1","replace","(generated)","MOD_R06_replace_asm_spades_to_unicycler_sal_t1","modification","Trim + assemble Salmonella enterica from paired Illumina FASTQ using fastp + spades.","Y","Y","none","","11","6","N","step_2AS_mapping__ivar, step_4TY_lineage__pangolin","step_1PP_trimming__fastp, step_2AS_denovo__spades","","step_2AS_mapping__ivar, step_4TY_lineage__pangolin","step_2AS_mapping__ivar, step_4TY_lineage__pangolin","step_1PP_trimming__fastp, step_2AS_denovo__spades","1003","44","2","2","51.3","Great! I'll proceed with the pipeline using fastp for trimming and SPAdes for assembly of your Salmonella enterica paired Illumina reads. The pipeline will be built using the following components:

1. **Trimming**: `step_1PP_trimming__fastp`
2. **Assembly**: `step_2AS_denovo__spades`

I'll set this ","nextflow.enable.dsl=2

// --- IMPORTS ---

include { step_2AS_mapping__ivar } from '../steps/step_2AS_mapping__ivar'

include { getSingleInput } from '../functions/parameters.nf'

include { step_4TY_lineage__pangolin } from '../steps/step_4TY_lineage__pangolin'

// --- GLOBALS ---

def referenceCode = 'NC_045512.2'

def referencePath = ""${params.assets_dir}/module_covid_emergency/NC_045512.fasta""

def referenceRiscd = '220308-020220308005121273-2AS_import-external'

// --- INLINE PROCESSES ---

// --- SUB WORKFLOWS ---

workflow module_covid_emergency {
    
    take:
        
        trimmed
        
    
    main:
        trimmed.multiMap {
            trimmed: it
            reference: [ referenceRiscd, referenceCode, file(referencePath) ]
        }.set { trAndRef }

        ivar_out = step_2AS_mapping__ivar(trAndRef.trimmed, trAndRef.reference)
        step_4TY_lineage__pangolin(ivar_out.consensus)
    
}

// --- ENTRYPOINT ---
workflow {
    module_covid_emergency(getSingleInput())
}","nextflow.enable.dsl=2

include { getSingleInput; optionalOrDefault; param } from '../functions/parameters.nf'
include { step_1PP_trimming__fastp } from '../steps/step_1PP_trimming__fastp'
include { step_2AS_denovo__spades } from '../steps/step_2AS_denovo__spades'
workflow {
    trimmed   = step_1PP_trimming__fastp(getSingleInput()).trimmed
    assembled = step_2AS_denovo__spades(trimmed).assembled
}
"
"MOD_R06_replace_asm_spades_to_unicycler_sal","2","replace","(generated)","MOD_R06_replace_asm_spades_to_unicycler_sal_t2","modification","Replace spades with unicycler.","N","N","no_code","no nextflow_code after max turns","0","6","N","","step_1PP_trimming__fastp, step_2AS_denovo__unicycler","","","","step_1PP_trimming__fastp, step_2AS_denovo__unicycler","0","0","0","4","136.6","The agent encountered an error.","","nextflow.enable.dsl=2

include { getSingleInput; optionalOrDefault; param } from '../functions/parameters.nf'
include { step_1PP_trimming__fastp } from '../steps/step_1PP_trimming__fastp'
include { step_2AS_denovo__unicycler } from '../steps/step_2AS_denovo__unicycler'
workflow {
    trimmed   = step_1PP_trimming__fastp(getSingleInput()).trimmed
    assembled = step_2AS_denovo__unicycler(trimmed).assembled
}
"
"MOD_R07_replace_asm_spades_to_unicycler_cam","1","replace","(generated)","MOD_R07_replace_asm_spades_to_unicycler_cam_t1","modification","Trim + assemble Campylobacter jejuni from paired Illumina FASTQ using fastp + spades.","Y","N","file_not_found","WARN: file not found: '/mnt/data/cohesive_llm_bench_scratch/_shared_inputdir/2026/2026.CAM.212.1.1/0SQ_rawreads/DS99999-DT260224_import/result/*.fastq*'","3","6","N","","step_2AS_denovo__spades","","step_1PP_trimming__fastp","step_1PP_trimming__fastp","step_1PP_trimming__fastp, step_2AS_denovo__spades","687","38","1","2","71.4","I'll create a pipeline using:
1. `step_1PP_trimming__fastp` for trimming paired Illumina reads
2. `step_2AS_denovo__spades` for de novo assembly of Campylobacter jejuni

This is a standard approach for Illumina short-read assembly. I'll set this up now.","nextflow.enable.dsl=2

// --- IMPORTS ---

include { step_1PP_trimming__fastp } from '../steps/step_1PP_trimming__fastp'

include { getSingleInput } from '../functions/parameters.nf'

// --- GLOBALS ---

// --- INLINE PROCESSES ---

// --- SUB WORKFLOWS ---

workflow wf_campylobacter_assembly {
    
    take:
        
        trimmed
        
    
    main:
        denovo(trimmed)
        assembly_filter(denovo.out.scaffolds).fasta | quast
        assembled = assembly_filter.out.fasta
    
    emit:
        
        assembled
        
    
}

// --- ENTRYPOINT ---
workflow {
    trimmed = step_1PP_trimming__fastp(getSingleInput()).trimmed
    wf_campylobacter_assembly(trimmed)
}","nextflow.enable.dsl=2

include { getSingleInput; optionalOrDefault; param } from '../functions/parameters.nf'
include { step_1PP_trimming__fastp } from '../steps/step_1PP_trimming__fastp'
include { step_2AS_denovo__spades } from '../steps/step_2AS_denovo__spades'
workflow {
    trimmed   = step_1PP_trimming__fastp(getSingleInput()).trimmed
    assembled = step_2AS_denovo__spades(trimmed).assembled
}
"
"MOD_R07_replace_asm_spades_to_unicycler_cam","2","replace","(generated)","MOD_R07_replace_asm_spades_to_unicycler_cam_t2","modification","Replace spades with unicycler.","N","N","no_code","http exception: HTTPConnectionPool(host='127.0.0.1', port=8765): Read timed out. (read timeout=180)","0","6","N","","step_1PP_trimming__fastp, step_2AS_denovo__unicycler","","","","step_1PP_trimming__fastp, step_2AS_denovo__unicycler","0","0","0","1","180.1","","","nextflow.enable.dsl=2

include { getSingleInput; optionalOrDefault; param } from '../functions/parameters.nf'
include { step_1PP_trimming__fastp } from '../steps/step_1PP_trimming__fastp'
include { step_2AS_denovo__unicycler } from '../steps/step_2AS_denovo__unicycler'
workflow {
    trimmed   = step_1PP_trimming__fastp(getSingleInput()).trimmed
    assembled = step_2AS_denovo__unicycler(trimmed).assembled
}
"
"MOD_R08_replace_asm_shovill_to_spades_lis","1","replace","(generated)","MOD_R08_replace_asm_shovill_to_spades_lis_t1","modification","Trim + assemble Listeria monocytogenes from paired Illumina FASTQ using fastp + shovill.","Y","N","file_not_found","WARN: file not found: '/mnt/data/cohesive_llm_bench_scratch/_shared_inputdir/2026/2026.LIS.212.1.1/0SQ_rawreads/DS99999-DT260224_import/result/*.fastq*'","0","6","Y","","","","","step_1PP_trimming__fastp, step_2AS_denovo__shovill","step_1PP_trimming__fastp, step_2AS_denovo__shovill","1245","66","2","2","8.6","I will create a pipeline that trims your paired Illumina reads with fastp and then assembles them with Shovill for Listeria monocytogenes. This will give you a high-quality draft genome.

Here's the plan:
1. **Trimming**: `step_1PP_trimming__fastp` - Will process your paired-end FASTQ files
2. **Ass","nextflow.enable.dsl=2

// --- IMPORTS ---

include { extractKey } from '../functions/common.nf'

include { getSingleInput } from '../functions/parameters.nf'

// --- GLOBALS ---

// --- INLINE PROCESSES ---

// --- SUB WORKFLOWS ---

workflow step_1PP_trimming__fastp {
    
    take:
        
        rawreads
        
    
    main:
        trimmed = fastp(rawreads).trimmed

        fastqc(trimmed)
        readsCheckInput = rawreads.cross(trimmed) { extractKey(it) }.multiMap {
          rawreads: it[0]
          trimmed: it[1]
        }
        sample_reads_check(readsCheckInput.rawreads, readsCheckInput.trimmed)
    
    emit:
        
        trimmed
        
    
}

workflow step_2AS_denovo__shovill {
    
    take:
        
        rawreads
        
    
    main:
        contigs_from_pe = shovill(rawreads).assembly
        contigs_from_se = shovill_se(rawreads).assembly
        contigs = contigs_from_pe.mix(contigs_from_se)
        quast(contigs)
        if (!params.skip_checkm) {
          checkm(contigs)
        }
    
    emit:
        
        assembly = contigs
        
    
}

// --- ENTRYPOINT ---
workflow {
    trimmed = step_1PP_trimming__fastp(getSingleInput())
    assembly = step_2AS_denovo__shovill(trimmed)
}","nextflow.enable.dsl=2

include { getSingleInput; optionalOrDefault; param } from '../functions/parameters.nf'
include { step_1PP_trimming__fastp } from '../steps/step_1PP_trimming__fastp'
include { step_2AS_denovo__shovill } from '../steps/step_2AS_denovo__shovill'
workflow {
    trimmed   = step_1PP_trimming__fastp(getSingleInput()).trimmed
    assembled = step_2AS_denovo__shovill(trimmed).assembly
}
"
"MOD_R08_replace_asm_shovill_to_spades_lis","2","replace","(generated)","MOD_R08_replace_asm_shovill_to_spades_lis_t2","modification","Replace shovill with spades.","Y","N","file_not_found","WARN: file not found: '/mnt/data/cohesive_llm_bench_scratch/_shared_inputdir/2026/2026.LIS.212.1.1/0SQ_rawreads/DS99999-DT260224_import/result/*.fastq*'","0","6","Y","","","","","step_1PP_trimming__fastp, step_2AS_denovo__spades","step_1PP_trimming__fastp, step_2AS_denovo__spades","1088","62","2","2","10.0","I'll create a pipeline that trims your paired Illumina reads with fastp and then assembles them with SPAdes for Listeria monocytogenes. This will give you a high-quality draft genome.

Here's the plan:
1. **Trimming**: `step_1PP_trimming__fastp` - Will process your paired-end FASTQ files
2. **Assemb","nextflow.enable.dsl=2

// --- IMPORTS ---

include { extractKey } from '../functions/common.nf'

include { getSingleInput } from '../functions/parameters.nf'

// --- GLOBALS ---

// --- INLINE PROCESSES ---

// --- SUB WORKFLOWS ---

workflow step_1PP_trimming__fastp {
    
    take:
        
        rawreads
        
    
    main:
        trimmed = fastp(rawreads).trimmed

        fastqc(trimmed)
        readsCheckInput = rawreads.cross(trimmed) { extractKey(it) }.multiMap {
          rawreads: it[0]
          trimmed: it[1]
        }
        sample_reads_check(readsCheckInput.rawreads, readsCheckInput.trimmed)
    
    emit:
        
        trimmed
        
    
}

workflow step_2AS_denovo__spades {
    
    take:
        
        data
        
    
    main:
        denovo(data)
        assembly_filter(denovo.out.scaffolds).fasta | quast
        assembled = assembly_filter.out.fasta
    
    emit:
        
        assembled
        
    
}

// --- ENTRYPOINT ---
workflow {
    trimmed = step_1PP_trimming__fastp(getSingleInput())
    step_2AS_denovo__spades(trimmed)
}","nextflow.enable.dsl=2

include { getSingleInput; optionalOrDefault; param } from '../functions/parameters.nf'
include { step_1PP_trimming__fastp } from '../steps/step_1PP_trimming__fastp'
include { step_2AS_denovo__spades } from '../steps/step_2AS_denovo__spades'
workflow {
    trimmed   = step_1PP_trimming__fastp(getSingleInput()).trimmed
    assembled = step_2AS_denovo__spades(trimmed).assembled
}
"
"MOD_R09_replace_asm_shovill_to_spades_eco","1","replace","(generated)","MOD_R09_replace_asm_shovill_to_spades_eco_t1","modification","Trim + assemble Escherichia coli from paired Illumina FASTQ using fastp + shovill.","Y","N","file_not_found","WARN: file not found: '/mnt/data/cohesive_llm_bench_scratch/_shared_inputdir/2026/2026.ECO.209.1.1/0SQ_rawreads/DS99999-DT260224_import/result/*.fastq*'","0","6","Y","","","","","step_1PP_trimming__fastp, step_2AS_denovo__shovill","step_1PP_trimming__fastp, step_2AS_denovo__shovill","1283","68","2","2","7.3","Great! I'll set up the pipeline with:
1. `step_1PP_trimming__fastp` for trimming paired Illumina reads
2. `step_2AS_denovo__shovill` for de novo assembly of Escherichia coli

This will generate high-quality trimmed reads and a robust assembly.","nextflow.enable.dsl=2

// --- IMPORTS ---

include { extractKey } from '../functions/common.nf'

include { getSingleInput } from '../functions/parameters.nf'

// --- GLOBALS ---

// --- INLINE PROCESSES ---

// --- SUB WORKFLOWS ---

workflow step_1PP_trimming__fastp {
    
    take:
        
        rawreads
        
    
    main:
        trimmed = fastp(rawreads).trimmed

        fastqc(trimmed)
        readsCheckInput = rawreads.cross(trimmed) { extractKey(it) }.multiMap {
          rawreads: it[0]
          trimmed: it[1]
        }
        sample_reads_check(readsCheckInput.rawreads, readsCheckInput.trimmed)
    
    emit:
        
        trimmed
        
    
}

workflow step_2AS_denovo__shovill {
    
    take:
        
        trimmed
        
    
    main:
        contigs_from_pe = shovill(trimmed).assembly
        contigs_from_se = shovill_se(trimmed).assembly
        contigs = contigs_from_pe.mix(contigs_from_se)
        quast(contigs)
        if (!params.skip_checkm) {
          checkm(contigs)
        }
        assembly = contigs
    
    emit:
        
        assembly
        
    
}

// --- ENTRYPOINT ---
workflow {
    rawreads = getSingleInput()
    trimmed = step_1PP_trimming__fastp(rawreads)
    assembly = step_2AS_denovo__shovill(trimmed)
}","nextflow.enable.dsl=2

include { getSingleInput; optionalOrDefault; param } from '../functions/parameters.nf'
include { step_1PP_trimming__fastp } from '../steps/step_1PP_trimming__fastp'
include { step_2AS_denovo__shovill } from '../steps/step_2AS_denovo__shovill'
workflow {
    trimmed   = step_1PP_trimming__fastp(getSingleInput()).trimmed
    assembled = step_2AS_denovo__shovill(trimmed).assembly
}
"
"MOD_R09_replace_asm_shovill_to_spades_eco","2","replace","(generated)","MOD_R09_replace_asm_shovill_to_spades_eco_t2","modification","Replace shovill with spades.","Y","N","file_not_found","WARN: file not found: '/mnt/data/cohesive_llm_bench_scratch/_shared_inputdir/2026/2026.ECO.209.1.1/0SQ_rawreads/DS99999-DT260224_import/result/*.fastq*'","0","6","Y","","","","","step_1PP_trimming__fastp, step_2AS_denovo__spades","step_1PP_trimming__fastp, step_2AS_denovo__spades","1106","62","2","2","11.6","Great! I'll set up the pipeline with:
1. `step_1PP_trimming__fastp` for trimming paired Illumina reads
2. `step_2AS_denovo__spades` for de novo assembly of Escherichia coli

This will generate high-quality trimmed reads and a robust assembly.","nextflow.enable.dsl=2

// --- IMPORTS ---

include { extractKey } from '../functions/common.nf'

include { getSingleInput } from '../functions/parameters.nf'

// --- GLOBALS ---

// --- INLINE PROCESSES ---

// --- SUB WORKFLOWS ---

workflow step_1PP_trimming__fastp {
    
    take:
        
        rawreads
        
    
    main:
        trimmed = fastp(rawreads).trimmed

        fastqc(trimmed)
        readsCheckInput = rawreads.cross(trimmed) { extractKey(it) }.multiMap {
          rawreads: it[0]
          trimmed: it[1]
        }
        sample_reads_check(readsCheckInput.rawreads, readsCheckInput.trimmed)
    
    emit:
        
        trimmed
        
    
}

workflow step_2AS_denovo__spades {
    
    take:
        
        trimmed
        
    
    main:
        denovo(trimmed)
        assembly_filter(denovo.out.scaffolds).fasta | quast
        assembled = assembly_filter.out.fasta
    
    emit:
        
        assembled
        
    
}

// --- ENTRYPOINT ---
workflow {
    trimmed = step_1PP_trimming__fastp(getSingleInput())
    assembled = step_2AS_denovo__spades(trimmed)
}","nextflow.enable.dsl=2

include { getSingleInput; optionalOrDefault; param } from '../functions/parameters.nf'
include { step_1PP_trimming__fastp } from '../steps/step_1PP_trimming__fastp'
include { step_2AS_denovo__spades } from '../steps/step_2AS_denovo__spades'
workflow {
    trimmed   = step_1PP_trimming__fastp(getSingleInput()).trimmed
    assembled = step_2AS_denovo__spades(trimmed).assembled
}
"
"MOD_R10_replace_asm_shovill_to_unicycler_lis","1","replace","(generated)","MOD_R10_replace_asm_shovill_to_unicycler_lis_t1","modification","Trim + assemble Listeria monocytogenes from paired Illumina FASTQ using fastp + shovill.","Y","N","file_not_found","WARN: file not found: '/mnt/data/cohesive_llm_bench_scratch/_shared_inputdir/2026/2026.LIS.213.1.1/0SQ_rawreads/DS99999-DT260224_import/result/*.fastq*'","0","6","Y","","","","","step_1PP_trimming__fastp, step_2AS_denovo__shovill","step_1PP_trimming__fastp, step_2AS_denovo__shovill","1234","66","2","2","8.9","I'll build the pipeline using fastp for trimming and Shovill for assembly of your Listeria monocytogenes Illumina reads. This will be a custom pipeline since there's no exact template for this combination, but it will use the best available components.

Here's the plan:
1. **Trimming**: `step_1PP_tr","nextflow.enable.dsl=2

// --- IMPORTS ---

include { extractKey } from '../functions/common.nf'

include { getSingleInput } from '../functions/parameters.nf'

// --- GLOBALS ---

// --- INLINE PROCESSES ---

// --- SUB WORKFLOWS ---

workflow step_1PP_trimming__fastp {
    
    take:
        
        rawreads
        
    
    main:
        trimmed = fastp(rawreads).trimmed

        fastqc(trimmed)
        readsCheckInput = rawreads.cross(trimmed) { extractKey(it) }.multiMap {
          rawreads: it[0]
          trimmed: it[1]
        }
        sample_reads_check(readsCheckInput.rawreads, readsCheckInput.trimmed)
    
    emit:
        
        trimmed
        
    
}

workflow step_2AS_denovo__shovill {
    
    take:
        
        rawreads
        
    
    main:
        contigs_from_pe = shovill(rawreads).assembly
        contigs_from_se = shovill_se(rawreads).assembly
        contigs = contigs_from_pe.mix(contigs_from_se)
        quast(contigs)
        if (!params.skip_checkm) {
          checkm(contigs)
        }
    
    emit:
        
        assembly = contigs
        
    
}

// --- ENTRYPOINT ---
workflow {
    trimmed = step_1PP_trimming__fastp(getSingleInput())
    step_2AS_denovo__shovill(trimmed)
}","nextflow.enable.dsl=2

include { getSingleInput; optionalOrDefault; param } from '../functions/parameters.nf'
include { step_1PP_trimming__fastp } from '../steps/step_1PP_trimming__fastp'
include { step_2AS_denovo__shovill } from '../steps/step_2AS_denovo__shovill'
workflow {
    trimmed   = step_1PP_trimming__fastp(getSingleInput()).trimmed
    assembled = step_2AS_denovo__shovill(trimmed).assembly
}
"
"MOD_R10_replace_asm_shovill_to_unicycler_lis","2","replace","(generated)","MOD_R10_replace_asm_shovill_to_unicycler_lis_t2","modification","Replace shovill with unicycler.","Y","N","file_not_found","WARN: file not found: '/mnt/data/cohesive_llm_bench_scratch/_shared_inputdir/2026/2026.LIS.213.1.1/0SQ_rawreads/DS99999-DT260224_import/result/*.fastq*'","0","6","Y","","","","","step_1PP_trimming__fastp, step_2AS_denovo__unicycler","step_1PP_trimming__fastp, step_2AS_denovo__unicycler","1122","62","2","2","7.0","I'll build the pipeline using fastp for trimming and Unicycler for assembly of your Listeria monocytogenes Illumina reads. This will be a custom pipeline since there's no exact template for this combination, but it will use the best available components.

Here's the final plan:
1. **Trimming**: `ste","nextflow.enable.dsl=2

// --- IMPORTS ---

include { extractKey } from '../functions/common.nf'

include { getSingleInput } from '../functions/parameters.nf'

// --- GLOBALS ---

// --- INLINE PROCESSES ---

// --- SUB WORKFLOWS ---

workflow step_1PP_trimming__fastp {
    
    take:
        
        rawreads
        
    
    main:
        trimmed = fastp(rawreads).trimmed

        fastqc(trimmed)
        readsCheckInput = rawreads.cross(trimmed) { extractKey(it) }.multiMap {
          rawreads: it[0]
          trimmed: it[1]
        }
        sample_reads_check(readsCheckInput.rawreads, readsCheckInput.trimmed)
    
    emit:
        
        trimmed
        
    
}

workflow step_2AS_denovo__unicycler {
    
    take:
        
        data
        
    
    main:
        unicycler(data).scaffolds
        assembly_filter(unicycler.out.scaffolds).fasta | quast
        assembled = assembly_filter.out.fasta
    
    emit:
        
        assembled
        
    
}

// --- ENTRYPOINT ---
workflow {
    trimmed = step_1PP_trimming__fastp(getSingleInput())
    assembled = step_2AS_denovo__unicycler(trimmed)
}","nextflow.enable.dsl=2

include { getSingleInput; optionalOrDefault; param } from '../functions/parameters.nf'
include { step_1PP_trimming__fastp } from '../steps/step_1PP_trimming__fastp'
include { step_2AS_denovo__unicycler } from '../steps/step_2AS_denovo__unicycler'
workflow {
    trimmed   = step_1PP_trimming__fastp(getSingleInput()).trimmed
    assembled = step_2AS_denovo__unicycler(trimmed).assembled
}
"
"MOD_R11_replace_asm_unicycler_to_spades_sal","1","replace","(generated)","MOD_R11_replace_asm_unicycler_to_spades_sal_t1","modification","Trim + assemble Salmonella enterica from paired Illumina FASTQ using fastp + unicycler.","Y","Y","none","","6","6","Y","","","","step_1PP_trimming__fastp, step_2AS_denovo__unicycler","step_1PP_trimming__fastp, step_2AS_denovo__unicycler","step_1PP_trimming__fastp, step_2AS_denovo__unicycler","702","38","2","2","6.4","Great! I'll set up the pipeline with fastp for trimming and Unicycler for assembly of your Salmonella enterica Illumina paired-end reads. This will provide high-quality assemblies. I'll proceed with the pipeline setup.","nextflow.enable.dsl=2

// --- IMPORTS ---

include { step_1PP_trimming__fastp } from '../steps/step_1PP_trimming__fastp'

include { getSingleInput } from '../functions/parameters.nf'

include { step_2AS_denovo__unicycler } from '../steps/step_2AS_denovo__unicycler'

// --- GLOBALS ---

// --- INLINE PROCESSES ---

// --- SUB WORKFLOWS ---

workflow wf_trim_and_assemble {
    
    take:
        
        rawreads
        
    
    main:
        trimmed = step_1PP_trimming__fastp(rawreads).trimmed
        assembled = step_2AS_denovo__unicycler(trimmed).assembled
    
    emit:
        
        assembled
        
    
}

// --- ENTRYPOINT ---
workflow {
    wf_trim_and_assemble(getSingleInput())
}","nextflow.enable.dsl=2

include { getSingleInput; optionalOrDefault; param } from '../functions/parameters.nf'
include { step_1PP_trimming__fastp } from '../steps/step_1PP_trimming__fastp'
include { step_2AS_denovo__unicycler } from '../steps/step_2AS_denovo__unicycler'
workflow {
    trimmed   = step_1PP_trimming__fastp(getSingleInput()).trimmed
    assembled = step_2AS_denovo__unicycler(trimmed).assembled
}
"
"MOD_R11_replace_asm_unicycler_to_spades_sal","2","replace","(generated)","MOD_R11_replace_asm_unicycler_to_spades_sal_t2","modification","Replace unicycler with spades.","Y","Y","none","","6","6","Y","","","","step_1PP_trimming__fastp, step_2AS_denovo__spades","step_1PP_trimming__fastp, step_2AS_denovo__spades","step_1PP_trimming__fastp, step_2AS_denovo__spades","693","38","2","1","3.1","I'll replace Unicycler with SPAdes for the assembly step. SPAdes is also excellent for Illumina paired-end data and will work well for your Salmonella enterica samples. I'll update the pipeline accordingly.","nextflow.enable.dsl=2

// --- IMPORTS ---

include { step_2AS_denovo__spades } from '../steps/step_2AS_denovo__spades'

include { step_1PP_trimming__fastp } from '../steps/step_1PP_trimming__fastp'

include { getSingleInput } from '../functions/parameters.nf'

// --- GLOBALS ---

// --- INLINE PROCESSES ---

// --- SUB WORKFLOWS ---

workflow wf_trim_and_assemble {
    
    take:
        
        rawreads
        
    
    main:
        trimmed = step_1PP_trimming__fastp(rawreads).trimmed
        assembled = step_2AS_denovo__spades(trimmed).assembled
    
    emit:
        
        assembled
        
    
}

// --- ENTRYPOINT ---
workflow {
    wf_trim_and_assemble(getSingleInput())
}","nextflow.enable.dsl=2

include { getSingleInput; optionalOrDefault; param } from '../functions/parameters.nf'
include { step_1PP_trimming__fastp } from '../steps/step_1PP_trimming__fastp'
include { step_2AS_denovo__spades } from '../steps/step_2AS_denovo__spades'
workflow {
    trimmed   = step_1PP_trimming__fastp(getSingleInput()).trimmed
    assembled = step_2AS_denovo__spades(trimmed).assembled
}
"
"MOD_R12_replace_asm_unicycler_to_shovill_eco","1","replace","(generated)","MOD_R12_replace_asm_unicycler_to_shovill_eco_t1","modification","Trim + assemble Escherichia coli from paired Illumina FASTQ using fastp + unicycler.","Y","Y","none","","6","6","Y","","","","step_1PP_trimming__fastp, step_2AS_denovo__unicycler","step_1PP_trimming__fastp, step_2AS_denovo__unicycler","step_1PP_trimming__fastp, step_2AS_denovo__unicycler","702","38","2","1","47.5","For trimming and assembling Escherichia coli from paired Illumina FASTQ reads, I'll use:
1. `step_1PP_trimming__fastp` for trimming
2. `step_2AS_denovo__unicycler` for assembly

This pipeline will process the paired-end Illumina reads, trim them with fastp, and then assemble them with Unicycler. Let","nextflow.enable.dsl=2

// --- IMPORTS ---

include { step_1PP_trimming__fastp } from '../steps/step_1PP_trimming__fastp'

include { getSingleInput } from '../functions/parameters.nf'

include { step_2AS_denovo__unicycler } from '../steps/step_2AS_denovo__unicycler'

// --- GLOBALS ---

// --- INLINE PROCESSES ---

// --- SUB WORKFLOWS ---

workflow wf_trim_and_assemble {
    
    take:
        
        rawreads
        
    
    main:
        trimmed = step_1PP_trimming__fastp(rawreads).trimmed
        assembled = step_2AS_denovo__unicycler(trimmed).assembled
    
    emit:
        
        assembled
        
    
}

// --- ENTRYPOINT ---
workflow {
    wf_trim_and_assemble(getSingleInput())
}","nextflow.enable.dsl=2

include { getSingleInput; optionalOrDefault; param } from '../functions/parameters.nf'
include { step_1PP_trimming__fastp } from '../steps/step_1PP_trimming__fastp'
include { step_2AS_denovo__unicycler } from '../steps/step_2AS_denovo__unicycler'
workflow {
    trimmed   = step_1PP_trimming__fastp(getSingleInput()).trimmed
    assembled = step_2AS_denovo__unicycler(trimmed).assembled
}
"
"MOD_R12_replace_asm_unicycler_to_shovill_eco","2","replace","(generated)","MOD_R12_replace_asm_unicycler_to_shovill_eco_t2","modification","Replace unicycler with shovill.","Y","N","file_not_found","WARN: file not found: '/mnt/data/cohesive_llm_bench_scratch/_shared_inputdir/2026/2026.ECO.210.1.1/0SQ_rawreads/DS99999-DT260224_import/result/*.fastq*'","0","6","Y","","","","","step_1PP_trimming__fastp, step_2AS_denovo__shovill","step_1PP_trimming__fastp, step_2AS_denovo__shovill","1245","66","2","2","7.1","I'll proceed with the pipeline using fastp for trimming and Shovill for assembly of your Escherichia coli Illumina reads. Here's the plan:

1. **Trimming**: `step_1PP_trimming__fastp` will process the paired-end Illumina reads
2. **Assembly**: `step_2AS_denovo__shovill` will assemble the trimmed rea","nextflow.enable.dsl=2

// --- IMPORTS ---

include { extractKey } from '../functions/common.nf'

include { getSingleInput } from '../functions/parameters.nf'

// --- GLOBALS ---

// --- INLINE PROCESSES ---

// --- SUB WORKFLOWS ---

workflow step_1PP_trimming__fastp {
    
    take:
        
        rawreads
        
    
    main:
        trimmed = fastp(rawreads).trimmed

        fastqc(trimmed)
        readsCheckInput = rawreads.cross(trimmed) { extractKey(it) }.multiMap {
          rawreads: it[0]
          trimmed: it[1]
        }
        sample_reads_check(readsCheckInput.rawreads, readsCheckInput.trimmed)
    
    emit:
        
        trimmed
        
    
}

workflow step_2AS_denovo__shovill {
    
    take:
        
        rawreads
        
    
    main:
        contigs_from_pe = shovill(rawreads).assembly
        contigs_from_se = shovill_se(rawreads).assembly
        contigs = contigs_from_pe.mix(contigs_from_se)
        quast(contigs)
        if (!params.skip_checkm) {
          checkm(contigs)
        }
    
    emit:
        
        assembly = contigs
        
    
}

// --- ENTRYPOINT ---
workflow {
    trimmed = step_1PP_trimming__fastp(getSingleInput())
    assembly = step_2AS_denovo__shovill(trimmed)
}","nextflow.enable.dsl=2

include { getSingleInput; optionalOrDefault; param } from '../functions/parameters.nf'
include { step_1PP_trimming__fastp } from '../steps/step_1PP_trimming__fastp'
include { step_2AS_denovo__shovill } from '../steps/step_2AS_denovo__shovill'
workflow {
    trimmed   = step_1PP_trimming__fastp(getSingleInput()).trimmed
    assembled = step_2AS_denovo__shovill(trimmed).assembly
}
"
"MOD_RT01_replace_trim_fastp_to_trimmomatic_lis","1","replace","(generated)","MOD_RT01_replace_trim_fastp_to_trimmomatic_lis_t1","modification","Trim + assemble Listeria monocytogenes from paired Illumina FASTQ using fastp + SPAdes.","N","N","no_code","http exception: HTTPConnectionPool(host='127.0.0.1', port=8765): Read timed out. (read timeout=180)","0","6","N","","step_1PP_trimming__fastp, step_2AS_denovo__spades","","","","step_1PP_trimming__fastp, step_2AS_denovo__spades","0","0","0","2","183.3","","","nextflow.enable.dsl=2

include { getSingleInput; optionalOrDefault; param } from '../functions/parameters.nf'
include { step_1PP_trimming__fastp } from '../steps/step_1PP_trimming__fastp'
include { step_2AS_denovo__spades } from '../steps/step_2AS_denovo__spades'
workflow {
    trimmed   = step_1PP_trimming__fastp(getSingleInput()).trimmed
    assembled = step_2AS_denovo__spades(trimmed).assembled
}
"
"MOD_RT02_replace_trim_fastp_to_trimmomatic_eco","1","replace","(generated)","MOD_RT02_replace_trim_fastp_to_trimmomatic_eco_t1","modification","Trim + assemble Escherichia coli from paired Illumina FASTQ using fastp + SPAdes.","Y","N","file_not_found","WARN: file not found: '/mnt/data/cohesive_llm_bench_scratch/_shared_inputdir/2026/2026.ECO.211.1.1/0SQ_rawreads/DS99999-DT260224_import/result/*.fastq*'","0","6","Y","","","","step_2AS_denovo__spades","step_2AS_denovo__spades, step_1PP_trimming__fastp","step_1PP_trimming__fastp, step_2AS_denovo__spades","1084","62","2","2","8.1","Great! I'll proceed with the pipeline using:
1. `step_1PP_trimming__fastp` for trimming paired Illumina reads
2. `step_2AS_denovo__spades` for de novo assembly

This will generate a high-quality assembly for your Escherichia coli samples.","nextflow.enable.dsl=2

// --- IMPORTS ---

include { step_2AS_denovo__spades } from '../steps/step_2AS_denovo__spades'

include { extractKey } from '../functions/common.nf'

include { getSingleInput } from '../functions/parameters.nf'

// --- GLOBALS ---

// --- INLINE PROCESSES ---

// --- SUB WORKFLOWS ---

workflow module_denovo {
    
    take:
        
        trimmedReads
        
    
    main:
        assembled = step_2AS_denovo__spades(trimmedReads)
    
    emit:
        
        assembled
        
    
}

workflow step_1PP_trimming__fastp {
    
    take:
        
        rawreads
        
    
    main:
        trimmed = fastp(rawreads).trimmed

        fastqc(trimmed)
        readsCheckInput = rawreads.cross(trimmed) { extractKey(it) }.multiMap {
          rawreads: it[0]
          trimmed: it[1]
        }
        sample_reads_check(readsCheckInput.rawreads, readsCheckInput.trimmed)
    
    emit:
        
        trimmed
        
    
}

// --- ENTRYPOINT ---
workflow {
    trimmed = step_1PP_trimming__fastp(getSingleInput())
    module_denovo(trimmed)
}","nextflow.enable.dsl=2

include { getSingleInput; optionalOrDefault; param } from '../functions/parameters.nf'
include { step_1PP_trimming__fastp } from '../steps/step_1PP_trimming__fastp'
include { step_2AS_denovo__spades } from '../steps/step_2AS_denovo__spades'
workflow {
    trimmed   = step_1PP_trimming__fastp(getSingleInput()).trimmed
    assembled = step_2AS_denovo__spades(trimmed).assembled
}
"
"MOD_RT02_replace_trim_fastp_to_trimmomatic_eco","2","replace","(generated)","MOD_RT02_replace_trim_fastp_to_trimmomatic_eco_t2","modification","Replace fastp with trimmomatic.","Y","Y","none","","6","6","Y","","","","step_1PP_trimming__trimmomatic, step_2AS_denovo__spades","step_2AS_denovo__spades, step_1PP_trimming__trimmomatic","step_1PP_trimming__trimmomatic, step_2AS_denovo__spades","683","38","2","2","6.3","I'll proceed with the updated pipeline using:
1. `step_1PP_trimming__trimmomatic` for trimming paired Illumina reads
2. `step_2AS_denovo__spades` for de novo assembly

This will generate a high-quality assembly for your Escherichia coli samples.","nextflow.enable.dsl=2

// --- IMPORTS ---

include { step_1PP_trimming__trimmomatic } from '../steps/step_1PP_trimming__trimmomatic'

include { step_2AS_denovo__spades } from '../steps/step_2AS_denovo__spades'

include { getSingleInput } from '../functions/parameters.nf'

// --- GLOBALS ---

// --- INLINE PROCESSES ---

// --- SUB WORKFLOWS ---

workflow module_denovo {
    
    take:
        
        trimmedReads
        
    
    main:
        assembled = step_2AS_denovo__spades(trimmedReads)
    
    emit:
        
        assembled
        
    
}

// --- ENTRYPOINT ---
workflow {
    trimmed = step_1PP_trimming__trimmomatic(getSingleInput())
    module_denovo(trimmed)
}","nextflow.enable.dsl=2

include { getSingleInput; optionalOrDefault; param } from '../functions/parameters.nf'
include { step_1PP_trimming__trimmomatic } from '../steps/step_1PP_trimming__trimmomatic'
include { step_2AS_denovo__spades } from '../steps/step_2AS_denovo__spades'
workflow {
    trimmed   = step_1PP_trimming__trimmomatic(getSingleInput()).trimmed
    assembled = step_2AS_denovo__spades(trimmed).assembled
}
"
"MOD_RT03_replace_trim_fastp_to_trimmomatic_sal","1","replace","(generated)","MOD_RT03_replace_trim_fastp_to_trimmomatic_sal_t1","modification","Trim + assemble Salmonella enterica from paired Illumina FASTQ using fastp + SPAdes.","Y","N","file_not_found","WARN: file not found: '/mnt/data/cohesive_llm_bench_scratch/_shared_inputdir/2026/2026.SAL.212.1.1/0SQ_rawreads/DS99999-DT260224_import/result/*.fastq*'","0","6","Y","","","","","step_1PP_trimming__fastp, step_2AS_denovo__spades","step_1PP_trimming__fastp, step_2AS_denovo__spades","1088","62","2","2","6.8","Great! I'll proceed with the pipeline using fastp for trimming and SPAdes for assembly of your Salmonella enterica paired Illumina reads.","nextflow.enable.dsl=2

// --- IMPORTS ---

include { extractKey } from '../functions/common.nf'

include { getSingleInput } from '../functions/parameters.nf'

// --- GLOBALS ---

// --- INLINE PROCESSES ---

// --- SUB WORKFLOWS ---

workflow step_1PP_trimming__fastp {
    
    take:
        
        rawreads
        
    
    main:
        trimmed = fastp(rawreads).trimmed

        fastqc(trimmed)
        readsCheckInput = rawreads.cross(trimmed) { extractKey(it) }.multiMap {
          rawreads: it[0]
          trimmed: it[1]
        }
        sample_reads_check(readsCheckInput.rawreads, readsCheckInput.trimmed)
    
    emit:
        
        trimmed
        
    
}

workflow step_2AS_denovo__spades {
    
    take:
        
        data
        
    
    main:
        denovo(data)
        assembly_filter(denovo.out.scaffolds).fasta | quast
        assembled = assembly_filter.out.fasta
    
    emit:
        
        assembled
        
    
}

// --- ENTRYPOINT ---
workflow {
    trimmed = step_1PP_trimming__fastp(getSingleInput())
    step_2AS_denovo__spades(trimmed)
}","nextflow.enable.dsl=2

include { getSingleInput; optionalOrDefault; param } from '../functions/parameters.nf'
include { step_1PP_trimming__fastp } from '../steps/step_1PP_trimming__fastp'
include { step_2AS_denovo__spades } from '../steps/step_2AS_denovo__spades'
workflow {
    trimmed   = step_1PP_trimming__fastp(getSingleInput()).trimmed
    assembled = step_2AS_denovo__spades(trimmed).assembled
}
"
"MOD_RT03_replace_trim_fastp_to_trimmomatic_sal","2","replace","(generated)","MOD_RT03_replace_trim_fastp_to_trimmomatic_sal_t2","modification","Replace fastp with trimmomatic.","Y","N","file_not_found","WARN: file not found: '/mnt/data/cohesive_llm_bench_scratch/_shared_inputdir/2026/2026.SAL.212.1.1/0SQ_rawreads/DS99999-DT260224_import/result/*.fastq*'","0","6","Y","","","","","step_1PP_trimming__trimmomatic, step_2AS_denovo__spades","step_1PP_trimming__trimmomatic, step_2AS_denovo__spades","1104","61","2","2","70.8","Great! I'll proceed with the pipeline using Trimmomatic for trimming and SPAdes for assembly of your Salmonella enterica paired Illumina reads.","nextflow.enable.dsl=2

// --- IMPORTS ---

include { extractKey } from '../functions/common.nf'

include { getSingleInput } from '../functions/parameters.nf'

// --- GLOBALS ---

// --- INLINE PROCESSES ---

// --- SUB WORKFLOWS ---

workflow step_1PP_trimming__trimmomatic {
    
    take:
        
        rawreads
        
    
    main:
        trimmed = trimmomatic(rawreads).fastq;
        fastqc(trimmed)
        readsCheckInput = rawreads.cross(trimmed) { extractKey(it) }.multiMap {
          rawreads: it[0]
          trimmed: it[1]
        }
        sample_reads_check(readsCheckInput.rawreads, readsCheckInput.trimmed)
    
    emit:
        
        trimmed
        
    
}

workflow step_2AS_denovo__spades {
    
    take:
        
        data
        
    
    main:
        denovo(data)
        assembly_filter(denovo.out.scaffolds).fasta | quast
        assembled = assembly_filter.out.fasta
    
    emit:
        
        assembled
        
    
}

// --- ENTRYPOINT ---
workflow {
    trimmed = step_1PP_trimming__trimmomatic(getSingleInput())
    step_2AS_denovo__spades(trimmed)
}","nextflow.enable.dsl=2

include { getSingleInput; optionalOrDefault; param } from '../functions/parameters.nf'
include { step_1PP_trimming__trimmomatic } from '../steps/step_1PP_trimming__trimmomatic'
include { step_2AS_denovo__spades } from '../steps/step_2AS_denovo__spades'
workflow {
    trimmed   = step_1PP_trimming__trimmomatic(getSingleInput()).trimmed
    assembled = step_2AS_denovo__spades(trimmed).assembled
}
"
"MOD_RT04_replace_trim_fastp_to_trimmomatic_cam","1","replace","(generated)","MOD_RT04_replace_trim_fastp_to_trimmomatic_cam_t1","modification","Trim + assemble Campylobacter jejuni from paired Illumina FASTQ using fastp + SPAdes.","Y","Y","none","","6","6","Y","","","","step_1PP_trimming__fastp, step_2AS_denovo__spades","step_2AS_denovo__spades, step_1PP_trimming__fastp","step_1PP_trimming__fastp, step_2AS_denovo__spades","673","38","2","2","8.1","Great! I'll proceed with the pipeline using:
1. `step_1PP_trimming__fastp` for trimming paired Illumina reads
2. `step_2AS_denovo__spades` for de novo assembly

This will generate a high-quality assembly for your Campylobacter jejuni samples.","nextflow.enable.dsl=2

// --- IMPORTS ---

include { step_2AS_denovo__spades } from '../steps/step_2AS_denovo__spades'

include { step_1PP_trimming__fastp } from '../steps/step_1PP_trimming__fastp'

include { getSingleInput } from '../functions/parameters.nf'

// --- GLOBALS ---

// --- INLINE PROCESSES ---

// --- SUB WORKFLOWS ---

workflow module_denovo {
    
    take:
        
        trimmedReads
        
    
    main:
        assembled = step_2AS_denovo__spades(trimmedReads)
    
    emit:
        
        assembled
        
    
}

// --- ENTRYPOINT ---
workflow {
    trimmed = step_1PP_trimming__fastp(getSingleInput())
    module_denovo(trimmed.trimmed)
}","nextflow.enable.dsl=2

include { getSingleInput; optionalOrDefault; param } from '../functions/parameters.nf'
include { step_1PP_trimming__fastp } from '../steps/step_1PP_trimming__fastp'
include { step_2AS_denovo__spades } from '../steps/step_2AS_denovo__spades'
workflow {
    trimmed   = step_1PP_trimming__fastp(getSingleInput()).trimmed
    assembled = step_2AS_denovo__spades(trimmed).assembled
}
"
"MOD_RT04_replace_trim_fastp_to_trimmomatic_cam","2","replace","(generated)","MOD_RT04_replace_trim_fastp_to_trimmomatic_cam_t2","modification","Replace fastp with trimmomatic.","N","N","no_code","http exception: HTTPConnectionPool(host='127.0.0.1', port=8765): Read timed out. (read timeout=180)","0","6","N","","step_1PP_trimming__trimmomatic, step_2AS_denovo__spades","","","","step_1PP_trimming__trimmomatic, step_2AS_denovo__spades","0","0","0","2","182.2","","","nextflow.enable.dsl=2

include { getSingleInput; optionalOrDefault; param } from '../functions/parameters.nf'
include { step_1PP_trimming__trimmomatic } from '../steps/step_1PP_trimming__trimmomatic'
include { step_2AS_denovo__spades } from '../steps/step_2AS_denovo__spades'
workflow {
    trimmed   = step_1PP_trimming__trimmomatic(getSingleInput()).trimmed
    assembled = step_2AS_denovo__spades(trimmed).assembled
}
"
"MOD_RT05_replace_trim_trimmomatic_to_fastp_lis","1","replace","(generated)","MOD_RT05_replace_trim_trimmomatic_to_fastp_lis_t1","modification","Trim + assemble Listeria monocytogenes from paired Illumina FASTQ using trimmomatic + SPAdes.","Y","N","file_not_found","WARN: file not found: '/mnt/data/cohesive_llm_bench_scratch/_shared_inputdir/2026/2026.LIS.215.1.1/0SQ_rawreads/DS99999-DT260224_import/result/*.fastq*'","0","6","Y","","","","","step_1PP_trimming__trimmomatic, step_2AS_denovo__spades","step_1PP_trimming__trimmomatic, step_2AS_denovo__spades","1104","61","2","2","113.7","I'll create a pipeline using Trimmomatic for trimming and SPAdes for assembly of your Listeria monocytogenes Illumina paired-end reads. Here's the plan:

1. **Trimming**: `step_1PP_trimming__trimmomatic` - Will process your paired-end FASTQ files
2. **Assembly**: `step_2AS_denovo__spades` - Will ass","nextflow.enable.dsl=2

// --- IMPORTS ---

include { extractKey } from '../functions/common.nf'

include { getSingleInput } from '../functions/parameters.nf'

// --- GLOBALS ---

// --- INLINE PROCESSES ---

// --- SUB WORKFLOWS ---

workflow step_1PP_trimming__trimmomatic {
    
    take:
        
        rawreads
        
    
    main:
        trimmed = trimmomatic(rawreads).fastq;
        fastqc(trimmed)
        readsCheckInput = rawreads.cross(trimmed) { extractKey(it) }.multiMap {
          rawreads: it[0]
          trimmed: it[1]
        }
        sample_reads_check(readsCheckInput.rawreads, readsCheckInput.trimmed)
    
    emit:
        
        trimmed
        
    
}

workflow step_2AS_denovo__spades {
    
    take:
        
        data
        
    
    main:
        denovo(data)
        assembly_filter(denovo.out.scaffolds).fasta | quast
        assembled = assembly_filter.out.fasta
    
    emit:
        
        assembled
        
    
}

// --- ENTRYPOINT ---
workflow {
    trimmed = step_1PP_trimming__trimmomatic(getSingleInput())
    step_2AS_denovo__spades(trimmed)
}","nextflow.enable.dsl=2

include { getSingleInput; optionalOrDefault; param } from '../functions/parameters.nf'
include { step_1PP_trimming__trimmomatic } from '../steps/step_1PP_trimming__trimmomatic'
include { step_2AS_denovo__spades } from '../steps/step_2AS_denovo__spades'
workflow {
    trimmed   = step_1PP_trimming__trimmomatic(getSingleInput()).trimmed
    assembled = step_2AS_denovo__spades(trimmed).assembled
}
"
"MOD_RT05_replace_trim_trimmomatic_to_fastp_lis","2","replace","(generated)","MOD_RT05_replace_trim_trimmomatic_to_fastp_lis_t2","modification","Replace trimmomatic with fastp.","Y","Y","none","","6","6","Y","","","","step_1PP_trimming__fastp, step_2AS_denovo__spades","step_1PP_trimming__fastp, step_2AS_denovo__spades","step_1PP_trimming__fastp, step_2AS_denovo__spades","693","38","2","2","5.8","I'll create a pipeline using Fastp for trimming and SPAdes for assembly of your Listeria monocytogenes Illumina paired-end reads. Here's the plan:

1. **Trimming**: `step_1PP_trimming__fastp` - Will process your paired-end FASTQ files
2. **Assembly**: `step_2AS_denovo__spades` - Will assemble the tr","nextflow.enable.dsl=2

// --- IMPORTS ---

include { step_2AS_denovo__spades } from '../steps/step_2AS_denovo__spades'

include { step_1PP_trimming__fastp } from '../steps/step_1PP_trimming__fastp'

include { getSingleInput } from '../functions/parameters.nf'

// --- GLOBALS ---

// --- INLINE PROCESSES ---

// --- SUB WORKFLOWS ---

workflow wf_trim_and_assemble {
    
    take:
        
        rawreads
        
    
    main:
        trimmed = step_1PP_trimming__fastp(rawreads).trimmed
        assembled = step_2AS_denovo__spades(trimmed).assembled
    
    emit:
        
        assembled
        
    
}

// --- ENTRYPOINT ---
workflow {
    wf_trim_and_assemble(getSingleInput())
}","nextflow.enable.dsl=2

include { getSingleInput; optionalOrDefault; param } from '../functions/parameters.nf'
include { step_1PP_trimming__fastp } from '../steps/step_1PP_trimming__fastp'
include { step_2AS_denovo__spades } from '../steps/step_2AS_denovo__spades'
workflow {
    trimmed   = step_1PP_trimming__fastp(getSingleInput()).trimmed
    assembled = step_2AS_denovo__spades(trimmed).assembled
}
"
"MOD_RT06_replace_trim_trimmomatic_to_fastp_sal","1","replace","(generated)","MOD_RT06_replace_trim_trimmomatic_to_fastp_sal_t1","modification","Trim + assemble Salmonella enterica from paired Illumina FASTQ using trimmomatic + SPAdes.","Y","Y","none","","6","6","Y","","","","step_1PP_trimming__trimmomatic, step_2AS_denovo__spades","step_1PP_trimming__trimmomatic, step_2AS_denovo__spades","step_1PP_trimming__trimmomatic, step_2AS_denovo__spades","717","38","2","2","140.2","I will create a pipeline using Trimmomatic for trimming and SPAdes for assembly of your Salmonella enterica paired Illumina reads. The pipeline will proceed as follows:

1. **Trimming**: `step_1PP_trimming__trimmomatic` - This will clean the paired-end Illumina reads.
2. **Assembly**: `step_2AS_deno","nextflow.enable.dsl=2

// --- IMPORTS ---

include { step_1PP_trimming__trimmomatic } from '../steps/step_1PP_trimming__trimmomatic'

include { step_2AS_denovo__spades } from '../steps/step_2AS_denovo__spades'

include { getSingleInput } from '../functions/parameters.nf'

// --- GLOBALS ---

// --- INLINE PROCESSES ---

// --- SUB WORKFLOWS ---

workflow wf_trimming_and_assembly {
    
    take:
        
        rawreads
        
    
    main:
        trimmed = step_1PP_trimming__trimmomatic(rawreads).fastq
        assembled = step_2AS_denovo__spades(trimmed).assembled
    
    emit:
        
        assembled
        
    
}

// --- ENTRYPOINT ---
workflow {
    wf_trimming_and_assembly(getSingleInput())
}","nextflow.enable.dsl=2

include { getSingleInput; optionalOrDefault; param } from '../functions/parameters.nf'
include { step_1PP_trimming__trimmomatic } from '../steps/step_1PP_trimming__trimmomatic'
include { step_2AS_denovo__spades } from '../steps/step_2AS_denovo__spades'
workflow {
    trimmed   = step_1PP_trimming__trimmomatic(getSingleInput()).trimmed
    assembled = step_2AS_denovo__spades(trimmed).assembled
}
"
"MOD_RT06_replace_trim_trimmomatic_to_fastp_sal","2","replace","(generated)","MOD_RT06_replace_trim_trimmomatic_to_fastp_sal_t2","modification","Replace trimmomatic with fastp.","Y","N","file_not_found","WARN: file not found: '/mnt/data/cohesive_llm_bench_scratch/_shared_inputdir/2026/2026.SAL.213.1.1/0SQ_rawreads/DS99999-DT260224_import/result/*.fastq*'","0","6","Y","","","","","step_1PP_trimming__fastp, step_2AS_denovo__spades","step_1PP_trimming__fastp, step_2AS_denovo__spades","1100","62","2","2","19.4","I will create a pipeline using Fastp for trimming and SPAdes for assembly of your Salmonella enterica paired Illumina reads. The pipeline will proceed as follows:

1. **Trimming**: `step_1PP_trimming__fastp` - This will clean the paired-end Illumina reads.
2. **Assembly**: `step_2AS_denovo__spades` ","nextflow.enable.dsl=2

// --- IMPORTS ---

include { extractKey } from '../functions/common.nf'

include { getSingleInput } from '../functions/parameters.nf'

// --- GLOBALS ---

// --- INLINE PROCESSES ---

// --- SUB WORKFLOWS ---

workflow step_1PP_trimming__fastp {
    
    take:
        
        rawreads
        
    
    main:
        trimmed = fastp(rawreads).trimmed

        fastqc(trimmed)
        readsCheckInput = rawreads.cross(trimmed) { extractKey(it) }.multiMap {
          rawreads: it[0]
          trimmed: it[1]
        }
        sample_reads_check(readsCheckInput.rawreads, readsCheckInput.trimmed)
    
    emit:
        
        trimmed
        
    
}

workflow step_2AS_denovo__spades {
    
    take:
        
        data
        
    
    main:
        denovo(data)
        assembly_filter(denovo.out.scaffolds).fasta | quast
        assembled = assembly_filter.out.fasta
    
    emit:
        
        assembled
        
    
}

// --- ENTRYPOINT ---
workflow {
    trimmed = step_1PP_trimming__fastp(getSingleInput())
    assembled = step_2AS_denovo__spades(trimmed)
}","nextflow.enable.dsl=2

include { getSingleInput; optionalOrDefault; param } from '../functions/parameters.nf'
include { step_1PP_trimming__fastp } from '../steps/step_1PP_trimming__fastp'
include { step_2AS_denovo__spades } from '../steps/step_2AS_denovo__spades'
workflow {
    trimmed   = step_1PP_trimming__fastp(getSingleInput()).trimmed
    assembled = step_2AS_denovo__spades(trimmed).assembled
}
"
"MOD_RTY01_replace_typing_mlst_to_chewbbaca_lis","1","replace","(generated)","MOD_RTY01_replace_typing_mlst_to_chewbbaca_lis_t1","modification","mlst on Listeria monocytogenes from paired Illumina FASTQ (fastp + SPAdes + mlst).","Y","Y","none","","7","7","Y","","","","step_1PP_trimming__fastp, step_2AS_denovo__spades, step_4TY_MLST__mlst","step_2AS_denovo__spades, step_4TY_MLST__mlst, step_1PP_trimming__fastp","step_1PP_trimming__fastp, step_2AS_denovo__spades, step_4TY_MLST__mlst","927","53","3","2","9.0","Great! I'll proceed with the pipeline using:
1. `step_1PP_trimming__fastp` for trimming paired Illumina reads
2. `step_2AS_denovo__spades` for de novo assembly
3. `step_4TY_MLST__mlst` for MLST typing of Listeria monocytogenes

This will be a custom pipeline since there's no exact template for this ","nextflow.enable.dsl=2

// --- IMPORTS ---

include { step_2AS_denovo__spades } from '../steps/step_2AS_denovo__spades'

include { step_1PP_trimming__fastp } from '../steps/step_1PP_trimming__fastp'

include { getSingleInput } from '../functions/parameters.nf'

include { step_4TY_MLST__mlst } from '../steps/step_4TY_MLST__mlst'

// --- GLOBALS ---

// --- INLINE PROCESSES ---

// --- SUB WORKFLOWS ---

workflow wf_mlst_typing {
    
    take:
        
        trimmed
        
    
    main:
        spades_out = step_2AS_denovo__spades(trimmed)
        step_4TY_MLST__mlst(spades_out.assembled)
    
}

workflow wf_trimming {
    
    take:
        
        rawreads
        
    
    main:
        trimmed = step_1PP_trimming__fastp(rawreads).trimmed
    
    emit:
        
        trimmed
        
    
}

// --- ENTRYPOINT ---
workflow {
    trimmed = wf_trimming(getSingleInput()).trimmed
    wf_mlst_typing(trimmed)
}","nextflow.enable.dsl=2

include { getSingleInput; optionalOrDefault; param } from '../functions/parameters.nf'
include { step_1PP_trimming__fastp } from '../steps/step_1PP_trimming__fastp'
include { step_2AS_denovo__spades } from '../steps/step_2AS_denovo__spades'
include { step_4TY_MLST__mlst } from '../steps/step_4TY_MLST__mlst'
workflow {
    trimmed   = step_1PP_trimming__fastp(getSingleInput()).trimmed
    assembled = step_2AS_denovo__spades(trimmed).assembled
    step_4TY_MLST__mlst(assembled)
}
"
"MOD_RTY01_replace_typing_mlst_to_chewbbaca_lis","2","replace","(generated)","MOD_RTY01_replace_typing_mlst_to_chewbbaca_lis_t2","modification","Switch the downstream step from mlst to chewbbaca.","Y","Y","none","","9","9","Y","","","","step_1PP_trimming__fastp, step_2AS_denovo__spades, step_4TY_cgMLST__chewbbaca","step_2AS_denovo__spades, step_4TY_cgMLST__chewbbaca, step_1PP_trimming__fastp","step_1PP_trimming__fastp, step_2AS_denovo__spades, step_4TY_cgMLST__chewbbaca","872","40","3","2","8.4","Approved! I'll build the pipeline with:
1. `step_1PP_trimming__fastp` for trimming paired Illumina reads
2. `step_2AS_denovo__spades` for de novo assembly
3. `step_4TY_cgMLST__chewbbaca` for cgMLST typing of Listeria monocytogenes

This will be a custom pipeline since there's no exact template for t","nextflow.enable.dsl=2

// --- IMPORTS ---

include { step_2AS_denovo__spades } from '../steps/step_2AS_denovo__spades'

include { step_4TY_cgMLST__chewbbaca } from '../steps/step_4TY_cgMLST__chewbbaca'

include { step_1PP_trimming__fastp } from '../steps/step_1PP_trimming__fastp'

include { getSingleInput } from '../functions/parameters.nf'

// --- GLOBALS ---

def genus_species = 'Listeria monocytogenes'

def schema = 'l_mono_chewie_1748_220623'

// --- INLINE PROCESSES ---

// --- SUB WORKFLOWS ---

workflow wf_listeria_cgmlst {
    
    take:
        
        trimmed
        
    
    main:
        assembled = step_2AS_denovo__spades(trimmed).assembled
        step_4TY_cgMLST__chewbbaca(assembled, genus_species, schema)
    
}

// --- ENTRYPOINT ---
workflow {
    trimmed = step_1PP_trimming__fastp(getSingleInput()).trimmed
    wf_listeria_cgmlst(trimmed)
}","nextflow.enable.dsl=2

include { getSingleInput; optionalOrDefault; param } from '../functions/parameters.nf'
include { step_1PP_trimming__fastp } from '../steps/step_1PP_trimming__fastp'
include { step_2AS_denovo__spades } from '../steps/step_2AS_denovo__spades'
include { step_4TY_cgMLST__chewbbaca } from '../steps/step_4TY_cgMLST__chewbbaca'
workflow {
    trimmed   = step_1PP_trimming__fastp(getSingleInput()).trimmed
    assembled = step_2AS_denovo__spades(trimmed).assembled
    step_4TY_cgMLST__chewbbaca(assembled, param('genus_species'), optionalOrDefault('schema', ''))
}
"
"MOD_RTY02_replace_typing_mlst_to_chewbbaca_sal","1","replace","(generated)","MOD_RTY02_replace_typing_mlst_to_chewbbaca_sal_t1","modification","mlst on Salmonella enterica from paired Illumina FASTQ (fastp + SPAdes + mlst).","Y","N","file_not_found","WARN: file not found: '/mnt/data/cohesive_llm_bench_scratch/_shared_inputdir/2026/2026.SAL.214.1.1/0SQ_rawreads/DS99999-DT260224_import/result/*.fastq*'","0","7","Y","","","","","step_1PP_trimming__fastp, step_2AS_denovo__spades, step_4TY_MLST__mlst","step_1PP_trimming__fastp, step_2AS_denovo__spades, step_4TY_MLST__mlst","1260","75","3","2","8.9","Great! I'll proceed with the pipeline using fastp for trimming, SPAdes for assembly, and MLST for typing of Salmonella enterica. Here's the detailed plan:

1. **Trimming**: Use `step_1PP_trimming__fastp` on the paired Illumina reads
2. **Assembly**: Use `step_2AS_denovo__spades` on the trimmed reads","nextflow.enable.dsl=2

// --- IMPORTS ---

include { extractKey } from '../functions/common.nf'

include { getSingleInput } from '../functions/parameters.nf'

// --- GLOBALS ---

// --- INLINE PROCESSES ---

// --- SUB WORKFLOWS ---

workflow step_1PP_trimming__fastp {
    
    take:
        
        rawreads
        
    
    main:
        trimmed = fastp(rawreads).trimmed

        fastqc(trimmed)
        readsCheckInput = rawreads.cross(trimmed) { extractKey(it) }.multiMap {
          rawreads: it[0]
          trimmed: it[1]
        }
        sample_reads_check(readsCheckInput.rawreads, readsCheckInput.trimmed)
    
    emit:
        
        trimmed
        
    
}

workflow step_2AS_denovo__spades {
    
    take:
        
        data
        
    
    main:
        denovo(data)
        assembly_filter(denovo.out.scaffolds).fasta | quast
        assembled = assembly_filter.out.fasta
    
    emit:
        
        assembled
        
    
}

workflow step_4TY_MLST__mlst {
    
    take:
        
        assembly
        
    
    main:
        mlst(assembly)
    
}

// --- ENTRYPOINT ---
workflow {
    trimmed = step_1PP_trimming__fastp(getSingleInput())
    assembly = step_2AS_denovo__spades(trimmed)
    step_4TY_MLST__mlst(assembly)
}","nextflow.enable.dsl=2

include { getSingleInput; optionalOrDefault; param } from '../functions/parameters.nf'
include { step_1PP_trimming__fastp } from '../steps/step_1PP_trimming__fastp'
include { step_2AS_denovo__spades } from '../steps/step_2AS_denovo__spades'
include { step_4TY_MLST__mlst } from '../steps/step_4TY_MLST__mlst'
workflow {
    trimmed   = step_1PP_trimming__fastp(getSingleInput()).trimmed
    assembled = step_2AS_denovo__spades(trimmed).assembled
    step_4TY_MLST__mlst(assembled)
}
"
"MOD_RTY02_replace_typing_mlst_to_chewbbaca_sal","2","replace","(generated)","MOD_RTY02_replace_typing_mlst_to_chewbbaca_sal_t2","modification","Switch the downstream step from mlst to chewbbaca.","Y","Y","none","","9","9","Y","","","","step_1PP_trimming__fastp, step_2AS_denovo__spades, step_4TY_cgMLST__chewbbaca","step_1PP_trimming__fastp, step_2AS_denovo__spades, step_4TY_cgMLST__chewbbaca","step_1PP_trimming__fastp, step_2AS_denovo__spades, step_4TY_cgMLST__chewbbaca","887","40","3","2","7.1","I'll proceed with the pipeline using fastp for trimming, SPAdes for assembly, and ChewBBACA for cgMLST typing of Salmonella enterica. Here's the detailed plan:

1. **Trimming**: `step_1PP_trimming__fastp` on the paired Illumina reads
2. **Assembly**: `step_2AS_denovo__spades` on the trimmed reads
3.","nextflow.enable.dsl=2

// --- IMPORTS ---

include { step_2AS_denovo__spades } from '../steps/step_2AS_denovo__spades'

include { step_4TY_cgMLST__chewbbaca } from '../steps/step_4TY_cgMLST__chewbbaca'

include { step_1PP_trimming__fastp } from '../steps/step_1PP_trimming__fastp'

include { getSingleInput } from '../functions/parameters.nf'

// --- GLOBALS ---

def genus_species = 'Salmonella enterica'

def schema = 's_enterica_chewie_3255_210531'

// --- INLINE PROCESSES ---

// --- SUB WORKFLOWS ---

workflow wf_trim_assemble_typing {
    
    take:
        
        rawreads
        
    
    main:
        trimmed = step_1PP_trimming__fastp(rawreads).trimmed
        assembly = step_2AS_denovo__spades(trimmed).assembled
        step_4TY_cgMLST__chewbbaca(assembly, genus_species, schema)
    
}

// --- ENTRYPOINT ---
workflow {
    wf_trim_assemble_typing(getSingleInput())
}","nextflow.enable.dsl=2

include { getSingleInput; optionalOrDefault; param } from '../functions/parameters.nf'
include { step_1PP_trimming__fastp } from '../steps/step_1PP_trimming__fastp'
include { step_2AS_denovo__spades } from '../steps/step_2AS_denovo__spades'
include { step_4TY_cgMLST__chewbbaca } from '../steps/step_4TY_cgMLST__chewbbaca'
workflow {
    trimmed   = step_1PP_trimming__fastp(getSingleInput()).trimmed
    assembled = step_2AS_denovo__spades(trimmed).assembled
    step_4TY_cgMLST__chewbbaca(assembled, param('genus_species'), optionalOrDefault('schema', ''))
}
"
"MOD_RTY03_replace_typing_mlst_to_abricate_lis","1","replace","(generated)","MOD_RTY03_replace_typing_mlst_to_abricate_lis_t1","modification","mlst on Listeria monocytogenes from paired Illumina FASTQ (fastp + SPAdes + mlst).","Y","Y","none","","7","7","Y","","","","step_1PP_trimming__fastp, step_2AS_denovo__spades, step_4TY_MLST__mlst","step_2AS_denovo__spades, step_4TY_MLST__mlst, step_1PP_trimming__fastp","step_1PP_trimming__fastp, step_2AS_denovo__spades, step_4TY_MLST__mlst","734","36","3","2","10.5","Understood! I'll proceed with the pipeline using:
1. `step_1PP_trimming__fastp` for preprocessing paired Illumina reads
2. `step_2AS_denovo__spades` for de novo assembly
3. `step_4TY_MLST__mlst` for MLST typing

This will be built from scratch since there's no exact template for this combination.","nextflow.enable.dsl=2

// --- IMPORTS ---

include { step_2AS_denovo__spades } from '../steps/step_2AS_denovo__spades'

include { step_1PP_trimming__fastp } from '../steps/step_1PP_trimming__fastp'

include { getSingleInput } from '../functions/parameters.nf'

include { step_4TY_MLST__mlst } from '../steps/step_4TY_MLST__mlst'

// --- GLOBALS ---

// --- INLINE PROCESSES ---

// --- SUB WORKFLOWS ---

workflow wf_listeria_mlst {
    
    take:
        
        trimmed
        
    
    main:
        assembly = step_2AS_denovo__spades(trimmed).assembled
        step_4TY_MLST__mlst(assembly)
    
}

// --- ENTRYPOINT ---
workflow {
    trimmed = step_1PP_trimming__fastp(getSingleInput()).trimmed
    wf_listeria_mlst(trimmed)
}","nextflow.enable.dsl=2

include { getSingleInput; optionalOrDefault; param } from '../functions/parameters.nf'
include { step_1PP_trimming__fastp } from '../steps/step_1PP_trimming__fastp'
include { step_2AS_denovo__spades } from '../steps/step_2AS_denovo__spades'
include { step_4TY_MLST__mlst } from '../steps/step_4TY_MLST__mlst'
workflow {
    trimmed   = step_1PP_trimming__fastp(getSingleInput()).trimmed
    assembled = step_2AS_denovo__spades(trimmed).assembled
    step_4TY_MLST__mlst(assembled)
}
"
"MOD_RTY03_replace_typing_mlst_to_abricate_lis","2","replace","(generated)","MOD_RTY03_replace_typing_mlst_to_abricate_lis_t2","modification","Switch the downstream step from mlst to abricate.","Y","Y","none","","7","7","Y","","","","step_1PP_trimming__fastp, step_2AS_denovo__spades, step_4AN_AMR__abricate","step_2AS_denovo__spades, step_4AN_AMR__abricate, step_1PP_trimming__fastp","step_1PP_trimming__fastp, step_2AS_denovo__spades, step_4AN_AMR__abricate","810","41","3","2","7.8","Understood! I'll proceed with the pipeline using:
1. `step_1PP_trimming__fastp` for preprocessing paired Illumina reads
2. `step_2AS_denovo__spades` for de novo assembly
3. `step_4AN_AMR__abricate` for AMR detection

This will be built from scratch since there's no exact template for this combinatio","nextflow.enable.dsl=2

// --- IMPORTS ---

include { step_4AN_AMR__abricate } from '../steps/step_4AN_AMR__abricate'

include { step_2AS_denovo__spades } from '../steps/step_2AS_denovo__spades'

include { step_1PP_trimming__fastp } from '../steps/step_1PP_trimming__fastp'

include { getSingleInput } from '../functions/parameters.nf'

// --- GLOBALS ---

// --- INLINE PROCESSES ---

// --- SUB WORKFLOWS ---

workflow wf_listeria_amr {
    
    take:
        
        trimmed
        
    
    main:
        spades_out = step_2AS_denovo__spades(trimmed)
        step_4AN_AMR__abricate(spades_out.assembled)
    
    emit:
        
        assembly = spades_out.assembled
        
    
}

// --- ENTRYPOINT ---
workflow {
    trimmed = step_1PP_trimming__fastp(getSingleInput())
    wf_listeria_amr(trimmed)
}","nextflow.enable.dsl=2

include { getSingleInput; optionalOrDefault; param } from '../functions/parameters.nf'
include { step_1PP_trimming__fastp } from '../steps/step_1PP_trimming__fastp'
include { step_2AS_denovo__spades } from '../steps/step_2AS_denovo__spades'
include { step_4AN_AMR__abricate } from '../steps/step_4AN_AMR__abricate'
workflow {
    trimmed   = step_1PP_trimming__fastp(getSingleInput()).trimmed
    assembled = step_2AS_denovo__spades(trimmed).assembled
    step_4AN_AMR__abricate(assembled)
}
"
"MOD_RTY04_replace_typing_mlst_to_abricate_sal","1","replace","(generated)","MOD_RTY04_replace_typing_mlst_to_abricate_sal_t1","modification","mlst on Salmonella enterica from paired Illumina FASTQ (fastp + SPAdes + mlst).","Y","Y","none","","7","7","Y","","","","step_1PP_trimming__fastp, step_2AS_denovo__spades, step_4TY_MLST__mlst","step_1PP_trimming__fastp, step_2AS_denovo__spades, step_4TY_MLST__mlst","step_1PP_trimming__fastp, step_2AS_denovo__spades, step_4TY_MLST__mlst","750","36","3","2","7.5","Great! I'll proceed with the pipeline using fastp for trimming, SPAdes for assembly, and MLST for typing of Salmonella enterica. Here's the detailed plan:

1. **Trimming**: `step_1PP_trimming__fastp` - Input: paired Illumina FASTQ reads, Output: trimmed reads
2. **Assembly**: `step_2AS_denovo__spade","nextflow.enable.dsl=2

// --- IMPORTS ---

include { step_2AS_denovo__spades } from '../steps/step_2AS_denovo__spades'

include { step_1PP_trimming__fastp } from '../steps/step_1PP_trimming__fastp'

include { getSingleInput } from '../functions/parameters.nf'

include { step_4TY_MLST__mlst } from '../steps/step_4TY_MLST__mlst'

// --- GLOBALS ---

// --- INLINE PROCESSES ---

// --- SUB WORKFLOWS ---

workflow wf_trim_assemble_mlst {
    
    take:
        
        rawreads
        
    
    main:
        trimmed = step_1PP_trimming__fastp(rawreads).trimmed
        assembly = step_2AS_denovo__spades(trimmed).assembled
        step_4TY_MLST__mlst(assembly)
    
}

// --- ENTRYPOINT ---
workflow {
    wf_trim_assemble_mlst(getSingleInput())
}","nextflow.enable.dsl=2

include { getSingleInput; optionalOrDefault; param } from '../functions/parameters.nf'
include { step_1PP_trimming__fastp } from '../steps/step_1PP_trimming__fastp'
include { step_2AS_denovo__spades } from '../steps/step_2AS_denovo__spades'
include { step_4TY_MLST__mlst } from '../steps/step_4TY_MLST__mlst'
workflow {
    trimmed   = step_1PP_trimming__fastp(getSingleInput()).trimmed
    assembled = step_2AS_denovo__spades(trimmed).assembled
    step_4TY_MLST__mlst(assembled)
}
"
"MOD_RTY04_replace_typing_mlst_to_abricate_sal","2","replace","(generated)","MOD_RTY04_replace_typing_mlst_to_abricate_sal_t2","modification","Switch the downstream step from mlst to abricate.","Y","Y","file_not_found","WARN: file not found: '/mnt/data/cohesive_llm_bench_scratch/_shared_inputdir/2026/2026.SAL.215.1.1/0SQ_rawreads/DS99999-DT260224_import/result/*.fastq*'","7","7","Y","","","","step_1PP_trimming__fastp, step_2AS_denovo__spades, step_4AN_AMR__abricate","step_1PP_trimming__fastp, step_2AS_denovo__spades, step_4AN_AMR__abricate","step_1PP_trimming__fastp, step_2AS_denovo__spades, step_4AN_AMR__abricate","867","42","3","2","8.7","Great! I'll proceed with the updated pipeline using fastp for trimming, SPAdes for assembly, and Abricate for AMR detection. Here's the detailed plan:

1. **Trimming**: `step_1PP_trimming__fastp` - Input: paired Illumina FASTQ reads, Output: trimmed reads
2. **Assembly**: `step_2AS_denovo__spades` -","nextflow.enable.dsl=2

// --- IMPORTS ---

include { step_4AN_AMR__abricate } from '../steps/step_4AN_AMR__abricate'

include { step_2AS_denovo__spades } from '../steps/step_2AS_denovo__spades'

include { step_1PP_trimming__fastp } from '../steps/step_1PP_trimming__fastp'

include { getSingleInput } from '../functions/parameters.nf'

// --- GLOBALS ---

// --- INLINE PROCESSES ---

// --- SUB WORKFLOWS ---

workflow wf_trimming_assembly_amr {
    
    take:
        
        rawreads
        
    
    main:
        trimmed = step_1PP_trimming__fastp(rawreads).trimmed
        assembly = step_2AS_denovo__spades(trimmed).assembled
        step_4AN_AMR__abricate(assembly)
        amr_profile = step_4AN_AMR__abricate.out
    
    emit:
        
        amr_profile
        
    
}

// --- ENTRYPOINT ---
workflow {
    wf_trimming_assembly_amr(getSingleInput())
}","nextflow.enable.dsl=2

include { getSingleInput; optionalOrDefault; param } from '../functions/parameters.nf'
include { step_1PP_trimming__fastp } from '../steps/step_1PP_trimming__fastp'
include { step_2AS_denovo__spades } from '../steps/step_2AS_denovo__spades'
include { step_4AN_AMR__abricate } from '../steps/step_4AN_AMR__abricate'
workflow {
    trimmed   = step_1PP_trimming__fastp(getSingleInput()).trimmed
    assembled = step_2AS_denovo__spades(trimmed).assembled
    step_4AN_AMR__abricate(assembled)
}
"
"MOD_RTY05_replace_typing_mlst_to_prokka_lis","1","replace","(generated)","MOD_RTY05_replace_typing_mlst_to_prokka_lis_t1","modification","mlst on Listeria monocytogenes from paired Illumina FASTQ (fastp + SPAdes + mlst).","Y","N","file_not_found","WARN: file not found: '/mnt/data/cohesive_llm_bench_scratch/_shared_inputdir/2026/2026.LIS.218.1.1/0SQ_rawreads/DS99999-DT260224_import/result/*.fastq*'","0","7","Y","","","","","step_2AS_denovo__spades, step_4TY_MLST__mlst, step_1PP_trimming__fastp","step_1PP_trimming__fastp, step_2AS_denovo__spades, step_4TY_MLST__mlst","1540","92","3","2","9.0","Great! I'll proceed with the pipeline using fastp for trimming, SPAdes for assembly, and mlst for typing Listeria monocytogenes. I'll set up the pipeline now.","nextflow.enable.dsl=2

// --- IMPORTS ---

include { extractKey } from '../functions/common.nf'

include { getSingleInput } from '../functions/parameters.nf'

// --- GLOBALS ---

// --- INLINE PROCESSES ---

// --- SUB WORKFLOWS ---

workflow wf_listeria_mlst {
    
    take:
        
        trimmed
        
    
    main:
        trimmed.multiMap {
            trimmed: it
        }.set { trAndRef }

        assembly_out = step_2AS_denovo__spades(trAndRef.trimmed)
        step_4TY_MLST__mlst(assembly_out.assembled)
    
}

workflow step_1PP_trimming__fastp {
    
    take:
        
        rawreads
        
    
    main:
        trimmed = fastp(rawreads).trimmed

        fastqc(trimmed)
        readsCheckInput = rawreads.cross(trimmed) { extractKey(it) }.multiMap {
            rawreads: it[0]
            trimmed: it[1]
        }
        sample_reads_check(readsCheckInput.rawreads, readsCheckInput.trimmed)
    
    emit:
        
        trimmed
        
    
}

workflow step_2AS_denovo__spades {
    
    take:
        
        data
        
    
    main:
        denovo(data)
        assembly_filter(denovo.out.scaffolds).fasta | quast
        assembled = assembly_filter.out.fasta
    
    emit:
        
        assembled
        
    
}

workflow step_4TY_MLST__mlst {
    
    take:
        
        assembly
        
    
    main:
        mlst(assembly)
    
}

// --- ENTRYPOINT ---
workflow {
    rawreads = getSingleInput()
    trimmed = step_1PP_trimming__fastp(rawreads).trimmed
    wf_listeria_mlst(trimmed)
}","nextflow.enable.dsl=2

include { getSingleInput; optionalOrDefault; param } from '../functions/parameters.nf'
include { step_1PP_trimming__fastp } from '../steps/step_1PP_trimming__fastp'
include { step_2AS_denovo__spades } from '../steps/step_2AS_denovo__spades'
include { step_4TY_MLST__mlst } from '../steps/step_4TY_MLST__mlst'
workflow {
    trimmed   = step_1PP_trimming__fastp(getSingleInput()).trimmed
    assembled = step_2AS_denovo__spades(trimmed).assembled
    step_4TY_MLST__mlst(assembled)
}
"
"MOD_RTY05_replace_typing_mlst_to_prokka_lis","2","replace","(generated)","MOD_RTY05_replace_typing_mlst_to_prokka_lis_t2","modification","Switch the downstream step from mlst to prokka.","Y","Y","none","","7","7","Y","","","","step_1PP_trimming__fastp, step_2AS_denovo__spades, step_4AN_genes__prokka","step_2AS_denovo__spades, step_4AN_genes__prokka, step_1PP_trimming__fastp","step_1PP_trimming__fastp, step_2AS_denovo__spades, step_4AN_genes__prokka","739","36","3","2","7.3","Understood. I'll switch from MLST to Prokka for genome annotation. Here's the final pipeline:

1. **Preprocessing**: `step_1PP_trimming__fastp` for trimming paired Illumina FASTQ reads
2. **Assembly**: `step_2AS_denovo__spades` for de novo assembly
3. **Annotation**: `step_4AN_genes__prokka` for com","nextflow.enable.dsl=2

// --- IMPORTS ---

include { step_2AS_denovo__spades } from '../steps/step_2AS_denovo__spades'

include { step_1PP_trimming__fastp } from '../steps/step_1PP_trimming__fastp'

include { getSingleInput } from '../functions/parameters.nf'

include { step_4AN_genes__prokka } from '../steps/step_4AN_genes__prokka'

// --- GLOBALS ---

// --- INLINE PROCESSES ---

// --- SUB WORKFLOWS ---

workflow wf_listeria_annotation {
    
    take:
        
        trimmed
        
    
    main:
        assembled = step_2AS_denovo__spades(trimmed)
        step_4AN_genes__prokka(assembled)
    
}

// --- ENTRYPOINT ---
workflow {
    trimmed = step_1PP_trimming__fastp(getSingleInput())
    wf_listeria_annotation(trimmed)
}","nextflow.enable.dsl=2

include { getSingleInput; optionalOrDefault; param } from '../functions/parameters.nf'
include { step_1PP_trimming__fastp } from '../steps/step_1PP_trimming__fastp'
include { step_2AS_denovo__spades } from '../steps/step_2AS_denovo__spades'
include { step_4AN_genes__prokka } from '../steps/step_4AN_genes__prokka'
workflow {
    trimmed   = step_1PP_trimming__fastp(getSingleInput()).trimmed
    assembled = step_2AS_denovo__spades(trimmed).assembled
    step_4AN_genes__prokka(assembled)
}
"
"MOD_RTY06_replace_typing_mlst_to_prokka_eco","1","replace","(generated)","MOD_RTY06_replace_typing_mlst_to_prokka_eco_t1","modification","mlst on Escherichia coli from paired Illumina FASTQ (fastp + SPAdes + mlst).","Y","Y","none","","7","7","Y","","","","step_1PP_trimming__fastp, step_2AS_denovo__spades, step_4TY_MLST__mlst","step_2AS_denovo__spades, step_4TY_MLST__mlst, step_1PP_trimming__fastp","step_1PP_trimming__fastp, step_2AS_denovo__spades, step_4TY_MLST__mlst","730","36","3","2","7.5","Understood! I'll proceed with the pipeline using:
1. `step_1PP_trimming__fastp` for trimming paired Illumina reads
2. `step_2AS_denovo__spades` for de novo assembly
3. `step_4TY_MLST__mlst` for MLST typing of Escherichia coli

I'll set this up now.","nextflow.enable.dsl=2

// --- IMPORTS ---

include { step_2AS_denovo__spades } from '../steps/step_2AS_denovo__spades'

include { step_1PP_trimming__fastp } from '../steps/step_1PP_trimming__fastp'

include { getSingleInput } from '../functions/parameters.nf'

include { step_4TY_MLST__mlst } from '../steps/step_4TY_MLST__mlst'

// --- GLOBALS ---

// --- INLINE PROCESSES ---

// --- SUB WORKFLOWS ---

workflow wf_mlst_typing {
    
    take:
        
        trimmed
        
    
    main:
        assembly = step_2AS_denovo__spades(trimmed).assembled
        step_4TY_MLST__mlst(assembly)
    
}

// --- ENTRYPOINT ---
workflow {
    trimmed = step_1PP_trimming__fastp(getSingleInput()).trimmed
    wf_mlst_typing(trimmed)
}","nextflow.enable.dsl=2

include { getSingleInput; optionalOrDefault; param } from '../functions/parameters.nf'
include { step_1PP_trimming__fastp } from '../steps/step_1PP_trimming__fastp'
include { step_2AS_denovo__spades } from '../steps/step_2AS_denovo__spades'
include { step_4TY_MLST__mlst } from '../steps/step_4TY_MLST__mlst'
workflow {
    trimmed   = step_1PP_trimming__fastp(getSingleInput()).trimmed
    assembled = step_2AS_denovo__spades(trimmed).assembled
    step_4TY_MLST__mlst(assembled)
}
"
"MOD_RTY06_replace_typing_mlst_to_prokka_eco","2","replace","(generated)","MOD_RTY06_replace_typing_mlst_to_prokka_eco_t2","modification","Switch the downstream step from mlst to prokka.","Y","Y","none","","7","7","Y","","","","step_1PP_trimming__fastp, step_2AS_denovo__spades, step_4AN_genes__prokka","step_1PP_trimming__fastp, step_2AS_denovo__spades, step_4AN_genes__prokka","step_1PP_trimming__fastp, step_2AS_denovo__spades, step_4AN_genes__prokka","880","38","3","2","7.3","Understood! I'll proceed with the pipeline using:
1. `step_1PP_trimming__fastp` for trimming paired Illumina reads
2. `step_2AS_denovo__spades` for de novo assembly
3. `step_4AN_genes__prokka` for genome annotation

I'll set this up now.","nextflow.enable.dsl=2

// --- IMPORTS ---

include { step_2AS_denovo__spades } from '../steps/step_2AS_denovo__spades'

include { getEmpty } from '../functions/common.nf'

include { getSingleInput } from '../functions/parameters.nf'

include { step_4AN_genes__prokka } from '../steps/step_4AN_genes__prokka'

include { step_1PP_trimming__fastp } from '../steps/step_1PP_trimming__fastp'

// --- GLOBALS ---

// --- INLINE PROCESSES ---

// --- SUB WORKFLOWS ---

workflow wf_trim_assemble_annotate {
    
    take:
        
        rawreads
        
    
    main:
        trimmed = step_1PP_trimming__fastp(rawreads).trimmed
        assembled = step_2AS_denovo__spades(trimmed).assembled
        step_4AN_genes__prokka(assembled.map { [ it[0], it[1], 'Bacteria', '-', '-', getEmpty() ] })
    
}

// --- ENTRYPOINT ---
workflow {
    wf_trim_assemble_annotate(getSingleInput())
}","nextflow.enable.dsl=2

include { getSingleInput; optionalOrDefault; param } from '../functions/parameters.nf'
include { step_1PP_trimming__fastp } from '../steps/step_1PP_trimming__fastp'
include { step_2AS_denovo__spades } from '../steps/step_2AS_denovo__spades'
include { step_4AN_genes__prokka } from '../steps/step_4AN_genes__prokka'
workflow {
    trimmed   = step_1PP_trimming__fastp(getSingleInput()).trimmed
    assembled = step_2AS_denovo__spades(trimmed).assembled
    step_4AN_genes__prokka(assembled)
}
"
"MOD_RTY07_replace_typing_chewbbaca_to_prokka_lis","1","replace","(generated)","MOD_RTY07_replace_typing_chewbbaca_to_prokka_lis_t1","modification","chewbbaca on Listeria monocytogenes from paired Illumina FASTQ (fastp + SPAdes + chewbbaca).","Y","Y","none","","9","9","Y","","","","step_1PP_trimming__fastp, step_2AS_denovo__spades, step_4TY_cgMLST__chewbbaca","step_2AS_denovo__spades, step_4TY_cgMLST__chewbbaca, step_1PP_trimming__fastp","step_1PP_trimming__fastp, step_2AS_denovo__spades, step_4TY_cgMLST__chewbbaca","999","44","3","2","51.5","Great! I'll proceed with the pipeline for Listeria monocytogenes using paired Illumina FASTQ data. The pipeline will include:

1. **Trimming**: fastp (`step_1PP_trimming__fastp`)
2. **Assembly**: SPAdes (`step_2AS_denovo__spades`)
3. **cgMLST Typing**: chewbbaca (`step_4TY_cgMLST__chewbbaca`)

This ","nextflow.enable.dsl=2

// --- IMPORTS ---

include { step_2AS_denovo__spades } from '../steps/step_2AS_denovo__spades'

include { step_4TY_cgMLST__chewbbaca } from '../steps/step_4TY_cgMLST__chewbbaca'

include { step_1PP_trimming__fastp } from '../steps/step_1PP_trimming__fastp'

include { getSingleInput } from '../functions/parameters.nf'

// --- GLOBALS ---

def genus_species = 'Listeria monocytogenes'

// --- INLINE PROCESSES ---

// --- SUB WORKFLOWS ---

workflow wf_listeria_cgmlst {
    
    take:
        
        trimmed
        
    
    main:
        trimmed.multiMap {
            trimmed: it
            genus_species: genus_species
            schema: 'l_mono_chewie_1748_220623'
        }.set { prep }

        assembly = step_2AS_denovo__spades(prep.trimmed)
        step_4TY_cgMLST__chewbbaca(assembly.assembled, prep.genus_species, prep.schema)
    
}

// --- ENTRYPOINT ---
workflow {
    trimmed = step_1PP_trimming__fastp(getSingleInput())
    wf_listeria_cgmlst(trimmed)
}","nextflow.enable.dsl=2

include { getSingleInput; optionalOrDefault; param } from '../functions/parameters.nf'
include { step_1PP_trimming__fastp } from '../steps/step_1PP_trimming__fastp'
include { step_2AS_denovo__spades } from '../steps/step_2AS_denovo__spades'
include { step_4TY_cgMLST__chewbbaca } from '../steps/step_4TY_cgMLST__chewbbaca'
workflow {
    trimmed   = step_1PP_trimming__fastp(getSingleInput()).trimmed
    assembled = step_2AS_denovo__spades(trimmed).assembled
    step_4TY_cgMLST__chewbbaca(assembled, param('genus_species'), optionalOrDefault('schema', ''))
}
"
"MOD_RTY07_replace_typing_chewbbaca_to_prokka_lis","2","replace","(generated)","MOD_RTY07_replace_typing_chewbbaca_to_prokka_lis_t2","modification","Switch the downstream step from chewbbaca to prokka.","Y","Y","none","","7","7","Y","","","","step_1PP_trimming__fastp, step_2AS_denovo__spades, step_4AN_genes__prokka","step_2AS_denovo__spades, step_4AN_genes__prokka, step_1PP_trimming__fastp","step_1PP_trimming__fastp, step_2AS_denovo__spades, step_4AN_genes__prokka","843","41","3","2","7.3","Understood. I'll proceed with the pipeline for Listeria monocytogenes using paired Illumina FASTQ data. The pipeline will include:

1. **Trimming**: fastp (`step_1PP_trimming__fastp`)
2. **Assembly**: SPAdes (`step_2AS_denovo__spades`)
3. **Annotation**: prokka (`step_4AN_genes__prokka`)

This pipel","nextflow.enable.dsl=2

// --- IMPORTS ---

include { step_2AS_denovo__spades } from '../steps/step_2AS_denovo__spades'

include { step_1PP_trimming__fastp } from '../steps/step_1PP_trimming__fastp'

include { getSingleInput } from '../functions/parameters.nf'

include { step_4AN_genes__prokka } from '../steps/step_4AN_genes__prokka'

// --- GLOBALS ---

// --- INLINE PROCESSES ---

// --- SUB WORKFLOWS ---

workflow wf_listeria_assembly_annotation {
    
    take:
        
        trimmed
        
    
    main:
        spades_out = step_2AS_denovo__spades(trimmed)
        step_4AN_genes__prokka(spades_out.assembled)
    
    emit:
        
        assembled = spades_out.assembled
        
    
}

// --- ENTRYPOINT ---
workflow {
    trimmed = step_1PP_trimming__fastp(getSingleInput())
    wf_listeria_assembly_annotation(trimmed)
}","nextflow.enable.dsl=2

include { getSingleInput; optionalOrDefault; param } from '../functions/parameters.nf'
include { step_1PP_trimming__fastp } from '../steps/step_1PP_trimming__fastp'
include { step_2AS_denovo__spades } from '../steps/step_2AS_denovo__spades'
include { step_4AN_genes__prokka } from '../steps/step_4AN_genes__prokka'
workflow {
    trimmed   = step_1PP_trimming__fastp(getSingleInput()).trimmed
    assembled = step_2AS_denovo__spades(trimmed).assembled
    step_4AN_genes__prokka(assembled)
}
"
"MOD_RTY08_replace_typing_chewbbaca_to_abricate_sal","1","replace","(generated)","MOD_RTY08_replace_typing_chewbbaca_to_abricate_sal_t1","modification","chewbbaca on Salmonella enterica from paired Illumina FASTQ (fastp + SPAdes + chewbbaca).","Y","N","file_not_found","WARN: file not found: '/mnt/data/cohesive_llm_bench_scratch/_shared_inputdir/2026/2026.SAL.216.1.1/0SQ_rawreads/DS99999-DT260224_import/result/*.fastq*'","0","9","Y","","","","","step_1PP_trimming__fastp, step_2AS_denovo__spades, step_4TY_cgMLST__chewbbaca","step_1PP_trimming__fastp, step_2AS_denovo__spades, step_4TY_cgMLST__chewbbaca","1747","93","3","2","8.6","Great! I'll proceed with the pipeline using fastp for trimming, SPAdes for assembly, and chewbbaca for cgMLST typing of your Salmonella enterica samples from paired Illumina FASTQ reads.","nextflow.enable.dsl=2

// --- IMPORTS ---

include { getSingleInput; optionalOrDefault; param } from '../functions/parameters.nf'

include { extractKey } from '../functions/common.nf'

// --- GLOBALS ---

def STEP_1PP = '1PP_trimming'

def STEP_2AS = '2AS_denovo'

def STEP_4TY = '4TY_cgMLST'

def METHOD_1PP = 'fastp'

def METHOD_2AS = 'spades'

def METHOD_4TY = 'chewbbaca'

// --- INLINE PROCESSES ---

// --- SUB WORKFLOWS ---

workflow step_1PP_trimming__fastp {
    
    take:
        
        rawreads
        
    
    main:
        trimmed = fastp(rawreads).trimmed

        fastqc(trimmed)
        readsCheckInput = rawreads.cross(trimmed) { extractKey(it) }.multiMap {
          rawreads: it[0]
          trimmed: it[1]
        }
        sample_reads_check(readsCheckInput.rawreads, readsCheckInput.trimmed)
    
    emit:
        
        trimmed
        
    
}

workflow step_2AS_denovo__spades {
    
    take:
        
        data
        
    
    main:
        denovo(data)
        assembly_filter(denovo.out.scaffolds).fasta | quast
        assembled = assembly_filter.out.fasta
    
    emit:
        
        assembled
        
    
}

workflow step_4TY_cgMLST__chewbbaca {
    
    take:
        
        assembly
        
        genus_species
        
        schema
        
    
    main:
        chewbbaca_result = chewbbaca(assembly, genus_species, schema)
        hashing(chewbbaca_result.alleles)
        chewbbaca_check(chewbbaca_result.stats).check
    
}

// --- ENTRYPOINT ---
workflow {
    trimmed = step_1PP_trimming__fastp(getSingleInput()).trimmed
    assembled = step_2AS_denovo__spades(trimmed).assembled
    step_4TY_cgMLST__chewbbaca(assembled, param('genus_species'), optionalOrDefault('schema', ''))
}","nextflow.enable.dsl=2

include { getSingleInput; optionalOrDefault; param } from '../functions/parameters.nf'
include { step_1PP_trimming__fastp } from '../steps/step_1PP_trimming__fastp'
include { step_2AS_denovo__spades } from '../steps/step_2AS_denovo__spades'
include { step_4TY_cgMLST__chewbbaca } from '../steps/step_4TY_cgMLST__chewbbaca'
workflow {
    trimmed   = step_1PP_trimming__fastp(getSingleInput()).trimmed
    assembled = step_2AS_denovo__spades(trimmed).assembled
    step_4TY_cgMLST__chewbbaca(assembled, param('genus_species'), optionalOrDefault('schema', ''))
}
"
"MOD_RTY08_replace_typing_chewbbaca_to_abricate_sal","2","replace","(generated)","MOD_RTY08_replace_typing_chewbbaca_to_abricate_sal_t2","modification","Switch the downstream step from chewbbaca to abricate.","Y","Y","none","","7","7","Y","","","","step_1PP_trimming__fastp, step_2AS_denovo__spades, step_4AN_AMR__abricate","step_1PP_trimming__fastp, step_2AS_denovo__spades, step_4AN_AMR__abricate","step_1PP_trimming__fastp, step_2AS_denovo__spades, step_4AN_AMR__abricate","767","36","3","2","6.0","Great! I'll proceed with the pipeline using fastp for trimming, SPAdes for assembly, and abricate for AMR detection of your Salmonella enterica samples from paired Illumina FASTQ reads.","nextflow.enable.dsl=2

// --- IMPORTS ---

include { step_4AN_AMR__abricate } from '../steps/step_4AN_AMR__abricate'

include { step_2AS_denovo__spades } from '../steps/step_2AS_denovo__spades'

include { step_1PP_trimming__fastp } from '../steps/step_1PP_trimming__fastp'

include { getSingleInput } from '../functions/parameters.nf'

// --- GLOBALS ---

// --- INLINE PROCESSES ---

// --- SUB WORKFLOWS ---

workflow wf_trimming_assembly_amr {
    
    take:
        
        rawreads
        
    
    main:
        trimmed = step_1PP_trimming__fastp(rawreads).trimmed
        assembled = step_2AS_denovo__spades(trimmed).assembled
        step_4AN_AMR__abricate(assembled)
    
}

// --- ENTRYPOINT ---
workflow {
    wf_trimming_assembly_amr(getSingleInput())
}","nextflow.enable.dsl=2

include { getSingleInput; optionalOrDefault; param } from '../functions/parameters.nf'
include { step_1PP_trimming__fastp } from '../steps/step_1PP_trimming__fastp'
include { step_2AS_denovo__spades } from '../steps/step_2AS_denovo__spades'
include { step_4AN_AMR__abricate } from '../steps/step_4AN_AMR__abricate'
workflow {
    trimmed   = step_1PP_trimming__fastp(getSingleInput()).trimmed
    assembled = step_2AS_denovo__spades(trimmed).assembled
    step_4AN_AMR__abricate(assembled)
}
"
"MOD_RTY09_replace_typing_abricate_to_prokka_eco","1","replace","(generated)","MOD_RTY09_replace_typing_abricate_to_prokka_eco_t1","modification","abricate on Escherichia coli from paired Illumina FASTQ (fastp + SPAdes + abricate).","Y","Y","none","","7","7","Y","","","","step_1PP_trimming__fastp, step_2AS_denovo__spades, step_4AN_AMR__abricate","step_1PP_trimming__fastp, step_2AS_denovo__spades, step_4AN_AMR__abricate","step_1PP_trimming__fastp, step_2AS_denovo__spades, step_4AN_AMR__abricate","810","41","3","2","8.4","Great! I'll proceed with the pipeline using fastp for trimming, SPAdes for assembly, and abricate for AMR detection on your Escherichia coli paired Illumina reads. I'll set up the pipeline now.","nextflow.enable.dsl=2

// --- IMPORTS ---

include { step_4AN_AMR__abricate } from '../steps/step_4AN_AMR__abricate'

include { step_2AS_denovo__spades } from '../steps/step_2AS_denovo__spades'

include { step_1PP_trimming__fastp } from '../steps/step_1PP_trimming__fastp'

include { getSingleInput } from '../functions/parameters.nf'

// --- GLOBALS ---

// --- INLINE PROCESSES ---

// --- SUB WORKFLOWS ---

workflow wf_trim_assemble_amr {
    
    take:
        
        rawreads
        
    
    main:
        trimmed = step_1PP_trimming__fastp(rawreads).trimmed
        assembled = step_2AS_denovo__spades(trimmed).assembled
        step_4AN_AMR__abricate(assembled)
    
    emit:
        
        assembled
        
    
}

// --- ENTRYPOINT ---
workflow {
    wf_trim_assemble_amr(getSingleInput())
}","nextflow.enable.dsl=2

include { getSingleInput; optionalOrDefault; param } from '../functions/parameters.nf'
include { step_1PP_trimming__fastp } from '../steps/step_1PP_trimming__fastp'
include { step_2AS_denovo__spades } from '../steps/step_2AS_denovo__spades'
include { step_4AN_AMR__abricate } from '../steps/step_4AN_AMR__abricate'
workflow {
    trimmed   = step_1PP_trimming__fastp(getSingleInput()).trimmed
    assembled = step_2AS_denovo__spades(trimmed).assembled
    step_4AN_AMR__abricate(assembled)
}
"
"MOD_RTY09_replace_typing_abricate_to_prokka_eco","2","replace","(generated)","MOD_RTY09_replace_typing_abricate_to_prokka_eco_t2","modification","Switch the downstream step from abricate to prokka.","Y","Y","none","","7","7","Y","","","","step_1PP_trimming__fastp, step_2AS_denovo__spades, step_4AN_genes__prokka","step_1PP_trimming__fastp, step_2AS_denovo__spades, step_4AN_genes__prokka","step_1PP_trimming__fastp, step_2AS_denovo__spades, step_4AN_genes__prokka","880","38","3","3","9.2","I'll set up the pipeline with the following steps:
1. **Trimming**: fastp (`step_1PP_trimming__fastp`) for paired Illumina reads
2. **Assembly**: SPAdes (`step_2AS_denovo__spades`) for de novo assembly
3. **Annotation**: Prokka (`step_4AN_genes__prokka`) for genome annotation

This pipeline will pro","nextflow.enable.dsl=2

// --- IMPORTS ---

include { step_2AS_denovo__spades } from '../steps/step_2AS_denovo__spades'

include { getEmpty } from '../functions/common.nf'

include { getSingleInput } from '../functions/parameters.nf'

include { step_4AN_genes__prokka } from '../steps/step_4AN_genes__prokka'

include { step_1PP_trimming__fastp } from '../steps/step_1PP_trimming__fastp'

// --- GLOBALS ---

// --- INLINE PROCESSES ---

// --- SUB WORKFLOWS ---

workflow wf_trim_assemble_annotate {
    
    take:
        
        rawreads
        
    
    main:
        trimmed = step_1PP_trimming__fastp(rawreads).trimmed
        assembled = step_2AS_denovo__spades(trimmed).assembled
        step_4AN_genes__prokka(assembled.map { [ it[0], it[1], 'Bacteria', '-', '-', getEmpty() ] })
    
}

// --- ENTRYPOINT ---
workflow {
    wf_trim_assemble_annotate(getSingleInput())
}","nextflow.enable.dsl=2

include { getSingleInput; optionalOrDefault; param } from '../functions/parameters.nf'
include { step_1PP_trimming__fastp } from '../steps/step_1PP_trimming__fastp'
include { step_2AS_denovo__spades } from '../steps/step_2AS_denovo__spades'
include { step_4AN_genes__prokka } from '../steps/step_4AN_genes__prokka'
workflow {
    trimmed   = step_1PP_trimming__fastp(getSingleInput()).trimmed
    assembled = step_2AS_denovo__spades(trimmed).assembled
    step_4AN_genes__prokka(assembled)
}
"
"MOD_RTY10_replace_typing_prokka_to_abricate_sal","1","replace","(generated)","MOD_RTY10_replace_typing_prokka_to_abricate_sal_t1","modification","prokka on Salmonella enterica from paired Illumina FASTQ (fastp + SPAdes + prokka).","Y","Y","none","","7","7","Y","","","","step_1PP_trimming__fastp, step_2AS_denovo__spades, step_4AN_genes__prokka","step_1PP_trimming__fastp, step_2AS_denovo__spades, step_4AN_genes__prokka","step_1PP_trimming__fastp, step_2AS_denovo__spades, step_4AN_genes__prokka","769","36","3","2","7.4","Great! I'll proceed with the pipeline using fastp for trimming, SPAdes for assembly, and Prokka for annotation of your Salmonella enterica paired Illumina reads.","nextflow.enable.dsl=2

// --- IMPORTS ---

include { step_2AS_denovo__spades } from '../steps/step_2AS_denovo__spades'

include { step_1PP_trimming__fastp } from '../steps/step_1PP_trimming__fastp'

include { getSingleInput } from '../functions/parameters.nf'

include { step_4AN_genes__prokka } from '../steps/step_4AN_genes__prokka'

// --- GLOBALS ---

// --- INLINE PROCESSES ---

// --- SUB WORKFLOWS ---

workflow wf_trim_assemble_annotate {
    
    take:
        
        rawreads
        
    
    main:
        trimmed = step_1PP_trimming__fastp(rawreads).trimmed
        assembled = step_2AS_denovo__spades(trimmed).assembled
        step_4AN_genes__prokka(assembled)
    
}

// --- ENTRYPOINT ---
workflow {
    wf_trim_assemble_annotate(getSingleInput())
}","nextflow.enable.dsl=2

include { getSingleInput; optionalOrDefault; param } from '../functions/parameters.nf'
include { step_1PP_trimming__fastp } from '../steps/step_1PP_trimming__fastp'
include { step_2AS_denovo__spades } from '../steps/step_2AS_denovo__spades'
include { step_4AN_genes__prokka } from '../steps/step_4AN_genes__prokka'
workflow {
    trimmed   = step_1PP_trimming__fastp(getSingleInput()).trimmed
    assembled = step_2AS_denovo__spades(trimmed).assembled
    step_4AN_genes__prokka(assembled)
}
"
"MOD_RTY10_replace_typing_prokka_to_abricate_sal","2","replace","(generated)","MOD_RTY10_replace_typing_prokka_to_abricate_sal_t2","modification","Switch the downstream step from prokka to abricate.","Y","Y","none","","7","7","Y","","","","step_1PP_trimming__fastp, step_2AS_denovo__spades, step_4AN_AMR__abricate","step_1PP_trimming__fastp, step_2AS_denovo__spades, step_4AN_AMR__abricate","step_1PP_trimming__fastp, step_2AS_denovo__spades, step_4AN_AMR__abricate","741","36","3","2","6.2","I'll proceed with the pipeline using fastp for trimming, SPAdes for assembly, and Abricate for AMR detection of your Salmonella enterica paired Illumina reads.","nextflow.enable.dsl=2

// --- IMPORTS ---

include { step_4AN_AMR__abricate } from '../steps/step_4AN_AMR__abricate'

include { step_2AS_denovo__spades } from '../steps/step_2AS_denovo__spades'

include { step_1PP_trimming__fastp } from '../steps/step_1PP_trimming__fastp'

include { getSingleInput } from '../functions/parameters.nf'

// --- GLOBALS ---

// --- INLINE PROCESSES ---

// --- SUB WORKFLOWS ---

workflow wf_trim_assemble_amr {
    
    take:
        
        rawreads
        
    
    main:
        trimmed = step_1PP_trimming__fastp(rawreads)
        assembled = step_2AS_denovo__spades(trimmed)
        step_4AN_AMR__abricate(assembled)
    
}

// --- ENTRYPOINT ---
workflow {
    wf_trim_assemble_amr(getSingleInput())
}","nextflow.enable.dsl=2

include { getSingleInput; optionalOrDefault; param } from '../functions/parameters.nf'
include { step_1PP_trimming__fastp } from '../steps/step_1PP_trimming__fastp'
include { step_2AS_denovo__spades } from '../steps/step_2AS_denovo__spades'
include { step_4AN_AMR__abricate } from '../steps/step_4AN_AMR__abricate'
workflow {
    trimmed   = step_1PP_trimming__fastp(getSingleInput()).trimmed
    assembled = step_2AS_denovo__spades(trimmed).assembled
    step_4AN_AMR__abricate(assembled)
}
"
"MOD_RTY11_replace_typing_flaA_to_mlst_cam","1","replace","(generated)","MOD_RTY11_replace_typing_flaA_to_mlst_cam_t1","modification","flaA on Campylobacter jejuni from paired Illumina FASTQ (fastp + SPAdes + flaA).","Y","Y","none","","7","7","Y","","","","step_1PP_trimming__fastp, step_2AS_denovo__spades, step_4TY_flaA__flaA","step_2AS_denovo__spades, step_4TY_flaA__flaA, step_1PP_trimming__fastp","step_1PP_trimming__fastp, step_2AS_denovo__spades, step_4TY_flaA__flaA","906","41","3","2","8.1","Great! I'll proceed with the pipeline using:
1. `step_1PP_trimming__fastp` for trimming paired Illumina reads
2. `step_2AS_denovo__spades` for bacterial assembly
3. `step_4TY_flaA__flaA` for Campylobacter flaA typing

This will process your Illumina reads, assemble the genome, and perform flaA typin","nextflow.enable.dsl=2

// --- IMPORTS ---

include { step_4TY_flaA__flaA } from '../steps/step_4TY_flaA__flaA'

include { step_2AS_denovo__spades } from '../steps/step_2AS_denovo__spades'

include { step_1PP_trimming__fastp } from '../steps/step_1PP_trimming__fastp'

include { getSingleInput } from '../functions/parameters.nf'

// --- GLOBALS ---

def genus_species = 'Campylobacter jejuni'

// --- INLINE PROCESSES ---

// --- SUB WORKFLOWS ---

workflow wf_campylobacter_flaA {
    
    take:
        
        trimmed
        
    
    main:
        trimmed.multiMap {
            trimmed: it
            genus_species: genus_species
        }.set { prep }
        assembly = step_2AS_denovo__spades(prep.trimmed)
        step_4TY_flaA__flaA(assembly.assembled, prep.genus_species)
    
}

// --- ENTRYPOINT ---
workflow {
    wf_campylobacter_flaA(step_1PP_trimming__fastp(getSingleInput()).trimmed)
}","nextflow.enable.dsl=2

include { getSingleInput; optionalOrDefault; param } from '../functions/parameters.nf'
include { step_1PP_trimming__fastp } from '../steps/step_1PP_trimming__fastp'
include { step_2AS_denovo__spades } from '../steps/step_2AS_denovo__spades'
include { step_4TY_flaA__flaA } from '../steps/step_4TY_flaA__flaA'
workflow {
    trimmed   = step_1PP_trimming__fastp(getSingleInput()).trimmed
    assembled = step_2AS_denovo__spades(trimmed).assembled
    step_4TY_flaA__flaA(assembled, param('genus_species'))
}
"
"MOD_RTY11_replace_typing_flaA_to_mlst_cam","2","replace","(generated)","MOD_RTY11_replace_typing_flaA_to_mlst_cam_t2","modification","Switch the downstream step from flaA to mlst.","Y","Y","none","","7","7","Y","","","","step_1PP_trimming__fastp, step_2AS_denovo__spades, step_4TY_MLST__mlst","step_2AS_denovo__spades, step_4TY_MLST__mlst, step_1PP_trimming__fastp","step_1PP_trimming__fastp, step_2AS_denovo__spades, step_4TY_MLST__mlst","746","36","3","2","10.1","Great! I'll proceed with the pipeline using:
1. `step_1PP_trimming__fastp` for trimming paired Illumina reads
2. `step_2AS_denovo__spades` for bacterial assembly
3. `step_4TY_MLST__mlst` for MLST typing

This will process your Illumina reads, assemble the genome, and perform MLST typing. I'll set th","nextflow.enable.dsl=2

// --- IMPORTS ---

include { step_2AS_denovo__spades } from '../steps/step_2AS_denovo__spades'

include { step_1PP_trimming__fastp } from '../steps/step_1PP_trimming__fastp'

include { getSingleInput } from '../functions/parameters.nf'

include { step_4TY_MLST__mlst } from '../steps/step_4TY_MLST__mlst'

// --- GLOBALS ---

// --- INLINE PROCESSES ---

// --- SUB WORKFLOWS ---

workflow wf_campylobacter_mlst {
    
    take:
        
        trimmed
        
    
    main:
        assembled = step_2AS_denovo__spades(trimmed).assembled
        step_4TY_MLST__mlst(assembled)
    
}

// --- ENTRYPOINT ---
workflow {
    trimmed = step_1PP_trimming__fastp(getSingleInput()).trimmed
    wf_campylobacter_mlst(trimmed)
}","nextflow.enable.dsl=2

include { getSingleInput; optionalOrDefault; param } from '../functions/parameters.nf'
include { step_1PP_trimming__fastp } from '../steps/step_1PP_trimming__fastp'
include { step_2AS_denovo__spades } from '../steps/step_2AS_denovo__spades'
include { step_4TY_MLST__mlst } from '../steps/step_4TY_MLST__mlst'
workflow {
    trimmed   = step_1PP_trimming__fastp(getSingleInput()).trimmed
    assembled = step_2AS_denovo__spades(trimmed).assembled
    step_4TY_MLST__mlst(assembled)
}
"
"MOD_RTY12_replace_typing_staramr_to_abricate_cam","1","replace","(generated)","MOD_RTY12_replace_typing_staramr_to_abricate_cam_t1","modification","staramr on Campylobacter jejuni from paired Illumina FASTQ (fastp + SPAdes + staramr).","Y","N","silent_no_op","No process placeholders appeared. when: clause filtered everything?","0","7","N","","step_1PP_trimming__fastp","","step_2AS_denovo__spades, step_4AN_AMR__staramr","step_2AS_denovo__spades, step_4AN_AMR__staramr","step_1PP_trimming__fastp, step_2AS_denovo__spades, step_4AN_AMR__staramr","842","40","2","2","8.6","Great! I'll proceed with the pipeline using fastp for trimming, SPAdes for assembly, and Staramr for AMR analysis on your Campylobacter jejuni paired Illumina reads. I'll set this up now.","nextflow.enable.dsl=2

// --- IMPORTS ---

include { step_2AS_denovo__spades } from '../steps/step_2AS_denovo__spades'

include { getSingleInput } from '../functions/parameters.nf'

include { step_4AN_AMR__staramr } from '../steps/step_4AN_AMR__staramr'

// --- GLOBALS ---

def genus_species = 'Campylobacter jejuni'

// --- INLINE PROCESSES ---

// --- SUB WORKFLOWS ---

workflow wf_campylobacter_amr {
    
    take:
        
        trimmed
        
    
    main:
        trimmed.multiMap {
            trimmed: it
            reference: [ referenceRiscd, referenceCode, file(referencePath) ]
        }.set { trAndRef }

        spades_out = step_2AS_denovo__spades(trAndRef.trimmed)
        step_4AN_AMR__staramr(spades_out.assembled, genus_species)
    
}

// --- ENTRYPOINT ---
workflow {
    wf_campylobacter_amr(getSingleInput())
}","nextflow.enable.dsl=2

include { getSingleInput; optionalOrDefault; param } from '../functions/parameters.nf'
include { step_1PP_trimming__fastp } from '../steps/step_1PP_trimming__fastp'
include { step_2AS_denovo__spades } from '../steps/step_2AS_denovo__spades'
include { step_4AN_AMR__staramr } from '../steps/step_4AN_AMR__staramr'
workflow {
    trimmed   = step_1PP_trimming__fastp(getSingleInput()).trimmed
    assembled = step_2AS_denovo__spades(trimmed).assembled
    step_4AN_AMR__staramr(assembled, param('genus_species'))
}
"
"MOD_RTY12_replace_typing_staramr_to_abricate_cam","2","replace","(generated)","MOD_RTY12_replace_typing_staramr_to_abricate_cam_t2","modification","Switch the downstream step from staramr to abricate.","Y","Y","none","","7","7","Y","","","","step_1PP_trimming__fastp, step_2AS_denovo__spades, step_4AN_AMR__abricate","step_1PP_trimming__fastp, step_2AS_denovo__spades, step_4AN_AMR__abricate","step_1PP_trimming__fastp, step_2AS_denovo__spades, step_4AN_AMR__abricate","759","36","3","2","5.0","I'll proceed with the pipeline using fastp for trimming, SPAdes for assembly, and Abricate for AMR analysis on your Campylobacter jejuni paired Illumina reads. I'll set this up now.","nextflow.enable.dsl=2

// --- IMPORTS ---

include { step_4AN_AMR__abricate } from '../steps/step_4AN_AMR__abricate'

include { step_2AS_denovo__spades } from '../steps/step_2AS_denovo__spades'

include { step_1PP_trimming__fastp } from '../steps/step_1PP_trimming__fastp'

include { getSingleInput } from '../functions/parameters.nf'

// --- GLOBALS ---

// --- INLINE PROCESSES ---

// --- SUB WORKFLOWS ---

workflow wf_trim_assemble_amr {
    
    take:
        
        rawreads
        
    
    main:
        trimmed = step_1PP_trimming__fastp(rawreads).trimmed
        assembled = step_2AS_denovo__spades(trimmed).assembled
        step_4AN_AMR__abricate(assembled)
    
}

// --- ENTRYPOINT ---
workflow {
    wf_trim_assemble_amr(getSingleInput())
}","nextflow.enable.dsl=2

include { getSingleInput; optionalOrDefault; param } from '../functions/parameters.nf'
include { step_1PP_trimming__fastp } from '../steps/step_1PP_trimming__fastp'
include { step_2AS_denovo__spades } from '../steps/step_2AS_denovo__spades'
include { step_4AN_AMR__abricate } from '../steps/step_4AN_AMR__abricate'
workflow {
    trimmed   = step_1PP_trimming__fastp(getSingleInput()).trimmed
    assembled = step_2AS_denovo__spades(trimmed).assembled
    step_4AN_AMR__abricate(assembled)
}
"
"MOD_RM01_replace_mono_mlst_to_chewbbaca_sal","1","replace","(generated)","MOD_RM01_replace_mono_mlst_to_chewbbaca_sal_t1","modification","Run mlst on a pre-existing Salmonella enterica assembly.","Y","N","file_not_found","WARN: file not found: '/mnt/data/cohesive_llm_bench_scratch/_shared_inputdir/2026/2026.SAL.218.1.1/2AS_import/DS99999-DT260224_external/result/*.fasta'","0","1","Y","","","","","step_4TY_MLST__mlst","step_4TY_MLST__mlst","383","28","1","2","6.2","Great! I'll proceed with running MLST on your pre-existing Salmonella enterica assembly using the `step_4TY_MLST__mlst` tool. This will provide you with MLST typing results for your assembly.","nextflow.enable.dsl=2

// --- IMPORTS ---

include { getSingleInput } from '../functions/parameters.nf'

// --- GLOBALS ---

// --- INLINE PROCESSES ---

// --- SUB WORKFLOWS ---

workflow step_4TY_MLST__mlst {
    
    take:
        
        assembly
        
    
    main:
        mlst(assembly)
    
}

// --- ENTRYPOINT ---
workflow {
    step_4TY_MLST__mlst(getSingleInput())
}","nextflow.enable.dsl=2

include { getInput; optionalOrDefault; param } from '../functions/parameters.nf'
include { step_4TY_MLST__mlst } from '../steps/step_4TY_MLST__mlst'
workflow {
    step_4TY_MLST__mlst(getInput())
}
"
"MOD_RM01_replace_mono_mlst_to_chewbbaca_sal","2","replace","(generated)","MOD_RM01_replace_mono_mlst_to_chewbbaca_sal_t2","modification","Use chewbbaca on that same assembly instead.","Y","N","silent_no_op","No process placeholders appeared. when: clause filtered everything?","0","3","Y","","","","","step_4TY_cgMLST__chewbbaca","step_4TY_cgMLST__chewbbaca","4531","145","1","3","51.6","I'll proceed with running cgMLST using ChewBBACA on your pre-existing Salmonella enterica assembly. This will provide detailed genomic typing results.","nextflow.enable.dsl=2

// --- IMPORTS ---

include { getInput; optionalOrDefault; param } from '../functions/parameters.nf'

include { parseMetadataFromFileName } from '../functions/common.nf'

// --- GLOBALS ---

def SPECIES_SCHEMA = { listeria_monocytogenes: ['l_mono_chewie_1748_220623'], escherichia_coli: ['e_coli_chewie_2360_210531'], salmonella_enterica: ['s_enterica_chewie_3255_210531'] }

def SCHEMAS = { l_mono_chewie_1748_220623: '/schemas/Listeria_monocytogenes_Pasteur_cgMLST_2022-06-23T18_03_54.613576.zip', e_coli_chewie_2360_210531: '/schemas/Escherichia_coli_INNUENDO_wgMLST_2021-05-31T14_24_05.304225.zip', s_enterica_chewie_3255_210531: '/schemas/Salmonella_enterica_INNUENDO_cgMLST_2021-05-31T20_28_21.350919.zip' }

def CHEWBBACA_SINGLE_END_PARAMS = { l_mono_chewie_1748_220623: ' --minimum-length 144 --st 0.1 --bsr 0.6 ', e_coli_chewie_2360_210531: ' --minimum-length 0 --st 0.01 --bsr 0.6 --genes-list /schemas/Escherichia_coli_INNUENDO_cgMLST_EFSA_filterlist.txt ', s_enterica_chewie_3255_210531: ' --minimum-length 0 --st 0.01 --bsr 0.6 --genes-list /schemas/Salmonella_enterica_INNUENDO_cgMLST_EFSA_filterlist.txt ' }

def CHEWBBACA_PAIRED_END_PARAMS = { l_mono_chewie_1748_220623: ' --minimum-length 144 ', e_coli_chewie_2360_210531: ' --minimum-length 0 --genes-list /schemas/Escherichia_coli_INNUENDO_cgMLST_EFSA_filterlist.txt ', s_enterica_chewie_3255_210531: ' --minimum-length 0 --genes-list /schemas/Salmonella_enterica_INNUENDO_cgMLST_EFSA_filterlist.txt ' }

// --- INLINE PROCESSES ---

process chewbbaca {
    container 'ghcr.io/genpat-it/chewbbaca-w-chewie-schemas:2.8.5--16b816c96d'
    
    input:
    
    tuple val(riscd_input), path(assembly)
    
    val genus_species
    
    val schema
    
    
    output:
    
    path '**'
    
    path('${base}_results_statistics.tsv'), emit: stats
    
    tuple path('${base}_results_alleles.tsv'), path('schema/'), emit: alleles
    
    tuple path('${base}_results_alleles.tsv'), path('${base}_new_alleles.txt'), val(schemaName), emit: alleles_with_new
    
    path '{*.sh,*.log}', hidden: true
    
    
    script:
    """"""
md = parseMetadataFromFileName(assembly.getName())
base = ""${md.ds}-${ex.dt}_${md.cmp}_${METHOD}""
schemaName = getSchema(genus_species, schema)
schemaPath = SCHEMAS.get(schemaName)
newAlleleKey = assembly.getName().replaceAll('_', '-')
speciesSpecificParams = getExtraParams(schemaName)
""""""
#!/bin/bash -euo pipefail
unzip ${schemaPath} -d schema > /dev/null
chmod -R 777 schema
mkdir input && cp ${assembly} input/
chewBBACA.py AlleleCall -i input -g schema -o results --cpu ${task.cpus} --force-continue --verbose ${speciesSpecificParams}
grep ""${newAlleleKey}"" schema/*.fasta -A1 -h | grep -v ""\-\-"" > ${base}_new_alleles.txt || echo ""no INF alleles found""
mv results/*/results_alleles.tsv ${base}_results_alleles.tsv
mv results/*/results_contigsInfo.tsv ${base}_results_contigsInfo.tsv
mv results/*/results_statistics.tsv ${base}_results_statistics.tsv
""""""
    """"""
}

process chewbbaca_check {
    container 'quay.io/biocontainers/python:3.9'
    
    input:
    
    path(chewbbacaStats)
    
    
    output:
    
    path '*'
    
    path '{*.sh,*.log}', hidden: true
    
    path('${base}_import_chewbbaca_check.csv'), emit: check
    
    
    script:
    """"""
md = parseMetadataFromFileName(chewbbacaStats.getName())
base = ""${md.ds}-${ex.dt}_${md.cmp}""
""""""
/scripts/chewieCheck.py --stat ${chewbbacaStats} > ${base}_import_chewbbaca_check.csv
""""""
    """"""
}

process hashing {
    container 'ghcr.io/genpat-it/hashing:1.0--29180a232f'
    
    input:
    
    tuple path(chewbbaca_result), path(schema_path)
    
    
    output:
    
    path '*'
    
    path '{*.sh,*.log}', hidden: true
    
    
    script:
    """"""
md = parseMetadataFromFileName(chewbbaca_result.getName())
base = ""${md.ds}-${ex.dt}_${md.cmp}""
""""""
mask_matrix.py -i ${chewbbaca_result} -o masked_results.tsv
alleleprofile_hasher.py -p masked_results.tsv -d ${schema_path} -o ./_hashed_results.tsv
rm -Rf ${schema_path}/*
""""""
    """"""
}

// --- SUB WORKFLOWS ---

workflow step_4TY_cgMLST__chewbbaca {
    
    take:
        
        assembly
        
        genus_species
        
        schema
        
    
    main:
        chewbbaca_result = chewbbaca(assembly, genus_species, schema)
        hashing(chewbbaca_result.alleles)
        chewbbaca_check(chewbbaca_result.stats).check
    
}

// --- ENTRYPOINT ---
workflow {
    step_4TY_cgMLST__chewbbaca(getInput(), param('genus_species'), optionalOrDefault('schema', ''))
}","nextflow.enable.dsl=2

include { getInput; optionalOrDefault; param } from '../functions/parameters.nf'
include { step_4TY_cgMLST__chewbbaca } from '../steps/step_4TY_cgMLST__chewbbaca'
workflow {
    step_4TY_cgMLST__chewbbaca(getInput(), param('genus_species'), optionalOrDefault('schema', ''))
}
"
"MOD_RM02_replace_mono_mlst_to_chewbbaca_lis","1","replace","(generated)","MOD_RM02_replace_mono_mlst_to_chewbbaca_lis_t1","modification","Run mlst on a pre-existing Listeria monocytogenes assembly.","Y","N","file_not_found","WARN: file not found: '/mnt/data/cohesive_llm_bench_scratch/_shared_inputdir/2026/2026.LIS.220.1.1/2AS_import/DS99999-DT260224_external/result/*.fasta'","0","1","Y","","","","","step_4TY_MLST__mlst","step_4TY_MLST__mlst","371","28","1","2","6.3","Great! I'll proceed with the MLST typing using the `step_4TY_MLST__mlst` tool for your Listeria monocytogenes assembly. Here's the plan:

1. **Input**: Your pre-existing Listeria monocytogenes assembly
2. **Tool**: `step_4TY_MLST__mlst` (mlst)
3. **Output**: MLST typing results

The pipeline will be","nextflow.enable.dsl=2

// --- IMPORTS ---

include { getInput } from '../functions/parameters.nf'

// --- GLOBALS ---

// --- INLINE PROCESSES ---

// --- SUB WORKFLOWS ---

workflow step_4TY_MLST__mlst {
    
    take:
        
        assembly
        
    
    main:
        mlst(assembly)
    
}

// --- ENTRYPOINT ---
workflow {
    step_4TY_MLST__mlst(getInput())
}","nextflow.enable.dsl=2

include { getInput; optionalOrDefault; param } from '../functions/parameters.nf'
include { step_4TY_MLST__mlst } from '../steps/step_4TY_MLST__mlst'
workflow {
    step_4TY_MLST__mlst(getInput())
}
"
"MOD_RM02_replace_mono_mlst_to_chewbbaca_lis","2","replace","(generated)","MOD_RM02_replace_mono_mlst_to_chewbbaca_lis_t2","modification","Use chewbbaca on that same assembly instead.","Y","N","silent_no_op","No process placeholders appeared. when: clause filtered everything?","0","3","Y","","","","","step_4TY_cgMLST__chewbbaca","step_4TY_cgMLST__chewbbaca","4535","145","1","2","10.6","Great! I'll proceed with ChewBBACA for cgMLST typing on your Listeria monocytogenes assembly. Here's the plan:

1. **Input**: Your pre-existing Listeria monocytogenes assembly
2. **Tool**: `step_4TY_cgMLST__chewbbaca` (chewbbaca)
3. **Output**: cgMLST typing results

The pipeline will be built using","nextflow.enable.dsl=2

// --- IMPORTS ---

include { getInput; optionalOrDefault; param } from '../functions/parameters.nf'

include { parseMetadataFromFileName } from '../functions/common.nf'

// --- GLOBALS ---

def SPECIES_SCHEMA = [listeria_monocytogenes : ['l_mono_chewie_1748_220623'], escherichia_coli : ['e_coli_chewie_2360_210531'], salmonella_enterica : ['s_enterica_chewie_3255_210531']]

def SCHEMAS = [l_mono_chewie_1748_220623 : '/schemas/Listeria_monocytogenes_Pasteur_cgMLST_2022-06-23T18_03_54.613576.zip', e_coli_chewie_2360_210531 : '/schemas/Escherichia_coli_INNUENDO_wgMLST_2021-05-31T14_24_05.304225.zip', s_enterica_chewie_3255_210531 : '/schemas/Salmonella_enterica_INNUENDO_cgMLST_2021-05-31T20_28_21.350919.zip']

def CHEWBBACA_SINGLE_END_PARAMS = [l_mono_chewie_1748_220623 : ' --minimum-length 144 --st 0.1 --bsr 0.6 ', e_coli_chewie_2360_210531 : ' --minimum-length 0 --st 0.01 --bsr 0.6 --genes-list /schemas/Escherichia_coli_INNUENDO_cgMLST_EFSA_filterlist.txt ', s_enterica_chewie_3255_210531 : ' --minimum-length 0 --st 0.01 --bsr 0.6 --genes-list /schemas/Salmonella_enterica_INNUENDO_cgMLST_EFSA_filterlist.txt ']

def CHEWBBACA_PAIRED_END_PARAMS = [l_mono_chewie_1748_220623 : ' --minimum-length 144 ', e_coli_chewie_2360_210531 : ' --minimum-length 0 --genes-list /schemas/Escherichia_coli_INNUENDO_cgMLST_EFSA_filterlist.txt ', s_enterica_chewie_3255_210531 : ' --minimum-length 0 --genes-list /schemas/Salmonella_enterica_INNUENDO_cgMLST_EFSA_filterlist.txt ']

// --- INLINE PROCESSES ---

process chewbbaca {
    container 'ghcr.io/genpat-it/chewbbaca-w-chewie-schemas:2.8.5--16b816c96d'
    
    input:
    
    tuple val(riscd_input), path(assembly)
    
    val genus_species
    
    val schema
    
    
    output:
    
    path '**'
    
    path('${base}_results_statistics.tsv'), emit: stats
    
    tuple path('${base}_results_alleles.tsv'), path('schema/'), emit: alleles
    
    tuple path('${base}_results_alleles.tsv'), path('${base}_new_alleles.txt'), val(schemaName), emit: alleles_with_new
    
    path '{*.sh,*.log}', hidden: true
    
    
    script:
    """"""
md = parseMetadataFromFileName(assembly.getName())
base = ""${md.ds}-${ex.dt}_${md.cmp}_${METHOD}""
schemaName = getSchema(genus_species, schema)
schemaPath = SCHEMAS.get(schemaName)
newAlleleKey = assembly.getName().replaceAll('_', '-')
speciesSpecificParams = getExtraParams(schemaName)
""""""
#!/bin/bash -euo pipefail
unzip ${schemaPath} -d schema > /dev/null
chmod -R 777 schema
mkdir input && cp ${assembly} input/
chewBBACA.py AlleleCall -i input -g schema -o results --cpu ${task.cpus} --force-continue --verbose ${speciesSpecificParams}
grep ""${newAlleleKey}"" schema/*.fasta -A1 -h | grep -v ""\-\-"" > ${base}_new_alleles.txt || echo ""no INF alleles found""
mv results/*/results_alleles.tsv ${base}_results_alleles.tsv
mv results/*/results_contigsInfo.tsv ${base}_results_contigsInfo.tsv
mv results/*/results_statistics.tsv ${base}_results_statistics.tsv
""""""
    """"""
}

process chewbbaca_check {
    container 'quay.io/biocontainers/python:3.9'
    
    input:
    
    path(chewbbacaStats)
    
    
    output:
    
    path '*'
    
    path '{*.sh,*.log}', hidden: true
    
    path('${base}_import_chewbbaca_check.csv'), emit: check
    
    
    script:
    """"""
md = parseMetadataFromFileName(chewbbacaStats.getName())
base = ""${md.ds}-${ex.dt}_${md.cmp}""
""""""
/scripts/chewieCheck.py --stat ${chewbbacaStats} > ${base}_import_chewbbaca_check.csv
""""""
    """"""
}

process hashing {
    container 'ghcr.io/genpat-it/hashing:1.0--29180a232f'
    
    input:
    
    tuple path(chewbbaca_result), path(schema_path)
    
    
    output:
    
    path '*'
    
    path '{*.sh,*.log}', hidden: true
    
    
    script:
    """"""
md = parseMetadataFromFileName(chewbbaca_result.getName())
base = ""${md.ds}-${ex.dt}_${md.cmp}""
""""""
mask_matrix.py -i ${chewbbaca_result} -o masked_results.tsv
alleleprofile_hasher.py -p masked_results.tsv -d ${schema_path} -o ./_hashed_results.tsv
rm -Rf ${schema_path}/*
""""""
    """"""
}

// --- SUB WORKFLOWS ---

workflow step_4TY_cgMLST__chewbbaca {
    
    take:
        
        assembly
        
        genus_species
        
        schema
        
    
    main:
        chewbbaca_result = chewbbaca(assembly, genus_species, schema)
        hashing(chewbbaca_result.alleles)
        chewbbaca_check(chewbbaca_result.stats).check
    
}

// --- ENTRYPOINT ---
workflow {
    step_4TY_cgMLST__chewbbaca(getInput(), param('genus_species'), optionalOrDefault('schema', ''))
}","nextflow.enable.dsl=2

include { getInput; optionalOrDefault; param } from '../functions/parameters.nf'
include { step_4TY_cgMLST__chewbbaca } from '../steps/step_4TY_cgMLST__chewbbaca'
workflow {
    step_4TY_cgMLST__chewbbaca(getInput(), param('genus_species'), optionalOrDefault('schema', ''))
}
"
"MOD_RM03_replace_mono_chewbbaca_to_mlst_lis","1","replace","(generated)","MOD_RM03_replace_mono_chewbbaca_to_mlst_lis_t1","modification","Run chewbbaca on a pre-existing Listeria monocytogenes assembly.","Y","Y","none","","3","3","Y","","","","step_4TY_cgMLST__chewbbaca","step_4TY_cgMLST__chewbbaca","step_4TY_cgMLST__chewbbaca","769","40","1","4","11.6","I'll set up the pipeline to run ChewBBACA on your pre-existing Listeria monocytogenes assembly. The pipeline will use the `module_surveillance` template with the ChewBBACA component. Please confirm if you have any specific schema or parameters you'd like to use, or if the default settings are accept","nextflow.enable.dsl=2

// --- IMPORTS ---

include { step_4TY_cgMLST__chewbbaca } from '../steps/step_4TY_cgMLST__chewbbaca'

include { getAssembly } from '../functions/parameters.nf'

// --- GLOBALS ---

def genus_species = 'Listeria monocytogenes'

def schema = 'l_mono_chewie_1748_220623'

// --- INLINE PROCESSES ---

// --- SUB WORKFLOWS ---

workflow module_surveillance {
    
    take:
        
        assembly
        
    
    main:
        assembly.multiMap {
            assembly: it
            genus_species: genus_species
            schema: schema
        }.set { prepared }

        step_4TY_cgMLST__chewbbaca(prepared.assembly, prepared.genus_species, prepared.schema)
    
}

// --- ENTRYPOINT ---
workflow {
    module_surveillance(getAssembly())
}","nextflow.enable.dsl=2

include { getInput; optionalOrDefault; param } from '../functions/parameters.nf'
include { step_4TY_cgMLST__chewbbaca } from '../steps/step_4TY_cgMLST__chewbbaca'
workflow {
    step_4TY_cgMLST__chewbbaca(getInput(), param('genus_species'), optionalOrDefault('schema', ''))
}
"
"MOD_RM03_replace_mono_chewbbaca_to_mlst_lis","2","replace","(generated)","MOD_RM03_replace_mono_chewbbaca_to_mlst_lis_t2","modification","Use mlst on that same assembly instead.","Y","Y","none","","1","1","Y","","","","step_4TY_MLST__mlst","step_4TY_MLST__mlst","step_4TY_MLST__mlst","461","30","1","2","6.6","I'll set up the pipeline to run MLST on your pre-existing Listeria monocytogenes assembly using the `module_surveillance` template with the MLST component. The pipeline will:

1. Take the pre-existing assembly as input
2. Run MLST to determine the sequence type
3. Output the MLST typing results

Thi","nextflow.enable.dsl=2

// --- IMPORTS ---

include { getAssembly } from '../functions/parameters.nf'

include { step_4TY_MLST__mlst } from '../steps/step_4TY_MLST__mlst'

// --- GLOBALS ---

// --- INLINE PROCESSES ---

// --- SUB WORKFLOWS ---

workflow module_surveillance {
    
    take:
        
        assembly
        
    
    main:
        step_4TY_MLST__mlst(assembly)
    
}

// --- ENTRYPOINT ---
workflow {
    module_surveillance(getAssembly())
}","nextflow.enable.dsl=2

include { getInput; optionalOrDefault; param } from '../functions/parameters.nf'
include { step_4TY_MLST__mlst } from '../steps/step_4TY_MLST__mlst'
workflow {
    step_4TY_MLST__mlst(getInput())
}
"
"MOD_RM04_replace_mono_chewbbaca_to_mlst_sal","1","replace","(generated)","MOD_RM04_replace_mono_chewbbaca_to_mlst_sal_t1","modification","Run chewbbaca on a pre-existing Salmonella enterica assembly.","Y","N","file_not_found","WARN: file not found: '/mnt/data/cohesive_llm_bench_scratch/_shared_inputdir/2026/2026.SAL.219.1.1/2AS_import/DS99999-DT260224_external/result/*.fasta'","0","3","Y","","","","","step_4TY_cgMLST__chewbbaca","step_4TY_cgMLST__chewbbaca","607","34","1","3","8.8","I'll proceed with running ChewBBACA on your pre-existing Salmonella enterica assembly. Here's the plan:

1. **Input**: Use your pre-existing Salmonella enterica assembly
2. **ChewBBACA**: Run ChewBBACA with the Salmonella enterica schema
3. **Output**: Generate cgMLST profile

The pipeline will be s","nextflow.enable.dsl=2

// --- IMPORTS ---

include { getInput } from '../functions/parameters.nf'

// --- GLOBALS ---

def genus_species = 'Salmonella enterica'

def schema = 'Salmonella enterica'

// --- INLINE PROCESSES ---

// --- SUB WORKFLOWS ---

workflow step_4TY_cgMLST__chewbbaca {
    
    take:
        
        assembly
        
    
    main:
        chewbbaca_result = chewbbaca(assembly, genus_species, schema)
        hashing(chewbbaca_result.alleles)
        chewbbaca_check(chewbbaca_result.stats).check
    
}

// --- ENTRYPOINT ---
workflow {
    step_4TY_cgMLST__chewbbaca(getInput())
}","nextflow.enable.dsl=2

include { getInput; optionalOrDefault; param } from '../functions/parameters.nf'
include { step_4TY_cgMLST__chewbbaca } from '../steps/step_4TY_cgMLST__chewbbaca'
workflow {
    step_4TY_cgMLST__chewbbaca(getInput(), param('genus_species'), optionalOrDefault('schema', ''))
}
"
"MOD_RM04_replace_mono_chewbbaca_to_mlst_sal","2","replace","(generated)","MOD_RM04_replace_mono_chewbbaca_to_mlst_sal_t2","modification","Use mlst on that same assembly instead.","Y","N","file_not_found","WARN: file not found: '/mnt/data/cohesive_llm_bench_scratch/_shared_inputdir/2026/2026.SAL.219.1.1/2AS_import/DS99999-DT260224_external/result/*.fasta'","0","1","Y","","","","","step_4TY_MLST__mlst","step_4TY_MLST__mlst","409","29","1","2","6.0","I'll proceed with running MLST on your pre-existing Salmonella enterica assembly. The pipeline will use the MLST tool to determine the sequence type from the assembly. Is that correct?","nextflow.enable.dsl=2

// --- IMPORTS ---

include { getAssembly } from '../functions/parameters.nf'

// --- GLOBALS ---

// --- INLINE PROCESSES ---

// --- SUB WORKFLOWS ---

workflow step_4TY_MLST__mlst {
    
    take:
        
        assembly
        
    
    main:
        mlst(assembly)
        mlst_profile = mlst.out
    
}

// --- ENTRYPOINT ---
workflow {
    step_4TY_MLST__mlst(getAssembly())
}","nextflow.enable.dsl=2

include { getInput; optionalOrDefault; param } from '../functions/parameters.nf'
include { step_4TY_MLST__mlst } from '../steps/step_4TY_MLST__mlst'
workflow {
    step_4TY_MLST__mlst(getInput())
}
"
"MOD_RM05_replace_mono_chewbbaca_to_abricate_lis","1","replace","(generated)","MOD_RM05_replace_mono_chewbbaca_to_abricate_lis_t1","modification","Run chewbbaca on a pre-existing Listeria monocytogenes assembly.","Y","N","file_not_found","WARN: file not found: '/mnt/data/cohesive_llm_bench_scratch/_shared_inputdir/2026/2026.LIS.222.1.1/2AS_import/DS99999-DT260224_external/result/*.fasta'","0","3","Y","","","","","step_4TY_cgMLST__chewbbaca","step_4TY_cgMLST__chewbbaca","622","34","1","2","8.5","Great! I'll proceed with running chewbbaca on your pre-existing Listeria monocytogenes assembly. Here's the plan:

1. **Input**: Your pre-existing Listeria monocytogenes assembly
2. **Tool**: chewbbaca (`step_4TY_cgMLST__chewbbaca`)
3. **Parameters**: 
   - Input: assembly
   - genus_species: Lister","nextflow.enable.dsl=2

// --- IMPORTS ---

include { getAssembly } from '../functions/parameters.nf'

// --- GLOBALS ---

def genus_species = 'Listeria monocytogenes'

def schema = 'l_mono_chewie_1748_220623'

// --- INLINE PROCESSES ---

// --- SUB WORKFLOWS ---

workflow step_4TY_cgMLST__chewbbaca {
    
    take:
        
        assembly
        
    
    main:
        chewbbaca_result = chewbbaca(assembly, genus_species, schema)
        chewbbaca_check(chewbbaca_result.stats).check
        hashing(chewbbaca_result.alleles)
    
}

// --- ENTRYPOINT ---
workflow {
    step_4TY_cgMLST__chewbbaca(getAssembly())
}","nextflow.enable.dsl=2

include { getInput; optionalOrDefault; param } from '../functions/parameters.nf'
include { step_4TY_cgMLST__chewbbaca } from '../steps/step_4TY_cgMLST__chewbbaca'
workflow {
    step_4TY_cgMLST__chewbbaca(getInput(), param('genus_species'), optionalOrDefault('schema', ''))
}
"
"MOD_RM05_replace_mono_chewbbaca_to_abricate_lis","2","replace","(generated)","MOD_RM05_replace_mono_chewbbaca_to_abricate_lis_t2","modification","Use abricate on that same assembly instead.","Y","N","file_not_found","WARN: file not found: '/mnt/data/cohesive_llm_bench_scratch/_shared_inputdir/2026/2026.LIS.222.1.1/2AS_import/DS99999-DT260224_external/result/*.fasta'","0","1","Y","","","","","step_4AN_AMR__abricate","step_4AN_AMR__abricate","433","30","1","2","6.6","I'll run abricate on your Listeria monocytogenes assembly for AMR gene detection. Here's the final plan:

1. **Input**: Your pre-existing Listeria monocytogenes assembly
2. **Tool**: abricate (`step_4AN_AMR__abricate`)
3. **Parameters**:
   - Input: assembly
   - genus_species: Listeria monocytogene","nextflow.enable.dsl=2

// --- IMPORTS ---

include { getAssembly } from '../functions/parameters.nf'

// --- GLOBALS ---

def genus_species = 'Listeria monocytogenes'

// --- INLINE PROCESSES ---

// --- SUB WORKFLOWS ---

workflow step_4AN_AMR__abricate {
    
    take:
        
        assembly
        
    
    main:
        abricate(assembly)
    
}

// --- ENTRYPOINT ---
workflow {
    step_4AN_AMR__abricate(getAssembly())
}","nextflow.enable.dsl=2

include { getInput; optionalOrDefault; param } from '../functions/parameters.nf'
include { step_4AN_AMR__abricate } from '../steps/step_4AN_AMR__abricate'
workflow {
    step_4AN_AMR__abricate(getInput())
}
"
"MOD_RM06_replace_mono_abricate_to_prokka_eco","1","replace","(generated)","MOD_RM06_replace_mono_abricate_to_prokka_eco_t1","modification","Run abricate on a pre-existing Escherichia coli assembly.","Y","N","file_not_found","WARN: file not found: '/mnt/data/cohesive_llm_bench_scratch/_shared_inputdir/2026/2026.ECO.214.1.1/2AS_import/DS99999-DT260224_external/result/*.fasta'","0","1","N","","step_4AN_AMR__abricate","","","","step_4AN_AMR__abricate","420","32","0","2","6.5","Great! I'll proceed with running Abricate on your pre-existing Escherichia coli assembly. Here's the plan:

1. **Input**: Use your pre-existing Escherichia coli assembly
2. **Tool**: `step_4AN_AMR__abricate` (abricate)
3. **Parameters**: 
   - Assembly: Your Escherichia coli assembly
   - Genus/spec","nextflow.enable.dsl=2

// --- IMPORTS ---

include { getSingleInput } from '../functions/parameters.nf'

// --- GLOBALS ---

def genus = 'Escherichia'

def species = 'coli'

// --- INLINE PROCESSES ---

// --- SUB WORKFLOWS ---

workflow wf_abricate {
    
    take:
        
        assembly
        
    
    main:
        abricate(assembly)
    
}

// --- ENTRYPOINT ---
workflow {
    wf_abricate(getSingleInput())
}","nextflow.enable.dsl=2

include { getInput; optionalOrDefault; param } from '../functions/parameters.nf'
include { step_4AN_AMR__abricate } from '../steps/step_4AN_AMR__abricate'
workflow {
    step_4AN_AMR__abricate(getInput())
}
"
"MOD_RM06_replace_mono_abricate_to_prokka_eco","2","replace","(generated)","MOD_RM06_replace_mono_abricate_to_prokka_eco_t2","modification","Use prokka on that same assembly instead.","Y","N","file_not_found","WARN: file not found: '/mnt/data/cohesive_llm_bench_scratch/_shared_inputdir/2026/2026.ECO.214.1.1/2AS_import/DS99999-DT260224_external/result/*.fasta'","0","1","Y","","","","","step_4AN_genes__prokka","step_4AN_genes__prokka","553","33","1","2","6.4","Great! I'll proceed with running Prokka on your pre-existing Escherichia coli assembly. This will provide comprehensive genome annotation.

**Pipeline Plan:**
1. **Input**: Your pre-existing Escherichia coli assembly
2. **Tool**: `step_4AN_genes__prokka` (prokka)
3. **Parameters**:
   - Assembly: Yo","nextflow.enable.dsl=2

// --- IMPORTS ---

include { getAssembly } from '../functions/parameters.nf'

include { getEmpty } from '../functions/common.nf'

// --- GLOBALS ---

def kingdom = 'Bacteria'

// --- INLINE PROCESSES ---

// --- SUB WORKFLOWS ---

workflow step_4AN_genes__prokka {
    
    take:
        
        assembly
        
    
    main:
        assembly.map { [ it[0], it[1], kingdom, '-', '-', getEmpty() ] }.set { prokkaIn }
        prokka(prokkaIn)
    
}

// --- ENTRYPOINT ---
workflow {
    step_4AN_genes__prokka(getAssembly())
}","nextflow.enable.dsl=2

include { getInput; optionalOrDefault; param } from '../functions/parameters.nf'
include { step_4AN_genes__prokka } from '../steps/step_4AN_genes__prokka'
workflow {
    step_4AN_genes__prokka(getInput())
}
"
"MOD_RM07_replace_mono_abricate_to_mlst_sal","1","replace","(generated)","MOD_RM07_replace_mono_abricate_to_mlst_sal_t1","modification","Run abricate on a pre-existing Salmonella enterica assembly.","Y","N","silent_no_op","No process placeholders appeared. when: clause filtered everything?","0","1","Y","","","","","step_4AN_AMR__abricate","step_4AN_AMR__abricate","991","57","1","2","7.6","Great! I'll proceed with running Abricate on your pre-existing Salmonella enterica assembly using the default settings. Here's the plan:

1. **Input**: Your Salmonella enterica assembly (FASTA format)
2. **Tool**: Abricate (`step_4AN_AMR__abricate`)
3. **Database**: Default Abricate database
4. **Ou","nextflow.enable.dsl=2

// --- IMPORTS ---

include { getInput } from '../functions/parameters.nf'

include { parseMetadataFromFileName } from '../functions/common.nf'

// --- GLOBALS ---

// --- INLINE PROCESSES ---

process abricate {
    container 'staphb/abricate:1.0.0'
    
    input:
    
    tuple val(riscd_input), path(assembly)
    
    
    output:
    
    path '*'
    
    path '*.sh', hidden: true
    
    
    script:
    """"""
md = parseMetadataFromFileName(assembly.getName())
base = ""${md.ds}-${ex.dt}_${md.cmp}""
""""""
  abricate --db vfdb --csv ${assembly} > abricate.csv
  abricate ${assembly} -db vfdb &>> ${base}_abricate.log >> ${base}_abricate_calls.txt
  abricate --summary ${base}_abricate_calls.txt > ${base}_abricate.summary
""""""
    """"""
}

// --- SUB WORKFLOWS ---

workflow step_4AN_AMR__abricate {
    
    take:
        
        data
        
    
    main:
        abricate(data)
    
}

// --- ENTRYPOINT ---
workflow {
    step_4AN_AMR__abricate(getInput())
}","nextflow.enable.dsl=2

include { getInput; optionalOrDefault; param } from '../functions/parameters.nf'
include { step_4AN_AMR__abricate } from '../steps/step_4AN_AMR__abricate'
workflow {
    step_4AN_AMR__abricate(getInput())
}
"
"MOD_RM07_replace_mono_abricate_to_mlst_sal","2","replace","(generated)","MOD_RM07_replace_mono_abricate_to_mlst_sal_t2","modification","Use mlst on that same assembly instead.","Y","N","file_not_found","WARN: file not found: '/mnt/data/cohesive_llm_bench_scratch/_shared_inputdir/2026/2026.SAL.220.1.1/2AS_import/DS99999-DT260224_external/result/*.fasta'","0","1","Y","","","","","step_4TY_MLST__mlst","step_4TY_MLST__mlst","383","28","1","1","4.9","I'll switch from Abricate to MLST for your Salmonella enterica assembly. MLST (Multi-Locus Sequence Typing) will analyze the assembly to determine the sequence type.

Here's the updated plan:

1. **Input**: Your Salmonella enterica assembly (FASTA format)
2. **Tool**: MLST (`step_4TY_MLST__mlst`)
3.","nextflow.enable.dsl=2

// --- IMPORTS ---

include { getSingleInput } from '../functions/parameters.nf'

// --- GLOBALS ---

// --- INLINE PROCESSES ---

// --- SUB WORKFLOWS ---

workflow step_4TY_MLST__mlst {
    
    take:
        
        assembly
        
    
    main:
        mlst(assembly)
    
}

// --- ENTRYPOINT ---
workflow {
    step_4TY_MLST__mlst(getSingleInput())
}","nextflow.enable.dsl=2

include { getInput; optionalOrDefault; param } from '../functions/parameters.nf'
include { step_4TY_MLST__mlst } from '../steps/step_4TY_MLST__mlst'
workflow {
    step_4TY_MLST__mlst(getInput())
}
"
"MOD_RM08_replace_mono_flaA_to_staramr_cam","1","replace","(generated)","MOD_RM08_replace_mono_flaA_to_staramr_cam_t1","modification","Run flaA on a pre-existing Campylobacter jejuni assembly.","Y","N","file_not_found","WARN: file not found: '/mnt/data/cohesive_llm_bench_scratch/_shared_inputdir/2026/2026.CAM.216.1.1/2AS_import/DS99999-DT260224_external/result/*.fasta'","0","1","Y","","","","","step_4TY_flaA__flaA","step_4TY_flaA__flaA","464","30","1","2","7.6","Great! I'll proceed with the pipeline using the `step_4TY_flaA__flaA` component for Campylobacter jejuni assembly analysis. Here's the plan:

1. **Input**: Pre-existing Campylobacter jejuni assembly
2. **Tool**: `step_4TY_flaA__flaA` (flaA typing)
3. **Output**: flaA typing results

This pipeline wi","nextflow.enable.dsl=2

// --- IMPORTS ---

include { getAssembly; getGenusSpecies } from '../functions/parameters.nf'

// --- GLOBALS ---

// --- INLINE PROCESSES ---

// --- SUB WORKFLOWS ---

workflow step_4TY_flaA__flaA {
    
    take:
        
        assembly
        
        genus_species
        
    
    main:
        mlst_flaa(assembly, genus_species)
    
}

// --- ENTRYPOINT ---
workflow {
    step_4TY_flaA__flaA(getAssembly(), getGenusSpecies())
}","nextflow.enable.dsl=2

include { getInput; optionalOrDefault; param } from '../functions/parameters.nf'
include { step_4TY_flaA__flaA } from '../steps/step_4TY_flaA__flaA'
workflow {
    step_4TY_flaA__flaA(getInput(), param('genus_species'))
}
"
"MOD_RM08_replace_mono_flaA_to_staramr_cam","2","replace","(generated)","MOD_RM08_replace_mono_flaA_to_staramr_cam_t2","modification","Use staramr on that same assembly instead.","N","N","no_code","no nextflow_code after max turns","0","1","N","","step_4AN_AMR__staramr","","","","step_4AN_AMR__staramr","0","0","0","4","7.7","I'll update the pipeline to use `staramr` instead of `flaA` for AMR analysis on the Campylobacter jejuni assembly. Let me check the available tools and confirm the change.","","nextflow.enable.dsl=2

include { getInput; optionalOrDefault; param } from '../functions/parameters.nf'
include { step_4AN_AMR__staramr } from '../steps/step_4AN_AMR__staramr'
workflow {
    step_4AN_AMR__staramr(getInput(), param('genus_species'))
}
"
"MOD_RM09_replace_mono_staramr_to_flaA_cam","1","replace","(generated)","MOD_RM09_replace_mono_staramr_to_flaA_cam_t1","modification","Run staramr on a pre-existing Campylobacter jejuni assembly.","Y","N","file_not_found","WARN: file not found: '/mnt/data/cohesive_llm_bench_scratch/_shared_inputdir/2026/2026.CAM.217.1.1/2AS_import/DS99999-DT260224_external/result/*.fasta'","0","1","Y","","","","","step_4AN_AMR__staramr","step_4AN_AMR__staramr","493","32","1","2","6.5","Great! I will create a pipeline that takes your pre-existing Campylobacter jejuni assembly and runs Staramr on it to detect antimicrobial resistance. I will use the `step_4AN_AMR__staramr` component for this task.","nextflow.enable.dsl=2

// --- IMPORTS ---

include { getSingleInput } from '../functions/parameters.nf'

// --- GLOBALS ---

def genusSpecies = 'Campylobacter_jejuni'

// --- INLINE PROCESSES ---

// --- SUB WORKFLOWS ---

workflow step_4AN_AMR__staramr {
    
    take:
        
        assembly
        
        genus_species
        
    
    main:
        staramr(assembly, genus_species)
    
}

// --- ENTRYPOINT ---
workflow {
    step_4AN_AMR__staramr(getSingleInput(), genusSpecies)
}","nextflow.enable.dsl=2

include { getInput; optionalOrDefault; param } from '../functions/parameters.nf'
include { step_4AN_AMR__staramr } from '../steps/step_4AN_AMR__staramr'
workflow {
    step_4AN_AMR__staramr(getInput(), param('genus_species'))
}
"
"MOD_RM09_replace_mono_staramr_to_flaA_cam","2","replace","(generated)","MOD_RM09_replace_mono_staramr_to_flaA_cam_t2","modification","Use flaA on that same assembly instead.","Y","N","file_not_found","WARN: file not found: '/mnt/data/cohesive_llm_bench_scratch/_shared_inputdir/2026/2026.CAM.217.1.1/2AS_import/DS99999-DT260224_external/result/*.fasta'","0","1","Y","","","","","step_4TY_flaA__flaA","step_4TY_flaA__flaA","491","32","1","2","5.9","Great! I will create a pipeline that takes your pre-existing Campylobacter jejuni assembly and runs FlaA typing on it to determine the FlaA type. I will use the `step_4TY_flaA__flaA` component for this task.","nextflow.enable.dsl=2

// --- IMPORTS ---

include { getSingleInput } from '../functions/parameters.nf'

// --- GLOBALS ---

def genusSpecies = 'Campylobacter jejuni'

// --- INLINE PROCESSES ---

// --- SUB WORKFLOWS ---

workflow step_4TY_flaA__flaA {
    
    take:
        
        assembly
        
        genus_species
        
    
    main:
        mlst_flaa(assembly, genus_species)
    
}

// --- ENTRYPOINT ---
workflow {
    step_4TY_flaA__flaA(getSingleInput(), genusSpecies)
}","nextflow.enable.dsl=2

include { getInput; optionalOrDefault; param } from '../functions/parameters.nf'
include { step_4TY_flaA__flaA } from '../steps/step_4TY_flaA__flaA'
workflow {
    step_4TY_flaA__flaA(getInput(), param('genus_species'))
}
"
"MOD_RM10_replace_mono_staramr_to_mlst_cam","1","replace","(generated)","MOD_RM10_replace_mono_staramr_to_mlst_cam_t1","modification","Run staramr on a pre-existing Campylobacter jejuni assembly.","Y","N","file_not_found","WARN: file not found: '/mnt/data/cohesive_llm_bench_scratch/_shared_inputdir/2026/2026.CAM.218.1.1/2AS_import/DS99999-DT260224_external/result/*.fasta'","0","1","Y","","","","","step_4AN_AMR__staramr","step_4AN_AMR__staramr","495","32","1","2","6.2","Great! I'll proceed with running Staramr on your pre-existing Campylobacter jejuni assembly. The pipeline will use the `step_4AN_AMR__staramr` component with the assembly and species information.","nextflow.enable.dsl=2

// --- IMPORTS ---

include { getSingleInput } from '../functions/parameters.nf'

// --- GLOBALS ---

def GENUS_SPECIES = 'campylobacter_jejuni'

// --- INLINE PROCESSES ---

// --- SUB WORKFLOWS ---

workflow step_4AN_AMR__staramr {
    
    take:
        
        assembly
        
        genus_species
        
    
    main:
        staramr(assembly, genus_species)
    
}

// --- ENTRYPOINT ---
workflow {
    step_4AN_AMR__staramr(getSingleInput(), GENUS_SPECIES)
}","nextflow.enable.dsl=2

include { getInput; optionalOrDefault; param } from '../functions/parameters.nf'
include { step_4AN_AMR__staramr } from '../steps/step_4AN_AMR__staramr'
workflow {
    step_4AN_AMR__staramr(getInput(), param('genus_species'))
}
"
"MOD_RM10_replace_mono_staramr_to_mlst_cam","2","replace","(generated)","MOD_RM10_replace_mono_staramr_to_mlst_cam_t2","modification","Use mlst on that same assembly instead.","Y","N","file_not_found","WARN: file not found: '/mnt/data/cohesive_llm_bench_scratch/_shared_inputdir/2026/2026.CAM.218.1.1/2AS_import/DS99999-DT260224_external/result/*.fasta'","0","1","Y","","","","","step_4TY_MLST__mlst","step_4TY_MLST__mlst","406","29","1","2","7.2","Great! I'll proceed with running MLST on your pre-existing Campylobacter jejuni assembly using the `step_4TY_MLST__mlst` component.","nextflow.enable.dsl=2

// --- IMPORTS ---

include { getInput } from '../functions/parameters.nf'

// --- GLOBALS ---

// --- INLINE PROCESSES ---

// --- SUB WORKFLOWS ---

workflow step_4TY_MLST__mlst {
    
    take:
        
        assembly
        
    
    main:
        mlst_out = mlst(assembly)
    
}

// --- ENTRYPOINT ---
workflow {
    assembly = getInput()
    step_4TY_MLST__mlst(assembly)
}","nextflow.enable.dsl=2

include { getInput; optionalOrDefault; param } from '../functions/parameters.nf'
include { step_4TY_MLST__mlst } from '../steps/step_4TY_MLST__mlst'
workflow {
    step_4TY_MLST__mlst(getInput())
}
"
"MOD_D01_drop_chewbbaca_keep_mlst_lis","1","drop","(generated)","MOD_D01_drop_chewbbaca_keep_mlst_lis_t1","modification","Run both chewbbaca and mlst on Listeria monocytogenes from paired Illumina FASTQ.","Y","N","file_not_found","WARN: file not found: '/mnt/data/cohesive_llm_bench_scratch/_shared_inputdir/2026/2026.LIS.223.1.1/0SQ_rawreads/DS99999-DT260224_import/result/*.fastq*'","0","10","N","step_3TX_species__kmerfinder","","","","step_1PP_trimming__fastp, step_2AS_denovo__spades, step_3TX_species__kmerfinder, step_4TY_cgMLST__chewbbaca, step_4TY_MLST__mlst","step_1PP_trimming__fastp, step_2AS_denovo__spades, step_4TY_MLST__mlst, step_4TY_cgMLST__chewbbaca","2235","124","5","2","9.3","Great! I'll proceed with the pipeline as discussed. Here's the detailed plan:

1. **Preprocessing**: Trim paired Illumina reads with Fastp (`step_1PP_trimming__fastp`)
2. **Assembly**: Assemble trimmed reads with SPAdes (`step_2AS_denovo__spades`)
3. **Taxonomy**: Confirm species with KmerFinder (`s","nextflow.enable.dsl=2

// --- IMPORTS ---

include { extractKey } from '../functions/common.nf'

include { getSingleInput } from '../functions/parameters.nf'

// --- GLOBALS ---

// --- INLINE PROCESSES ---

// --- SUB WORKFLOWS ---

workflow wf_trim_assemble_typing {
    
    take:
        
        rawreads
        
    
    main:
        trimmed = step_1PP_trimming__fastp(rawreads).trimmed
        assembled = step_2AS_denovo__spades(trimmed).assembled
        species = step_3TX_species__kmerfinder(assembled).assigned_species
        step_4TY_cgMLST__chewbbaca(assembled, species[1], species[2])
        step_4TY_MLST__mlst(assembled)
    
}

workflow step_1PP_trimming__fastp {
    
    take:
        
        rawreads
        
    
    main:
        trimmed = fastp(rawreads).trimmed
        fastqc(trimmed)
        readsCheckInput = rawreads.cross(trimmed) { extractKey(it) }.multiMap {
          rawreads: it[0]
          trimmed: it[1]
        }
        sample_reads_check(readsCheckInput.rawreads, readsCheckInput.trimmed)
    
    emit:
        
        trimmed
        
    
}

workflow step_2AS_denovo__spades {
    
    take:
        
        data
        
    
    main:
        denovo(data)
        assembly_filter(denovo.out.scaffolds).fasta | quast
        assembled = assembly_filter.out.fasta
    
    emit:
        
        assembled
        
    
}

workflow step_3TX_species__kmerfinder {
    
    take:
        
        data
        
    
    main:
        kmerfinder(data)
        assigned_species = kmerfinder.out.check.map { [ it[0], getCalculatedSpecies(it[1]), getBacterialReferencePath(it[1]) ] }
    
    emit:
        
        assigned_species
        
    
}

workflow step_4TY_cgMLST__chewbbaca {
    
    take:
        
        assembly
        
        genus_species
        
        schema
        
    
    main:
        chewbbaca_result = chewbbaca(assembly, genus_species, schema)
        hashing(chewbbaca_result.alleles)
        chewbbaca_check(chewbbaca_result.stats).check
    
}

workflow step_4TY_MLST__mlst {
    
    take:
        
        assembly
        
    
    main:
        mlst(assembly)
    
}

// --- ENTRYPOINT ---
workflow {
    wf_trim_assemble_typing(getSingleInput())
}","nextflow.enable.dsl=2

include { getSingleInput; optionalOrDefault; param } from '../functions/parameters.nf'
include { step_1PP_trimming__fastp } from '../steps/step_1PP_trimming__fastp'
include { step_2AS_denovo__spades } from '../steps/step_2AS_denovo__spades'
include { step_4TY_cgMLST__chewbbaca } from '../steps/step_4TY_cgMLST__chewbbaca'
include { step_4TY_MLST__mlst } from '../steps/step_4TY_MLST__mlst'
workflow {
    trimmed   = step_1PP_trimming__fastp(getSingleInput()).trimmed
    assembled = step_2AS_denovo__spades(trimmed).assembled
    step_4TY_cgMLST__chewbbaca(assembled, param('genus_species'), optionalOrDefault('schema', ''))
    step_4TY_MLST__mlst(assembled)
}
"
"MOD_D01_drop_chewbbaca_keep_mlst_lis","2","drop","(generated)","MOD_D01_drop_chewbbaca_keep_mlst_lis_t2","modification","Drop chewbbaca, keep only mlst.","Y","N","file_not_found","WARN: file not found: '/mnt/data/cohesive_llm_bench_scratch/_shared_inputdir/2026/2026.LIS.223.1.1/0SQ_rawreads/DS99999-DT260224_import/result/*.fastq*'","0","7","N","step_3TX_species__kmerfinder","","","","step_1PP_trimming__fastp, step_2AS_denovo__spades, step_3TX_species__kmerfinder, step_4TY_MLST__mlst","step_1PP_trimming__fastp, step_2AS_denovo__spades, step_4TY_MLST__mlst","1634","94","4","2","7.9","Great! I'll proceed with the updated pipeline. Here's the final plan:

1. **Preprocessing**: Trim paired Illumina reads with Fastp (`step_1PP_trimming__fastp`)
2. **Assembly**: Assemble trimmed reads with SPAdes (`step_2AS_denovo__spades`)
3. **Taxonomy**: Confirm species with KmerFinder (`step_3TX_","nextflow.enable.dsl=2

// --- IMPORTS ---

include { extractKey } from '../functions/common.nf'

include { getSingleInput } from '../functions/parameters.nf'

// --- GLOBALS ---

// --- INLINE PROCESSES ---

// --- SUB WORKFLOWS ---

workflow step_1PP_trimming__fastp {
    
    take:
        
        rawreads
        
    
    main:
        trimmed = fastp(rawreads).trimmed

        fastqc(trimmed)
        readsCheckInput = rawreads.cross(trimmed) { extractKey(it) }.multiMap {
          rawreads: it[0]
          trimmed: it[1]
        }
        sample_reads_check(readsCheckInput.rawreads, readsCheckInput.trimmed)
    
    emit:
        
        trimmed
        
    
}

workflow step_2AS_denovo__spades {
    
    take:
        
        data
        
    
    main:
        denovo(data)
        assembly_filter(denovo.out.scaffolds).fasta | quast
        assembled = assembly_filter.out.fasta
    
    emit:
        
        assembled
        
    
}

workflow step_3TX_species__kmerfinder {
    
    take:
        
        data
        
    
    main:
        kmerfinder(data)
        assigned_species = kmerfinder.out.check.map { [ it[0], getCalculatedSpecies(it[1]), getBacterialReferencePath(it[1]) ] }
    
    emit:
        
        assigned_species
        
    
}

workflow step_4TY_MLST__mlst {
    
    take:
        
        assembly
        
    
    main:
        mlst(assembly)
    
}

// --- ENTRYPOINT ---
workflow {
    trimmed = step_1PP_trimming__fastp(getSingleInput())
    assembly = step_2AS_denovo__spades(trimmed)
    species = step_3TX_species__kmerfinder(assembly)
    step_4TY_MLST__mlst(assembly)
}","nextflow.enable.dsl=2

include { getSingleInput; optionalOrDefault; param } from '../functions/parameters.nf'
include { step_1PP_trimming__fastp } from '../steps/step_1PP_trimming__fastp'
include { step_2AS_denovo__spades } from '../steps/step_2AS_denovo__spades'
include { step_4TY_MLST__mlst } from '../steps/step_4TY_MLST__mlst'
workflow {
    trimmed   = step_1PP_trimming__fastp(getSingleInput()).trimmed
    assembled = step_2AS_denovo__spades(trimmed).assembled
    step_4TY_MLST__mlst(assembled)
}
"
"MOD_D02_drop_chewbbaca_keep_mlst_sal","1","drop","(generated)","MOD_D02_drop_chewbbaca_keep_mlst_sal_t1","modification","Run both chewbbaca and mlst on Salmonella enterica from paired Illumina FASTQ.","Y","N","missing_param","ERROR ~ missing required param: step_3TX_species__kmerfinder__db","0","10","N","step_2AS_denovo__unicycler, step_3TX_species__kmerfinder","step_2AS_denovo__spades","","step_1PP_trimming__fastp, step_2AS_denovo__unicycler, step_3TX_species__kmerfinder, step_4TY_MLST__mlst, step_4TY_cgMLST__chewbbaca","step_2AS_denovo__unicycler, step_3TX_species__kmerfinder, step_4TY_cgMLST__chewbbaca, step_4TY_MLST__mlst, step_1PP_trimming__fastp","step_1PP_trimming__fastp, step_2AS_denovo__spades, step_4TY_MLST__mlst, step_4TY_cgMLST__chewbbaca","1148","45","5","2","8.7","Great! Here's the pipeline I'll set up for you:

1. **Preprocessing**: Trim reads with Fastp (`step_1PP_trimming__fastp`)
2. **Assembly**: Assemble with Unicycler (`step_2AS_denovo__unicycler`)
3. **Species Confirmation**: Confirm Salmonella enterica with KmerFinder (`step_3TX_species__kmerfinder`)
","nextflow.enable.dsl=2

// --- IMPORTS ---

include { step_4TY_MLST__mlst } from '../steps/step_4TY_MLST__mlst'

include { step_4TY_cgMLST__chewbbaca } from '../steps/step_4TY_cgMLST__chewbbaca'

include { getSingleInput } from '../functions/parameters.nf'

include { step_2AS_denovo__unicycler } from '../steps/step_2AS_denovo__unicycler'

include { step_1PP_trimming__fastp } from '../steps/step_1PP_trimming__fastp'

include { step_3TX_species__kmerfinder } from '../steps/step_3TX_species__kmerfinder'

// --- GLOBALS ---

def genus_species = 'Salmonella enterica'

def schema = 's_enterica_chewie_3255_210531'

// --- INLINE PROCESSES ---

// --- SUB WORKFLOWS ---

workflow wf_salmonella_cgmlst_mlst {
    
    take:
        
        trimmed
        
    
    main:
        assembled = step_2AS_denovo__unicycler(trimmed).assembled
        species_out = step_3TX_species__kmerfinder(assembled).assigned_species
        step_4TY_cgMLST__chewbbaca(assembled, genus_species, schema)
        step_4TY_MLST__mlst(assembled)
    
}

// --- ENTRYPOINT ---
workflow {
    wf_salmonella_cgmlst_mlst(step_1PP_trimming__fastp(getSingleInput()).trimmed)
}","nextflow.enable.dsl=2

include { getSingleInput; optionalOrDefault; param } from '../functions/parameters.nf'
include { step_1PP_trimming__fastp } from '../steps/step_1PP_trimming__fastp'
include { step_2AS_denovo__spades } from '../steps/step_2AS_denovo__spades'
include { step_4TY_cgMLST__chewbbaca } from '../steps/step_4TY_cgMLST__chewbbaca'
include { step_4TY_MLST__mlst } from '../steps/step_4TY_MLST__mlst'
workflow {
    trimmed   = step_1PP_trimming__fastp(getSingleInput()).trimmed
    assembled = step_2AS_denovo__spades(trimmed).assembled
    step_4TY_cgMLST__chewbbaca(assembled, param('genus_species'), optionalOrDefault('schema', ''))
    step_4TY_MLST__mlst(assembled)
}
"
"MOD_D02_drop_chewbbaca_keep_mlst_sal","2","drop","(generated)","MOD_D02_drop_chewbbaca_keep_mlst_sal_t2","modification","Drop chewbbaca, keep only mlst.","Y","N","missing_param","ERROR ~ missing required param: step_3TX_species__kmerfinder__db","0","7","N","step_2AS_denovo__unicycler, step_3TX_species__kmerfinder","step_2AS_denovo__spades","","step_1PP_trimming__fastp, step_2AS_denovo__unicycler, step_3TX_species__kmerfinder, step_4TY_MLST__mlst","step_2AS_denovo__unicycler, step_3TX_species__kmerfinder, step_4TY_MLST__mlst, step_1PP_trimming__fastp","step_1PP_trimming__fastp, step_2AS_denovo__spades, step_4TY_MLST__mlst","926","42","4","2","7.4","Great! I'll set up the pipeline with the following steps:

1. **Preprocessing**: Trim reads with Fastp (`step_1PP_trimming__fastp`)
2. **Assembly**: Assemble with Unicycler (`step_2AS_denovo__unicycler`)
3. **Species Confirmation**: Confirm Salmonella enterica with KmerFinder (`step_3TX_species__kme","nextflow.enable.dsl=2

// --- IMPORTS ---

include { step_4TY_MLST__mlst } from '../steps/step_4TY_MLST__mlst'

include { getSingleInput } from '../functions/parameters.nf'

include { step_2AS_denovo__unicycler } from '../steps/step_2AS_denovo__unicycler'

include { step_1PP_trimming__fastp } from '../steps/step_1PP_trimming__fastp'

include { step_3TX_species__kmerfinder } from '../steps/step_3TX_species__kmerfinder'

// --- GLOBALS ---

// --- INLINE PROCESSES ---

// --- SUB WORKFLOWS ---

workflow wf_salmonella_mlst {
    
    take:
        
        trimmed
        
    
    main:
        unicycler_out = step_2AS_denovo__unicycler(trimmed)

        kmerfinder_out = step_3TX_species__kmerfinder(unicycler_out.assembled)

        step_4TY_MLST__mlst(kmerfinder_out.assigned_species)
    
}

// --- ENTRYPOINT ---
workflow {
    trimmed = step_1PP_trimming__fastp(getSingleInput())

    wf_salmonella_mlst(trimmed)
}","nextflow.enable.dsl=2

include { getSingleInput; optionalOrDefault; param } from '../functions/parameters.nf'
include { step_1PP_trimming__fastp } from '../steps/step_1PP_trimming__fastp'
include { step_2AS_denovo__spades } from '../steps/step_2AS_denovo__spades'
include { step_4TY_MLST__mlst } from '../steps/step_4TY_MLST__mlst'
workflow {
    trimmed   = step_1PP_trimming__fastp(getSingleInput()).trimmed
    assembled = step_2AS_denovo__spades(trimmed).assembled
    step_4TY_MLST__mlst(assembled)
}
"
"MOD_D03_drop_chewbbaca_keep_mlst_eco","1","drop","(generated)","MOD_D03_drop_chewbbaca_keep_mlst_eco_t1","modification","Run both chewbbaca and mlst on Escherichia coli from paired Illumina FASTQ.","Y","N","missing_param","ERROR ~ missing required param: step_3TX_species__kmerfinder__db","0","10","N","step_2AS_mapping__bowtie, step_3TX_species__kmerfinder, step_4AN_AMR__abricate, step_4AN_AMR__staramr, step_4AN_genes__prokka, step_4TY_flaA__flaA","step_1PP_trimming__fastp, step_2AS_denovo__spades","","step_2AS_mapping__bowtie, step_3TX_species__kmerfinder, step_4AN_AMR__abricate, step_4AN_AMR__staramr, step_4AN_genes__prokka, step_4TY_MLST__mlst, step_4TY_cgMLST__chewbbaca, step_4TY_flaA__flaA","step_3TX_species__kmerfinder, step_2AS_mapping__bowtie, step_4AN_AMR__abricate, step_4AN_genes__prokka, step_4AN_AMR__staramr, step_4TY_MLST__mlst, step_4TY_flaA__flaA, step_4TY_cgMLST__chewbbaca","step_1PP_trimming__fastp, step_2AS_denovo__spades, step_4TY_MLST__mlst, step_4TY_cgMLST__chewbbaca","2240","76","8","2","11.8","I'll proceed with the pipeline using the `module_typing_bacteria` template. Here's the detailed plan:

1. **Input**: Paired Illumina FASTQ reads
2. **Assembly**: SPAdes (`step_2AS_denovo__spades`) for de novo assembly
3. **Species Confirmation**: KmerFinder (`step_3TX_species__kmerfinder`) to confir","nextflow.enable.dsl=2

// --- IMPORTS ---

include { step_2AS_mapping__bowtie } from '../steps/step_2AS_mapping__bowtie'

include { step_4TY_MLST__mlst } from '../steps/step_4TY_MLST__mlst'

include { step_4TY_flaA__flaA } from '../steps/step_4TY_flaA__flaA'

include { step_4AN_AMR__abricate } from '../steps/step_4AN_AMR__abricate'

include { extractKey; getEmpty } from '../functions/common.nf'

include { getAssembly; getTrimmedReads } from '../functions/parameters.nf'

include { step_4AN_AMR__staramr } from '../steps/step_4AN_AMR__staramr'

include { step_4TY_cgMLST__chewbbaca } from '../steps/step_4TY_cgMLST__chewbbaca'

include { step_4AN_genes__prokka } from '../steps/step_4AN_genes__prokka'

include { step_3TX_species__kmerfinder } from '../steps/step_3TX_species__kmerfinder'

// --- GLOBALS ---

// --- INLINE PROCESSES ---

// --- SUB WORKFLOWS ---

workflow module_typing_bacteria {
    
    take:
        
        trimmed
        
        assembly
        
    
    main:
        assigned_species = step_3TX_species__kmerfinder(assembly).assigned_species

        if (!params.skip_bestref_mapping) {
          trimmed.cross(assigned_species) { extractKey(it) }.multiMap {
            trimmed: it[0]
            species: it[1][1]
            referencePath: it[1][2]
          }.set { trimAndAndSpecies }
          step_2AS_mapping__bowtie(trimAndAndSpecies.trimmed, trimAndAndSpecies.referencePath)
        }

        step_4AN_AMR__abricate(assembly)

        step_4AN_genes__prokka(assembly.map{ [ it[0], it[1], 'Bacteria', '-', '-', getEmpty() ] })

        assembly.cross(assigned_species) { extractKey(it) }.multiMap {
          assembly: it[0]
          species: it[1][1]
        }.set { assemblyAndSpecies }

        step_4AN_AMR__staramr(assemblyAndSpecies.assembly, assemblyAndSpecies.species)
        step_4TY_MLST__mlst(assemblyAndSpecies.assembly)
        step_4TY_flaA__flaA(assemblyAndSpecies.assembly, assemblyAndSpecies.species)
        step_4TY_cgMLST__chewbbaca(assemblyAndSpecies.assembly, assemblyAndSpecies.species, '')
    
    emit:
        
        genus_species = assigned_species
        
    
}

// --- ENTRYPOINT ---
workflow {
    module_typing_bacteria(getTrimmedReads(true), getAssembly())
}","nextflow.enable.dsl=2

include { getSingleInput; optionalOrDefault; param } from '../functions/parameters.nf'
include { step_1PP_trimming__fastp } from '../steps/step_1PP_trimming__fastp'
include { step_2AS_denovo__spades } from '../steps/step_2AS_denovo__spades'
include { step_4TY_cgMLST__chewbbaca } from '../steps/step_4TY_cgMLST__chewbbaca'
include { step_4TY_MLST__mlst } from '../steps/step_4TY_MLST__mlst'
workflow {
    trimmed   = step_1PP_trimming__fastp(getSingleInput()).trimmed
    assembled = step_2AS_denovo__spades(trimmed).assembled
    step_4TY_cgMLST__chewbbaca(assembled, param('genus_species'), optionalOrDefault('schema', ''))
    step_4TY_MLST__mlst(assembled)
}
"
"MOD_D03_drop_chewbbaca_keep_mlst_eco","2","drop","(generated)","MOD_D03_drop_chewbbaca_keep_mlst_eco_t2","modification","Drop chewbbaca, keep only mlst.","Y","N","missing_param","ERROR ~ missing required param: step_3TX_species__kmerfinder__db","0","7","N","step_2AS_mapping__bowtie, step_3TX_species__kmerfinder, step_4AN_AMR__abricate, step_4AN_AMR__staramr, step_4AN_genes__prokka","step_1PP_trimming__fastp, step_2AS_denovo__spades","","step_2AS_mapping__bowtie, step_3TX_species__kmerfinder, step_4AN_AMR__abricate, step_4AN_AMR__staramr, step_4AN_genes__prokka, step_4TY_MLST__mlst","step_3TX_species__kmerfinder, step_2AS_mapping__bowtie, step_4AN_AMR__abricate, step_4AN_genes__prokka, step_4AN_AMR__staramr, step_4TY_MLST__mlst","step_1PP_trimming__fastp, step_2AS_denovo__spades, step_4TY_MLST__mlst","2095","76","6","2","9.4","I'll proceed with the updated pipeline for your Escherichia coli paired Illumina FASTQ reads. Here's the final plan:

1. **Input**: Paired Illumina FASTQ reads
2. **Assembly**: SPAdes (`step_2AS_denovo__spades`) for de novo assembly
3. **Species Confirmation**: KmerFinder (`step_3TX_species__kmerfin","nextflow.enable.dsl=2

// --- IMPORTS ---

include { step_2AS_mapping__bowtie } from '../steps/step_2AS_mapping__bowtie'

include { step_4TY_MLST__mlst } from '../steps/step_4TY_MLST__mlst'

include { step_4AN_AMR__abricate } from '../steps/step_4AN_AMR__abricate'

include { extractKey; getEmpty } from '../functions/common.nf'

include { getAssembly; getTrimmedReads } from '../functions/parameters.nf'

include { step_4AN_AMR__staramr } from '../steps/step_4AN_AMR__staramr'

include { step_4AN_genes__prokka } from '../steps/step_4AN_genes__prokka'

include { step_3TX_species__kmerfinder } from '../steps/step_3TX_species__kmerfinder'

// --- GLOBALS ---

def referenceCode = 'NC_045512.2'

def referencePath = ""${params.assets_dir}/module_covid_emergency/NC_045512.fasta""

def referenceRiscd = '220308-020220308005121273-2AS_import-external'

// --- INLINE PROCESSES ---

// --- SUB WORKFLOWS ---

workflow module_typing_bacteria {
    
    take:
        
        trimmed
        
        assembly
        
    
    main:
        assigned_species = step_3TX_species__kmerfinder(assembly).assigned_species

        if (!params.skip_bestref_mapping) {
          trimmed.cross(assigned_species) { extractKey(it) }.multiMap {
            trimmed: it[0]
            species: it[1][1]
            referencePath: it[1][2]
          }.set { trimAndAndSpecies }
          step_2AS_mapping__bowtie(trimAndAndSpecies.trimmed, trimAndAndSpecies.referencePath)
        }

        step_4AN_AMR__abricate(assembly)

        step_4AN_genes__prokka(assembly.map{ [ it[0], it[1], 'Bacteria', '-', '-', getEmpty() ] })

        assembly.cross(assigned_species) { extractKey(it) }.multiMap {
          assembly: it[0]
          species: it[1][1]
        }.set { assemblyAndSpecies }

        step_4AN_AMR__staramr(assemblyAndSpecies.assembly, assemblyAndSpecies.species)
        step_4TY_MLST__mlst(assemblyAndSpecies.assembly)
    
    emit:
        
        genus_species = assigned_species
        
    
}

// --- ENTRYPOINT ---
workflow {
    module_typing_bacteria(getTrimmedReads(true), getAssembly())
}","nextflow.enable.dsl=2

include { getSingleInput; optionalOrDefault; param } from '../functions/parameters.nf'
include { step_1PP_trimming__fastp } from '../steps/step_1PP_trimming__fastp'
include { step_2AS_denovo__spades } from '../steps/step_2AS_denovo__spades'
include { step_4TY_MLST__mlst } from '../steps/step_4TY_MLST__mlst'
workflow {
    trimmed   = step_1PP_trimming__fastp(getSingleInput()).trimmed
    assembled = step_2AS_denovo__spades(trimmed).assembled
    step_4TY_MLST__mlst(assembled)
}
"
"MOD_D04_drop_mlst_keep_chewbbaca_lis","1","drop","(generated)","MOD_D04_drop_mlst_keep_chewbbaca_lis_t1","modification","Run both mlst and chewbbaca on Listeria monocytogenes from paired Illumina FASTQ.","Y","Y","none","","10","10","Y","","","","step_1PP_trimming__fastp, step_2AS_denovo__spades, step_4TY_MLST__mlst, step_4TY_cgMLST__chewbbaca","step_2AS_denovo__spades, step_4TY_MLST__mlst, step_4TY_cgMLST__chewbbaca, step_1PP_trimming__fastp","step_1PP_trimming__fastp, step_2AS_denovo__spades, step_4TY_MLST__mlst, step_4TY_cgMLST__chewbbaca","1057","47","4","2","17.0","Great! I'll proceed with the following pipeline:

1. **Trim reads**: `step_1PP_trimming__fastp` (for paired Illumina FASTQ)
2. **Assemble genome**: `step_2AS_denovo__spades` (for de novo assembly)
3. **Run MLST**: `step_4TY_MLST__mlst` (for traditional 7-gene MLST)
4. **Run ChewBBACA**: `step_4TY_cg","nextflow.enable.dsl=2

// --- IMPORTS ---

include { step_4TY_MLST__mlst } from '../steps/step_4TY_MLST__mlst'

include { step_4TY_cgMLST__chewbbaca } from '../steps/step_4TY_cgMLST__chewbbaca'

include { step_2AS_denovo__spades } from '../steps/step_2AS_denovo__spades'

include { getSingleInput } from '../functions/parameters.nf'

include { step_1PP_trimming__fastp } from '../steps/step_1PP_trimming__fastp'

// --- GLOBALS ---

def genus_species = 'Listeria monocytogenes'

def schema = 'l_mono_chewie_1748_220623'

// --- INLINE PROCESSES ---

// --- SUB WORKFLOWS ---

workflow wf_listeria_mlst_cgmlst {
    
    take:
        
        trimmed
        
    
    main:
        trimmed.multiMap {
            trimmed: it
        }.set { trAndRef }

        assembly = step_2AS_denovo__spades(trAndRef.trimmed)
        step_4TY_MLST__mlst(assembly)
        step_4TY_cgMLST__chewbbaca(assembly, genus_species, schema)
    
}

// --- ENTRYPOINT ---
workflow {
    trimmed = step_1PP_trimming__fastp(getSingleInput())
    wf_listeria_mlst_cgmlst(trimmed)
}","nextflow.enable.dsl=2

include { getSingleInput; optionalOrDefault; param } from '../functions/parameters.nf'
include { step_1PP_trimming__fastp } from '../steps/step_1PP_trimming__fastp'
include { step_2AS_denovo__spades } from '../steps/step_2AS_denovo__spades'
include { step_4TY_MLST__mlst } from '../steps/step_4TY_MLST__mlst'
include { step_4TY_cgMLST__chewbbaca } from '../steps/step_4TY_cgMLST__chewbbaca'
workflow {
    trimmed   = step_1PP_trimming__fastp(getSingleInput()).trimmed
    assembled = step_2AS_denovo__spades(trimmed).assembled
    step_4TY_MLST__mlst(assembled)
    step_4TY_cgMLST__chewbbaca(assembled, param('genus_species'), optionalOrDefault('schema', ''))
}
"
"MOD_D04_drop_mlst_keep_chewbbaca_lis","2","drop","(generated)","MOD_D04_drop_mlst_keep_chewbbaca_lis_t2","modification","Drop mlst, keep only chewbbaca.","Y","N","file_not_found","WARN: file not found: '/mnt/data/cohesive_llm_bench_scratch/_shared_inputdir/2026/2026.LIS.224.1.1/0SQ_rawreads/DS99999-DT260224_import/result/*.fastq*'","0","9","Y","","","","","step_1PP_trimming__fastp, step_2AS_denovo__spades, step_4TY_cgMLST__chewbbaca","step_1PP_trimming__fastp, step_2AS_denovo__spades, step_4TY_cgMLST__chewbbaca","1580","85","3","2","8.3","Great! I'll proceed with the following pipeline for your Listeria monocytogenes paired Illumina FASTQ:

1. **Trim reads**: `step_1PP_trimming__fastp` (for paired Illumina FASTQ)
2. **Assemble genome**: `step_2AS_denovo__spades` (for de novo assembly)
3. **Run ChewBBACA**: `step_4TY_cgMLST__chewbbaca","nextflow.enable.dsl=2

// --- IMPORTS ---

include { extractKey } from '../functions/common.nf'

include { getSingleInput } from '../functions/parameters.nf'

// --- GLOBALS ---

def genus_species = 'Listeria monocytogenes'

def schema = 'listeria_monocytogenes'

// --- INLINE PROCESSES ---

// --- SUB WORKFLOWS ---

workflow step_1PP_trimming__fastp {
    
    take:
        
        rawreads
        
    
    main:
        trimmed = fastp(rawreads).trimmed

        fastqc(trimmed)
        readsCheckInput = rawreads.cross(trimmed) { extractKey(it) }.multiMap {
          rawreads: it[0]
          trimmed: it[1]
        }
        sample_reads_check(readsCheckInput.rawreads, readsCheckInput.trimmed)
    
    emit:
        
        trimmed
        
    
}

workflow step_2AS_denovo__spades {
    
    take:
        
        data
        
    
    main:
        denovo(data)
        assembly_filter(denovo.out.scaffolds).fasta | quast
        assembled = assembly_filter.out.fasta
    
    emit:
        
        assembled
        
    
}

workflow step_4TY_cgMLST__chewbbaca {
    
    take:
        
        assembly
        
        genus_species
        
        schema
        
    
    main:
        chewbbaca_result = chewbbaca(assembly, genus_species, schema)
        hashing(chewbbaca_result.alleles)
        chewbbaca_check(chewbbaca_result.stats).check
    
}

// --- ENTRYPOINT ---
workflow {
    trimmed = step_1PP_trimming__fastp(getSingleInput())
    assembly = step_2AS_denovo__spades(trimmed)
    step_4TY_cgMLST__chewbbaca(assembly, genus_species, schema)
}","nextflow.enable.dsl=2

include { getSingleInput; optionalOrDefault; param } from '../functions/parameters.nf'
include { step_1PP_trimming__fastp } from '../steps/step_1PP_trimming__fastp'
include { step_2AS_denovo__spades } from '../steps/step_2AS_denovo__spades'
include { step_4TY_cgMLST__chewbbaca } from '../steps/step_4TY_cgMLST__chewbbaca'
workflow {
    trimmed   = step_1PP_trimming__fastp(getSingleInput()).trimmed
    assembled = step_2AS_denovo__spades(trimmed).assembled
    step_4TY_cgMLST__chewbbaca(assembled, param('genus_species'), optionalOrDefault('schema', ''))
}
"
"MOD_D05_drop_mlst_keep_chewbbaca_sal","1","drop","(generated)","MOD_D05_drop_mlst_keep_chewbbaca_sal_t1","modification","Run both mlst and chewbbaca on Salmonella enterica from paired Illumina FASTQ.","Y","N","file_not_found","WARN: file not found: '/mnt/data/cohesive_llm_bench_scratch/_shared_inputdir/2026/2026.SAL.222.1.1/0SQ_rawreads/DS99999-DT260224_import/result/*.fastq*'","0","10","Y","","","","","step_1PP_trimming__fastp, step_2AS_denovo__spades, step_4TY_MLST__mlst, step_4TY_cgMLST__chewbbaca","step_1PP_trimming__fastp, step_2AS_denovo__spades, step_4TY_MLST__mlst, step_4TY_cgMLST__chewbbaca","1976","100","4","2","11.2","Great! I'll proceed with the pipeline using the following steps:

1. **Trim reads**: `step_1PP_trimming__fastp`
2. **Assemble genome**: `step_2AS_denovo__spades`
3. **Run MLST**: `step_4TY_MLST__mlst`
4. **Run ChewBBACA**: `step_4TY_cgMLST__chewbbaca`

This will process your paired Illumina FASTQ fi","nextflow.enable.dsl=2

// --- IMPORTS ---

include { extractKey } from '../functions/common.nf'

include { getSingleInput } from '../functions/parameters.nf'

// --- GLOBALS ---

def SPECIES_SCHEMA = ['s_enterica_chewie_3255_210531']

def SCHEMAS = ['/schemas/Salmonella_enterica_INNUENDO_cgMLST_2021-05-31T20_28_21.350919.zip']

def CHEWBBACA_PAIRED_END_PARAMS = ['--minimum-length 0 --genes-list /schemas/Salmonella_enterica_INNUENDO_cgMLST_EFSA_filterlist.txt']

// --- INLINE PROCESSES ---

// --- SUB WORKFLOWS ---

workflow step_1PP_trimming__fastp {
    
    take:
        
        rawreads
        
    
    main:
        trimmed = fastp(rawreads).trimmed

        fastqc(trimmed)
        readsCheckInput = rawreads.cross(trimmed) { extractKey(it) }.multiMap {
          rawreads: it[0]
          trimmed: it[1]
        }
        sample_reads_check(readsCheckInput.rawreads, readsCheckInput.trimmed)
    
    emit:
        
        trimmed
        
    
}

workflow step_2AS_denovo__spades {
    
    take:
        
        data
        
    
    main:
        denovo(data)
        assembly_filter(denovo.out.scaffolds).fasta | quast
        assembled = assembly_filter.out.fasta
    
    emit:
        
        assembled
        
    
}

workflow step_4TY_MLST__mlst {
    
    take:
        
        assembly
        
    
    main:
        mlst(assembly)
    
}

workflow step_4TY_cgMLST__chewbbaca {
    
    take:
        
        assembly
        
        genus_species
        
        schema
        
    
    main:
        chewbbaca_result = chewbbaca(assembly, genus_species, schema)
        hashing(chewbbaca_result.alleles)
        chewbbaca_check(chewbbaca_result.stats).check
    
}

// --- ENTRYPOINT ---
workflow {
    trimmed = step_1PP_trimming__fastp(getSingleInput())
    assembly = step_2AS_denovo__spades(trimmed)
    step_4TY_MLST__mlst(assembly)
    step_4TY_cgMLST__chewbbaca(assembly, 'salmonella_enterica', 's_enterica_chewie_3255_210531')
}","nextflow.enable.dsl=2

include { getSingleInput; optionalOrDefault; param } from '../functions/parameters.nf'
include { step_1PP_trimming__fastp } from '../steps/step_1PP_trimming__fastp'
include { step_2AS_denovo__spades } from '../steps/step_2AS_denovo__spades'
include { step_4TY_MLST__mlst } from '../steps/step_4TY_MLST__mlst'
include { step_4TY_cgMLST__chewbbaca } from '../steps/step_4TY_cgMLST__chewbbaca'
workflow {
    trimmed   = step_1PP_trimming__fastp(getSingleInput()).trimmed
    assembled = step_2AS_denovo__spades(trimmed).assembled
    step_4TY_MLST__mlst(assembled)
    step_4TY_cgMLST__chewbbaca(assembled, param('genus_species'), optionalOrDefault('schema', ''))
}
"
"MOD_D05_drop_mlst_keep_chewbbaca_sal","2","drop","(generated)","MOD_D05_drop_mlst_keep_chewbbaca_sal_t2","modification","Drop mlst, keep only chewbbaca.","Y","N","file_not_found","WARN: file not found: '/mnt/data/cohesive_llm_bench_scratch/_shared_inputdir/2026/2026.SAL.222.1.1/0SQ_rawreads/DS99999-DT260224_import/result/*.fastq*'","6","9","Y","","","","step_1PP_trimming__fastp, step_2AS_denovo__spades, step_4TY_cgMLST__chewbbaca","step_1PP_trimming__fastp, step_2AS_denovo__spades, step_4TY_cgMLST__chewbbaca","step_1PP_trimming__fastp, step_2AS_denovo__spades, step_4TY_cgMLST__chewbbaca","1114","60","3","2","7.2","Great! I'll proceed with the pipeline using the following steps:

1. **Trim reads**: `step_1PP_trimming__fastp`
2. **Assemble genome**: `step_2AS_denovo__spades`
3. **Run ChewBBACA**: `step_4TY_cgMLST__chewbbaca`

This will process your paired Illumina FASTQ files for Salmonella enterica cgMLST typi","nextflow.enable.dsl=2

// --- IMPORTS ---

include { step_2AS_denovo__spades } from '../steps/step_2AS_denovo__spades'

include { step_4TY_cgMLST__chewbbaca } from '../steps/step_4TY_cgMLST__chewbbaca'

include { step_1PP_trimming__fastp } from '../steps/step_1PP_trimming__fastp'

include { getSingleInput } from '../functions/parameters.nf'

// --- GLOBALS ---

def genus_species = 'Salmonella enterica'

// --- INLINE PROCESSES ---

// --- SUB WORKFLOWS ---

workflow wf_trim_and_assemble {
    
    take:
        
        rawreads
        
    
    main:
        trimmed = step_1PP_trimming__fastp(rawreads).trimmed
        assembled = step_2AS_denovo__spades(trimmed).assembled
    
    emit:
        
        trimmed
        
        assembled
        
    
}

workflow wf_cgmlst {
    
    take:
        
        assembly
        
        genus_species
        
    
    main:
        step_4TY_cgMLST__chewbbaca(assembly, genus_species)
    
}

// --- ENTRYPOINT ---
workflow {
    rawreads = getSingleInput()
    wf_trim_and_assemble(rawreads)
    wf_cgmlst(wf_trim_and_assemble.assembled, genus_species)
}","nextflow.enable.dsl=2

include { getSingleInput; optionalOrDefault; param } from '../functions/parameters.nf'
include { step_1PP_trimming__fastp } from '../steps/step_1PP_trimming__fastp'
include { step_2AS_denovo__spades } from '../steps/step_2AS_denovo__spades'
include { step_4TY_cgMLST__chewbbaca } from '../steps/step_4TY_cgMLST__chewbbaca'
workflow {
    trimmed   = step_1PP_trimming__fastp(getSingleInput()).trimmed
    assembled = step_2AS_denovo__spades(trimmed).assembled
    step_4TY_cgMLST__chewbbaca(assembled, param('genus_species'), optionalOrDefault('schema', ''))
}
"
"MOD_D06_drop_abricate_keep_mlst_lis","1","drop","(generated)","MOD_D06_drop_abricate_keep_mlst_lis_t1","modification","Run both abricate and mlst on Listeria monocytogenes from paired Illumina FASTQ.","Y","N","missing_param","ERROR ~ missing required param: step_3TX_species__kmerfinder__db","0","8","N","step_3TX_species__kmerfinder","","","step_1PP_trimming__fastp, step_2AS_denovo__spades, step_3TX_species__kmerfinder, step_4AN_AMR__abricate, step_4TY_MLST__mlst","step_2AS_denovo__spades, step_3TX_species__kmerfinder, step_4AN_AMR__abricate, step_4TY_MLST__mlst, step_1PP_trimming__fastp","step_1PP_trimming__fastp, step_2AS_denovo__spades, step_4AN_AMR__abricate, step_4TY_MLST__mlst","1019","42","5","2","8.5","Great! I'll build the pipeline with the following steps:

1. **Preprocessing**: Trim reads with Fastp (`step_1PP_trimming__fastp`)
2. **Assembly**: Assemble with SPAdes (`step_2AS_denovo__spades`)
3. **Species Confirmation**: Confirm species with KmerFinder (`step_3TX_species__kmerfinder`)
4. **AMR ","nextflow.enable.dsl=2

// --- IMPORTS ---

include { step_4TY_MLST__mlst } from '../steps/step_4TY_MLST__mlst'

include { step_4AN_AMR__abricate } from '../steps/step_4AN_AMR__abricate'

include { step_2AS_denovo__spades } from '../steps/step_2AS_denovo__spades'

include { getSingleInput } from '../functions/parameters.nf'

include { step_1PP_trimming__fastp } from '../steps/step_1PP_trimming__fastp'

include { step_3TX_species__kmerfinder } from '../steps/step_3TX_species__kmerfinder'

// --- GLOBALS ---

// --- INLINE PROCESSES ---

// --- SUB WORKFLOWS ---

workflow wf_listeria_amr_mlst {
    
    take:
        
        trimmed
        
    
    main:
        assembly = step_2AS_denovo__spades(trimmed).assembled
        species = step_3TX_species__kmerfinder(assembly).assigned_species
        step_4AN_AMR__abricate(assembly)
        step_4TY_MLST__mlst(assembly)
    
}

// --- ENTRYPOINT ---
workflow {
    trimmed = step_1PP_trimming__fastp(getSingleInput()).trimmed
    wf_listeria_amr_mlst(trimmed)
}","nextflow.enable.dsl=2

include { getSingleInput; optionalOrDefault; param } from '../functions/parameters.nf'
include { step_1PP_trimming__fastp } from '../steps/step_1PP_trimming__fastp'
include { step_2AS_denovo__spades } from '../steps/step_2AS_denovo__spades'
include { step_4AN_AMR__abricate } from '../steps/step_4AN_AMR__abricate'
include { step_4TY_MLST__mlst } from '../steps/step_4TY_MLST__mlst'
workflow {
    trimmed   = step_1PP_trimming__fastp(getSingleInput()).trimmed
    assembled = step_2AS_denovo__spades(trimmed).assembled
    step_4AN_AMR__abricate(assembled)
    step_4TY_MLST__mlst(assembled)
}
"
"MOD_D06_drop_abricate_keep_mlst_lis","2","drop","(generated)","MOD_D06_drop_abricate_keep_mlst_lis_t2","modification","Drop abricate, keep only mlst.","Y","N","file_not_found","WARN: file not found: '/mnt/data/cohesive_llm_bench_scratch/_shared_inputdir/2026/2026.LIS.225.1.1/0SQ_rawreads/DS99999-DT260224_import/result/*.fastq*'","0","7","N","step_3TX_species__kmerfinder","","","","step_1PP_trimming__fastp, step_2AS_denovo__spades, step_3TX_species__kmerfinder, step_4TY_MLST__mlst","step_1PP_trimming__fastp, step_2AS_denovo__spades, step_4TY_MLST__mlst","1642","94","4","2","9.6","Great! I'll build the pipeline with the following steps:

1. **Preprocessing**: Trim reads with Fastp (`step_1PP_trimming__fastp`)
2. **Assembly**: Assemble with SPAdes (`step_2AS_denovo__spades`)
3. **Species Confirmation**: Confirm species with KmerFinder (`step_3TX_species__kmerfinder`)
4. **MLST","nextflow.enable.dsl=2

// --- IMPORTS ---

include { extractKey } from '../functions/common.nf'

include { getSingleInput } from '../functions/parameters.nf'

// --- GLOBALS ---

// --- INLINE PROCESSES ---

// --- SUB WORKFLOWS ---

workflow step_1PP_trimming__fastp {
    
    take:
        
        rawreads
        
    
    main:
        trimmed = fastp(rawreads).trimmed

        fastqc(trimmed)
        readsCheckInput = rawreads.cross(trimmed) { extractKey(it) }.multiMap {
          rawreads: it[0]
          trimmed: it[1]
        }
        sample_reads_check(readsCheckInput.rawreads, readsCheckInput.trimmed)
    
    emit:
        
        trimmed
        
    
}

workflow step_2AS_denovo__spades {
    
    take:
        
        data
        
    
    main:
        denovo(data)
        assembly_filter(denovo.out.scaffolds).fasta | quast
        assembled = assembly_filter.out.fasta
    
    emit:
        
        assembled
        
    
}

workflow step_3TX_species__kmerfinder {
    
    take:
        
        data
        
    
    main:
        kmerfinder(data)
        assigned_species = kmerfinder.out.check.map { [ it[0], getCalculatedSpecies(it[1]), getBacterialReferencePath(it[1]) ] }
    
    emit:
        
        assigned_species
        
    
}

workflow step_4TY_MLST__mlst {
    
    take:
        
        assembly
        
    
    main:
        mlst(assembly)
    
}

// --- ENTRYPOINT ---
workflow {
    trimmed = step_1PP_trimming__fastp(getSingleInput()).trimmed
    assembly = step_2AS_denovo__spades(trimmed).assembled
    step_3TX_species__kmerfinder(assembly)
    step_4TY_MLST__mlst(assembly)
}","nextflow.enable.dsl=2

include { getSingleInput; optionalOrDefault; param } from '../functions/parameters.nf'
include { step_1PP_trimming__fastp } from '../steps/step_1PP_trimming__fastp'
include { step_2AS_denovo__spades } from '../steps/step_2AS_denovo__spades'
include { step_4TY_MLST__mlst } from '../steps/step_4TY_MLST__mlst'
workflow {
    trimmed   = step_1PP_trimming__fastp(getSingleInput()).trimmed
    assembled = step_2AS_denovo__spades(trimmed).assembled
    step_4TY_MLST__mlst(assembled)
}
"
"MOD_D07_drop_abricate_keep_mlst_eco","1","drop","(generated)","MOD_D07_drop_abricate_keep_mlst_eco_t1","modification","Run both abricate and mlst on Escherichia coli from paired Illumina FASTQ.","Y","N","missing_param","ERROR ~ missing required param: step_3TX_species__kmerfinder__db","0","8","N","step_3TX_species__kmerfinder","step_2AS_denovo__spades","","step_1PP_trimming__fastp, step_3TX_species__kmerfinder, step_4AN_AMR__abricate, step_4TY_MLST__mlst","step_1PP_trimming__fastp, step_3TX_species__kmerfinder, step_4AN_AMR__abricate, step_4TY_MLST__mlst","step_1PP_trimming__fastp, step_2AS_denovo__spades, step_4AN_AMR__abricate, step_4TY_MLST__mlst","1196","54","4","2","16.0","Great! I'll proceed with the pipeline as discussed. Here's the plan:

1. **Input**: Paired Illumina FASTQ files
2. **Trimming**: Fastp (`step_1PP_trimming__fastp`) to clean reads
3. **Species Confirmation**: KmerFinder (`step_3TX_species__kmerfinder`) to confirm Escherichia coli
4. **AMR Detection**","nextflow.enable.dsl=2

// --- IMPORTS ---

include { step_4TY_MLST__mlst } from '../steps/step_4TY_MLST__mlst'

include { step_4AN_AMR__abricate } from '../steps/step_4AN_AMR__abricate'

include { extractKey } from '../functions/common.nf'

include { getSingleInput } from '../functions/parameters.nf'

include { step_1PP_trimming__fastp } from '../steps/step_1PP_trimming__fastp'

include { step_3TX_species__kmerfinder } from '../steps/step_3TX_species__kmerfinder'

// --- GLOBALS ---

// --- INLINE PROCESSES ---

// --- SUB WORKFLOWS ---

workflow wf_trim_and_analyze {
    
    take:
        
        rawreads
        
    
    main:
        trimmed = step_1PP_trimming__fastp(rawreads).trimmed

        trimmed.cross(trimmed) { extractKey(it) }.multiMap {
          trimmed: it[0]
          reference: it[1]
        }.set { trAndRef }

        assigned_species = step_3TX_species__kmerfinder(trAndRef.trimmed).assigned_species
        step_4AN_AMR__abricate(trAndRef.trimmed)
        step_4TY_MLST__mlst(trAndRef.trimmed)
    
    emit:
        
        trimmed
        
        assigned_species
        
    
}

// --- ENTRYPOINT ---
workflow {
    wf_trim_and_analyze(getSingleInput())
}","nextflow.enable.dsl=2

include { getSingleInput; optionalOrDefault; param } from '../functions/parameters.nf'
include { step_1PP_trimming__fastp } from '../steps/step_1PP_trimming__fastp'
include { step_2AS_denovo__spades } from '../steps/step_2AS_denovo__spades'
include { step_4AN_AMR__abricate } from '../steps/step_4AN_AMR__abricate'
include { step_4TY_MLST__mlst } from '../steps/step_4TY_MLST__mlst'
workflow {
    trimmed   = step_1PP_trimming__fastp(getSingleInput()).trimmed
    assembled = step_2AS_denovo__spades(trimmed).assembled
    step_4AN_AMR__abricate(assembled)
    step_4TY_MLST__mlst(assembled)
}
"
"MOD_D07_drop_abricate_keep_mlst_eco","2","drop","(generated)","MOD_D07_drop_abricate_keep_mlst_eco_t2","modification","Drop abricate, keep only mlst.","Y","N","missing_param","ERROR ~ missing required param: step_3TX_species__kmerfinder__db","0","7","N","step_3TX_species__kmerfinder","step_2AS_denovo__spades","","step_1PP_trimming__fastp, step_3TX_species__kmerfinder, step_4TY_MLST__mlst","step_3TX_species__kmerfinder, step_4TY_MLST__mlst, step_1PP_trimming__fastp","step_1PP_trimming__fastp, step_2AS_denovo__spades, step_4TY_MLST__mlst","713","36","3","2","7.4","Great! I'll proceed with the pipeline as discussed. Here's the plan:

1. **Input**: Paired Illumina FASTQ files
2. **Trimming**: Fastp (`step_1PP_trimming__fastp`) to clean reads
3. **Species Confirmation**: KmerFinder (`step_3TX_species__kmerfinder`) to confirm Escherichia coli
4. **Typing**: MLST ","nextflow.enable.dsl=2

// --- IMPORTS ---

include { step_3TX_species__kmerfinder } from '../steps/step_3TX_species__kmerfinder'

include { step_1PP_trimming__fastp } from '../steps/step_1PP_trimming__fastp'

include { getSingleInput } from '../functions/parameters.nf'

include { step_4TY_MLST__mlst } from '../steps/step_4TY_MLST__mlst'

// --- GLOBALS ---

// --- INLINE PROCESSES ---

// --- SUB WORKFLOWS ---

workflow wf_ecoli_mlst {
    
    take:
        
        trimmed
        
    
    main:
        step_3TX_species__kmerfinder(trimmed)
        step_4TY_MLST__mlst(trimmed)
    
}

// --- ENTRYPOINT ---
workflow {
    trimmed = step_1PP_trimming__fastp(getSingleInput())
    wf_ecoli_mlst(trimmed)
}","nextflow.enable.dsl=2

include { getSingleInput; optionalOrDefault; param } from '../functions/parameters.nf'
include { step_1PP_trimming__fastp } from '../steps/step_1PP_trimming__fastp'
include { step_2AS_denovo__spades } from '../steps/step_2AS_denovo__spades'
include { step_4TY_MLST__mlst } from '../steps/step_4TY_MLST__mlst'
workflow {
    trimmed   = step_1PP_trimming__fastp(getSingleInput()).trimmed
    assembled = step_2AS_denovo__spades(trimmed).assembled
    step_4TY_MLST__mlst(assembled)
}
"
"MOD_D08_drop_abricate_keep_mlst_sal","1","drop","(generated)","MOD_D08_drop_abricate_keep_mlst_sal_t1","modification","Run both abricate and mlst on Salmonella enterica from paired Illumina FASTQ.","Y","N","missing_param","ERROR ~ missing required param: step_3TX_species__kmerfinder__db","0","8","N","step_2AS_mapping__bowtie, step_3TX_species__kmerfinder, step_4AN_AMR__staramr, step_4AN_genes__prokka, step_4TY_cgMLST__chewbbaca, step_4TY_flaA__flaA","step_1PP_trimming__fastp, step_2AS_denovo__spades","","step_2AS_mapping__bowtie, step_3TX_species__kmerfinder, step_4AN_AMR__abricate, step_4AN_AMR__staramr, step_4AN_genes__prokka, step_4TY_MLST__mlst, step_4TY_cgMLST__chewbbaca, step_4TY_flaA__flaA","step_3TX_species__kmerfinder, step_2AS_mapping__bowtie, step_4AN_AMR__abricate, step_4AN_genes__prokka, step_4AN_AMR__staramr, step_4TY_MLST__mlst, step_4TY_flaA__flaA, step_4TY_cgMLST__chewbbaca","step_1PP_trimming__fastp, step_2AS_denovo__spades, step_4AN_AMR__abricate, step_4TY_MLST__mlst","2428","82","8","2","11.2","Great! I'll proceed with the pipeline using the `module_typing_bacteria` template. Here's the plan:

1. **Preprocessing**: Trim reads with Fastp (`step_1PP_trimming__fastp`)
2. **Assembly**: Assemble with SPAdes (`step_2AS_denovo__spades`)
3. **Species Confirmation**: Confirm species with KmerFinder","nextflow.enable.dsl=2

// --- IMPORTS ---

include { step_2AS_mapping__bowtie } from '../steps/step_2AS_mapping__bowtie'

include { step_4TY_MLST__mlst } from '../steps/step_4TY_MLST__mlst'

include { step_4TY_flaA__flaA } from '../steps/step_4TY_flaA__flaA'

include { step_4AN_AMR__abricate } from '../steps/step_4AN_AMR__abricate'

include { extractKey; getEmpty } from '../functions/common.nf'

include { getAssembly; getTrimmedReads } from '../functions/parameters.nf'

include { step_4AN_AMR__staramr } from '../steps/step_4AN_AMR__staramr'

include { step_4TY_cgMLST__chewbbaca } from '../steps/step_4TY_cgMLST__chewbbaca'

include { step_4AN_genes__prokka } from '../steps/step_4AN_genes__prokka'

include { step_3TX_species__kmerfinder } from '../steps/step_3TX_species__kmerfinder'

// --- GLOBALS ---

def referenceCode = 'NC_045512.2'

def referencePath = ""${params.assets_dir}/module_covid_emergency/NC_045512.fasta""

def referenceRiscd = '220308-020220308005121273-2AS_import-external'

// --- INLINE PROCESSES ---

// --- SUB WORKFLOWS ---

workflow module_typing_bacteria {
    
    take:
        
        trimmed
        
        assembly
        
    
    main:
        assigned_species = step_3TX_species__kmerfinder(assembly).assigned_species

        if (!params.skip_bestref_mapping) {
          trimmed.cross(assigned_species) { extractKey(it) }.multiMap {
            trimmed: it[0]
            species: it[1][1]
            referencePath: it[1][2]
          }.set { trimAndAndSpecies }
          step_2AS_mapping__bowtie(trimAndAndSpecies.trimmed, trimAndAndSpecies.referencePath)
        }

        step_4AN_AMR__abricate(assembly)

        step_4AN_genes__prokka(assembly.map{ [ it[0], it[1], 'Bacteria', '-', '-', getEmpty() ] })

        assembly.cross(assigned_species) { extractKey(it) }.multiMap {
          assembly: it[0]
          species: it[1][1]
        }.set { assemblyAndSpecies }

        step_4AN_AMR__staramr(assemblyAndSpecies.assembly, assemblyAndSpecies.species)
        step_4TY_MLST__mlst(assemblyAndSpecies.assembly)
        step_4TY_flaA__flaA(assemblyAndSpecies.assembly, assemblyAndSpecies.species)
        step_4TY_cgMLST__chewbbaca(assemblyAndSpecies.assembly, assemblyAndSpecies.species, '')
    
    emit:
        
        genus_species = assigned_species
        
    
}

// --- ENTRYPOINT ---
workflow {
    module_typing_bacteria(getTrimmedReads(true), getAssembly())
}","nextflow.enable.dsl=2

include { getSingleInput; optionalOrDefault; param } from '../functions/parameters.nf'
include { step_1PP_trimming__fastp } from '../steps/step_1PP_trimming__fastp'
include { step_2AS_denovo__spades } from '../steps/step_2AS_denovo__spades'
include { step_4AN_AMR__abricate } from '../steps/step_4AN_AMR__abricate'
include { step_4TY_MLST__mlst } from '../steps/step_4TY_MLST__mlst'
workflow {
    trimmed   = step_1PP_trimming__fastp(getSingleInput()).trimmed
    assembled = step_2AS_denovo__spades(trimmed).assembled
    step_4AN_AMR__abricate(assembled)
    step_4TY_MLST__mlst(assembled)
}
"
"MOD_D08_drop_abricate_keep_mlst_sal","2","drop","(generated)","MOD_D08_drop_abricate_keep_mlst_sal_t2","modification","Drop abricate, keep only mlst.","Y","N","missing_param","ERROR ~ missing required param: step_3TX_species__kmerfinder__db","0","7","N","step_2AS_mapping__bowtie, step_3TX_species__kmerfinder","","","step_1PP_trimming__fastp, step_2AS_denovo__spades, step_2AS_mapping__bowtie, step_3TX_species__kmerfinder, step_4TY_MLST__mlst","step_3TX_species__kmerfinder, step_2AS_mapping__bowtie, step_4TY_MLST__mlst, step_1PP_trimming__fastp, step_2AS_denovo__spades","step_1PP_trimming__fastp, step_2AS_denovo__spades, step_4TY_MLST__mlst","1879","71","5","2","9.8","Great! I'll proceed with the pipeline using the following steps:

1. Preprocessing: Trim reads with Fastp (`step_1PP_trimming__fastp`)
2. Assembly: Assemble with SPAdes (`step_2AS_denovo__spades`)
3. Species Confirmation: Confirm species with KmerFinder (`step_3TX_species__kmerfinder`)
4. Mapping: M","nextflow.enable.dsl=2

// --- IMPORTS ---

include { step_2AS_mapping__bowtie } from '../steps/step_2AS_mapping__bowtie'

include { step_4TY_MLST__mlst } from '../steps/step_4TY_MLST__mlst'

include { extractKey } from '../functions/common.nf'

include { step_2AS_denovo__spades } from '../steps/step_2AS_denovo__spades'

include { getSingleInput } from '../functions/parameters.nf'

include { step_1PP_trimming__fastp } from '../steps/step_1PP_trimming__fastp'

include { step_3TX_species__kmerfinder } from '../steps/step_3TX_species__kmerfinder'

// --- GLOBALS ---

def referenceCode = 'NC_045512.2'

def referencePath = ""${params.assets_dir}/module_covid_emergency/NC_045512.fasta""

def referenceRiscd = '220308-020220308005121273-2AS_import-external'

// --- INLINE PROCESSES ---

// --- SUB WORKFLOWS ---

workflow module_typing_bacteria {
    
    take:
        
        trimmed
        
        assembly
        
    
    main:
        assigned_species = step_3TX_species__kmerfinder(assembly).assigned_species

        if (!params.skip_bestref_mapping) {
          trimmed.cross(assigned_species) { extractKey(it) }.multiMap {
            trimmed: it[0]
            species: it[1][1]
            referencePath: it[1][2]
          }.set { trimAndAndSpecies }
          step_2AS_mapping__bowtie(trimAndAndSpecies.trimmed, trimAndAndSpecies.referencePath)
        }

        assembly.cross(assigned_species) { extractKey(it) }.multiMap {
          assembly: it[0]
          species: it[1][1]
        }.set { assemblyAndSpecies }

        step_4TY_MLST__mlst(assemblyAndSpecies.assembly)
    
    emit:
        
        genus_species = assigned_species
        
    
}

// --- ENTRYPOINT ---
workflow {
    trimmed = step_1PP_trimming__fastp(getSingleInput()).trimmed
    assembly = step_2AS_denovo__spades(trimmed).assembled
    module_typing_bacteria(trimmed, assembly)
}","nextflow.enable.dsl=2

include { getSingleInput; optionalOrDefault; param } from '../functions/parameters.nf'
include { step_1PP_trimming__fastp } from '../steps/step_1PP_trimming__fastp'
include { step_2AS_denovo__spades } from '../steps/step_2AS_denovo__spades'
include { step_4TY_MLST__mlst } from '../steps/step_4TY_MLST__mlst'
workflow {
    trimmed   = step_1PP_trimming__fastp(getSingleInput()).trimmed
    assembled = step_2AS_denovo__spades(trimmed).assembled
    step_4TY_MLST__mlst(assembled)
}
"
"MOD_D09_drop_prokka_keep_mlst_sal","1","drop","(generated)","MOD_D09_drop_prokka_keep_mlst_sal_t1","modification","Run both prokka and mlst on Salmonella enterica from paired Illumina FASTQ.","Y","N","partial_dag","Only 2/8 expected processes appeared in the DAG","2","8","N","","step_1PP_trimming__fastp, step_2AS_denovo__spades","","step_4AN_genes__prokka, step_4TY_MLST__mlst","step_4AN_genes__prokka, step_4TY_MLST__mlst","step_1PP_trimming__fastp, step_2AS_denovo__spades, step_4AN_genes__prokka, step_4TY_MLST__mlst","715","37","2","2","6.2","Great! I'll proceed with the pipeline that runs Prokka for annotation and MLST for typing on your Salmonella enterica paired Illumina FASTQ files.","nextflow.enable.dsl=2

// --- IMPORTS ---

include { getEmpty } from '../functions/common.nf'

include { getSingleInput } from '../functions/parameters.nf'

include { step_4AN_genes__prokka } from '../steps/step_4AN_genes__prokka'

include { step_4TY_MLST__mlst } from '../steps/step_4TY_MLST__mlst'

// --- GLOBALS ---

def kingdom = 'Bacteria'

// --- INLINE PROCESSES ---

// --- SUB WORKFLOWS ---

workflow wf_prokka_and_mlst {
    
    take:
        
        assembly
        
    
    main:
        step_4AN_genes__prokka(assembly.map { [ it[0], it[1], kingdom, '-', '-', getEmpty() ] })
        step_4TY_MLST__mlst(assembly)
    
}

// --- ENTRYPOINT ---
workflow {
    wf_prokka_and_mlst(getSingleInput())
}","nextflow.enable.dsl=2

include { getSingleInput; optionalOrDefault; param } from '../functions/parameters.nf'
include { step_1PP_trimming__fastp } from '../steps/step_1PP_trimming__fastp'
include { step_2AS_denovo__spades } from '../steps/step_2AS_denovo__spades'
include { step_4AN_genes__prokka } from '../steps/step_4AN_genes__prokka'
include { step_4TY_MLST__mlst } from '../steps/step_4TY_MLST__mlst'
workflow {
    trimmed   = step_1PP_trimming__fastp(getSingleInput()).trimmed
    assembled = step_2AS_denovo__spades(trimmed).assembled
    step_4AN_genes__prokka(assembled)
    step_4TY_MLST__mlst(assembled)
}
"
"MOD_D09_drop_prokka_keep_mlst_sal","2","drop","(generated)","MOD_D09_drop_prokka_keep_mlst_sal_t2","modification","Drop prokka, keep only mlst.","Y","N","file_not_found","WARN: file not found: '/mnt/data/cohesive_llm_bench_scratch/_shared_inputdir/2026/2026.SAL.224.1.1/0SQ_rawreads/DS99999-DT260224_import/result/*.fastq*'","0","7","N","","step_1PP_trimming__fastp, step_2AS_denovo__spades","","","step_4TY_MLST__mlst","step_1PP_trimming__fastp, step_2AS_denovo__spades, step_4TY_MLST__mlst","383","28","1","2","5.3","Great! I'll proceed with the pipeline that runs only MLST for typing on your Salmonella enterica paired Illumina FASTQ files.","nextflow.enable.dsl=2

// --- IMPORTS ---

include { getSingleInput } from '../functions/parameters.nf'

// --- GLOBALS ---

// --- INLINE PROCESSES ---

// --- SUB WORKFLOWS ---

workflow step_4TY_MLST__mlst {
    
    take:
        
        assembly
        
    
    main:
        mlst(assembly)
    
}

// --- ENTRYPOINT ---
workflow {
    step_4TY_MLST__mlst(getSingleInput())
}","nextflow.enable.dsl=2

include { getSingleInput; optionalOrDefault; param } from '../functions/parameters.nf'
include { step_1PP_trimming__fastp } from '../steps/step_1PP_trimming__fastp'
include { step_2AS_denovo__spades } from '../steps/step_2AS_denovo__spades'
include { step_4TY_MLST__mlst } from '../steps/step_4TY_MLST__mlst'
workflow {
    trimmed   = step_1PP_trimming__fastp(getSingleInput()).trimmed
    assembled = step_2AS_denovo__spades(trimmed).assembled
    step_4TY_MLST__mlst(assembled)
}
"
"MOD_D10_drop_prokka_keep_abricate_lis","1","drop","(generated)","MOD_D10_drop_prokka_keep_abricate_lis_t1","modification","Run both prokka and abricate on Listeria monocytogenes from paired Illumina FASTQ.","N","N","arity_error","ERROR ~ Workflow `wf_assembly_and_annotation:step_4AN_genes__prokka` declares 1 input channels but 4 were given","3","8","N","","step_1PP_trimming__fastp","","step_2AS_denovo__spades, step_4AN_AMR__abricate, step_4AN_genes__prokka","step_2AS_denovo__spades, step_4AN_genes__prokka, step_4AN_AMR__abricate","step_1PP_trimming__fastp, step_2AS_denovo__spades, step_4AN_AMR__abricate, step_4AN_genes__prokka","1073","51","3","2","7.4","Great! I'll proceed with the pipeline using SPAdes for assembly, Prokka for annotation, and Abricate for AMR detection on your Listeria monocytogenes paired Illumina reads.","nextflow.enable.dsl=2

// --- IMPORTS ---

include { step_4AN_AMR__abricate } from '../steps/step_4AN_AMR__abricate'

include { step_2AS_denovo__spades } from '../steps/step_2AS_denovo__spades'

include { getEmpty } from '../functions/common.nf'

include { getSingleInput } from '../functions/parameters.nf'

include { step_4AN_genes__prokka } from '../steps/step_4AN_genes__prokka'

// --- GLOBALS ---

// --- INLINE PROCESSES ---

// --- SUB WORKFLOWS ---

workflow wf_assembly_and_annotation {
    
    take:
        
        reads
        
    
    main:
        spades_out = step_2AS_denovo__spades(reads)

        spades_out.assembled.multiMap {
            assembly: it
            kingdom: 'Bacteria'
            riscd_ref: '-'
            reference: getEmpty()
        }.set { prokka_in }

        step_4AN_genes__prokka(prokka_in)

        spades_out.assembled.multiMap {
            assembly: it
        }.set { abricate_in }

        step_4AN_AMR__abricate(abricate_in)
    
}

// --- ENTRYPOINT ---
workflow {
    wf_assembly_and_annotation(getSingleInput())
}","nextflow.enable.dsl=2

include { getSingleInput; optionalOrDefault; param } from '../functions/parameters.nf'
include { step_1PP_trimming__fastp } from '../steps/step_1PP_trimming__fastp'
include { step_2AS_denovo__spades } from '../steps/step_2AS_denovo__spades'
include { step_4AN_genes__prokka } from '../steps/step_4AN_genes__prokka'
include { step_4AN_AMR__abricate } from '../steps/step_4AN_AMR__abricate'
workflow {
    trimmed   = step_1PP_trimming__fastp(getSingleInput()).trimmed
    assembled = step_2AS_denovo__spades(trimmed).assembled
    step_4AN_genes__prokka(assembled)
    step_4AN_AMR__abricate(assembled)
}
"
"MOD_D10_drop_prokka_keep_abricate_lis","2","drop","(generated)","MOD_D10_drop_prokka_keep_abricate_lis_t2","modification","Drop prokka, keep only abricate.","Y","N","file_not_found","WARN: file not found: '/mnt/data/cohesive_llm_bench_scratch/_shared_inputdir/2026/2026.LIS.226.1.1/0SQ_rawreads/DS99999-DT260224_import/result/*.fastq*'","0","7","N","","step_1PP_trimming__fastp","","","step_2AS_denovo__spades, step_4AN_AMR__abricate","step_1PP_trimming__fastp, step_2AS_denovo__spades, step_4AN_AMR__abricate","748","49","2","2","9.1","Great! I'll proceed with the pipeline using SPAdes for assembly and Abricate for AMR detection on your Listeria monocytogenes paired Illumina reads.","nextflow.enable.dsl=2

// --- IMPORTS ---

include { getSingleInput } from '../functions/parameters.nf'

// --- GLOBALS ---

// --- INLINE PROCESSES ---

// --- SUB WORKFLOWS ---

workflow step_2AS_denovo__spades {
    
    take:
        
        data
        
    
    main:
        denovo(data)
        assembly_filter(denovo.out.scaffolds).fasta | quast
        assembled = assembly_filter.out.fasta
    
    emit:
        
        assembled
        
    
}

workflow step_4AN_AMR__abricate {
    
    take:
        
        data
        
    
    main:
        abricate(data)
    
}

// --- ENTRYPOINT ---
workflow {
    reads = getSingleInput()
    spades_out = step_2AS_denovo__spades(reads)
    step_4AN_AMR__abricate(spades_out.assembled)
}","nextflow.enable.dsl=2

include { getSingleInput; optionalOrDefault; param } from '../functions/parameters.nf'
include { step_1PP_trimming__fastp } from '../steps/step_1PP_trimming__fastp'
include { step_2AS_denovo__spades } from '../steps/step_2AS_denovo__spades'
include { step_4AN_AMR__abricate } from '../steps/step_4AN_AMR__abricate'
workflow {
    trimmed   = step_1PP_trimming__fastp(getSingleInput()).trimmed
    assembled = step_2AS_denovo__spades(trimmed).assembled
    step_4AN_AMR__abricate(assembled)
}
"
"MOD_D11_drop_flaA_keep_mlst_cam","1","drop","(generated)","MOD_D11_drop_flaA_keep_mlst_cam_t1","modification","Run both flaA and mlst on Campylobacter jejuni from paired Illumina FASTQ.","Y","N","missing_param","ERROR ~ missing required param: step_3TX_species__kmerfinder__db","0","8","N","step_2AS_mapping__bowtie, step_3TX_species__kmerfinder, step_4AN_AMR__abricate, step_4AN_AMR__staramr, step_4AN_genes__prokka, step_4TY_cgMLST__chewbbaca","step_1PP_trimming__fastp, step_2AS_denovo__spades","","step_2AS_mapping__bowtie, step_3TX_species__kmerfinder, step_4AN_AMR__abricate, step_4AN_AMR__staramr, step_4AN_genes__prokka, step_4TY_MLST__mlst, step_4TY_cgMLST__chewbbaca, step_4TY_flaA__flaA","step_3TX_species__kmerfinder, step_2AS_mapping__bowtie, step_4AN_AMR__abricate, step_4AN_genes__prokka, step_4AN_AMR__staramr, step_4TY_MLST__mlst, step_4TY_flaA__flaA, step_4TY_cgMLST__chewbbaca","step_1PP_trimming__fastp, step_2AS_denovo__spades, step_4TY_MLST__mlst, step_4TY_flaA__flaA","2428","82","8","2","9.9","Great! I'll proceed with the pipeline using the `module_typing_bacteria` template. Here's the detailed plan:

1. **Input**: Paired Illumina FASTQ files
2. **Preprocessing**: Trimming with Fastp (`step_1PP_trimming__fastp`)
3. **Assembly**: SPAdes for accurate bacterial assembly (`step_2AS_denovo__sp","nextflow.enable.dsl=2

// --- IMPORTS ---

include { step_2AS_mapping__bowtie } from '../steps/step_2AS_mapping__bowtie'

include { step_4TY_MLST__mlst } from '../steps/step_4TY_MLST__mlst'

include { step_4TY_flaA__flaA } from '../steps/step_4TY_flaA__flaA'

include { step_4AN_AMR__abricate } from '../steps/step_4AN_AMR__abricate'

include { extractKey; getEmpty } from '../functions/common.nf'

include { getAssembly; getTrimmedReads } from '../functions/parameters.nf'

include { step_4AN_AMR__staramr } from '../steps/step_4AN_AMR__staramr'

include { step_4TY_cgMLST__chewbbaca } from '../steps/step_4TY_cgMLST__chewbbaca'

include { step_4AN_genes__prokka } from '../steps/step_4AN_genes__prokka'

include { step_3TX_species__kmerfinder } from '../steps/step_3TX_species__kmerfinder'

// --- GLOBALS ---

def referenceCode = 'NC_045512.2'

def referencePath = ""${params.assets_dir}/module_covid_emergency/NC_045512.fasta""

def referenceRiscd = '220308-020220308005121273-2AS_import-external'

// --- INLINE PROCESSES ---

// --- SUB WORKFLOWS ---

workflow module_typing_bacteria {
    
    take:
        
        trimmed
        
        assembly
        
    
    main:
        assigned_species = step_3TX_species__kmerfinder(assembly).assigned_species

        if (!params.skip_bestref_mapping) {
          trimmed.cross(assigned_species) { extractKey(it) }.multiMap {
            trimmed: it[0]
            species: it[1][1]
            referencePath: it[1][2]
          }.set { trimAndAndSpecies }
          step_2AS_mapping__bowtie(trimAndAndSpecies.trimmed, trimAndAndSpecies.referencePath)
        }

        step_4AN_AMR__abricate(assembly)

        step_4AN_genes__prokka(assembly.map{ [ it[0], it[1], 'Bacteria', '-', '-', getEmpty() ] })

        assembly.cross(assigned_species) { extractKey(it) }.multiMap {
          assembly: it[0]
          species: it[1][1]
        }.set { assemblyAndSpecies }

        step_4AN_AMR__staramr(assemblyAndSpecies.assembly, assemblyAndSpecies.species)
        step_4TY_MLST__mlst(assemblyAndSpecies.assembly)
        step_4TY_flaA__flaA(assemblyAndSpecies.assembly, assemblyAndSpecies.species)
        step_4TY_cgMLST__chewbbaca(assemblyAndSpecies.assembly, assemblyAndSpecies.species, '')
    
    emit:
        
        genus_species = assigned_species
        
    
}

// --- ENTRYPOINT ---
workflow {
    module_typing_bacteria(getTrimmedReads(true), getAssembly())
}","nextflow.enable.dsl=2

include { getSingleInput; optionalOrDefault; param } from '../functions/parameters.nf'
include { step_1PP_trimming__fastp } from '../steps/step_1PP_trimming__fastp'
include { step_2AS_denovo__spades } from '../steps/step_2AS_denovo__spades'
include { step_4TY_flaA__flaA } from '../steps/step_4TY_flaA__flaA'
include { step_4TY_MLST__mlst } from '../steps/step_4TY_MLST__mlst'
workflow {
    trimmed   = step_1PP_trimming__fastp(getSingleInput()).trimmed
    assembled = step_2AS_denovo__spades(trimmed).assembled
    step_4TY_flaA__flaA(assembled, param('genus_species'))
    step_4TY_MLST__mlst(assembled)
}
"
"MOD_D11_drop_flaA_keep_mlst_cam","2","drop","(generated)","MOD_D11_drop_flaA_keep_mlst_cam_t2","modification","Drop flaA, keep only mlst.","Y","N","missing_param","ERROR ~ missing required param: step_3TX_species__kmerfinder__db","0","7","N","step_2AS_mapping__bowtie, step_3TX_species__kmerfinder, step_4AN_AMR__abricate, step_4AN_AMR__staramr, step_4AN_genes__prokka","","","step_2AS_mapping__bowtie, step_3TX_species__kmerfinder, step_4AN_AMR__abricate, step_4AN_AMR__staramr, step_4AN_genes__prokka, step_4TY_MLST__mlst","step_3TX_species__kmerfinder, step_2AS_mapping__bowtie, step_4AN_AMR__abricate, step_4AN_genes__prokka, step_4AN_AMR__staramr, step_4TY_MLST__mlst, step_1PP_trimming__fastp, step_2AS_denovo__spades","step_1PP_trimming__fastp, step_2AS_denovo__spades, step_4TY_MLST__mlst","2826","117","8","2","132.4","Great! I'll proceed with the pipeline using the `module_typing_bacteria` template, but with MLST typing only. Here's the detailed plan:

1. **Input**: Paired Illumina FASTQ files
2. **Preprocessing**: Trimming with Fastp (`step_1PP_trimming__fastp`)
3. **Assembly**: SPAdes for accurate bacterial ass","nextflow.enable.dsl=2

// --- IMPORTS ---

include { step_2AS_mapping__bowtie } from '../steps/step_2AS_mapping__bowtie'

include { step_4TY_MLST__mlst } from '../steps/step_4TY_MLST__mlst'

include { step_4AN_AMR__abricate } from '../steps/step_4AN_AMR__abricate'

include { extractKey; getEmpty } from '../functions/common.nf'

include { step_4AN_AMR__staramr } from '../steps/step_4AN_AMR__staramr'

include { getInput } from '../functions/parameters.nf'

include { step_4AN_genes__prokka } from '../steps/step_4AN_genes__prokka'

include { step_3TX_species__kmerfinder } from '../steps/step_3TX_species__kmerfinder'

// --- GLOBALS ---

def referenceCode = 'NC_045512.2'

def referencePath = ""${params.assets_dir}/module_covid_emergency/NC_045512.fasta""

def referenceRiscd = '220308-020220308005121273-2AS_import-external'

// --- INLINE PROCESSES ---

// --- SUB WORKFLOWS ---

workflow module_typing_bacteria {
    
    take:
        
        trimmed
        
        assembly
        
    
    main:
        assigned_species = step_3TX_species__kmerfinder(assembly).assigned_species

        if (!params.skip_bestref_mapping) {
          trimmed.cross(assigned_species) { extractKey(it) }.multiMap {
            trimmed: it[0]
            species: it[1][1]
            referencePath: it[1][2]
          }.set { trimAndAndSpecies }
          step_2AS_mapping__bowtie(trimAndAndSpecies.trimmed, trimAndAndSpecies.referencePath)
        }

        step_4AN_AMR__abricate(assembly)

        step_4AN_genes__prokka(assembly.map{ [ it[0], it[1], 'Bacteria', '-', '-', getEmpty() ] })

        assembly.cross(assigned_species) { extractKey(it) }.multiMap {
          assembly: it[0]
          species: it[1][1]
        }.set { assemblyAndSpecies }

        step_4AN_AMR__staramr(assemblyAndSpecies.assembly, assemblyAndSpecies.species)
        step_4TY_MLST__mlst(assemblyAndSpecies.assembly)
    
}

workflow step_1PP_trimming__fastp {
    
    take:
        
        rawreads
        
    
    main:
        trimmed = fastp(rawreads).trimmed

        fastqc(trimmed)
        readsCheckInput = rawreads.cross(trimmed) { extractKey(it) }.multiMap {
          rawreads: it[0]
          trimmed: it[1]
        }
        sample_reads_check(readsCheckInput.rawreads, readsCheckInput.trimmed)
    
    emit:
        
        trimmed
        
    
}

workflow step_2AS_denovo__spades {
    
    take:
        
        data
        
    
    main:
        denovo(data)
        assembly_filter(denovo.out.scaffolds).fasta | quast

        assembled = assembly_filter.out.fasta
    
    emit:
        
        assembled
        
    
}

// --- ENTRYPOINT ---
workflow {
    trimmed = step_1PP_trimming__fastp(getInput()).trimmed
    assembly = step_2AS_denovo__spades(trimmed).assembled
    module_typing_bacteria(trimmed, assembly)
}","nextflow.enable.dsl=2

include { getSingleInput; optionalOrDefault; param } from '../functions/parameters.nf'
include { step_1PP_trimming__fastp } from '../steps/step_1PP_trimming__fastp'
include { step_2AS_denovo__spades } from '../steps/step_2AS_denovo__spades'
include { step_4TY_MLST__mlst } from '../steps/step_4TY_MLST__mlst'
workflow {
    trimmed   = step_1PP_trimming__fastp(getSingleInput()).trimmed
    assembled = step_2AS_denovo__spades(trimmed).assembled
    step_4TY_MLST__mlst(assembled)
}
"
"MOD_D12_drop_staramr_keep_mlst_cam","1","drop","(generated)","MOD_D12_drop_staramr_keep_mlst_cam_t1","modification","Run both staramr and mlst on Campylobacter jejuni from paired Illumina FASTQ.","Y","N","missing_param","ERROR ~ missing required param: step_3TX_species__kmerfinder__db","0","8","N","step_3TX_species__kmerfinder","","","step_1PP_trimming__fastp, step_2AS_denovo__spades, step_3TX_species__kmerfinder, step_4AN_AMR__staramr, step_4TY_MLST__mlst","step_4AN_AMR__staramr, step_4TY_MLST__mlst, step_1PP_trimming__fastp, step_2AS_denovo__spades, step_3TX_species__kmerfinder","step_1PP_trimming__fastp, step_2AS_denovo__spades, step_4AN_AMR__staramr, step_4TY_MLST__mlst","1380","53","5","2","10.6","Great! I'll build the pipeline with the following steps:

1. **Trimming**: Fastp (`step_1PP_trimming__fastp`) for paired Illumina reads
2. **Assembly**: SPAdes (`step_2AS_denovo__spades`) for de novo assembly
3. **Taxonomy**: KmerFinder (`step_3TX_species__kmerfinder`) to confirm Campylobacter jejun","nextflow.enable.dsl=2

// --- IMPORTS ---

include { step_4TY_MLST__mlst } from '../steps/step_4TY_MLST__mlst'

include { extractKey } from '../functions/common.nf'

include { step_4AN_AMR__staramr } from '../steps/step_4AN_AMR__staramr'

include { step_2AS_denovo__spades } from '../steps/step_2AS_denovo__spades'

include { getSingleInput } from '../functions/parameters.nf'

include { step_1PP_trimming__fastp } from '../steps/step_1PP_trimming__fastp'

include { step_3TX_species__kmerfinder } from '../steps/step_3TX_species__kmerfinder'

// --- GLOBALS ---

def GENUS_SPECIES = 'Campylobacter jejuni'

// --- INLINE PROCESSES ---

// --- SUB WORKFLOWS ---

workflow wf_amr_mlst {
    
    take:
        
        assembly
        
        assigned_species
        
    
    main:
        assembly.cross(assigned_species) { extractKey(it) }.multiMap {
            assembly: it[0]
            genus_species: it[1][1]
        }.set { amr_mlst_input }

        step_4AN_AMR__staramr(amr_mlst_input.assembly, amr_mlst_input.genus_species)
        step_4TY_MLST__mlst(amr_mlst_input.assembly)
    
}

// --- ENTRYPOINT ---
workflow {
    trimmed = step_1PP_trimming__fastp(getSingleInput()).trimmed
    assembly = step_2AS_denovo__spades(trimmed).assembled
    assigned_species = step_3TX_species__kmerfinder(assembly).assigned_species
    wf_amr_mlst(assembly, assigned_species)
}","nextflow.enable.dsl=2

include { getSingleInput; optionalOrDefault; param } from '../functions/parameters.nf'
include { step_1PP_trimming__fastp } from '../steps/step_1PP_trimming__fastp'
include { step_2AS_denovo__spades } from '../steps/step_2AS_denovo__spades'
include { step_4AN_AMR__staramr } from '../steps/step_4AN_AMR__staramr'
include { step_4TY_MLST__mlst } from '../steps/step_4TY_MLST__mlst'
workflow {
    trimmed   = step_1PP_trimming__fastp(getSingleInput()).trimmed
    assembled = step_2AS_denovo__spades(trimmed).assembled
    step_4AN_AMR__staramr(assembled, param('genus_species'))
    step_4TY_MLST__mlst(assembled)
}
"
"MOD_D12_drop_staramr_keep_mlst_cam","2","drop","(generated)","MOD_D12_drop_staramr_keep_mlst_cam_t2","modification","Drop staramr, keep only mlst.","Y","Y","none","","11","7","N","step_2AS_mapping__ivar, step_4TY_lineage__pangolin","step_1PP_trimming__fastp, step_2AS_denovo__spades, step_4TY_MLST__mlst","","step_2AS_mapping__ivar, step_4TY_lineage__pangolin","step_2AS_mapping__ivar, step_4TY_lineage__pangolin","step_1PP_trimming__fastp, step_2AS_denovo__spades, step_4TY_MLST__mlst","1003","44","2","2","7.5","I'll build the pipeline with these steps:
1. **Trimming**: Fastp (`step_1PP_trimming__fastp`) for paired Illumina reads
2. **Assembly**: SPAdes (`step_2AS_denovo__spades`) for de novo assembly
3. **Taxonomy**: KmerFinder (`step_3TX_species__kmerfinder`) to confirm Campylobacter jejuni
4. **Typing**:","nextflow.enable.dsl=2

// --- IMPORTS ---

include { step_2AS_mapping__ivar } from '../steps/step_2AS_mapping__ivar'

include { getSingleInput } from '../functions/parameters.nf'

include { step_4TY_lineage__pangolin } from '../steps/step_4TY_lineage__pangolin'

// --- GLOBALS ---

def referenceCode = 'NC_045512.2'

def referencePath = ""${params.assets_dir}/module_covid_emergency/NC_045512.fasta""

def referenceRiscd = '220308-020220308005121273-2AS_import-external'

// --- INLINE PROCESSES ---

// --- SUB WORKFLOWS ---

workflow module_covid_emergency {
    
    take:
        
        trimmed
        
    
    main:
        trimmed.multiMap {
            trimmed: it
            reference: [ referenceRiscd, referenceCode, file(referencePath) ]
        }.set { trAndRef }

        ivar_out = step_2AS_mapping__ivar(trAndRef.trimmed, trAndRef.reference)
        step_4TY_lineage__pangolin(ivar_out.consensus)
    
}

// --- ENTRYPOINT ---
workflow {
    module_covid_emergency(getSingleInput())
}","nextflow.enable.dsl=2

include { getSingleInput; optionalOrDefault; param } from '../functions/parameters.nf'
include { step_1PP_trimming__fastp } from '../steps/step_1PP_trimming__fastp'
include { step_2AS_denovo__spades } from '../steps/step_2AS_denovo__spades'
include { step_4TY_MLST__mlst } from '../steps/step_4TY_MLST__mlst'
workflow {
    trimmed   = step_1PP_trimming__fastp(getSingleInput()).trimmed
    assembled = step_2AS_denovo__spades(trimmed).assembled
    step_4TY_MLST__mlst(assembled)
}
"
"MOD_DA01_drop_assembly_lis","1","drop","(generated)","MOD_DA01_drop_assembly_lis_t1","modification","Trim + assemble Listeria monocytogenes from paired Illumina FASTQ (fastp + SPAdes).","N","N","no_code","http exception: HTTPConnectionPool(host='127.0.0.1', port=8765): Read timed out. (read timeout=180)","0","6","N","","step_1PP_trimming__fastp, step_2AS_denovo__spades","","","","step_1PP_trimming__fastp, step_2AS_denovo__spades","0","0","0","2","183.3","","","nextflow.enable.dsl=2

include { getSingleInput; optionalOrDefault; param } from '../functions/parameters.nf'
include { step_1PP_trimming__fastp } from '../steps/step_1PP_trimming__fastp'
include { step_2AS_denovo__spades } from '../steps/step_2AS_denovo__spades'
workflow {
    trimmed   = step_1PP_trimming__fastp(getSingleInput()).trimmed
    assembled = step_2AS_denovo__spades(trimmed).assembled
}
"
"MOD_DA02_drop_assembly_eco","1","drop","(generated)","MOD_DA02_drop_assembly_eco_t1","modification","Trim + assemble Escherichia coli from paired Illumina FASTQ (fastp + SPAdes).","N","N","no_code","http exception: HTTPConnectionPool(host='127.0.0.1', port=8765): Read timed out. (read timeout=180)","0","6","N","","step_1PP_trimming__fastp, step_2AS_denovo__spades","","","","step_1PP_trimming__fastp, step_2AS_denovo__spades","0","0","0","2","183.5","","","nextflow.enable.dsl=2

include { getSingleInput; optionalOrDefault; param } from '../functions/parameters.nf'
include { step_1PP_trimming__fastp } from '../steps/step_1PP_trimming__fastp'
include { step_2AS_denovo__spades } from '../steps/step_2AS_denovo__spades'
workflow {
    trimmed   = step_1PP_trimming__fastp(getSingleInput()).trimmed
    assembled = step_2AS_denovo__spades(trimmed).assembled
}
"
"MOD_DA03_drop_assembly_sal","1","drop","(generated)","MOD_DA03_drop_assembly_sal_t1","modification","Trim + assemble Salmonella enterica from paired Illumina FASTQ (fastp + SPAdes).","Y","N","file_not_found","WARN: file not found: '/mnt/data/cohesive_llm_bench_scratch/_shared_inputdir/2026/2026.SAL.225.1.1/0SQ_rawreads/DS99999-DT260224_import/result/*.fastq*'","0","6","Y","","","","","step_1PP_trimming__fastp, step_2AS_denovo__spades","step_1PP_trimming__fastp, step_2AS_denovo__spades","1088","62","2","2","7.0","Great! I'll set up the pipeline with:
1. Trimming: fastp (`step_1PP_trimming__fastp`)
2. Assembly: SPAdes (`step_2AS_denovo__spades`)

This is a standard approach for Salmonella enterica from paired Illumina reads.","nextflow.enable.dsl=2

// --- IMPORTS ---

include { extractKey } from '../functions/common.nf'

include { getSingleInput } from '../functions/parameters.nf'

// --- GLOBALS ---

// --- INLINE PROCESSES ---

// --- SUB WORKFLOWS ---

workflow step_1PP_trimming__fastp {
    
    take:
        
        rawreads
        
    
    main:
        trimmed = fastp(rawreads).trimmed

        fastqc(trimmed)
        readsCheckInput = rawreads.cross(trimmed) { extractKey(it) }.multiMap {
          rawreads: it[0]
          trimmed: it[1]
        }
        sample_reads_check(readsCheckInput.rawreads, readsCheckInput.trimmed)
    
    emit:
        
        trimmed
        
    
}

workflow step_2AS_denovo__spades {
    
    take:
        
        data
        
    
    main:
        denovo(data)
        assembly_filter(denovo.out.scaffolds).fasta | quast
        assembled = assembly_filter.out.fasta
    
    emit:
        
        assembled
        
    
}

// --- ENTRYPOINT ---
workflow {
    trimmed = step_1PP_trimming__fastp(getSingleInput())
    step_2AS_denovo__spades(trimmed)
}","nextflow.enable.dsl=2

include { getSingleInput; optionalOrDefault; param } from '../functions/parameters.nf'
include { step_1PP_trimming__fastp } from '../steps/step_1PP_trimming__fastp'
include { step_2AS_denovo__spades } from '../steps/step_2AS_denovo__spades'
workflow {
    trimmed   = step_1PP_trimming__fastp(getSingleInput()).trimmed
    assembled = step_2AS_denovo__spades(trimmed).assembled
}
"
"MOD_DA03_drop_assembly_sal","2","drop","(generated)","MOD_DA03_drop_assembly_sal_t2","modification","Drop the assembly step and just trim the reads.","Y","N","silent_no_op","No process placeholders appeared. when: clause filtered everything?","0","3","Y","","","","","step_1PP_trimming__fastp","step_1PP_trimming__fastp","1799","80","1","2","7.4","I'll set up a pipeline that only trims the reads using fastp (`step_1PP_trimming__fastp`). This will output the trimmed FASTQ files ready for downstream analysis.","nextflow.enable.dsl=2

// --- IMPORTS ---

include { extractKey; getRisCd; parseMetadataFromFileName } from '../functions/common.nf'

include { getInput; isIlluminaPaired; isIonTorrent } from '../functions/parameters.nf'

// --- GLOBALS ---

// --- INLINE PROCESSES ---

process fastp {
    container 'ghcr.io/genpat-it/fastp:0.23.1--e4ac3df4c5'
    
    input:
    
    tuple val(riscd_input), path(reads)
    
    
    output:
    
    path '*'
    
    tuple val(riscd), path('*.fastq.gz'), emit: trimmed
    
    path '{*.sh,*.log}', hidden: true
    
    
    script:
    """"""
(r1,r2) = (reads instanceof java.util.Collection) ? reads : [reads, null]
md = parseMetadataFromFileName(r1.getName())
base = ""${md.ds}-${ex.dt}_${md.cmp}_${METHOD}""
riscd = getRisCd(md, ex, STEP, METHOD)
if (isIlluminaPaired(reads)) {
  """"""
    fastp --in1 ${r1} --out1 ${base}_R1.fastq.gz --in2 ${r2} --out2 ${base}_R2.fastq.gz \
    --unpaired1 ${base}_unpaired.fastq.gz --unpaired2 ${base}_unpaired.fastq.gz \
    --json ${base}_summary.json --html ${base}_summary.html --thread 8
  """"""
} else if (isIonTorrent(reads)) {
  """"""
    fastp --in1 ${r1} --out1 ${base}_R1.fastq.gz  \
    --json ${base}_summary.json --html ${base}_summary.html --thread 8
  """"""
}
    """"""
}

// --- SUB WORKFLOWS ---

workflow step_1PP_trimming__fastp {
    
    take:
        
        rawreads
        
    
    main:
        trimmed = fastp(rawreads).trimmed

        fastqc(trimmed)
        readsCheckInput = rawreads.cross(trimmed) { extractKey(it) }.multiMap {
          rawreads: it[0]
          trimmed: it[1]
        }
        sample_reads_check(readsCheckInput.rawreads, readsCheckInput.trimmed)
    
    emit:
        
        trimmed
        
    
}

// --- ENTRYPOINT ---
workflow {
    step_1PP_trimming__fastp(getInput())
}","nextflow.enable.dsl=2

include { getSingleInput; optionalOrDefault; param } from '../functions/parameters.nf'
include { step_1PP_trimming__fastp } from '../steps/step_1PP_trimming__fastp'
workflow {
    step_1PP_trimming__fastp(getSingleInput())
}
"
"MOD_DA04_drop_assembly_cam","1","drop","(generated)","MOD_DA04_drop_assembly_cam_t1","modification","Trim + assemble Campylobacter jejuni from paired Illumina FASTQ (fastp + SPAdes).","N","N","no_code","http exception: HTTPConnectionPool(host='127.0.0.1', port=8765): Read timed out. (read timeout=180)","0","6","N","","step_1PP_trimming__fastp, step_2AS_denovo__spades","","","","step_1PP_trimming__fastp, step_2AS_denovo__spades","0","0","0","2","183.4","","","nextflow.enable.dsl=2

include { getSingleInput; optionalOrDefault; param } from '../functions/parameters.nf'
include { step_1PP_trimming__fastp } from '../steps/step_1PP_trimming__fastp'
include { step_2AS_denovo__spades } from '../steps/step_2AS_denovo__spades'
workflow {
    trimmed   = step_1PP_trimming__fastp(getSingleInput()).trimmed
    assembled = step_2AS_denovo__spades(trimmed).assembled
}
"
"MOD_DM01_drop_mono_chewbbaca_keep_mlst_lis","1","drop","(generated)","MOD_DM01_drop_mono_chewbbaca_keep_mlst_lis_t1","modification","Run both chewbbaca and mlst on a pre-existing Listeria monocytogenes assembly.","Y","Y","none","","4","4","Y","","","","step_4TY_MLST__mlst, step_4TY_cgMLST__chewbbaca","step_4TY_cgMLST__chewbbaca, step_4TY_MLST__mlst","step_4TY_MLST__mlst, step_4TY_cgMLST__chewbbaca","704","37","2","2","8.5","Great! I'll set up a pipeline to run both ChewBBACA and MLST on your Listeria monocytogenes assembly. Here's the plan:

1. **Input**: Your pre-existing Listeria monocytogenes assembly
2. **Steps**:
   - Run ChewBBACA cgMLST typing (`step_4TY_cgMLST__chewbbaca`)
   - Run traditional MLST typing (`ste","nextflow.enable.dsl=2

// --- IMPORTS ---

include { step_4TY_cgMLST__chewbbaca } from '../steps/step_4TY_cgMLST__chewbbaca'

include { getSingleInput } from '../functions/parameters.nf'

include { step_4TY_MLST__mlst } from '../steps/step_4TY_MLST__mlst'

// --- GLOBALS ---

def genus_species = 'Listeria monocytogenes'

def schema = 'l_mono_chewie_1748_220623'

// --- INLINE PROCESSES ---

// --- SUB WORKFLOWS ---

workflow wf_listeria_typing {
    
    take:
        
        assembly
        
    
    main:
        step_4TY_cgMLST__chewbbaca(assembly, genus_species, schema)
        step_4TY_MLST__mlst(assembly)
    
}

// --- ENTRYPOINT ---
workflow {
    wf_listeria_typing(getSingleInput())
}","nextflow.enable.dsl=2

include { getInput; optionalOrDefault; param } from '../functions/parameters.nf'
include { step_4TY_cgMLST__chewbbaca } from '../steps/step_4TY_cgMLST__chewbbaca'
include { step_4TY_MLST__mlst } from '../steps/step_4TY_MLST__mlst'
workflow {
    asm = getInput()
    step_4TY_cgMLST__chewbbaca(asm, param('genus_species'), optionalOrDefault('schema', ''))
    step_4TY_MLST__mlst(asm)
}
"
"MOD_DM01_drop_mono_chewbbaca_keep_mlst_lis","2","drop","(generated)","MOD_DM01_drop_mono_chewbbaca_keep_mlst_lis_t2","modification","Drop chewbbaca, keep only mlst.","Y","N","file_not_found","WARN: file not found: '/mnt/data/cohesive_llm_bench_scratch/_shared_inputdir/2026/2026.LIS.228.1.1/2AS_import/DS99999-DT260224_external/result/*.fasta'","0","1","Y","","","","","step_4TY_MLST__mlst","step_4TY_MLST__mlst","383","28","1","2","5.2","Great! I'll set up a pipeline to run MLST typing on your Listeria monocytogenes assembly using the `step_4TY_MLST__mlst` component. This will provide you with the MLST profile for your assembly.","nextflow.enable.dsl=2

// --- IMPORTS ---

include { getSingleInput } from '../functions/parameters.nf'

// --- GLOBALS ---

// --- INLINE PROCESSES ---

// --- SUB WORKFLOWS ---

workflow step_4TY_MLST__mlst {
    
    take:
        
        assembly
        
    
    main:
        mlst(assembly)
    
}

// --- ENTRYPOINT ---
workflow {
    step_4TY_MLST__mlst(getSingleInput())
}","nextflow.enable.dsl=2

include { getInput; optionalOrDefault; param } from '../functions/parameters.nf'
include { step_4TY_MLST__mlst } from '../steps/step_4TY_MLST__mlst'
workflow {
    step_4TY_MLST__mlst(getInput())
}
"
"MOD_DM02_drop_mono_chewbbaca_keep_mlst_sal","1","drop","(generated)","MOD_DM02_drop_mono_chewbbaca_keep_mlst_sal_t1","modification","Run both chewbbaca and mlst on a pre-existing Salmonella enterica assembly.","Y","Y","none","","4","4","Y","","","","step_4TY_MLST__mlst, step_4TY_cgMLST__chewbbaca","step_4TY_cgMLST__chewbbaca, step_4TY_MLST__mlst","step_4TY_MLST__mlst, step_4TY_cgMLST__chewbbaca","874","43","2","2","8.3","Great! I'll set up a pipeline that runs both ChewBBACA and MLST on your Salmonella enterica assembly. Here's the plan:

1. **Input**: Your pre-existing Salmonella enterica assembly
2. **Step 1**: Run ChewBBACA (`step_4TY_cgMLST__chewbbaca`) for cgMLST typing
3. **Step 2**: Run MLST (`step_4TY_MLST__","nextflow.enable.dsl=2

// --- IMPORTS ---

include { step_4TY_cgMLST__chewbbaca } from '../steps/step_4TY_cgMLST__chewbbaca'

include { getSingleInput } from '../functions/parameters.nf'

include { step_4TY_MLST__mlst } from '../steps/step_4TY_MLST__mlst'

// --- GLOBALS ---

def genus_species = 'Salmonella enterica'

def schema = 's_enterica_chewie_3255_210531'

// --- INLINE PROCESSES ---

// --- SUB WORKFLOWS ---

workflow wf_salmonella_typing {
    
    take:
        
        assembly
        
    
    main:
        assembly.multiMap {
            assembly: it
            genus_species: genus_species
            schema: schema
        }.set { prep }

        step_4TY_cgMLST__chewbbaca(prep.assembly, prep.genus_species, prep.schema)
        step_4TY_MLST__mlst(prep.assembly)
    
}

// --- ENTRYPOINT ---
workflow {
    wf_salmonella_typing(getSingleInput())
}","nextflow.enable.dsl=2

include { getInput; optionalOrDefault; param } from '../functions/parameters.nf'
include { step_4TY_cgMLST__chewbbaca } from '../steps/step_4TY_cgMLST__chewbbaca'
include { step_4TY_MLST__mlst } from '../steps/step_4TY_MLST__mlst'
workflow {
    asm = getInput()
    step_4TY_cgMLST__chewbbaca(asm, param('genus_species'), optionalOrDefault('schema', ''))
    step_4TY_MLST__mlst(asm)
}
"
"MOD_DM02_drop_mono_chewbbaca_keep_mlst_sal","2","drop","(generated)","MOD_DM02_drop_mono_chewbbaca_keep_mlst_sal_t2","modification","Drop chewbbaca, keep only mlst.","Y","N","file_not_found","WARN: file not found: '/mnt/data/cohesive_llm_bench_scratch/_shared_inputdir/2026/2026.SAL.226.1.1/2AS_import/DS99999-DT260224_external/result/*.fasta'","0","1","Y","","","","","step_4TY_MLST__mlst","step_4TY_MLST__mlst","377","28","1","2","5.0","I'll set up a pipeline that runs only MLST on your Salmonella enterica assembly. This will provide the traditional MLST sequence type for your sample.

**Pipeline Plan:**
1. **Input**: Your pre-existing Salmonella enterica assembly
2. **Step**: Run MLST (`step_4TY_MLST__mlst`) for traditional MLST t","nextflow.enable.dsl=2

// --- IMPORTS ---

include { getAssembly } from '../functions/parameters.nf'

// --- GLOBALS ---

// --- INLINE PROCESSES ---

// --- SUB WORKFLOWS ---

workflow step_4TY_MLST__mlst {
    
    take:
        
        assembly
        
    
    main:
        mlst(assembly)
    
}

// --- ENTRYPOINT ---
workflow {
    step_4TY_MLST__mlst(getAssembly())
}","nextflow.enable.dsl=2

include { getInput; optionalOrDefault; param } from '../functions/parameters.nf'
include { step_4TY_MLST__mlst } from '../steps/step_4TY_MLST__mlst'
workflow {
    step_4TY_MLST__mlst(getInput())
}
"
"MOD_DM03_drop_mono_mlst_keep_chewbbaca_lis","1","drop","(generated)","MOD_DM03_drop_mono_mlst_keep_chewbbaca_lis_t1","modification","Run both mlst and chewbbaca on a pre-existing Listeria monocytogenes assembly.","Y","N","file_not_found","WARN: file not found: '/mnt/data/cohesive_llm_bench_scratch/_shared_inputdir/2026/2026.LIS.229.1.1/2AS_import/DS99999-DT260224_external/result/*.fasta'","0","4","Y","","","","","step_4TY_MLST__mlst, step_4TY_cgMLST__chewbbaca","step_4TY_MLST__mlst, step_4TY_cgMLST__chewbbaca","1005","63","2","2","8.8","Great! I'll set up a pipeline that runs both MLST and cgMLST (ChewBBACA) on your Listeria monocytogenes assembly. Here's the plan:

1. **MLST Typing**: Using `step_4TY_MLST__mlst` to determine the sequence type of your Listeria monocytogenes assembly.
2. **cgMLST Typing**: Using `step_4TY_cgMLST__ch","nextflow.enable.dsl=2

// --- IMPORTS ---

include { getAssembly } from '../functions/parameters.nf'

// --- GLOBALS ---

def genus_species = 'Listeria monocytogenes'

def schema = 'l_mono_chewie_1748_220623'

// --- INLINE PROCESSES ---

// --- SUB WORKFLOWS ---

workflow wf_listeria_typing {
    
    take:
        
        assembly
        
    
    main:
        step_4TY_MLST__mlst(assembly)
        step_4TY_cgMLST__chewbbaca(assembly, genus_species, schema)
    
}

workflow step_4TY_MLST__mlst {
    
    take:
        
        assembly
        
    
    main:
        mlst(assembly)
    
}

workflow step_4TY_cgMLST__chewbbaca {
    
    take:
        
        assembly
        
        genus_species
        
        schema
        
    
    main:
        chewbbaca_result = chewbbaca(assembly, genus_species, schema)
        hashing(chewbbaca_result.alleles)
        chewbbaca_check(chewbbaca_result.stats).check
    
}

// --- ENTRYPOINT ---
workflow {
    wf_listeria_typing(getAssembly())
}","nextflow.enable.dsl=2

include { getInput; optionalOrDefault; param } from '../functions/parameters.nf'
include { step_4TY_MLST__mlst } from '../steps/step_4TY_MLST__mlst'
include { step_4TY_cgMLST__chewbbaca } from '../steps/step_4TY_cgMLST__chewbbaca'
workflow {
    asm = getInput()
    step_4TY_MLST__mlst(asm)
    step_4TY_cgMLST__chewbbaca(asm, param('genus_species'), optionalOrDefault('schema', ''))
}
"
"MOD_DM03_drop_mono_mlst_keep_chewbbaca_lis","2","drop","(generated)","MOD_DM03_drop_mono_mlst_keep_chewbbaca_lis_t2","modification","Drop mlst, keep only chewbbaca.","Y","N","silent_no_op","No process placeholders appeared. when: clause filtered everything?","0","3","Y","","","","","step_4TY_cgMLST__chewbbaca","step_4TY_cgMLST__chewbbaca","3953","127","1","2","8.5","Great! I'll set up a pipeline that runs ChewBBACA (cgMLST) on your Listeria monocytogenes assembly. This will provide core genome MLST typing results.","nextflow.enable.dsl=2

// --- IMPORTS ---

include { getInput; optionalOrDefault; param } from '../functions/parameters.nf'

// --- GLOBALS ---

def SPECIES_SCHEMA = [listeria_monocytogenes: ['l_mono_chewie_1748_220623'], escherichia_coli: ['e_coli_chewie_2360_210531'], salmonella_enterica: ['s_enterica_chewie_3255_210531']]

def SCHEMAS = [l_mono_chewie_1748_220623: '/schemas/Listeria_monocytogenes_Pasteur_cgMLST_2022-06-23T18_03_54.613576.zip', e_coli_chewie_2360_210531: '/schemas/Escherichia_coli_INNUENDO_wgMLST_2021-05-31T14_24_05.304225.zip', s_enterica_chewie_3255_210531: '/schemas/Salmonella_enterica_INNUENDO_cgMLST_2021-05-31T20_28_21.350919.zip']

def CHEWBBACA_SINGLE_END_PARAMS = [l_mono_chewie_1748_220623: ' --minimum-length 144 --st 0.1 --bsr 0.6 ', e_coli_chewie_2360_210531: ' --minimum-length 0 --st 0.01 --bsr 0.6 --genes-list /schemas/Escherichia_coli_INNUENDO_cgMLST_EFSA_filterlist.txt ', s_enterica_chewie_3255_210531: ' --minimum-length 0 --st 0.01 --bsr 0.6 --genes-list /schemas/Salmonella_enterica_INNUENDO_cgMLST_EFSA_filterlist.txt ']

def CHEWBBACA_PAIRED_END_PARAMS = [l_mono_chewie_1748_220623: ' --minimum-length 144 ', e_coli_chewie_2360_210531: ' --minimum-length 0 --genes-list /schemas/Escherichia_coli_INNUENDO_cgMLST_EFSA_filterlist.txt ', s_enterica_chewie_3255_210531: ' --minimum-length 0 --genes-list /schemas/Salmonella_enterica_INNUENDO_cgMLST_EFSA_filterlist.txt ']

// --- INLINE PROCESSES ---

process chewbbaca {
    container 'ghcr.io/genpat-it/chewbbaca-w-chewie-schemas:2.8.5--16b816c96d'
    
    input:
    
    tuple val(riscd_input), path(assembly)
    
    val genus_species
    
    val schema
    
    
    output:
    
    path '**'
    
    path('${base}_results_statistics.tsv'), emit: stats
    
    tuple path('${base}_results_alleles.tsv'), path('schema/'), emit: alleles
    
    tuple path('${base}_results_alleles.tsv'), path('${base}_new_alleles.txt'), val(schemaName), emit: alleles_with_new
    
    path '{*.sh,*.log}', hidden: true
    
    
    script:
    """"""
#!/bin/bash -euo pipefail
unzip ${schemaPath} -d schema > /dev/null
chmod -R 777 schema
mkdir input && cp ${assembly} input/
chewBBACA.py AlleleCall -i input -g schema -o results --cpu ${task.cpus} --force-continue --verbose ${speciesSpecificParams}
grep ""${newAlleleKey}"" schema/*.fasta -A1 -h | grep -v ""\-\-"" > ${base}_new_alleles.txt || echo ""no INF alleles found""
mv results/*/results_alleles.tsv ${base}_results_alleles.tsv
mv results/*/results_contigsInfo.tsv ${base}_results_contigsInfo.tsv
mv results/*/results_statistics.tsv ${base}_results_statistics.tsv
    """"""
}

process chewbbaca_check {
    container 'quay.io/biocontainers/python:3.9'
    
    input:
    
    path(chewbbacaStats)
    
    
    output:
    
    path '*'
    
    path '{*.sh,*.log}', hidden: true
    
    path('${base}_import_chewbbaca_check.csv'), emit: check
    
    
    script:
    """"""
/scripts/chewieCheck.py --stat ${chewbbacaStats} > ${base}_import_chewbbaca_check.csv
    """"""
}

process hashing {
    container 'ghcr.io/genpat-it/hashing:1.0--29180a232f'
    
    input:
    
    tuple path(chewbbaca_result), path(schema_path)
    
    
    output:
    
    path '*'
    
    path '{*.sh,*.log}', hidden: true
    
    
    script:
    """"""
mask_matrix.py -i ${chewbbaca_result} -o masked_results.tsv
alleleprofile_hasher.py -p masked_results.tsv -d ${schema_path} -o ./_hashed_results.tsv
rm -Rf ${schema_path}/*
    """"""
}

// --- SUB WORKFLOWS ---

workflow step_4TY_cgMLST__chewbbaca {
    
    take:
        
        assembly
        
        genus_species
        
        schema
        
    
    main:
        chewbbaca_result = chewbbaca(assembly, genus_species, schema)
        hashing(chewbbaca_result.alleles)
        chewbbaca_check(chewbbaca_result.stats).check
    
}

// --- ENTRYPOINT ---
workflow {
    step_4TY_cgMLST__chewbbaca(getInput(), param('genus_species'), optionalOrDefault('schema', ''))
}","nextflow.enable.dsl=2

include { getInput; optionalOrDefault; param } from '../functions/parameters.nf'
include { step_4TY_cgMLST__chewbbaca } from '../steps/step_4TY_cgMLST__chewbbaca'
workflow {
    step_4TY_cgMLST__chewbbaca(getInput(), param('genus_species'), optionalOrDefault('schema', ''))
}
"
"MOD_DM04_drop_mono_mlst_keep_chewbbaca_eco","1","drop","(generated)","MOD_DM04_drop_mono_mlst_keep_chewbbaca_eco_t1","modification","Run both mlst and chewbbaca on a pre-existing Escherichia coli assembly.","Y","N","file_not_found","WARN: file not found: '/mnt/data/cohesive_llm_bench_scratch/_shared_inputdir/2026/2026.ECO.218.1.1/2AS_import/DS99999-DT260224_external/result/*.fasta'","0","4","Y","","","","","step_4TY_MLST__mlst, step_4TY_cgMLST__chewbbaca","step_4TY_MLST__mlst, step_4TY_cgMLST__chewbbaca","727","46","2","2","8.1","Great! I'll proceed with running both MLST and cgMLST (ChewBBACA) on your pre-existing Escherichia coli assembly using the following tools:

1. `step_4TY_MLST__mlst` for MLST typing
2. `step_4TY_cgMLST__chewbbaca` for cgMLST typing

The pipeline will use your existing assembly as input for both step","nextflow.enable.dsl=2

// --- IMPORTS ---

include { getAssembly } from '../functions/parameters.nf'

// --- GLOBALS ---

def genus_species = 'Escherichia coli'

def schema = 'e_coli_chewie_2360_210531'

// --- INLINE PROCESSES ---

// --- SUB WORKFLOWS ---

workflow step_4TY_MLST__mlst {
    
    take:
        
        assembly
        
    
    main:
        mlst(assembly).view { mlst_out }
    
}

workflow step_4TY_cgMLST__chewbbaca {
    
    take:
        
        assembly
        
    
    main:
        chewbbaca(assembly, genus_species, schema).view { chewbbaca_out }
    
}

// --- ENTRYPOINT ---
workflow {
    assembly = getAssembly()
    step_4TY_MLST__mlst(assembly)
    step_4TY_cgMLST__chewbbaca(assembly)
}","nextflow.enable.dsl=2

include { getInput; optionalOrDefault; param } from '../functions/parameters.nf'
include { step_4TY_MLST__mlst } from '../steps/step_4TY_MLST__mlst'
include { step_4TY_cgMLST__chewbbaca } from '../steps/step_4TY_cgMLST__chewbbaca'
workflow {
    asm = getInput()
    step_4TY_MLST__mlst(asm)
    step_4TY_cgMLST__chewbbaca(asm, param('genus_species'), optionalOrDefault('schema', ''))
}
"
"MOD_DM04_drop_mono_mlst_keep_chewbbaca_eco","2","drop","(generated)","MOD_DM04_drop_mono_mlst_keep_chewbbaca_eco_t2","modification","Drop mlst, keep only chewbbaca.","Y","N","silent_no_op","No process placeholders appeared. when: clause filtered everything?","0","3","Y","","","","","step_4TY_cgMLST__chewbbaca","step_4TY_cgMLST__chewbbaca","4069","127","1","2","9.8","Great! I'll proceed with running cgMLST (ChewBBACA) on your pre-existing Escherichia coli assembly. The pipeline will consist of:

1. `step_4TY_cgMLST__chewbbaca` - cgMLST typing using your assembly, genus_species=""Escherichia coli"", and the appropriate schema.

This will provide a detailed genomic ","nextflow.enable.dsl=2

// --- IMPORTS ---

include { getInput; optionalOrDefault; param } from '../functions/parameters.nf'

// --- GLOBALS ---

def SPECIES_SCHEMA = {'listeria_monocytogenes': ['l_mono_chewie_1748_220623'], 'escherichia_coli': ['e_coli_chewie_2360_210531'], 'salmonella_enterica': ['s_enterica_chewie_3255_210531']}

def SCHEMAS = {'l_mono_chewie_1748_220623': '/schemas/Listeria_monocytogenes_Pasteur_cgMLST_2022-06-23T18_03_54.613576.zip', 'e_coli_chewie_2360_210531': '/schemas/Escherichia_coli_INNUENDO_wgMLST_2021-05-31T14_24_05.304225.zip', 's_enterica_chewie_3255_210531': '/schemas/Salmonella_enterica_INNUENDO_cgMLST_2021-05-31T20_28_21.350919.zip'}

def CHEWBBACA_SINGLE_END_PARAMS = {'l_mono_chewie_1748_220623': ' --minimum-length 144 --st 0.1 --bsr 0.6 ', 'e_coli_chewie_2360_210531': ' --minimum-length 0 --st 0.01 --bsr 0.6 --genes-list /schemas/Escherichia_coli_INNUENDO_cgMLST_EFSA_filterlist.txt ', 's_enterica_chewie_3255_210531': ' --minimum-length 0 --st 0.01 --bsr 0.6 --genes-list /schemas/Salmonella_enterica_INNUENDO_cgMLST_EFSA_filterlist.txt '}

def CHEWBBACA_PAIRED_END_PARAMS = {'l_mono_chewie_1748_220623': ' --minimum-length 144 ', 'e_coli_chewie_2360_210531': ' --minimum-length 0 --genes-list /schemas/Escherichia_coli_INNUENDO_cgMLST_EFSA_filterlist.txt ', 's_enterica_chewie_3255_210531': ' --minimum-length 0 --genes-list /schemas/Salmonella_enterica_INNUENDO_cgMLST_EFSA_filterlist.txt '}

// --- INLINE PROCESSES ---

process chewbbaca {
    container 'ghcr.io/genpat-it/chewbbaca-w-chewie-schemas:2.8.5--16b816c96d'
    
    input:
    
    tuple val(riscd_input), path(assembly)
    
    val genus_species
    
    val schema
    
    
    output:
    
    path '**'
    
    path('${base}_results_statistics.tsv'), emit: stats
    
    tuple path('${base}_results_alleles.tsv'), path('schema/'), emit: alleles
    
    tuple path('${base}_results_alleles.tsv'), path('${base}_new_alleles.txt'), val(schemaName), emit: alleles_with_new
    
    path '{*.sh,*.log}', hidden: true
    
    
    script:
    """"""
#!/bin/bash -euo pipefail
        unzip ${schemaPath} -d schema > /dev/null
        chmod -R 777 schema
        mkdir input && cp ${assembly} input/
        chewBBACA.py AlleleCall -i input -g schema -o results --cpu ${task.cpus} --force-continue --verbose ${speciesSpecificParams}
        grep ""${newAlleleKey}"" schema/*.fasta -A1 -h | grep -v ""\-\-"" > ${base}_new_alleles.txt || echo ""no INF alleles found""
        mv results/*/results_alleles.tsv ${base}_results_alleles.tsv
        mv results/*/results_contigsInfo.tsv ${base}_results_contigsInfo.tsv
        mv results/*/results_statistics.tsv ${base}_results_statistics.tsv
    """"""
}

process chewbbaca_check {
    container 'quay.io/biocontainers/python:3.9'
    
    input:
    
    path(chewbbacaStats)
    
    
    output:
    
    path '*'
    
    path '{*.sh,*.log}', hidden: true
    
    path('${base}_import_chewbbaca_check.csv'), emit: check
    
    
    script:
    """"""
/scripts/chewieCheck.py --stat ${chewbbacaStats} > ${base}_import_chewbbaca_check.csv
    """"""
}

process hashing {
    container 'ghcr.io/genpat-it/hashing:1.0--29180a232f'
    
    input:
    
    tuple path(chewbbaca_result), path(schema_path)
    
    
    output:
    
    path '*'
    
    path '{*.sh,*.log}', hidden: true
    
    
    script:
    """"""
mask_matrix.py -i ${chewbbaca_result} -o masked_results.tsv
        alleleprofile_hasher.py -p masked_results.tsv -d ${schema_path} -o ./_hashed_results.tsv
        rm -Rf ${schema_path}/*
    """"""
}

// --- SUB WORKFLOWS ---

workflow step_4TY_cgMLST__chewbbaca {
    
    take:
        
        assembly
        
        genus_species
        
        schema
        
    
    main:
        chewbbaca_result = chewbbaca(assembly, genus_species, schema)
              hashing(chewbbaca_result.alleles)
              chewbbaca_check(chewbbaca_result.stats).check
    
}

// --- ENTRYPOINT ---
workflow {
    step_4TY_cgMLST__chewbbaca(getInput(), param('genus_species'), optionalOrDefault('schema', ''))
}","nextflow.enable.dsl=2

include { getInput; optionalOrDefault; param } from '../functions/parameters.nf'
include { step_4TY_cgMLST__chewbbaca } from '../steps/step_4TY_cgMLST__chewbbaca'
workflow {
    step_4TY_cgMLST__chewbbaca(getInput(), param('genus_species'), optionalOrDefault('schema', ''))
}
"
"MOD_DM05_drop_mono_abricate_keep_mlst_sal","1","drop","(generated)","MOD_DM05_drop_mono_abricate_keep_mlst_sal_t1","modification","Run both abricate and mlst on a pre-existing Salmonella enterica assembly.","Y","N","missing_param","ERROR ~ missing required param: step_3TX_species__kmerfinder__db","0","2","N","step_2AS_mapping__bowtie, step_3TX_species__kmerfinder, step_4AN_AMR__staramr, step_4AN_genes__prokka, step_4TY_cgMLST__chewbbaca, step_4TY_flaA__flaA","","","step_2AS_mapping__bowtie, step_3TX_species__kmerfinder, step_4AN_AMR__abricate, step_4AN_AMR__staramr, step_4AN_genes__prokka, step_4TY_MLST__mlst, step_4TY_cgMLST__chewbbaca, step_4TY_flaA__flaA","step_3TX_species__kmerfinder, step_2AS_mapping__bowtie, step_4AN_AMR__abricate, step_4AN_genes__prokka, step_4AN_AMR__staramr, step_4TY_MLST__mlst, step_4TY_flaA__flaA, step_4TY_cgMLST__chewbbaca","step_4AN_AMR__abricate, step_4TY_MLST__mlst","2428","82","8","2","9.4","Great! I'll proceed with the pipeline using the `module_typing_bacteria` template, which includes both Abricate and MLST for your Salmonella enterica assembly. This will provide comprehensive AMR profiling and MLST typing.","nextflow.enable.dsl=2

// --- IMPORTS ---

include { step_2AS_mapping__bowtie } from '../steps/step_2AS_mapping__bowtie'

include { step_4TY_MLST__mlst } from '../steps/step_4TY_MLST__mlst'

include { step_4TY_flaA__flaA } from '../steps/step_4TY_flaA__flaA'

include { step_4AN_AMR__abricate } from '../steps/step_4AN_AMR__abricate'

include { extractKey; getEmpty } from '../functions/common.nf'

include { getAssembly; getTrimmedReads } from '../functions/parameters.nf'

include { step_4AN_AMR__staramr } from '../steps/step_4AN_AMR__staramr'

include { step_4TY_cgMLST__chewbbaca } from '../steps/step_4TY_cgMLST__chewbbaca'

include { step_4AN_genes__prokka } from '../steps/step_4AN_genes__prokka'

include { step_3TX_species__kmerfinder } from '../steps/step_3TX_species__kmerfinder'

// --- GLOBALS ---

def referenceCode = 'NC_045512.2'

def referencePath = ""${params.assets_dir}/module_covid_emergency/NC_045512.fasta""

def referenceRiscd = '220308-020220308005121273-2AS_import-external'

// --- INLINE PROCESSES ---

// --- SUB WORKFLOWS ---

workflow module_typing_bacteria {
    
    take:
        
        trimmed
        
        assembly
        
    
    main:
        assigned_species = step_3TX_species__kmerfinder(assembly).assigned_species

        if (!params.skip_bestref_mapping) {
          trimmed.cross(assigned_species) { extractKey(it) }.multiMap {
            trimmed: it[0]
            species: it[1][1]
            referencePath: it[1][2]
          }.set { trimAndAndSpecies }
          step_2AS_mapping__bowtie(trimAndAndSpecies.trimmed, trimAndAndSpecies.referencePath)
        }

        step_4AN_AMR__abricate(assembly)

        step_4AN_genes__prokka(assembly.map{ [ it[0], it[1], 'Bacteria', '-', '-', getEmpty() ] })

        assembly.cross(assigned_species) { extractKey(it) }.multiMap {
          assembly: it[0]
          species: it[1][1]
        }.set { assemblyAndSpecies }

        step_4AN_AMR__staramr(assemblyAndSpecies.assembly, assemblyAndSpecies.species)
        step_4TY_MLST__mlst(assemblyAndSpecies.assembly)
        step_4TY_flaA__flaA(assemblyAndSpecies.assembly, assemblyAndSpecies.species)
        step_4TY_cgMLST__chewbbaca(assemblyAndSpecies.assembly, assemblyAndSpecies.species, '')
    
    emit:
        
        genus_species = assigned_species
        
    
}

// --- ENTRYPOINT ---
workflow {
    module_typing_bacteria(getTrimmedReads(true), getAssembly())
}","nextflow.enable.dsl=2

include { getInput; optionalOrDefault; param } from '../functions/parameters.nf'
include { step_4AN_AMR__abricate } from '../steps/step_4AN_AMR__abricate'
include { step_4TY_MLST__mlst } from '../steps/step_4TY_MLST__mlst'
workflow {
    asm = getInput()
    step_4AN_AMR__abricate(asm)
    step_4TY_MLST__mlst(asm)
}
"
"MOD_DM05_drop_mono_abricate_keep_mlst_sal","2","drop","(generated)","MOD_DM05_drop_mono_abricate_keep_mlst_sal_t2","modification","Drop abricate, keep only mlst.","Y","N","file_not_found","WARN: file not found: '/mnt/data/cohesive_llm_bench_scratch/_shared_inputdir/2026/2026.SAL.227.1.1/2AS_import/DS99999-DT260224_external/result/*.fasta'","0","1","Y","","","","","step_4TY_MLST__mlst","step_4TY_MLST__mlst","377","28","1","2","6.8","I'll proceed with a pipeline that uses only the MLST step for your Salmonella enterica assembly. This will provide Multi-Locus Sequence Typing without the Abricate AMR profiling.

Here's the final plan:
1. **Input**: Pre-existing Salmonella enterica assembly
2. **Step**: MLST (`step_4TY_MLST__mlst`)","nextflow.enable.dsl=2

// --- IMPORTS ---

include { getAssembly } from '../functions/parameters.nf'

// --- GLOBALS ---

// --- INLINE PROCESSES ---

// --- SUB WORKFLOWS ---

workflow step_4TY_MLST__mlst {
    
    take:
        
        assembly
        
    
    main:
        mlst(assembly)
    
}

// --- ENTRYPOINT ---
workflow {
    step_4TY_MLST__mlst(getAssembly())
}","nextflow.enable.dsl=2

include { getInput; optionalOrDefault; param } from '../functions/parameters.nf'
include { step_4TY_MLST__mlst } from '../steps/step_4TY_MLST__mlst'
workflow {
    step_4TY_MLST__mlst(getInput())
}
"
"MOD_DM06_drop_mono_prokka_keep_mlst_lis","1","drop","(generated)","MOD_DM06_drop_mono_prokka_keep_mlst_lis_t1","modification","Run both prokka and mlst on a pre-existing Listeria monocytogenes assembly.","Y","N","file_not_found","WARN: file not found: '/mnt/data/cohesive_llm_bench_scratch/_shared_inputdir/2026/2026.LIS.230.1.1/2AS_import/DS99999-DT260224_external/result/*.fasta'","1","2","Y","","","","step_4AN_genes__prokka, step_4TY_MLST__mlst","step_4AN_genes__prokka, step_4TY_MLST__mlst","step_4AN_genes__prokka, step_4TY_MLST__mlst","721","37","2","2","8.5","Great! I'll proceed with the pipeline using Prokka for genome annotation and MLST for typing on your Listeria monocytogenes assembly. Here's the plan:

1. **Prokka Annotation**: I'll run `step_4AN_genes__prokka` on your assembly to annotate the genome.
2. **MLST Typing**: I'll run `step_4TY_MLST__ml","nextflow.enable.dsl=2

// --- IMPORTS ---

include { getEmpty } from '../functions/common.nf'

include { getSingleInput } from '../functions/parameters.nf'

include { step_4AN_genes__prokka } from '../steps/step_4AN_genes__prokka'

include { step_4TY_MLST__mlst } from '../steps/step_4TY_MLST__mlst'

// --- GLOBALS ---

def kingdom = 'Bacteria'

// --- INLINE PROCESSES ---

// --- SUB WORKFLOWS ---

workflow wf_listeria_analysis {
    
    take:
        
        assembly
        
    
    main:
        step_4AN_genes__prokka(assembly.map { [ it[0], it[1], kingdom, '-', '-', getEmpty() ] })
        step_4TY_MLST__mlst(prokka_out)
    
}

// --- ENTRYPOINT ---
workflow {
    wf_listeria_analysis(getSingleInput())
}","nextflow.enable.dsl=2

include { getInput; optionalOrDefault; param } from '../functions/parameters.nf'
include { step_4AN_genes__prokka } from '../steps/step_4AN_genes__prokka'
include { step_4TY_MLST__mlst } from '../steps/step_4TY_MLST__mlst'
workflow {
    asm = getInput()
    step_4AN_genes__prokka(asm)
    step_4TY_MLST__mlst(asm)
}
"
"MOD_DM06_drop_mono_prokka_keep_mlst_lis","2","drop","(generated)","MOD_DM06_drop_mono_prokka_keep_mlst_lis_t2","modification","Drop prokka, keep only mlst.","Y","Y","none","","1","1","Y","","","","step_4TY_MLST__mlst","step_4TY_MLST__mlst","step_4TY_MLST__mlst","467","31","1","2","5.7","I'll proceed with running only MLST typing on your Listeria monocytogenes assembly using the `step_4TY_MLST__mlst` tool. This will provide the MLST type directly from the assembly.","nextflow.enable.dsl=2

// --- IMPORTS ---

include { getSingleInput } from '../functions/parameters.nf'

include { step_4TY_MLST__mlst } from '../steps/step_4TY_MLST__mlst'

// --- GLOBALS ---

// --- INLINE PROCESSES ---

// --- SUB WORKFLOWS ---

workflow wf_mlst {
    
    take:
        
        assembly
        
    
    main:
        step_4TY_MLST__mlst(assembly)
    
}

// --- ENTRYPOINT ---
workflow {
    assembly = getSingleInput()
    wf_mlst(assembly)
}","nextflow.enable.dsl=2

include { getInput; optionalOrDefault; param } from '../functions/parameters.nf'
include { step_4TY_MLST__mlst } from '../steps/step_4TY_MLST__mlst'
workflow {
    step_4TY_MLST__mlst(getInput())
}
"
"MOD_DM07_drop_mono_staramr_keep_mlst_cam","1","drop","(generated)","MOD_DM07_drop_mono_staramr_keep_mlst_cam_t1","modification","Run both staramr and mlst on a pre-existing Campylobacter jejuni assembly.","Y","N","file_not_found","WARN: file not found: '/mnt/data/cohesive_llm_bench_scratch/_shared_inputdir/2026/2026.CAM.222.1.1/2AS_import/DS99999-DT260224_external/result/*.fasta'","1","2","Y","","","","step_4AN_AMR__staramr, step_4TY_MLST__mlst","step_4AN_AMR__staramr, step_4TY_MLST__mlst","step_4AN_AMR__staramr, step_4TY_MLST__mlst","619","33","2","2","7.3","Great! I'll set up a pipeline that runs both STARAMR and MLST on your Campylobacter jejuni assembly. Here's the plan:

1. **Input**: Your pre-existing Campylobacter jejuni assembly
2. **STARAMR Analysis**: Run `step_4AN_AMR__staramr` to detect antimicrobial resistance genes
3. **MLST Typing**: Run `","nextflow.enable.dsl=2

// --- IMPORTS ---

include { step_4AN_AMR__staramr } from '../steps/step_4AN_AMR__staramr'

include { getSingleInput } from '../functions/parameters.nf'

include { step_4TY_MLST__mlst } from '../steps/step_4TY_MLST__mlst'

// --- GLOBALS ---

// --- INLINE PROCESSES ---

// --- SUB WORKFLOWS ---

workflow wf_campylobacter_analysis {
    
    take:
        
        assembly
        
    
    main:
        step_4AN_AMR__staramr(assembly, 'Campylobacter jejuni')
        step_4TY_MLST__mlst(staramr_out)
    
}

// --- ENTRYPOINT ---
workflow {
    wf_campylobacter_analysis(getSingleInput())
}","nextflow.enable.dsl=2

include { getInput; optionalOrDefault; param } from '../functions/parameters.nf'
include { step_4AN_AMR__staramr } from '../steps/step_4AN_AMR__staramr'
include { step_4TY_MLST__mlst } from '../steps/step_4TY_MLST__mlst'
workflow {
    asm = getInput()
    step_4AN_AMR__staramr(asm, param('genus_species'))
    step_4TY_MLST__mlst(asm)
}
"
"MOD_DM07_drop_mono_staramr_keep_mlst_cam","2","drop","(generated)","MOD_DM07_drop_mono_staramr_keep_mlst_cam_t2","modification","Drop staramr, keep only mlst.","N","N","arity_error","ERROR ~ Workflow `wf_mlst_typing:step_4TY_MLST__mlst` declares 1 input channels but 2 were given","0","1","Y","","","","step_4TY_MLST__mlst","step_4TY_MLST__mlst","step_4TY_MLST__mlst","684","38","1","2","6.1","Great! I'll set up a pipeline that runs MLST typing on your Campylobacter jejuni assembly using the `step_4TY_MLST__mlst` component. This will provide you with the MLST type for your assembly.","nextflow.enable.dsl=2

// --- IMPORTS ---

include { getSingleInput } from '../functions/parameters.nf'

include { step_4TY_MLST__mlst } from '../steps/step_4TY_MLST__mlst'

// --- GLOBALS ---

def genusSpecies = 'Campylobacter jejuni'

// --- INLINE PROCESSES ---

// --- SUB WORKFLOWS ---

workflow wf_mlst_typing {
    
    take:
        
        assembly
        
    
    main:
        assembly.multiMap {
            assembly: it
            genus_species: genusSpecies
        }.set { mlst_input }

        step_4TY_MLST__mlst(mlst_input.assembly, mlst_input.genus_species)
    
}

// --- ENTRYPOINT ---
workflow {
    assembly = getSingleInput()
    wf_mlst_typing(assembly)
}","nextflow.enable.dsl=2

include { getInput; optionalOrDefault; param } from '../functions/parameters.nf'
include { step_4TY_MLST__mlst } from '../steps/step_4TY_MLST__mlst'
workflow {
    step_4TY_MLST__mlst(getInput())
}
"
"MOD_DM08_drop_mono_staramr_keep_flaA_cam","1","drop","(generated)","MOD_DM08_drop_mono_staramr_keep_flaA_cam_t1","modification","Run both staramr and flaA on a pre-existing Campylobacter jejuni assembly.","Y","Y","none","","2","2","Y","","","","step_4AN_AMR__staramr, step_4TY_flaA__flaA","step_4AN_AMR__staramr, step_4TY_flaA__flaA","step_4AN_AMR__staramr, step_4TY_flaA__flaA","775","40","2","2","8.9","Great! I'll proceed with the pipeline using:
1. `step_4AN_AMR__staramr` for AMR detection on your Campylobacter jejuni assembly
2. `step_4TY_flaA__flaA` for FlaA typing on the same assembly

This will analyze your pre-existing assembly for antimicrobial resistance and perform FlaA typing.","nextflow.enable.dsl=2

// --- IMPORTS ---

include { step_4TY_flaA__flaA } from '../steps/step_4TY_flaA__flaA'

include { step_4AN_AMR__staramr } from '../steps/step_4AN_AMR__staramr'

include { getSingleInput } from '../functions/parameters.nf'

// --- GLOBALS ---

def genusSpecies = 'campylobacter'

// --- INLINE PROCESSES ---

// --- SUB WORKFLOWS ---

workflow wf_amr_and_flaa {
    
    take:
        
        assembly
        
    
    main:
        assembly.multiMap {
            assembly: it
            genus_species: genusSpecies
        }.set { prep }

        step_4AN_AMR__staramr(prep.assembly, prep.genus_species)
        step_4TY_flaA__flaA(prep.assembly, prep.genus_species)
    
}

// --- ENTRYPOINT ---
workflow {
    wf_amr_and_flaa(getSingleInput())
}","nextflow.enable.dsl=2

include { getInput; optionalOrDefault; param } from '../functions/parameters.nf'
include { step_4AN_AMR__staramr } from '../steps/step_4AN_AMR__staramr'
include { step_4TY_flaA__flaA } from '../steps/step_4TY_flaA__flaA'
workflow {
    asm = getInput()
    step_4AN_AMR__staramr(asm, param('genus_species'))
    step_4TY_flaA__flaA(asm, param('genus_species'))
}
"
"MOD_DM08_drop_mono_staramr_keep_flaA_cam","2","drop","(generated)","MOD_DM08_drop_mono_staramr_keep_flaA_cam_t2","modification","Drop staramr, keep only flaA.","Y","N","file_not_found","WARN: file not found: '/mnt/data/cohesive_llm_bench_scratch/_shared_inputdir/2026/2026.CAM.223.1.1/2AS_import/DS99999-DT260224_external/result/*.fasta'","0","1","Y","","","","","step_4TY_flaA__flaA","step_4TY_flaA__flaA","478","32","1","2","4.9","I'll proceed with the pipeline using only FlaA typing on your Campylobacter jejuni assembly using the `step_4TY_flaA__flaA` tool. This will determine the FlaA type from your assembly.","nextflow.enable.dsl=2

// --- IMPORTS ---

include { getAssembly } from '../functions/parameters.nf'

// --- GLOBALS ---

def genusSpecies = 'campylobacter'

// --- INLINE PROCESSES ---

// --- SUB WORKFLOWS ---

workflow step_4TY_flaA__flaA {
    
    take:
        
        assembly
        
        genus_species
        
    
    main:
        mlst_flaa(assembly, genus_species)
    
}

// --- ENTRYPOINT ---
workflow {
    step_4TY_flaA__flaA(getAssembly(), genusSpecies)
}","nextflow.enable.dsl=2

include { getInput; optionalOrDefault; param } from '../functions/parameters.nf'
include { step_4TY_flaA__flaA } from '../steps/step_4TY_flaA__flaA'
workflow {
    step_4TY_flaA__flaA(getInput(), param('genus_species'))
}
"
"MOD_DM09_drop_mono_flaA_keep_staramr_cam","1","drop","(generated)","MOD_DM09_drop_mono_flaA_keep_staramr_cam_t1","modification","Run both flaA and staramr on a pre-existing Campylobacter jejuni assembly.","Y","N","missing_param","ERROR ~ missing required param: step_3TX_species__kmerfinder__db","0","2","N","step_2AS_mapping__bowtie, step_3TX_species__kmerfinder, step_4AN_AMR__abricate, step_4AN_genes__prokka, step_4TY_MLST__mlst, step_4TY_cgMLST__chewbbaca","","","step_2AS_mapping__bowtie, step_3TX_species__kmerfinder, step_4AN_AMR__abricate, step_4AN_AMR__staramr, step_4AN_genes__prokka, step_4TY_MLST__mlst, step_4TY_cgMLST__chewbbaca, step_4TY_flaA__flaA","step_3TX_species__kmerfinder, step_2AS_mapping__bowtie, step_4AN_AMR__abricate, step_4AN_genes__prokka, step_4AN_AMR__staramr, step_4TY_MLST__mlst, step_4TY_flaA__flaA, step_4TY_cgMLST__chewbbaca","step_4AN_AMR__staramr, step_4TY_flaA__flaA","2428","82","8","2","7.7","Great! I'll proceed with the `module_typing_bacteria` template, which includes both flaA typing and Staramr AMR analysis for your Campylobacter jejuni assembly. This template also includes additional typing steps that are commonly used for bacterial analysis.

Here's the plan:
1. Use the `module_typ","nextflow.enable.dsl=2

// --- IMPORTS ---

include { step_2AS_mapping__bowtie } from '../steps/step_2AS_mapping__bowtie'

include { step_4TY_MLST__mlst } from '../steps/step_4TY_MLST__mlst'

include { step_4TY_flaA__flaA } from '../steps/step_4TY_flaA__flaA'

include { step_4AN_AMR__abricate } from '../steps/step_4AN_AMR__abricate'

include { extractKey; getEmpty } from '../functions/common.nf'

include { getAssembly; getTrimmedReads } from '../functions/parameters.nf'

include { step_4AN_AMR__staramr } from '../steps/step_4AN_AMR__staramr'

include { step_4TY_cgMLST__chewbbaca } from '../steps/step_4TY_cgMLST__chewbbaca'

include { step_4AN_genes__prokka } from '../steps/step_4AN_genes__prokka'

include { step_3TX_species__kmerfinder } from '../steps/step_3TX_species__kmerfinder'

// --- GLOBALS ---

def referenceCode = 'NC_045512.2'

def referencePath = ""${params.assets_dir}/module_covid_emergency/NC_045512.fasta""

def referenceRiscd = '220308-020220308005121273-2AS_import-external'

// --- INLINE PROCESSES ---

// --- SUB WORKFLOWS ---

workflow module_typing_bacteria {
    
    take:
        
        trimmed
        
        assembly
        
    
    main:
        assigned_species = step_3TX_species__kmerfinder(assembly).assigned_species

        if (!params.skip_bestref_mapping) {
          trimmed.cross(assigned_species) { extractKey(it) }.multiMap {
            trimmed: it[0]
            species: it[1][1]
            referencePath: it[1][2]
          }.set { trimAndAndSpecies }
          step_2AS_mapping__bowtie(trimAndAndSpecies.trimmed, trimAndAndSpecies.referencePath)
        }

        step_4AN_AMR__abricate(assembly)

        step_4AN_genes__prokka(assembly.map{ [ it[0], it[1], 'Bacteria', '-', '-', getEmpty() ] })

        assembly.cross(assigned_species) { extractKey(it) }.multiMap {
          assembly: it[0]
          species: it[1][1]
        }.set { assemblyAndSpecies }

        step_4AN_AMR__staramr(assemblyAndSpecies.assembly, assemblyAndSpecies.species)
        step_4TY_MLST__mlst(assemblyAndSpecies.assembly)
        step_4TY_flaA__flaA(assemblyAndSpecies.assembly, assemblyAndSpecies.species)
        step_4TY_cgMLST__chewbbaca(assemblyAndSpecies.assembly, assemblyAndSpecies.species, '')
    
    emit:
        
        genus_species = assigned_species
        
    
}

// --- ENTRYPOINT ---
workflow {
    module_typing_bacteria(getTrimmedReads(true), getAssembly())
}","nextflow.enable.dsl=2

include { getInput; optionalOrDefault; param } from '../functions/parameters.nf'
include { step_4TY_flaA__flaA } from '../steps/step_4TY_flaA__flaA'
include { step_4AN_AMR__staramr } from '../steps/step_4AN_AMR__staramr'
workflow {
    asm = getInput()
    step_4TY_flaA__flaA(asm, param('genus_species'))
    step_4AN_AMR__staramr(asm, param('genus_species'))
}
"
"MOD_DM09_drop_mono_flaA_keep_staramr_cam","2","drop","(generated)","MOD_DM09_drop_mono_flaA_keep_staramr_cam_t2","modification","Drop flaA, keep only staramr.","Y","N","missing_param","ERROR ~ missing required param: step_3TX_species__kmerfinder__db","0","1","N","step_3TX_species__kmerfinder","","","step_3TX_species__kmerfinder, step_4AN_AMR__staramr","step_3TX_species__kmerfinder, step_4AN_AMR__staramr","step_4AN_AMR__staramr","1232","54","2","2","7.4","I'll create a customized pipeline for you that focuses on Staramr AMR analysis for your Campylobacter jejuni assembly. This will include the necessary species assignment and assembly processing steps.

Here's the final plan:
1. Input: Your pre-existing Campylobacter jejuni assembly
2. Steps:
   - Sp","nextflow.enable.dsl=2

// --- IMPORTS ---

include { step_3TX_species__kmerfinder } from '../steps/step_3TX_species__kmerfinder'

include { extractKey } from '../functions/common.nf'

include { getAssembly } from '../functions/parameters.nf'

include { step_4AN_AMR__staramr } from '../steps/step_4AN_AMR__staramr'

// --- GLOBALS ---

def KMERFINDER_SPECIES_DIR = '${params.step_3TX_species__kmerfinder__db}'

def KMERFINDER_REFERENCE_DIR = '${KMERFINDER_SPECIES_DIR}/Bacteria/Fasta/'

def GENUS_ALLOWED = ['campylobacter']

def POINFINDER_ORGANISM = {campylobacter: 'campylobacter'}

// --- INLINE PROCESSES ---

// --- SUB WORKFLOWS ---

workflow module_typing_bacteria {
    
    take:
        
        assembly
        
    
    main:
        assigned_species = step_3TX_species__kmerfinder(assembly).assigned_species

        assembly.cross(assigned_species) { extractKey(it) }.multiMap {
          assembly: it[0]
          species: it[1][1]
        }.set { assemblyAndSpecies }

        step_4AN_AMR__staramr(assemblyAndSpecies.assembly, assemblyAndSpecies.species)
    
    emit:
        
        genus_species = assigned_species
        
    
}

// --- ENTRYPOINT ---
workflow {
    module_typing_bacteria(getAssembly())
}","nextflow.enable.dsl=2

include { getInput; optionalOrDefault; param } from '../functions/parameters.nf'
include { step_4AN_AMR__staramr } from '../steps/step_4AN_AMR__staramr'
workflow {
    step_4AN_AMR__staramr(getInput(), param('genus_species'))
}
"
"MOD_DM10_drop_mono_flaA_keep_mlst_cam","1","drop","(generated)","MOD_DM10_drop_mono_flaA_keep_mlst_cam_t1","modification","Run both flaA and mlst on a pre-existing Campylobacter jejuni assembly.","Y","Y","none","","2","2","Y","","","","step_4TY_MLST__mlst, step_4TY_flaA__flaA","step_4TY_flaA__flaA, step_4TY_MLST__mlst","step_4TY_MLST__mlst, step_4TY_flaA__flaA","619","35","2","2","7.2","Great! I will set up a pipeline to run both FlaA and MLST typing on your Campylobacter jejuni assembly using the following steps:

1. **FlaA Typing**: Using `step_4TY_flaA__flaA`
2. **MLST Typing**: Using `step_4TY_MLST__mlst`

This pipeline will process your pre-existing assembly through both typin","nextflow.enable.dsl=2

// --- IMPORTS ---

include { step_4TY_flaA__flaA } from '../steps/step_4TY_flaA__flaA'

include { getSingleInput } from '../functions/parameters.nf'

include { step_4TY_MLST__mlst } from '../steps/step_4TY_MLST__mlst'

// --- GLOBALS ---

def GENUS_SPECIES = 'campylobacter_jejuni'

// --- INLINE PROCESSES ---

// --- SUB WORKFLOWS ---

workflow wf_flaA_mlst {
    
    take:
        
        assembly
        
    
    main:
        step_4TY_flaA__flaA(assembly, GENUS_SPECIES)
        step_4TY_MLST__mlst(assembly)
    
}

// --- ENTRYPOINT ---
workflow {
    wf_flaA_mlst(getSingleInput())
}","nextflow.enable.dsl=2

include { getInput; optionalOrDefault; param } from '../functions/parameters.nf'
include { step_4TY_flaA__flaA } from '../steps/step_4TY_flaA__flaA'
include { step_4TY_MLST__mlst } from '../steps/step_4TY_MLST__mlst'
workflow {
    asm = getInput()
    step_4TY_flaA__flaA(asm, param('genus_species'))
    step_4TY_MLST__mlst(asm)
}
"
"MOD_DM10_drop_mono_flaA_keep_mlst_cam","2","drop","(generated)","MOD_DM10_drop_mono_flaA_keep_mlst_cam_t2","modification","Drop flaA, keep only mlst.","Y","N","file_not_found","WARN: file not found: '/mnt/data/cohesive_llm_bench_scratch/_shared_inputdir/2026/2026.CAM.225.1.1/2AS_import/DS99999-DT260224_external/result/*.fasta'","0","1","Y","","","","","step_4TY_MLST__mlst","step_4TY_MLST__mlst","377","28","1","2","4.8","Great! I will set up a pipeline to run MLST typing on your Campylobacter jejuni assembly using the following step:

1. **MLST Typing**: Using `step_4TY_MLST__mlst`

This pipeline will process your pre-existing assembly to provide the MLST profile.","nextflow.enable.dsl=2

// --- IMPORTS ---

include { getAssembly } from '../functions/parameters.nf'

// --- GLOBALS ---

// --- INLINE PROCESSES ---

// --- SUB WORKFLOWS ---

workflow step_4TY_MLST__mlst {
    
    take:
        
        assembly
        
    
    main:
        mlst(assembly)
    
}

// --- ENTRYPOINT ---
workflow {
    step_4TY_MLST__mlst(getAssembly())
}","nextflow.enable.dsl=2

include { getInput; optionalOrDefault; param } from '../functions/parameters.nf'
include { step_4TY_MLST__mlst } from '../steps/step_4TY_MLST__mlst'
workflow {
    step_4TY_MLST__mlst(getInput())
}
"
"MOD_DM11_drop_mono_abricate_keep_prokka_eco","1","drop","(generated)","MOD_DM11_drop_mono_abricate_keep_prokka_eco_t1","modification","Run both abricate and prokka on a pre-existing Escherichia coli assembly.","Y","Y","none","","2","2","Y","","","","step_4AN_AMR__abricate, step_4AN_genes__prokka","step_4AN_AMR__abricate, step_4AN_genes__prokka","step_4AN_AMR__abricate, step_4AN_genes__prokka","973","44","2","2","7.8","Great! I'll proceed with running both Abricate and Prokka on your pre-existing Escherichia coli assembly. Here's the plan:

1. **Input**: Your Escherichia coli assembly (FASTA format)
2. **Steps**:
   - Run Abricate for AMR and gene annotation
   - Run Prokka for genome annotation
3. **Output**: Bot","nextflow.enable.dsl=2

// --- IMPORTS ---

include { step_4AN_AMR__abricate } from '../steps/step_4AN_AMR__abricate'

include { getSingleInput } from '../functions/parameters.nf'

include { step_4AN_genes__prokka } from '../steps/step_4AN_genes__prokka'

// --- GLOBALS ---

def referenceCode = 'NC_045512.2'

def referencePath = ""${params.assets_dir}/module_covid_emergency/NC_045512.fasta""

def referenceRiscd = '220308-020220308005121273-2AS_import-external'

// --- INLINE PROCESSES ---

// --- SUB WORKFLOWS ---

workflow wf_abricate_prokka {
    
    take:
        
        assembly
        
    
    main:
        assembly.multiMap {
            assembly: it
            reference: [ referenceRiscd, referenceCode, file(referencePath) ]
        }.set { assemblyAndRef }

        step_4AN_AMR__abricate(assemblyAndRef.assembly)
        step_4AN_genes__prokka(assemblyAndRef.assembly)
    
}

// --- ENTRYPOINT ---
workflow {
    wf_abricate_prokka(getSingleInput())
}","nextflow.enable.dsl=2

include { getInput; optionalOrDefault; param } from '../functions/parameters.nf'
include { step_4AN_AMR__abricate } from '../steps/step_4AN_AMR__abricate'
include { step_4AN_genes__prokka } from '../steps/step_4AN_genes__prokka'
workflow {
    asm = getInput()
    step_4AN_AMR__abricate(asm)
    step_4AN_genes__prokka(asm)
}
"
"MOD_DM11_drop_mono_abricate_keep_prokka_eco","2","drop","(generated)","MOD_DM11_drop_mono_abricate_keep_prokka_eco_t2","modification","Drop abricate, keep only prokka.","Y","N","file_not_found","WARN: file not found: '/mnt/data/cohesive_llm_bench_scratch/_shared_inputdir/2026/2026.ECO.219.1.1/2AS_import/DS99999-DT260224_external/result/*.fasta'","0","1","Y","","","","","step_4AN_genes__prokka","step_4AN_genes__prokka","583","34","1","1","12.2","Understood. I'll revise the pipeline to run only Prokka on your Escherichia coli assembly. This will provide comprehensive genome annotation without the AMR analysis from Abricate.

Here's the updated plan:

## PIPELINE PLAN: Escherichia coli Genome Annotation

### Input
- Escherichia coli assembly ","nextflow.enable.dsl=2

// --- IMPORTS ---

include { getEmpty } from '../functions/common.nf'

include { getSingleInput } from '../functions/parameters.nf'

// --- GLOBALS ---

def kingdom = 'Bacteria'

// --- INLINE PROCESSES ---

// --- SUB WORKFLOWS ---

workflow step_4AN_genes__prokka {
    
    take:
        
        assembly
        
    
    main:
        assembly.map { [ it[0], it[1], kingdom, '-', '-', getEmpty() ] }.set { prokkaIn }
        prokka(prokkaIn)
    
}

// --- ENTRYPOINT ---
workflow {
    assembly = getSingleInput()
    step_4AN_genes__prokka(assembly)
}","nextflow.enable.dsl=2

include { getInput; optionalOrDefault; param } from '../functions/parameters.nf'
include { step_4AN_genes__prokka } from '../steps/step_4AN_genes__prokka'
workflow {
    step_4AN_genes__prokka(getInput())
}
"
"MOD_DM12_drop_mono_prokka_keep_abricate_lis","1","drop","(generated)","MOD_DM12_drop_mono_prokka_keep_abricate_lis_t1","modification","Run both prokka and abricate on a pre-existing Listeria monocytogenes assembly.","N","N","arity_error","ERROR ~ Workflow `wf_prokka_and_abricate:step_4AN_genes__prokka` declares 1 input channels but 4 were given","0","2","Y","","","","step_4AN_AMR__abricate, step_4AN_genes__prokka","step_4AN_genes__prokka, step_4AN_AMR__abricate","step_4AN_AMR__abricate, step_4AN_genes__prokka","1012","48","2","2","10.6","Great! I'll proceed with the pipeline using your Listeria monocytogenes assembly. The pipeline will run Prokka for annotation and Abricate for AMR detection.

Here's the detailed plan:
1. **Input**: Your pre-existing Listeria monocytogenes assembly
2. **Step 1**: Run `step_4AN_genes__prokka` for ann","nextflow.enable.dsl=2

// --- IMPORTS ---

include { step_4AN_AMR__abricate } from '../steps/step_4AN_AMR__abricate'

include { getEmpty } from '../functions/common.nf'

include { getSingleInput } from '../functions/parameters.nf'

include { step_4AN_genes__prokka } from '../steps/step_4AN_genes__prokka'

// --- GLOBALS ---

def referenceCode = 'NC_045512.2'

def referencePath = ""${params.assets_dir}/module_covid_emergency/NC_045512.fasta""

def referenceRiscd = '220308-020220308005121273-2AS_import-external'

// --- INLINE PROCESSES ---

// --- SUB WORKFLOWS ---

workflow wf_prokka_and_abricate {
    
    take:
        
        assembly
        
    
    main:
        assembly.multiMap {
            assembly: it
            kingdom: 'Bacteria'
            riscd_ref: '-'
            reference: getEmpty()
        }.set { prokkaIn }

        step_4AN_genes__prokka(prokkaIn)
        step_4AN_AMR__abricate(prokkaIn)
    
}

// --- ENTRYPOINT ---
workflow {
    wf_prokka_and_abricate(getSingleInput())
}","nextflow.enable.dsl=2

include { getInput; optionalOrDefault; param } from '../functions/parameters.nf'
include { step_4AN_genes__prokka } from '../steps/step_4AN_genes__prokka'
include { step_4AN_AMR__abricate } from '../steps/step_4AN_AMR__abricate'
workflow {
    asm = getInput()
    step_4AN_genes__prokka(asm)
    step_4AN_AMR__abricate(asm)
}
"
"MOD_DM12_drop_mono_prokka_keep_abricate_lis","2","drop","(generated)","MOD_DM12_drop_mono_prokka_keep_abricate_lis_t2","modification","Drop prokka, keep only abricate.","Y","N","file_not_found","WARN: file not found: '/mnt/data/cohesive_llm_bench_scratch/_shared_inputdir/2026/2026.LIS.231.1.1/2AS_import/DS99999-DT260224_external/result/*.fasta'","0","1","Y","","","","","step_4AN_AMR__abricate","step_4AN_AMR__abricate","393","28","1","1","5.6","Understood. I'll revise the pipeline to run only Abricate on your Listeria monocytogenes assembly. This will focus solely on AMR detection without the annotation step.

Here's the updated plan:
1. **Input**: Your pre-existing Listeria monocytogenes assembly
2. **Step 1**: Run `step_4AN_AMR__abricate","nextflow.enable.dsl=2

// --- IMPORTS ---

include { getSingleInput } from '../functions/parameters.nf'

// --- GLOBALS ---

// --- INLINE PROCESSES ---

// --- SUB WORKFLOWS ---

workflow step_4AN_AMR__abricate {
    
    take:
        
        assembly
        
    
    main:
        abricate(assembly)
    
}

// --- ENTRYPOINT ---
workflow {
    step_4AN_AMR__abricate(getSingleInput())
}","nextflow.enable.dsl=2

include { getInput; optionalOrDefault; param } from '../functions/parameters.nf'
include { step_4AN_AMR__abricate } from '../steps/step_4AN_AMR__abricate'
workflow {
    step_4AN_AMR__abricate(getInput())
}
"
"MOD_DM13_drop_mono_prokka_keep_mlst_sal","1","drop","(generated)","MOD_DM13_drop_mono_prokka_keep_mlst_sal_t1","modification","Run both prokka and mlst on a pre-existing Salmonella enterica assembly.","N","N","arity_error","ERROR ~ Workflow `wf_salmonella_analysis:step_4AN_genes__prokka` declares 1 input channels but 2 were given","0","2","Y","","","","step_4AN_genes__prokka, step_4TY_MLST__mlst","step_4AN_genes__prokka, step_4TY_MLST__mlst","step_4AN_genes__prokka, step_4TY_MLST__mlst","764","40","2","2","7.9","Great! I'll proceed with running both Prokka and MLST on your pre-existing Salmonella enterica assembly. Here's the plan:

1. **Input**: Use your existing Salmonella enterica assembly (FASTA format)
2. **Annotation**: Run Prokka (`step_4AN_genes__prokka`) for gene annotation
3. **Typing**: Run MLST ","nextflow.enable.dsl=2

// --- IMPORTS ---

include { getSingleInput } from '../functions/parameters.nf'

include { step_4AN_genes__prokka } from '../steps/step_4AN_genes__prokka'

include { step_4TY_MLST__mlst } from '../steps/step_4TY_MLST__mlst'

// --- GLOBALS ---

def kingdom = 'Bacteria'

// --- INLINE PROCESSES ---

// --- SUB WORKFLOWS ---

workflow wf_salmonella_analysis {
    
    take:
        
        assembly
        
    
    main:
        assembly.multiMap {
            assembly: it
            kingdom: kingdom
        }.set { prokka_input }

        step_4AN_genes__prokka(prokka_input.assembly, prokka_input.kingdom)
        step_4TY_MLST__mlst(assembly)
    
}

// --- ENTRYPOINT ---
workflow {
    wf_salmonella_analysis(getSingleInput())
}","nextflow.enable.dsl=2

include { getInput; optionalOrDefault; param } from '../functions/parameters.nf'
include { step_4AN_genes__prokka } from '../steps/step_4AN_genes__prokka'
include { step_4TY_MLST__mlst } from '../steps/step_4TY_MLST__mlst'
workflow {
    asm = getInput()
    step_4AN_genes__prokka(asm)
    step_4TY_MLST__mlst(asm)
}
"
"MOD_DM13_drop_mono_prokka_keep_mlst_sal","2","drop","(generated)","MOD_DM13_drop_mono_prokka_keep_mlst_sal_t2","modification","Drop prokka, keep only mlst.","Y","N","file_not_found","WARN: file not found: '/mnt/data/cohesive_llm_bench_scratch/_shared_inputdir/2026/2026.SAL.228.1.1/2AS_import/DS99999-DT260224_external/result/*.fasta'","0","1","Y","","","","","step_4TY_MLST__mlst","step_4TY_MLST__mlst","371","28","1","1","4.5","Understood. I'll revise the pipeline to run only MLST on your Salmonella enterica assembly. This will provide you with the MLST typing results without the gene annotation step.

**Revised Plan:**
1. **Input**: Your existing Salmonella enterica assembly (FASTA format)
2. **Typing**: Run MLST (`step_4","nextflow.enable.dsl=2

// --- IMPORTS ---

include { getInput } from '../functions/parameters.nf'

// --- GLOBALS ---

// --- INLINE PROCESSES ---

// --- SUB WORKFLOWS ---

workflow step_4TY_MLST__mlst {
    
    take:
        
        assembly
        
    
    main:
        mlst(assembly)
    
}

// --- ENTRYPOINT ---
workflow {
    step_4TY_MLST__mlst(getInput())
}","nextflow.enable.dsl=2

include { getInput; optionalOrDefault; param } from '../functions/parameters.nf'
include { step_4TY_MLST__mlst } from '../steps/step_4TY_MLST__mlst'
workflow {
    step_4TY_MLST__mlst(getInput())
}
"
"MOD_DM14_drop_mono_abricate_keep_prokka_sal","1","drop","(generated)","MOD_DM14_drop_mono_abricate_keep_prokka_sal_t1","modification","Run both abricate and prokka on a pre-existing Salmonella enterica assembly.","N","N","arity_error","ERROR ~ Workflow `wf_amr_and_annotation:step_4AN_genes__prokka` declares 1 input channels but 2 were given","1","2","Y","","","","step_4AN_AMR__abricate, step_4AN_genes__prokka","step_4AN_AMR__abricate, step_4AN_genes__prokka","step_4AN_AMR__abricate, step_4AN_genes__prokka","746","40","2","2","7.4","Great! I'll proceed with the pipeline that runs both Abricate and Prokka on your Salmonella enterica assembly. Here's the plan:

1. **Input**: Pre-existing Salmonella enterica assembly
2. **Step 1**: Run Abricate (`step_4AN_AMR__abricate`) for AMR detection
3. **Step 2**: Run Prokka (`step_4AN_genes","nextflow.enable.dsl=2

// --- IMPORTS ---

include { step_4AN_AMR__abricate } from '../steps/step_4AN_AMR__abricate'

include { getAssembly } from '../functions/parameters.nf'

include { step_4AN_genes__prokka } from '../steps/step_4AN_genes__prokka'

// --- GLOBALS ---

def kingdom = 'Bacteria'

// --- INLINE PROCESSES ---

// --- SUB WORKFLOWS ---

workflow wf_amr_and_annotation {
    
    take:
        
        assembly
        
    
    main:
        assembly.multiMap {
            assembly: it
            kingdom: kingdom
        }.set { prep }

        step_4AN_AMR__abricate(prep.assembly)
        step_4AN_genes__prokka(prep.assembly, prep.kingdom)
    
}

// --- ENTRYPOINT ---
workflow {
    wf_amr_and_annotation(getAssembly())
}","nextflow.enable.dsl=2

include { getInput; optionalOrDefault; param } from '../functions/parameters.nf'
include { step_4AN_AMR__abricate } from '../steps/step_4AN_AMR__abricate'
include { step_4AN_genes__prokka } from '../steps/step_4AN_genes__prokka'
workflow {
    asm = getInput()
    step_4AN_AMR__abricate(asm)
    step_4AN_genes__prokka(asm)
}
"
"MOD_DM14_drop_mono_abricate_keep_prokka_sal","2","drop","(generated)","MOD_DM14_drop_mono_abricate_keep_prokka_sal_t2","modification","Drop abricate, keep only prokka.","Y","N","file_not_found","WARN: file not found: '/mnt/data/cohesive_llm_bench_scratch/_shared_inputdir/2026/2026.SAL.229.1.1/2AS_import/DS99999-DT260224_external/result/*.fasta'","0","1","Y","","","","","step_4AN_genes__prokka","step_4AN_genes__prokka","757","38","1","2","8.9","I'll proceed with running Prokka on your Salmonella enterica assembly for comprehensive genome annotation.","nextflow.enable.dsl=2

// --- IMPORTS ---

include { getAssembly } from '../functions/parameters.nf'

// --- GLOBALS ---

// --- INLINE PROCESSES ---

// --- SUB WORKFLOWS ---

workflow step_4AN_genes__prokka {
    
    take:
        
        assembly
        
    
    main:
        assembly.multiMap {
            riscd: it[0]
            scaffolds200: it[1]
            kingdom: it[2]
            riscd_ref: it[3]
            reference: it[4]
            gb: it[5]
        }.set { prokka_input }

        prokka(prokka_input.riscd, prokka_input.scaffolds200, prokka_input.kingdom, prokka_input.riscd_ref, prokka_input.reference, prokka_input.gb)
    
}

// --- ENTRYPOINT ---
workflow {
    assembly = getAssembly()
    step_4AN_genes__prokka(assembly)
}","nextflow.enable.dsl=2

include { getInput; optionalOrDefault; param } from '../functions/parameters.nf'
include { step_4AN_genes__prokka } from '../steps/step_4AN_genes__prokka'
workflow {
    step_4AN_genes__prokka(getInput())
}
"
"MOD_S01_cgmlst_retarget_lis_to_sal","1","switch_species","(generated)","MOD_S01_cgmlst_retarget_lis_to_sal_t1","modification","cgMLST pipeline for Listeria monocytogenes from paired Illumina FASTQ (fastp + SPAdes + chewbbaca).","Y","Y","none","","9","9","Y","","","","step_1PP_trimming__fastp, step_2AS_denovo__spades, step_4TY_cgMLST__chewbbaca","step_1PP_trimming__fastp, step_2AS_denovo__spades, step_4TY_cgMLST__chewbbaca","step_1PP_trimming__fastp, step_2AS_denovo__spades, step_4TY_cgMLST__chewbbaca","891","40","3","2","8.4","Great! I'll proceed with the pipeline using:
1. fastp for read trimming
2. SPAdes for de novo assembly
3. chewBBACA for cgMLST typing

This will be a custom pipeline since the available templates use mapping-based approaches, but de novo assembly is more appropriate for cgMLST.","nextflow.enable.dsl=2

// --- IMPORTS ---

include { step_2AS_denovo__spades } from '../steps/step_2AS_denovo__spades'

include { step_4TY_cgMLST__chewbbaca } from '../steps/step_4TY_cgMLST__chewbbaca'

include { step_1PP_trimming__fastp } from '../steps/step_1PP_trimming__fastp'

include { getSingleInput } from '../functions/parameters.nf'

// --- GLOBALS ---

def genus_species = 'Listeria monocytogenes'

def schema = 'listeria_monocytogenes'

// --- INLINE PROCESSES ---

// --- SUB WORKFLOWS ---

workflow wf_trimming_assembly_cgmlst {
    
    take:
        
        rawreads
        
    
    main:
        trimmed = step_1PP_trimming__fastp(rawreads).trimmed
        assembly = step_2AS_denovo__spades(trimmed).assembled
        step_4TY_cgMLST__chewbbaca(assembly, genus_species, schema)
    
}

// --- ENTRYPOINT ---
workflow {
    wf_trimming_assembly_cgmlst(getSingleInput())
}","nextflow.enable.dsl=2

include { getSingleInput; optionalOrDefault; param } from '../functions/parameters.nf'
include { step_1PP_trimming__fastp } from '../steps/step_1PP_trimming__fastp'
include { step_2AS_denovo__spades } from '../steps/step_2AS_denovo__spades'
include { step_4TY_cgMLST__chewbbaca } from '../steps/step_4TY_cgMLST__chewbbaca'
workflow {
    trimmed   = step_1PP_trimming__fastp(getSingleInput()).trimmed
    assembled = step_2AS_denovo__spades(trimmed).assembled
    step_4TY_cgMLST__chewbbaca(assembled, param('genus_species'), optionalOrDefault('schema', ''))
}
"
"MOD_S01_cgmlst_retarget_lis_to_sal","2","switch_species","(generated)","MOD_S01_cgmlst_retarget_lis_to_sal_t2","modification","Apply the same pipeline to Salmonella enterica.","Y","Y","none","","9","9","Y","","","","step_1PP_trimming__fastp, step_2AS_denovo__spades, step_4TY_cgMLST__chewbbaca","step_1PP_trimming__fastp, step_2AS_denovo__spades, step_4TY_cgMLST__chewbbaca","step_1PP_trimming__fastp, step_2AS_denovo__spades, step_4TY_cgMLST__chewbbaca","887","40","3","2","5.5","I'll set up the pipeline for Salmonella enterica using:
1. fastp for read trimming
2. SPAdes for de novo assembly
3. chewBBACA for cgMLST typing

This will be a custom pipeline since the available templates use mapping-based approaches, but de novo assembly is more appropriate for cgMLST.","nextflow.enable.dsl=2

// --- IMPORTS ---

include { step_2AS_denovo__spades } from '../steps/step_2AS_denovo__spades'

include { step_4TY_cgMLST__chewbbaca } from '../steps/step_4TY_cgMLST__chewbbaca'

include { step_1PP_trimming__fastp } from '../steps/step_1PP_trimming__fastp'

include { getSingleInput } from '../functions/parameters.nf'

// --- GLOBALS ---

def genus_species = 'Salmonella enterica'

def schema = 'salmonella_enterica'

// --- INLINE PROCESSES ---

// --- SUB WORKFLOWS ---

workflow wf_trimming_assembly_cgmlst {
    
    take:
        
        rawreads
        
    
    main:
        trimmed = step_1PP_trimming__fastp(rawreads).trimmed
        assembled = step_2AS_denovo__spades(trimmed).assembled
        step_4TY_cgMLST__chewbbaca(assembled, genus_species, schema)
    
}

// --- ENTRYPOINT ---
workflow {
    wf_trimming_assembly_cgmlst(getSingleInput())
}","nextflow.enable.dsl=2

include { getSingleInput; optionalOrDefault; param } from '../functions/parameters.nf'
include { step_1PP_trimming__fastp } from '../steps/step_1PP_trimming__fastp'
include { step_2AS_denovo__spades } from '../steps/step_2AS_denovo__spades'
include { step_4TY_cgMLST__chewbbaca } from '../steps/step_4TY_cgMLST__chewbbaca'
workflow {
    trimmed   = step_1PP_trimming__fastp(getSingleInput()).trimmed
    assembled = step_2AS_denovo__spades(trimmed).assembled
    step_4TY_cgMLST__chewbbaca(assembled, param('genus_species'), optionalOrDefault('schema', ''))
}
"
"MOD_S02_cgmlst_retarget_lis_to_eco","1","switch_species","(generated)","MOD_S02_cgmlst_retarget_lis_to_eco_t1","modification","cgMLST pipeline for Listeria monocytogenes from paired Illumina FASTQ (fastp + SPAdes + chewbbaca).","Y","Y","none","","9","9","Y","","","","step_1PP_trimming__fastp, step_2AS_denovo__spades, step_4TY_cgMLST__chewbbaca","step_4TY_cgMLST__chewbbaca, step_1PP_trimming__fastp, step_2AS_denovo__spades","step_1PP_trimming__fastp, step_2AS_denovo__spades, step_4TY_cgMLST__chewbbaca","1128","49","3","2","17.2","Great! I'll proceed with the pipeline using the `module_typing_bacteria` template, which includes the core steps you need (fastp + SPAdes + chewbbaca) along with some additional quality control and classification steps that are standard for bacterial typing pipelines.

Here's the plan:
1. **Read Pre","nextflow.enable.dsl=2

// --- IMPORTS ---

include { step_4TY_cgMLST__chewbbaca } from '../steps/step_4TY_cgMLST__chewbbaca'

include { extractKey } from '../functions/common.nf'

include { step_2AS_denovo__spades } from '../steps/step_2AS_denovo__spades'

include { getSingleInput } from '../functions/parameters.nf'

include { step_1PP_trimming__fastp } from '../steps/step_1PP_trimming__fastp'

// --- GLOBALS ---

def genus_species = 'Listeria monocytogenes'

def schema = 'l_mono_chewie_1748_220623'

// --- INLINE PROCESSES ---

// --- SUB WORKFLOWS ---

workflow module_typing_bacteria {
    
    take:
        
        trimmed
        
        assembly
        
    
    main:
        trimmed.cross(assembly) { extractKey(it) }.multiMap {
          trimmed: it[0]
          assembly: it[1]
        }.set { trimAndAssembly }

        step_4TY_cgMLST__chewbbaca(trimAndAssembly.assembly, genus_species, schema)
    
}

// --- ENTRYPOINT ---
workflow {
    trimmed = step_1PP_trimming__fastp(getSingleInput()).trimmed
    assembly = step_2AS_denovo__spades(trimmed).assembled
    module_typing_bacteria(trimmed, assembly)
}","nextflow.enable.dsl=2

include { getSingleInput; optionalOrDefault; param } from '../functions/parameters.nf'
include { step_1PP_trimming__fastp } from '../steps/step_1PP_trimming__fastp'
include { step_2AS_denovo__spades } from '../steps/step_2AS_denovo__spades'
include { step_4TY_cgMLST__chewbbaca } from '../steps/step_4TY_cgMLST__chewbbaca'
workflow {
    trimmed   = step_1PP_trimming__fastp(getSingleInput()).trimmed
    assembled = step_2AS_denovo__spades(trimmed).assembled
    step_4TY_cgMLST__chewbbaca(assembled, param('genus_species'), optionalOrDefault('schema', ''))
}
"
"MOD_S02_cgmlst_retarget_lis_to_eco","2","switch_species","(generated)","MOD_S02_cgmlst_retarget_lis_to_eco_t2","modification","Apply the same pipeline to Escherichia coli.","Y","N","file_not_found","WARN: file not found: '/mnt/data/cohesive_llm_bench_scratch/_shared_inputdir/2026/2026.ECO.220.1.1/0SQ_rawreads/DS99999-DT260224_import/result/*.fastq*'","8","9","N","step_4AN_AMR__abricate, step_4AN_AMR__staramr, step_4AN_genes__prokka, step_4TY_MLST__mlst, step_4TY_flaA__flaA","","","step_1PP_trimming__fastp, step_2AS_denovo__spades, step_4AN_AMR__abricate, step_4AN_AMR__staramr, step_4AN_genes__prokka, step_4TY_MLST__mlst, step_4TY_cgMLST__chewbbaca, step_4TY_flaA__flaA","step_4AN_AMR__abricate, step_4AN_genes__prokka, step_4AN_AMR__staramr, step_4TY_MLST__mlst, step_4TY_flaA__flaA, step_4TY_cgMLST__chewbbaca, step_1PP_trimming__fastp, step_2AS_denovo__spades","step_1PP_trimming__fastp, step_2AS_denovo__spades, step_4TY_cgMLST__chewbbaca","2070","71","8","1","6.0","I'll adapt the pipeline for Escherichia coli. The core steps (fastp + SPAdes + chewbbaca) remain the same, but I'll adjust the genus_species parameter for Escherichia coli. The module_typing_bacteria template will handle this automatically. Let me finalize the plan.","nextflow.enable.dsl=2

// --- IMPORTS ---

include { step_4TY_MLST__mlst } from '../steps/step_4TY_MLST__mlst'

include { step_4TY_flaA__flaA } from '../steps/step_4TY_flaA__flaA'

include { step_4AN_AMR__abricate } from '../steps/step_4AN_AMR__abricate'

include { extractKey; getEmpty } from '../functions/common.nf'

include { step_4AN_AMR__staramr } from '../steps/step_4AN_AMR__staramr'

include { step_4TY_cgMLST__chewbbaca } from '../steps/step_4TY_cgMLST__chewbbaca'

include { step_2AS_denovo__spades } from '../steps/step_2AS_denovo__spades'

include { getSingleInput } from '../functions/parameters.nf'

include { step_4AN_genes__prokka } from '../steps/step_4AN_genes__prokka'

include { step_1PP_trimming__fastp } from '../steps/step_1PP_trimming__fastp'

// --- GLOBALS ---

def genus_species = 'Escherichia coli'

def schema = 'e_coli_chewie_2360_210531'

// --- INLINE PROCESSES ---

// --- SUB WORKFLOWS ---

workflow module_typing_bacteria {
    
    take:
        
        trimmed
        
        assembly
        
    
    main:
        trimmed.cross(assembly) { extractKey(it) }.multiMap {
          trimmed: it[0]
          assembly: it[1]
        }.set { trimAndAssembly }

        step_4AN_AMR__abricate(trimAndAssembly.assembly)

        step_4AN_genes__prokka(trimAndAssembly.assembly.map{ [ it[0], it[1], 'Bacteria', '-', '-', getEmpty() ] })

        trimAndAssembly.assembly.cross(genus_species) { extractKey(it) }.multiMap {
          assembly: it[0]
          species: it[1][1]
        }.set { assemblyAndSpecies }

        step_4AN_AMR__staramr(assemblyAndSpecies.assembly, assemblyAndSpecies.species)
        step_4TY_MLST__mlst(assemblyAndSpecies.assembly)
        step_4TY_flaA__flaA(assemblyAndSpecies.assembly, assemblyAndSpecies.species)
        step_4TY_cgMLST__chewbbaca(assemblyAndSpecies.assembly, assemblyAndSpecies.species, schema)
    
}

// --- ENTRYPOINT ---
workflow {
    trimmed = step_1PP_trimming__fastp(getSingleInput())
    assembly = step_2AS_denovo__spades(trimmed)
    module_typing_bacteria(trimmed, assembly)
}","nextflow.enable.dsl=2

include { getSingleInput; optionalOrDefault; param } from '../functions/parameters.nf'
include { step_1PP_trimming__fastp } from '../steps/step_1PP_trimming__fastp'
include { step_2AS_denovo__spades } from '../steps/step_2AS_denovo__spades'
include { step_4TY_cgMLST__chewbbaca } from '../steps/step_4TY_cgMLST__chewbbaca'
workflow {
    trimmed   = step_1PP_trimming__fastp(getSingleInput()).trimmed
    assembled = step_2AS_denovo__spades(trimmed).assembled
    step_4TY_cgMLST__chewbbaca(assembled, param('genus_species'), optionalOrDefault('schema', ''))
}
"
"MOD_S03_cgmlst_retarget_sal_to_lis","1","switch_species","(generated)","MOD_S03_cgmlst_retarget_sal_to_lis_t1","modification","cgMLST pipeline for Salmonella enterica from paired Illumina FASTQ (fastp + SPAdes + chewbbaca).","Y","Y","none","","9","9","Y","","","","step_1PP_trimming__fastp, step_2AS_denovo__spades, step_4TY_cgMLST__chewbbaca","step_2AS_denovo__spades, step_4TY_cgMLST__chewbbaca, step_1PP_trimming__fastp","step_1PP_trimming__fastp, step_2AS_denovo__spades, step_4TY_cgMLST__chewbbaca","991","45","3","2","8.3","Great! I'll proceed with the pipeline using:
1. fastp for trimming
2. SPAdes for assembly
3. chewbbaca for cgMLST typing

I'll set up the pipeline now.","nextflow.enable.dsl=2

// --- IMPORTS ---

include { step_2AS_denovo__spades } from '../steps/step_2AS_denovo__spades'

include { step_4TY_cgMLST__chewbbaca } from '../steps/step_4TY_cgMLST__chewbbaca'

include { step_1PP_trimming__fastp } from '../steps/step_1PP_trimming__fastp'

include { getSingleInput } from '../functions/parameters.nf'

// --- GLOBALS ---

def genus_species = 'Salmonella'

def schema = 'enterica'

// --- INLINE PROCESSES ---

// --- SUB WORKFLOWS ---

workflow wf_cgmlst_salmonella {
    
    take:
        
        trimmed
        
    
    main:
        trimmed.multiMap {
            trimmed: it
            genus_species: genus_species
            schema: schema
        }.set { trAndMeta }

        assembly = step_2AS_denovo__spades(trAndMeta.trimmed)
        step_4TY_cgMLST__chewbbaca(assembly, trAndMeta.genus_species, trAndMeta.schema)
    
}

// --- ENTRYPOINT ---
workflow {
    wf_cgmlst_salmonella(step_1PP_trimming__fastp(getSingleInput()).trimmed)
}","nextflow.enable.dsl=2

include { getSingleInput; optionalOrDefault; param } from '../functions/parameters.nf'
include { step_1PP_trimming__fastp } from '../steps/step_1PP_trimming__fastp'
include { step_2AS_denovo__spades } from '../steps/step_2AS_denovo__spades'
include { step_4TY_cgMLST__chewbbaca } from '../steps/step_4TY_cgMLST__chewbbaca'
workflow {
    trimmed   = step_1PP_trimming__fastp(getSingleInput()).trimmed
    assembled = step_2AS_denovo__spades(trimmed).assembled
    step_4TY_cgMLST__chewbbaca(assembled, param('genus_species'), optionalOrDefault('schema', ''))
}
"
"MOD_S03_cgmlst_retarget_sal_to_lis","2","switch_species","(generated)","MOD_S03_cgmlst_retarget_sal_to_lis_t2","modification","Apply the same pipeline to Listeria monocytogenes.","Y","Y","none","","9","9","Y","","","","step_1PP_trimming__fastp, step_2AS_denovo__spades, step_4TY_cgMLST__chewbbaca","step_1PP_trimming__fastp, step_2AS_denovo__spades, step_4TY_cgMLST__chewbbaca","step_1PP_trimming__fastp, step_2AS_denovo__spades, step_4TY_cgMLST__chewbbaca","868","40","3","1","4.2","I'll adapt the pipeline for Listeria monocytogenes. The steps will be the same:
1. fastp for trimming
2. SPAdes for assembly
3. chewbbaca for cgMLST typing

For Listeria monocytogenes, we'll use the appropriate schema in chewbbaca. Let me set this up for you.","nextflow.enable.dsl=2

// --- IMPORTS ---

include { step_2AS_denovo__spades } from '../steps/step_2AS_denovo__spades'

include { step_4TY_cgMLST__chewbbaca } from '../steps/step_4TY_cgMLST__chewbbaca'

include { step_1PP_trimming__fastp } from '../steps/step_1PP_trimming__fastp'

include { getSingleInput } from '../functions/parameters.nf'

// --- GLOBALS ---

def genus_species = 'Listeria'

def schema = 'monocytogenes'

// --- INLINE PROCESSES ---

// --- SUB WORKFLOWS ---

workflow wf_trimming_assembly_cgmlst {
    
    take:
        
        rawreads
        
    
    main:
        trimmed = step_1PP_trimming__fastp(rawreads).trimmed
        assembly = step_2AS_denovo__spades(trimmed).assembled
        step_4TY_cgMLST__chewbbaca(assembly, genus_species, schema)
    
}

// --- ENTRYPOINT ---
workflow {
    wf_trimming_assembly_cgmlst(getSingleInput())
}","nextflow.enable.dsl=2

include { getSingleInput; optionalOrDefault; param } from '../functions/parameters.nf'
include { step_1PP_trimming__fastp } from '../steps/step_1PP_trimming__fastp'
include { step_2AS_denovo__spades } from '../steps/step_2AS_denovo__spades'
include { step_4TY_cgMLST__chewbbaca } from '../steps/step_4TY_cgMLST__chewbbaca'
workflow {
    trimmed   = step_1PP_trimming__fastp(getSingleInput()).trimmed
    assembled = step_2AS_denovo__spades(trimmed).assembled
    step_4TY_cgMLST__chewbbaca(assembled, param('genus_species'), optionalOrDefault('schema', ''))
}
"
"MOD_S04_cgmlst_retarget_sal_to_eco","1","switch_species","(generated)","MOD_S04_cgmlst_retarget_sal_to_eco_t1","modification","cgMLST pipeline for Salmonella enterica from paired Illumina FASTQ (fastp + SPAdes + chewbbaca).","Y","Y","none","","9","9","Y","","","","step_1PP_trimming__fastp, step_2AS_denovo__spades, step_4TY_cgMLST__chewbbaca","step_4TY_cgMLST__chewbbaca, step_1PP_trimming__fastp, step_2AS_denovo__spades","step_1PP_trimming__fastp, step_2AS_denovo__spades, step_4TY_cgMLST__chewbbaca","1032","45","3","2","11.8","Great! I'll proceed with the pipeline using fastp for trimming, SPAdes for assembly, and chewBBACA for cgMLST typing of Salmonella enterica. Here's the detailed plan:

1. **Trimming**: `step_1PP_trimming__fastp` - Input: paired Illumina FASTQ, Output: trimmed reads
2. **Assembly**: `step_2AS_denovo_","nextflow.enable.dsl=2

// --- IMPORTS ---

include { step_4TY_cgMLST__chewbbaca } from '../steps/step_4TY_cgMLST__chewbbaca'

include { extractKey } from '../functions/common.nf'

include { step_2AS_denovo__spades } from '../steps/step_2AS_denovo__spades'

include { getSingleInput } from '../functions/parameters.nf'

include { step_1PP_trimming__fastp } from '../steps/step_1PP_trimming__fastp'

// --- GLOBALS ---

// --- INLINE PROCESSES ---

// --- SUB WORKFLOWS ---

workflow module_typing_bacteria {
    
    take:
        
        trimmed
        
        assembly
        
    
    main:
        trimmed.cross(assembly) { extractKey(it) }.multiMap {
          trimmed: it[0]
          assembly: it[1]
        }.set { trimmedAndAssembly }

        step_4TY_cgMLST__chewbbaca(trimmedAndAssembly.assembly, 'salmonella_enterica', '')
    
}

// --- ENTRYPOINT ---
workflow {
    trimmed = step_1PP_trimming__fastp(getSingleInput())
    assembly = step_2AS_denovo__spades(trimmed)
    module_typing_bacteria(trimmed, assembly)
}","nextflow.enable.dsl=2

include { getSingleInput; optionalOrDefault; param } from '../functions/parameters.nf'
include { step_1PP_trimming__fastp } from '../steps/step_1PP_trimming__fastp'
include { step_2AS_denovo__spades } from '../steps/step_2AS_denovo__spades'
include { step_4TY_cgMLST__chewbbaca } from '../steps/step_4TY_cgMLST__chewbbaca'
workflow {
    trimmed   = step_1PP_trimming__fastp(getSingleInput()).trimmed
    assembled = step_2AS_denovo__spades(trimmed).assembled
    step_4TY_cgMLST__chewbbaca(assembled, param('genus_species'), optionalOrDefault('schema', ''))
}
"
"MOD_S04_cgmlst_retarget_sal_to_eco","2","switch_species","(generated)","MOD_S04_cgmlst_retarget_sal_to_eco_t2","modification","Apply the same pipeline to Escherichia coli.","Y","N","silent_no_op","No process placeholders appeared. when: clause filtered everything?","0","9","N","","step_1PP_trimming__fastp, step_2AS_denovo__spades","","step_4TY_cgMLST__chewbbaca","step_4TY_cgMLST__chewbbaca","step_1PP_trimming__fastp, step_2AS_denovo__spades, step_4TY_cgMLST__chewbbaca","985","45","1","2","7.9","Great! I'll proceed with the pipeline for both Salmonella enterica and Escherichia coli using fastp for trimming, SPAdes for assembly, and chewBBACA for cgMLST typing. Here's the detailed plan:

**For both organisms:**
1. **Trimming**: `step_1PP_trimming__fastp` - Input: paired Illumina FASTQ, Outpu","nextflow.enable.dsl=2

// --- IMPORTS ---

include { step_4TY_cgMLST__chewbbaca } from '../steps/step_4TY_cgMLST__chewbbaca'

include { extractKey } from '../functions/common.nf'

include { getAssembly; getTrimmedReads } from '../functions/parameters.nf'

// --- GLOBALS ---

def referenceCode = 'NC_045512.2'

def referencePath = ""${params.assets_dir}/module_covid_emergency/NC_045512.fasta""

def referenceRiscd = '220308-020220308005121273-2AS_import-external'

// --- INLINE PROCESSES ---

// --- SUB WORKFLOWS ---

workflow module_typing_bacteria {
    
    take:
        
        trimmed
        
        assembly
        
    
    main:
        trimmed.cross(assembly) { extractKey(it) }.multiMap {
          trimmed: it[0]
          assembly: it[1]
        }.set { trimAndAssembly }

        step_4TY_cgMLST__chewbbaca(trimAndAssembly.assembly, trimAndAssembly.assembly)
    
}

// --- ENTRYPOINT ---
workflow {
    module_typing_bacteria(getTrimmedReads(true), getAssembly())
}","nextflow.enable.dsl=2

include { getSingleInput; optionalOrDefault; param } from '../functions/parameters.nf'
include { step_1PP_trimming__fastp } from '../steps/step_1PP_trimming__fastp'
include { step_2AS_denovo__spades } from '../steps/step_2AS_denovo__spades'
include { step_4TY_cgMLST__chewbbaca } from '../steps/step_4TY_cgMLST__chewbbaca'
workflow {
    trimmed   = step_1PP_trimming__fastp(getSingleInput()).trimmed
    assembled = step_2AS_denovo__spades(trimmed).assembled
    step_4TY_cgMLST__chewbbaca(assembled, param('genus_species'), optionalOrDefault('schema', ''))
}
"
"MOD_S05_cgmlst_retarget_eco_to_lis","1","switch_species","(generated)","MOD_S05_cgmlst_retarget_eco_to_lis_t1","modification","cgMLST pipeline for Escherichia coli from paired Illumina FASTQ (fastp + SPAdes + chewbbaca).","Y","N","file_not_found","WARN: file not found: '/mnt/data/cohesive_llm_bench_scratch/_shared_inputdir/2026/2026.ECO.222.1.1/0SQ_rawreads/DS99999-DT260224_import/result/*.fastq*'","0","9","Y","","","","","step_2AS_denovo__spades, step_4TY_cgMLST__chewbbaca, step_1PP_trimming__fastp","step_1PP_trimming__fastp, step_2AS_denovo__spades, step_4TY_cgMLST__chewbbaca","1852","101","3","2","9.8","Great! I'll proceed with the pipeline you approved:

1. **Trimming**: `step_1PP_trimming__fastp` for paired Illumina reads
2. **Assembly**: `step_2AS_denovo__spades` for de novo assembly
3. **cgMLST Typing**: `step_4TY_cgMLST__chewbbaca` for Escherichia coli

I'll set this up for you now.","nextflow.enable.dsl=2

// --- IMPORTS ---

include { extractKey } from '../functions/common.nf'

include { getSingleInput } from '../functions/parameters.nf'

// --- GLOBALS ---

// --- INLINE PROCESSES ---

// --- SUB WORKFLOWS ---

workflow wf_cgmlst_ecoli {
    
    take:
        
        trimmed
        
    
    main:
        trimmed.multiMap {
            trimmed: it
            genus_species: 'Escherichia coli'
            schema: params.schema
        }.set { prep }

        spades_out = step_2AS_denovo__spades(prep.trimmed)
        step_4TY_cgMLST__chewbbaca(spades_out.assembled, prep.genus_species, prep.schema)
    
}

workflow step_1PP_trimming__fastp {
    
    take:
        
        rawreads
        
    
    main:
        trimmed = fastp(rawreads).trimmed

        fastqc(trimmed)
        readsCheckInput = rawreads.cross(trimmed) { extractKey(it) }.multiMap {
            rawreads: it[0]
            trimmed: it[1]
        }
        sample_reads_check(readsCheckInput.rawreads, readsCheckInput.trimmed)
    
    emit:
        
        trimmed
        
    
}

workflow step_2AS_denovo__spades {
    
    take:
        
        data
        
    
    main:
        denovo(data)
        assembly_filter(denovo.out.scaffolds).fasta | quast

        assembled = assembly_filter.out.fasta
    
    emit:
        
        assembled
        
    
}

workflow step_4TY_cgMLST__chewbbaca {
    
    take:
        
        assembly
        
        genus_species
        
        schema
        
    
    main:
        chewbbaca_result = chewbbaca(assembly, genus_species, schema)
        hashing(chewbbaca_result.alleles)
        chewbbaca_check(chewbbaca_result.stats).check
    
}

// --- ENTRYPOINT ---
workflow {
    rawreads = getSingleInput()
    trimmed = step_1PP_trimming__fastp(rawreads).trimmed
    wf_cgmlst_ecoli(trimmed)
}","nextflow.enable.dsl=2

include { getSingleInput; optionalOrDefault; param } from '../functions/parameters.nf'
include { step_1PP_trimming__fastp } from '../steps/step_1PP_trimming__fastp'
include { step_2AS_denovo__spades } from '../steps/step_2AS_denovo__spades'
include { step_4TY_cgMLST__chewbbaca } from '../steps/step_4TY_cgMLST__chewbbaca'
workflow {
    trimmed   = step_1PP_trimming__fastp(getSingleInput()).trimmed
    assembled = step_2AS_denovo__spades(trimmed).assembled
    step_4TY_cgMLST__chewbbaca(assembled, param('genus_species'), optionalOrDefault('schema', ''))
}
"
"MOD_S05_cgmlst_retarget_eco_to_lis","2","switch_species","(generated)","MOD_S05_cgmlst_retarget_eco_to_lis_t2","modification","Apply the same pipeline to Listeria monocytogenes.","N","N","arity_error","ERROR ~ Workflow `wf_trimming_assembly_cgmlst:step_4TY_cgMLST__chewbbaca` declares 3 input channels but 2 were given","6","9","Y","","","","step_1PP_trimming__fastp, step_2AS_denovo__spades, step_4TY_cgMLST__chewbbaca","step_1PP_trimming__fastp, step_2AS_denovo__spades, step_4TY_cgMLST__chewbbaca","step_1PP_trimming__fastp, step_2AS_denovo__spades, step_4TY_cgMLST__chewbbaca","844","38","3","2","6.6","Great! I'll proceed with the pipeline for Listeria monocytogenes:

1. **Trimming**: `step_1PP_trimming__fastp` for paired Illumina reads
2. **Assembly**: `step_2AS_denovo__spades` for de novo assembly
3. **cgMLST Typing**: `step_4TY_cgMLST__chewbbaca` for Listeria monocytogenes

I'll set this up for","nextflow.enable.dsl=2

// --- IMPORTS ---

include { step_2AS_denovo__spades } from '../steps/step_2AS_denovo__spades'

include { step_4TY_cgMLST__chewbbaca } from '../steps/step_4TY_cgMLST__chewbbaca'

include { step_1PP_trimming__fastp } from '../steps/step_1PP_trimming__fastp'

include { getSingleInput } from '../functions/parameters.nf'

// --- GLOBALS ---

def genus_species = 'Listeria monocytogenes'

// --- INLINE PROCESSES ---

// --- SUB WORKFLOWS ---

workflow wf_trimming_assembly_cgmlst {
    
    take:
        
        rawreads
        
    
    main:
        trimmed = step_1PP_trimming__fastp(rawreads).trimmed
        assembly = step_2AS_denovo__spades(trimmed).assembled
        step_4TY_cgMLST__chewbbaca(assembly, genus_species)
    
}

// --- ENTRYPOINT ---
workflow {
    wf_trimming_assembly_cgmlst(getSingleInput())
}","nextflow.enable.dsl=2

include { getSingleInput; optionalOrDefault; param } from '../functions/parameters.nf'
include { step_1PP_trimming__fastp } from '../steps/step_1PP_trimming__fastp'
include { step_2AS_denovo__spades } from '../steps/step_2AS_denovo__spades'
include { step_4TY_cgMLST__chewbbaca } from '../steps/step_4TY_cgMLST__chewbbaca'
workflow {
    trimmed   = step_1PP_trimming__fastp(getSingleInput()).trimmed
    assembled = step_2AS_denovo__spades(trimmed).assembled
    step_4TY_cgMLST__chewbbaca(assembled, param('genus_species'), optionalOrDefault('schema', ''))
}
"
"MOD_S06_cgmlst_retarget_eco_to_sal","1","switch_species","(generated)","MOD_S06_cgmlst_retarget_eco_to_sal_t1","modification","cgMLST pipeline for Escherichia coli from paired Illumina FASTQ (fastp + SPAdes + chewbbaca).","Y","N","partial_dag","Only 6/9 expected processes appeared in the DAG","6","9","N","","step_1PP_trimming__fastp","","step_2AS_denovo__spades, step_4TY_cgMLST__chewbbaca","step_2AS_denovo__spades, step_4TY_cgMLST__chewbbaca","step_1PP_trimming__fastp, step_2AS_denovo__spades, step_4TY_cgMLST__chewbbaca","903","43","2","2","10.2","Great! I'll proceed with the pipeline using:
1. `fastp` for trimming
2. `SPAdes` for assembly
3. `chewbbaca` for cgMLST typing

I'll set up the pipeline now.","nextflow.enable.dsl=2

// --- IMPORTS ---

include { step_2AS_denovo__spades } from '../steps/step_2AS_denovo__spades'

include { step_4TY_cgMLST__chewbbaca } from '../steps/step_4TY_cgMLST__chewbbaca'

include { getSingleInput } from '../functions/parameters.nf'

// --- GLOBALS ---

def genus_species = 'Escherichia coli'

def schema = 'e_coli_chewie_2360_210531'

// --- INLINE PROCESSES ---

// --- SUB WORKFLOWS ---

workflow wf_cgmlst_pipeline {
    
    take:
        
        trimmed
        
    
    main:
        trimmed.multiMap {
            trimmed: it
            genus_species: genus_species
            schema: schema
        }.set { trAndRef }

        assembly = step_2AS_denovo__spades(trAndRef.trimmed)
        step_4TY_cgMLST__chewbbaca(assembly.assembled, trAndRef.genus_species, trAndRef.schema)
    
}

// --- ENTRYPOINT ---
workflow {
    wf_cgmlst_pipeline(getSingleInput())
}","nextflow.enable.dsl=2

include { getSingleInput; optionalOrDefault; param } from '../functions/parameters.nf'
include { step_1PP_trimming__fastp } from '../steps/step_1PP_trimming__fastp'
include { step_2AS_denovo__spades } from '../steps/step_2AS_denovo__spades'
include { step_4TY_cgMLST__chewbbaca } from '../steps/step_4TY_cgMLST__chewbbaca'
workflow {
    trimmed   = step_1PP_trimming__fastp(getSingleInput()).trimmed
    assembled = step_2AS_denovo__spades(trimmed).assembled
    step_4TY_cgMLST__chewbbaca(assembled, param('genus_species'), optionalOrDefault('schema', ''))
}
"
"MOD_S06_cgmlst_retarget_eco_to_sal","2","switch_species","(generated)","MOD_S06_cgmlst_retarget_eco_to_sal_t2","modification","Apply the same pipeline to Salmonella enterica.","Y","N","file_not_found","WARN: file not found: '/mnt/data/cohesive_llm_bench_scratch/_shared_inputdir/2026/2026.SAL.233.1.1/0SQ_rawreads/DS99999-DT260224_import/result/*.fastq*'","0","9","Y","","","","","step_1PP_trimming__fastp, step_2AS_denovo__spades, step_4TY_cgMLST__chewbbaca","step_1PP_trimming__fastp, step_2AS_denovo__spades, step_4TY_cgMLST__chewbbaca","1874","86","3","2","11.9","Great! I'll set up the pipeline for both Escherichia coli and Salmonella enterica using the same workflow:
1. `fastp` for trimming
2. `SPAdes` for assembly
3. `chewbbaca` for cgMLST typing

I'll proceed with the implementation now.","nextflow.enable.dsl=2

// --- IMPORTS ---

include { extractKey } from '../functions/common.nf'

include { getSingleInput } from '../functions/parameters.nf'

// --- GLOBALS ---

def SPECIES_SCHEMA = ['e_coli_chewie_2360_210531', 's_enterica_chewie_3255_210531']

def SCHEMAS = ['/schemas/Escherichia_coli_INNUENDO_wgMLST_2021-05-31T14_24_05.304225.zip', '/schemas/Salmonella_enterica_INNUENDO_cgMLST_2021-05-31T20_28_21.350919.zip']

// --- INLINE PROCESSES ---

// --- SUB WORKFLOWS ---

workflow step_1PP_trimming__fastp {
    
    take:
        
        rawreads
        
    
    main:
        trimmed = fastp(rawreads).trimmed

        fastqc(trimmed)
        readsCheckInput = rawreads.cross(trimmed) { extractKey(it) }.multiMap {
          rawreads: it[0]
          trimmed: it[1]
        }
        sample_reads_check(readsCheckInput.rawreads, readsCheckInput.trimmed)
    
    emit:
        
        trimmed
        
    
}

workflow step_2AS_denovo__spades {
    
    take:
        
        data
        
    
    main:
        denovo(data)
        assembly_filter(denovo.out.scaffolds).fasta | quast
        assembled = assembly_filter.out.fasta
    
    emit:
        
        assembled
        
    
}

workflow step_4TY_cgMLST__chewbbaca {
    
    take:
        
        assembly
        
        genus_species
        
        schema
        
    
    main:
        chewbbaca_result = chewbbaca(assembly, genus_species, schema)
        hashing(chewbbaca_result.alleles)
        chewbbaca_check(chewbbaca_result.stats).check
    
}

// --- ENTRYPOINT ---
workflow {
    trimmed = step_1PP_trimming__fastp(getSingleInput())
    assembly = step_2AS_denovo__spades(trimmed)
    step_4TY_cgMLST__chewbbaca(assembly, 'Escherichia coli', 'e_coli_chewie_2360_210531')
    step_4TY_cgMLST__chewbbaca(assembly, 'Salmonella enterica', 's_enterica_chewie_3255_210531')
}","nextflow.enable.dsl=2

include { getSingleInput; optionalOrDefault; param } from '../functions/parameters.nf'
include { step_1PP_trimming__fastp } from '../steps/step_1PP_trimming__fastp'
include { step_2AS_denovo__spades } from '../steps/step_2AS_denovo__spades'
include { step_4TY_cgMLST__chewbbaca } from '../steps/step_4TY_cgMLST__chewbbaca'
workflow {
    trimmed   = step_1PP_trimming__fastp(getSingleInput()).trimmed
    assembled = step_2AS_denovo__spades(trimmed).assembled
    step_4TY_cgMLST__chewbbaca(assembled, param('genus_species'), optionalOrDefault('schema', ''))
}
"
"MOD_SM01_mlst_retarget_lis_to_cam","1","switch_species","(generated)","MOD_SM01_mlst_retarget_lis_to_cam_t1","modification","MLST pipeline for Listeria monocytogenes from paired Illumina FASTQ.","Y","N","file_not_found","WARN: file not found: '/mnt/data/cohesive_llm_bench_scratch/_shared_inputdir/2026/2026.LIS.236.1.1/0SQ_rawreads/DS99999-DT260224_import/result/*.fastq*'","6","7","N","","step_4TY_MLST__mlst","","step_1PP_trimming__fastp, step_2AS_denovo__spades","step_2AS_denovo__spades, step_1PP_trimming__fastp","step_1PP_trimming__fastp, step_2AS_denovo__spades, step_4TY_MLST__mlst","679","35","2","2","6.2","Great! I'll proceed with the pipeline for MLST typing of Listeria monocytogenes using paired Illumina FASTQ reads. Here's the plan:

1. **Preprocessing**: Use Fastp (`step_1PP_trimming__fastp`) for trimming paired-end Illumina reads
2. **Assembly**: Use SPAdes (`step_2AS_denovo__spades`) for de novo","nextflow.enable.dsl=2

// --- IMPORTS ---

include { step_2AS_denovo__spades } from '../steps/step_2AS_denovo__spades'

include { step_1PP_trimming__fastp } from '../steps/step_1PP_trimming__fastp'

include { getSingleInput } from '../functions/parameters.nf'

// --- GLOBALS ---

// --- INLINE PROCESSES ---

// --- SUB WORKFLOWS ---

workflow wf_listeria_mlst {
    
    take:
        
        trimmed
        
    
    main:
        assembly = step_2AS_denovo__spades(trimmed).assembled
        mlst(assembly)
        mlst_type = mlst.out
    
}

// --- ENTRYPOINT ---
workflow {
    trimmed = step_1PP_trimming__fastp(getSingleInput()).trimmed
    wf_listeria_mlst(trimmed)
}","nextflow.enable.dsl=2

include { getSingleInput; optionalOrDefault; param } from '../functions/parameters.nf'
include { step_1PP_trimming__fastp } from '../steps/step_1PP_trimming__fastp'
include { step_2AS_denovo__spades } from '../steps/step_2AS_denovo__spades'
include { step_4TY_MLST__mlst } from '../steps/step_4TY_MLST__mlst'
workflow {
    trimmed   = step_1PP_trimming__fastp(getSingleInput()).trimmed
    assembled = step_2AS_denovo__spades(trimmed).assembled
    step_4TY_MLST__mlst(assembled)
}
"
"MOD_SM01_mlst_retarget_lis_to_cam","2","switch_species","(generated)","MOD_SM01_mlst_retarget_lis_to_cam_t2","modification","Re-run the same pipeline on Campylobacter jejuni.","Y","Y","none","","7","7","Y","","","","step_1PP_trimming__fastp, step_2AS_denovo__spades, step_4TY_MLST__mlst","step_2AS_denovo__spades, step_4TY_MLST__mlst, step_1PP_trimming__fastp","step_1PP_trimming__fastp, step_2AS_denovo__spades, step_4TY_MLST__mlst","840","40","3","2","5.6","Great! I'll proceed with the pipeline for MLST typing of Campylobacter jejuni using paired Illumina FASTQ reads. Here's the plan:

1. **Preprocessing**: Use Fastp (`step_1PP_trimming__fastp`) for trimming paired-end Illumina reads
2. **Assembly**: Use SPAdes (`step_2AS_denovo__spades`) for de novo a","nextflow.enable.dsl=2

// --- IMPORTS ---

include { step_2AS_denovo__spades } from '../steps/step_2AS_denovo__spades'

include { step_1PP_trimming__fastp } from '../steps/step_1PP_trimming__fastp'

include { getSingleInput } from '../functions/parameters.nf'

include { step_4TY_MLST__mlst } from '../steps/step_4TY_MLST__mlst'

// --- GLOBALS ---

// --- INLINE PROCESSES ---

// --- SUB WORKFLOWS ---

workflow wf_campylobacter_mlst {
    
    take:
        
        trimmed
        
    
    main:
        trimmed.multiMap {
            trimmed: it
        }.set { trAndRef }

        assembly_out = step_2AS_denovo__spades(trAndRef.trimmed)
        step_4TY_MLST__mlst(assembly_out.assembled)
    
}

// --- ENTRYPOINT ---
workflow {
    trimmed = step_1PP_trimming__fastp(getSingleInput()).trimmed
    wf_campylobacter_mlst(trimmed)
}","nextflow.enable.dsl=2

include { getSingleInput; optionalOrDefault; param } from '../functions/parameters.nf'
include { step_1PP_trimming__fastp } from '../steps/step_1PP_trimming__fastp'
include { step_2AS_denovo__spades } from '../steps/step_2AS_denovo__spades'
include { step_4TY_MLST__mlst } from '../steps/step_4TY_MLST__mlst'
workflow {
    trimmed   = step_1PP_trimming__fastp(getSingleInput()).trimmed
    assembled = step_2AS_denovo__spades(trimmed).assembled
    step_4TY_MLST__mlst(assembled)
}
"
"MOD_SM02_mlst_retarget_sal_to_cam","1","switch_species","(generated)","MOD_SM02_mlst_retarget_sal_to_cam_t1","modification","MLST pipeline for Salmonella enterica from paired Illumina FASTQ.","Y","Y","none","","7","7","Y","","","","step_1PP_trimming__fastp, step_2AS_denovo__spades, step_4TY_MLST__mlst","step_2AS_denovo__spades, step_4TY_MLST__mlst, step_1PP_trimming__fastp","step_1PP_trimming__fastp, step_2AS_denovo__spades, step_4TY_MLST__mlst","826","40","3","2","6.9","Great! I'll set up the pipeline with the following steps:
1. **Trimming**: `step_1PP_trimming__fastp` for paired Illumina reads
2. **Assembly**: `step_2AS_denovo__spades` for de novo assembly
3. **MLST Typing**: `step_4TY_MLST__mlst` for Salmonella enterica

This will process your paired-end Illumin","nextflow.enable.dsl=2

// --- IMPORTS ---

include { step_2AS_denovo__spades } from '../steps/step_2AS_denovo__spades'

include { step_1PP_trimming__fastp } from '../steps/step_1PP_trimming__fastp'

include { getSingleInput } from '../functions/parameters.nf'

include { step_4TY_MLST__mlst } from '../steps/step_4TY_MLST__mlst'

// --- GLOBALS ---

// --- INLINE PROCESSES ---

// --- SUB WORKFLOWS ---

workflow wf_salmonella_mlst {
    
    take:
        
        trimmed
        
    
    main:
        trimmed.multiMap {
            trimmed: it
        }.set { trAndRef }

        assembly = step_2AS_denovo__spades(trAndRef.trimmed)
        step_4TY_MLST__mlst(assembly.assembled)
    
}

// --- ENTRYPOINT ---
workflow {
    trimmed = step_1PP_trimming__fastp(getSingleInput()).trimmed
    wf_salmonella_mlst(trimmed)
}","nextflow.enable.dsl=2

include { getSingleInput; optionalOrDefault; param } from '../functions/parameters.nf'
include { step_1PP_trimming__fastp } from '../steps/step_1PP_trimming__fastp'
include { step_2AS_denovo__spades } from '../steps/step_2AS_denovo__spades'
include { step_4TY_MLST__mlst } from '../steps/step_4TY_MLST__mlst'
workflow {
    trimmed   = step_1PP_trimming__fastp(getSingleInput()).trimmed
    assembled = step_2AS_denovo__spades(trimmed).assembled
    step_4TY_MLST__mlst(assembled)
}
"
"MOD_SM02_mlst_retarget_sal_to_cam","2","switch_species","(generated)","MOD_SM02_mlst_retarget_sal_to_cam_t2","modification","Re-run the same pipeline on Campylobacter jejuni.","Y","N","file_not_found","WARN: file not found: '/mnt/data/cohesive_llm_bench_scratch/_shared_inputdir/2026/2026.CAM.227.1.1/0SQ_rawreads/DS99999-DT260224_import/result/*.fastq*'","0","7","Y","","","","","step_1PP_trimming__fastp, step_2AS_denovo__spades, step_4TY_MLST__mlst","step_1PP_trimming__fastp, step_2AS_denovo__spades, step_4TY_MLST__mlst","1260","75","3","2","6.3","I'll set up the pipeline for Campylobacter jejuni with the following steps:
1. **Trimming**: `step_1PP_trimming__fastp` for paired Illumina reads
2. **Assembly**: `step_2AS_denovo__spades` for de novo assembly
3. **MLST Typing**: `step_4TY_MLST__mlst` for Campylobacter jejuni

This will process your","nextflow.enable.dsl=2

// --- IMPORTS ---

include { extractKey } from '../functions/common.nf'

include { getSingleInput } from '../functions/parameters.nf'

// --- GLOBALS ---

// --- INLINE PROCESSES ---

// --- SUB WORKFLOWS ---

workflow step_1PP_trimming__fastp {
    
    take:
        
        rawreads
        
    
    main:
        trimmed = fastp(rawreads).trimmed

        fastqc(trimmed)
        readsCheckInput = rawreads.cross(trimmed) { extractKey(it) }.multiMap {
          rawreads: it[0]
          trimmed: it[1]
        }
        sample_reads_check(readsCheckInput.rawreads, readsCheckInput.trimmed)
    
    emit:
        
        trimmed
        
    
}

workflow step_2AS_denovo__spades {
    
    take:
        
        data
        
    
    main:
        denovo(data)
        assembly_filter(denovo.out.scaffolds).fasta | quast
        assembled = assembly_filter.out.fasta
    
    emit:
        
        assembled
        
    
}

workflow step_4TY_MLST__mlst {
    
    take:
        
        assembly
        
    
    main:
        mlst(assembly)
    
}

// --- ENTRYPOINT ---
workflow {
    trimmed = step_1PP_trimming__fastp(getSingleInput())
    assembly = step_2AS_denovo__spades(trimmed)
    step_4TY_MLST__mlst(assembly)
}","nextflow.enable.dsl=2

include { getSingleInput; optionalOrDefault; param } from '../functions/parameters.nf'
include { step_1PP_trimming__fastp } from '../steps/step_1PP_trimming__fastp'
include { step_2AS_denovo__spades } from '../steps/step_2AS_denovo__spades'
include { step_4TY_MLST__mlst } from '../steps/step_4TY_MLST__mlst'
workflow {
    trimmed   = step_1PP_trimming__fastp(getSingleInput()).trimmed
    assembled = step_2AS_denovo__spades(trimmed).assembled
    step_4TY_MLST__mlst(assembled)
}
"
"MOD_SM03_mlst_retarget_eco_to_cam","1","switch_species","(generated)","MOD_SM03_mlst_retarget_eco_to_cam_t1","modification","MLST pipeline for Escherichia coli from paired Illumina FASTQ.","Y","Y","none","","9","7","N","step_4TY_cgMLST__chewbbaca","step_4TY_MLST__mlst","","step_1PP_trimming__fastp, step_2AS_denovo__spades, step_4TY_cgMLST__chewbbaca","step_1PP_trimming__fastp, step_2AS_denovo__spades, step_4TY_cgMLST__chewbbaca","step_1PP_trimming__fastp, step_2AS_denovo__spades, step_4TY_MLST__mlst","878","40","3","2","6.1","Great! I'll proceed with the pipeline using Fastp for trimming, SPAdes for assembly, and ChewBBACA for MLST typing. I'll set up the pipeline now.","nextflow.enable.dsl=2

// --- IMPORTS ---

include { step_2AS_denovo__spades } from '../steps/step_2AS_denovo__spades'

include { step_4TY_cgMLST__chewbbaca } from '../steps/step_4TY_cgMLST__chewbbaca'

include { step_1PP_trimming__fastp } from '../steps/step_1PP_trimming__fastp'

include { getSingleInput } from '../functions/parameters.nf'

// --- GLOBALS ---

def genus_species = 'Escherichia coli'

def schema = 'e_coli_chewie_2360_210531'

// --- INLINE PROCESSES ---

// --- SUB WORKFLOWS ---

workflow wf_trim_assemble_mlst {
    
    take:
        
        rawreads
        
    
    main:
        trimmed = step_1PP_trimming__fastp(rawreads).trimmed
        assembled = step_2AS_denovo__spades(trimmed).assembled
        step_4TY_cgMLST__chewbbaca(assembled, genus_species, schema)
    
}

// --- ENTRYPOINT ---
workflow {
    wf_trim_assemble_mlst(getSingleInput())
}","nextflow.enable.dsl=2

include { getSingleInput; optionalOrDefault; param } from '../functions/parameters.nf'
include { step_1PP_trimming__fastp } from '../steps/step_1PP_trimming__fastp'
include { step_2AS_denovo__spades } from '../steps/step_2AS_denovo__spades'
include { step_4TY_MLST__mlst } from '../steps/step_4TY_MLST__mlst'
workflow {
    trimmed   = step_1PP_trimming__fastp(getSingleInput()).trimmed
    assembled = step_2AS_denovo__spades(trimmed).assembled
    step_4TY_MLST__mlst(assembled)
}
"
"MOD_SM03_mlst_retarget_eco_to_cam","2","switch_species","(generated)","MOD_SM03_mlst_retarget_eco_to_cam_t2","modification","Re-run the same pipeline on Campylobacter jejuni.","Y","Y","none","","9","7","N","step_4TY_cgMLST__chewbbaca","step_4TY_MLST__mlst","","step_1PP_trimming__fastp, step_2AS_denovo__spades, step_4TY_cgMLST__chewbbaca","step_1PP_trimming__fastp, step_2AS_denovo__spades, step_4TY_cgMLST__chewbbaca","step_1PP_trimming__fastp, step_2AS_denovo__spades, step_4TY_MLST__mlst","828","36","3","2","4.4","Great! I'll proceed with the pipeline using Fastp for trimming, SPAdes for assembly, and ChewBBACA for MLST typing for Campylobacter jejuni. I'll set up the pipeline now.","nextflow.enable.dsl=2

// --- IMPORTS ---

include { step_2AS_denovo__spades } from '../steps/step_2AS_denovo__spades'

include { step_4TY_cgMLST__chewbbaca } from '../steps/step_4TY_cgMLST__chewbbaca'

include { step_1PP_trimming__fastp } from '../steps/step_1PP_trimming__fastp'

include { getSingleInput } from '../functions/parameters.nf'

// --- GLOBALS ---

// --- INLINE PROCESSES ---

// --- SUB WORKFLOWS ---

workflow wf_trim_assemble_mlst {
    
    take:
        
        rawreads
        
    
    main:
        trimmed = step_1PP_trimming__fastp(rawreads).trimmed
        assembled = step_2AS_denovo__spades(trimmed).assembled
        step_4TY_cgMLST__chewbbaca(assembled, 'Campylobacter jejuni', 'c_jejuni_chewie_2360_210531')
    
}

// --- ENTRYPOINT ---
workflow {
    wf_trim_assemble_mlst(getSingleInput())
}","nextflow.enable.dsl=2

include { getSingleInput; optionalOrDefault; param } from '../functions/parameters.nf'
include { step_1PP_trimming__fastp } from '../steps/step_1PP_trimming__fastp'
include { step_2AS_denovo__spades } from '../steps/step_2AS_denovo__spades'
include { step_4TY_MLST__mlst } from '../steps/step_4TY_MLST__mlst'
workflow {
    trimmed   = step_1PP_trimming__fastp(getSingleInput()).trimmed
    assembled = step_2AS_denovo__spades(trimmed).assembled
    step_4TY_MLST__mlst(assembled)
}
"
"MOD_SM04_mlst_retarget_cam_to_lis","1","switch_species","(generated)","MOD_SM04_mlst_retarget_cam_to_lis_t1","modification","MLST pipeline for Campylobacter jejuni from paired Illumina FASTQ.","Y","Y","file_not_found","WARN: file not found: '/mnt/data/cohesive_llm_bench_scratch/_shared_inputdir/2026/2026.CAM.229.1.1/0SQ_rawreads/DS99999-DT260224_import/result/*.fastq*'","7","7","N","step_2AS_denovo__unicycler","step_2AS_denovo__spades","","step_1PP_trimming__fastp, step_2AS_denovo__unicycler, step_4TY_MLST__mlst","step_1PP_trimming__fastp, step_2AS_denovo__unicycler, step_4TY_MLST__mlst","step_1PP_trimming__fastp, step_2AS_denovo__spades, step_4TY_MLST__mlst","807","37","3","2","6.4","Great! I'll set up the pipeline with the following steps:

1. **Preprocessing**: Fastp for trimming and quality control of paired Illumina reads
2. **Assembly**: Unicycler for de novo assembly
3. **MLST Typing**: MLST tool for sequence type determination

I'll now create the pipeline with these comp","nextflow.enable.dsl=2

// --- IMPORTS ---

include { step_1PP_trimming__fastp } from '../steps/step_1PP_trimming__fastp'

include { getSingleInput } from '../functions/parameters.nf'

include { step_2AS_denovo__unicycler } from '../steps/step_2AS_denovo__unicycler'

include { step_4TY_MLST__mlst } from '../steps/step_4TY_MLST__mlst'

// --- GLOBALS ---

// --- INLINE PROCESSES ---

// --- SUB WORKFLOWS ---

workflow wf_trim_assemble_mlst {
    
    take:
        
        rawreads
        
    
    main:
        trimmed = step_1PP_trimming__fastp(rawreads).trimmed
        assembled = step_2AS_denovo__unicycler(trimmed).assembled
        step_4TY_MLST__mlst(assembled)
        mlst_report = step_4TY_MLST__mlst.out
    
}

// --- ENTRYPOINT ---
workflow {
    wf_trim_assemble_mlst(getSingleInput())
}","nextflow.enable.dsl=2

include { getSingleInput; optionalOrDefault; param } from '../functions/parameters.nf'
include { step_1PP_trimming__fastp } from '../steps/step_1PP_trimming__fastp'
include { step_2AS_denovo__spades } from '../steps/step_2AS_denovo__spades'
include { step_4TY_MLST__mlst } from '../steps/step_4TY_MLST__mlst'
workflow {
    trimmed   = step_1PP_trimming__fastp(getSingleInput()).trimmed
    assembled = step_2AS_denovo__spades(trimmed).assembled
    step_4TY_MLST__mlst(assembled)
}
"
"MOD_SM04_mlst_retarget_cam_to_lis","2","switch_species","(generated)","MOD_SM04_mlst_retarget_cam_to_lis_t2","modification","Re-run the same pipeline on Listeria monocytogenes.","Y","N","file_not_found","WARN: file not found: '/mnt/data/cohesive_llm_bench_scratch/_shared_inputdir/2026/2026.LIS.237.1.1/0SQ_rawreads/DS99999-DT260224_import/result/*.fastq*'","0","7","N","step_2AS_denovo__unicycler","step_2AS_denovo__spades","","","step_2AS_denovo__unicycler, step_4TY_MLST__mlst, step_1PP_trimming__fastp","step_1PP_trimming__fastp, step_2AS_denovo__spades, step_4TY_MLST__mlst","1534","91","3","2","6.5","Great! I'll set up the pipeline for Listeria monocytogenes with the following steps:

1. **Preprocessing**: Fastp for trimming and quality control of paired Illumina reads
2. **Assembly**: Unicycler for de novo assembly
3. **MLST Typing**: MLST tool for sequence type determination

I'll now create t","nextflow.enable.dsl=2

// --- IMPORTS ---

include { extractKey } from '../functions/common.nf'

include { getSingleInput } from '../functions/parameters.nf'

// --- GLOBALS ---

// --- INLINE PROCESSES ---

// --- SUB WORKFLOWS ---

workflow wf_listeria_mlst {
    
    take:
        
        trimmed
        
    
    main:
        trimmed.multiMap {
            trimmed: it
        }.set { trAndRef }

        assembly_out = step_2AS_denovo__unicycler(trAndRef.trimmed)
        step_4TY_MLST__mlst(assembly_out.assembled)
    
}

workflow step_1PP_trimming__fastp {
    
    take:
        
        rawreads
        
    
    main:
        trimmed = fastp(rawreads).trimmed

        fastqc(trimmed)
        readsCheckInput = rawreads.cross(trimmed) { extractKey(it) }.multiMap {
          rawreads: it[0]
          trimmed: it[1]
        }
        sample_reads_check(readsCheckInput.rawreads, readsCheckInput.trimmed)
    
    emit:
        
        trimmed
        
    
}

workflow step_2AS_denovo__unicycler {
    
    take:
        
        data
        
    
    main:
        unicycler(data).scaffolds
        assembly_filter(unicycler.out.scaffolds).fasta | quast
        assembled = assembly_filter.out.fasta
    
    emit:
        
        assembled
        
    
}

workflow step_4TY_MLST__mlst {
    
    take:
        
        assembly
        
    
    main:
        mlst(assembly)
    
}

// --- ENTRYPOINT ---
workflow {
    trimmed = step_1PP_trimming__fastp(getSingleInput()).trimmed
    wf_listeria_mlst(trimmed)
}","nextflow.enable.dsl=2

include { getSingleInput; optionalOrDefault; param } from '../functions/parameters.nf'
include { step_1PP_trimming__fastp } from '../steps/step_1PP_trimming__fastp'
include { step_2AS_denovo__spades } from '../steps/step_2AS_denovo__spades'
include { step_4TY_MLST__mlst } from '../steps/step_4TY_MLST__mlst'
workflow {
    trimmed   = step_1PP_trimming__fastp(getSingleInput()).trimmed
    assembled = step_2AS_denovo__spades(trimmed).assembled
    step_4TY_MLST__mlst(assembled)
}
"
"MOD_SM05_mlst_retarget_cam_to_sal","1","switch_species","(generated)","MOD_SM05_mlst_retarget_cam_to_sal_t1","modification","MLST pipeline for Campylobacter jejuni from paired Illumina FASTQ.","Y","Y","none","","7","7","Y","","","","step_1PP_trimming__fastp, step_2AS_denovo__spades, step_4TY_MLST__mlst","step_1PP_trimming__fastp, step_2AS_denovo__spades, step_4TY_MLST__mlst","step_1PP_trimming__fastp, step_2AS_denovo__spades, step_4TY_MLST__mlst","801","41","3","2","5.9","Great! I'll proceed with the pipeline using the following steps:
1. Trimming: `step_1PP_trimming__fastp`
2. Assembly: `step_2AS_denovo__spades`
3. MLST Typing: `step_4TY_MLST__mlst`

This will process your paired Illumina FASTQ reads for Campylobacter jejuni MLST typing.","nextflow.enable.dsl=2

// --- IMPORTS ---

include { step_2AS_denovo__spades } from '../steps/step_2AS_denovo__spades'

include { step_1PP_trimming__fastp } from '../steps/step_1PP_trimming__fastp'

include { getSingleInput } from '../functions/parameters.nf'

include { step_4TY_MLST__mlst } from '../steps/step_4TY_MLST__mlst'

// --- GLOBALS ---

// --- INLINE PROCESSES ---

// --- SUB WORKFLOWS ---

workflow wf_illumina_pipeline {
    
    take:
        
        rawreads
        
    
    main:
        trimmed = step_1PP_trimming__fastp(rawreads).trimmed
        assembled = step_2AS_denovo__spades(trimmed).assembled
        step_4TY_MLST__mlst(assembled)
    
    emit:
        
        assembled
        
    
}

// --- ENTRYPOINT ---
workflow {
    wf_illumina_pipeline(getSingleInput())
}","nextflow.enable.dsl=2

include { getSingleInput; optionalOrDefault; param } from '../functions/parameters.nf'
include { step_1PP_trimming__fastp } from '../steps/step_1PP_trimming__fastp'
include { step_2AS_denovo__spades } from '../steps/step_2AS_denovo__spades'
include { step_4TY_MLST__mlst } from '../steps/step_4TY_MLST__mlst'
workflow {
    trimmed   = step_1PP_trimming__fastp(getSingleInput()).trimmed
    assembled = step_2AS_denovo__spades(trimmed).assembled
    step_4TY_MLST__mlst(assembled)
}
"
"MOD_SM05_mlst_retarget_cam_to_sal","2","switch_species","(generated)","MOD_SM05_mlst_retarget_cam_to_sal_t2","modification","Re-run the same pipeline on Salmonella enterica.","Y","Y","none","","7","7","Y","","","","step_1PP_trimming__fastp, step_2AS_denovo__spades, step_4TY_MLST__mlst","step_1PP_trimming__fastp, step_2AS_denovo__spades, step_4TY_MLST__mlst","step_1PP_trimming__fastp, step_2AS_denovo__spades, step_4TY_MLST__mlst","740","36","3","2","5.8","Great! I'll proceed with the pipeline using the following steps:
1. Trimming: `step_1PP_trimming__fastp`
2. Assembly: `step_2AS_denovo__spades`
3. MLST Typing: `step_4TY_MLST__mlst` (configured for Salmonella enterica)

This will process your paired Illumina FASTQ reads for Salmonella enterica MLST ","nextflow.enable.dsl=2

// --- IMPORTS ---

include { step_2AS_denovo__spades } from '../steps/step_2AS_denovo__spades'

include { step_1PP_trimming__fastp } from '../steps/step_1PP_trimming__fastp'

include { getSingleInput } from '../functions/parameters.nf'

include { step_4TY_MLST__mlst } from '../steps/step_4TY_MLST__mlst'

// --- GLOBALS ---

// --- INLINE PROCESSES ---

// --- SUB WORKFLOWS ---

workflow wf_mlst_pipeline {
    
    take:
        
        rawreads
        
    
    main:
        trimmed = step_1PP_trimming__fastp(rawreads).trimmed
        assembly = step_2AS_denovo__spades(trimmed).assembled
        step_4TY_MLST__mlst(assembly)
    
}

// --- ENTRYPOINT ---
workflow {
    wf_mlst_pipeline(getSingleInput())
}","nextflow.enable.dsl=2

include { getSingleInput; optionalOrDefault; param } from '../functions/parameters.nf'
include { step_1PP_trimming__fastp } from '../steps/step_1PP_trimming__fastp'
include { step_2AS_denovo__spades } from '../steps/step_2AS_denovo__spades'
include { step_4TY_MLST__mlst } from '../steps/step_4TY_MLST__mlst'
workflow {
    trimmed   = step_1PP_trimming__fastp(getSingleInput()).trimmed
    assembled = step_2AS_denovo__spades(trimmed).assembled
    step_4TY_MLST__mlst(assembled)
}
"
"MOD_SM06_mlst_retarget_cam_to_eco","1","switch_species","(generated)","MOD_SM06_mlst_retarget_cam_to_eco_t1","modification","MLST pipeline for Campylobacter jejuni from paired Illumina FASTQ.","Y","Y","none","","7","7","Y","","","","step_1PP_trimming__fastp, step_2AS_denovo__spades, step_4TY_MLST__mlst","step_2AS_denovo__spades, step_4TY_MLST__mlst, step_1PP_trimming__fastp","step_1PP_trimming__fastp, step_2AS_denovo__spades, step_4TY_MLST__mlst","821","41","3","2","7.3","Great! I'll proceed with the pipeline for Campylobacter jejuni MLST typing from paired Illumina FASTQ reads. Here's the plan:

1. **Trimming**: `step_1PP_trimming__fastp` - Clean the paired-end Illumina reads
2. **Assembly**: `step_2AS_denovo__spades` - Assemble the trimmed reads into contigs
3. **M","nextflow.enable.dsl=2

// --- IMPORTS ---

include { step_2AS_denovo__spades } from '../steps/step_2AS_denovo__spades'

include { step_1PP_trimming__fastp } from '../steps/step_1PP_trimming__fastp'

include { getSingleInput } from '../functions/parameters.nf'

include { step_4TY_MLST__mlst } from '../steps/step_4TY_MLST__mlst'

// --- GLOBALS ---

// --- INLINE PROCESSES ---

// --- SUB WORKFLOWS ---

workflow wf_campylobacter_mlst {
    
    take:
        
        trimmed
        
    
    main:
        spades_out = step_2AS_denovo__spades(trimmed)
        step_4TY_MLST__mlst(spades_out.assembled)
    
    emit:
        
        assembly = spades_out.assembled
        
    
}

// --- ENTRYPOINT ---
workflow {
    trimmed = step_1PP_trimming__fastp(getSingleInput()).trimmed
    wf_campylobacter_mlst(trimmed)
}","nextflow.enable.dsl=2

include { getSingleInput; optionalOrDefault; param } from '../functions/parameters.nf'
include { step_1PP_trimming__fastp } from '../steps/step_1PP_trimming__fastp'
include { step_2AS_denovo__spades } from '../steps/step_2AS_denovo__spades'
include { step_4TY_MLST__mlst } from '../steps/step_4TY_MLST__mlst'
workflow {
    trimmed   = step_1PP_trimming__fastp(getSingleInput()).trimmed
    assembled = step_2AS_denovo__spades(trimmed).assembled
    step_4TY_MLST__mlst(assembled)
}
"
"MOD_SM06_mlst_retarget_cam_to_eco","2","switch_species","(generated)","MOD_SM06_mlst_retarget_cam_to_eco_t2","modification","Re-run the same pipeline on Escherichia coli.","Y","Y","none","","7","7","Y","","","","step_1PP_trimming__fastp, step_2AS_denovo__spades, step_4TY_MLST__mlst","step_1PP_trimming__fastp, step_2AS_denovo__spades, step_4TY_MLST__mlst","step_1PP_trimming__fastp, step_2AS_denovo__spades, step_4TY_MLST__mlst","750","36","3","2","6.4","Great! I'll proceed with the pipeline for Escherichia coli MLST typing from paired Illumina FASTQ reads. Here's the plan:

1. **Trimming**: `step_1PP_trimming__fastp` - Clean the paired-end Illumina reads
2. **Assembly**: `step_2AS_denovo__spades` - Assemble the trimmed reads into contigs
3. **MLST ","nextflow.enable.dsl=2

// --- IMPORTS ---

include { step_2AS_denovo__spades } from '../steps/step_2AS_denovo__spades'

include { step_1PP_trimming__fastp } from '../steps/step_1PP_trimming__fastp'

include { getSingleInput } from '../functions/parameters.nf'

include { step_4TY_MLST__mlst } from '../steps/step_4TY_MLST__mlst'

// --- GLOBALS ---

// --- INLINE PROCESSES ---

// --- SUB WORKFLOWS ---

workflow wf_trim_assemble_mlst {
    
    take:
        
        rawreads
        
    
    main:
        trimmed = step_1PP_trimming__fastp(rawreads).trimmed
        assembly = step_2AS_denovo__spades(trimmed).assembled
        step_4TY_MLST__mlst(assembly)
    
}

// --- ENTRYPOINT ---
workflow {
    wf_trim_assemble_mlst(getSingleInput())
}","nextflow.enable.dsl=2

include { getSingleInput; optionalOrDefault; param } from '../functions/parameters.nf'
include { step_1PP_trimming__fastp } from '../steps/step_1PP_trimming__fastp'
include { step_2AS_denovo__spades } from '../steps/step_2AS_denovo__spades'
include { step_4TY_MLST__mlst } from '../steps/step_4TY_MLST__mlst'
workflow {
    trimmed   = step_1PP_trimming__fastp(getSingleInput()).trimmed
    assembled = step_2AS_denovo__spades(trimmed).assembled
    step_4TY_MLST__mlst(assembled)
}
"
"MOD_SMA01_mlst_mono_retarget_lis_to_sal","1","switch_species","(generated)","MOD_SMA01_mlst_mono_retarget_lis_to_sal_t1","modification","MLST on a pre-existing Listeria monocytogenes assembly.","Y","N","file_not_found","WARN: file not found: '/mnt/data/cohesive_llm_bench_scratch/_shared_inputdir/2026/2026.LIS.238.1.1/2AS_import/DS99999-DT260224_external/result/*.fasta'","0","1","Y","","","","","step_4TY_MLST__mlst","step_4TY_MLST__mlst","377","28","1","2","5.2","I will use the MLST tool (`step_4TY_MLST__mlst`) to analyze your Listeria monocytogenes assembly and provide MLST typing results.","nextflow.enable.dsl=2

// --- IMPORTS ---

include { getAssembly } from '../functions/parameters.nf'

// --- GLOBALS ---

// --- INLINE PROCESSES ---

// --- SUB WORKFLOWS ---

workflow step_4TY_MLST__mlst {
    
    take:
        
        assembly
        
    
    main:
        mlst(assembly)
    
}

// --- ENTRYPOINT ---
workflow {
    step_4TY_MLST__mlst(getAssembly())
}","nextflow.enable.dsl=2

include { getInput; optionalOrDefault; param } from '../functions/parameters.nf'
include { step_4TY_MLST__mlst } from '../steps/step_4TY_MLST__mlst'
workflow {
    step_4TY_MLST__mlst(getInput())
}
"
"MOD_SMA01_mlst_mono_retarget_lis_to_sal","2","switch_species","(generated)","MOD_SMA01_mlst_mono_retarget_lis_to_sal_t2","modification","Same thing but for Salmonella enterica.","Y","N","file_not_found","WARN: file not found: '/mnt/data/cohesive_llm_bench_scratch/_shared_inputdir/2026/2026.SAL.236.1.1/2AS_import/DS99999-DT260224_external/result/*.fasta'","0","1","Y","","","","","step_4TY_MLST__mlst","step_4TY_MLST__mlst","377","28","1","2","3.5","I will use the MLST tool (`step_4TY_MLST__mlst`) to analyze your Salmonella enterica assembly and provide MLST typing results.","nextflow.enable.dsl=2

// --- IMPORTS ---

include { getAssembly } from '../functions/parameters.nf'

// --- GLOBALS ---

// --- INLINE PROCESSES ---

// --- SUB WORKFLOWS ---

workflow step_4TY_MLST__mlst {
    
    take:
        
        assembly
        
    
    main:
        mlst(assembly)
    
}

// --- ENTRYPOINT ---
workflow {
    step_4TY_MLST__mlst(getAssembly())
}","nextflow.enable.dsl=2

include { getInput; optionalOrDefault; param } from '../functions/parameters.nf'
include { step_4TY_MLST__mlst } from '../steps/step_4TY_MLST__mlst'
workflow {
    step_4TY_MLST__mlst(getInput())
}
"
"MOD_SMA02_mlst_mono_retarget_lis_to_eco","1","switch_species","(generated)","MOD_SMA02_mlst_mono_retarget_lis_to_eco_t1","modification","MLST on a pre-existing Listeria monocytogenes assembly.","Y","N","file_not_found","WARN: file not found: '/mnt/data/cohesive_llm_bench_scratch/_shared_inputdir/2026/2026.LIS.239.1.1/2AS_import/DS99999-DT260224_external/result/*.fasta'","0","1","Y","","","","","step_4TY_MLST__mlst","step_4TY_MLST__mlst","427","30","1","2","5.5","Great! I'll proceed with the MLST analysis using the pre-existing Listeria monocytogenes assembly. The pipeline will use the MLST tool (`step_4TY_MLST__mlst`).","nextflow.enable.dsl=2

// --- IMPORTS ---

include { getInput } from '../functions/parameters.nf'

// --- GLOBALS ---

// --- INLINE PROCESSES ---

// --- SUB WORKFLOWS ---

workflow step_4TY_MLST__mlst {
    
    take:
        
        assembly
        
    
    main:
        mlst(assembly)
        mlst_results = mlst.out
    
}

// --- ENTRYPOINT ---
workflow {
    assembly = getInput()
    step_4TY_MLST__mlst(assembly)
}","nextflow.enable.dsl=2

include { getInput; optionalOrDefault; param } from '../functions/parameters.nf'
include { step_4TY_MLST__mlst } from '../steps/step_4TY_MLST__mlst'
workflow {
    step_4TY_MLST__mlst(getInput())
}
"
"MOD_SMA02_mlst_mono_retarget_lis_to_eco","2","switch_species","(generated)","MOD_SMA02_mlst_mono_retarget_lis_to_eco_t2","modification","Same thing but for Escherichia coli.","Y","N","file_not_found","WARN: file not found: '/mnt/data/cohesive_llm_bench_scratch/_shared_inputdir/2026/2026.ECO.226.1.1/2AS_import/DS99999-DT260224_external/result/*.fasta'","0","1","Y","","","","","step_4TY_MLST__mlst","step_4TY_MLST__mlst","377","28","1","2","3.4","Great! I'll proceed with the MLST analysis using the pre-existing Escherichia coli assembly. The pipeline will use the MLST tool (`step_4TY_MLST__mlst`).","nextflow.enable.dsl=2

// --- IMPORTS ---

include { getAssembly } from '../functions/parameters.nf'

// --- GLOBALS ---

// --- INLINE PROCESSES ---

// --- SUB WORKFLOWS ---

workflow step_4TY_MLST__mlst {
    
    take:
        
        assembly
        
    
    main:
        mlst(assembly)
    
}

// --- ENTRYPOINT ---
workflow {
    step_4TY_MLST__mlst(getAssembly())
}","nextflow.enable.dsl=2

include { getInput; optionalOrDefault; param } from '../functions/parameters.nf'
include { step_4TY_MLST__mlst } from '../steps/step_4TY_MLST__mlst'
workflow {
    step_4TY_MLST__mlst(getInput())
}
"
"MOD_SMA03_mlst_mono_retarget_sal_to_lis","1","switch_species","(generated)","MOD_SMA03_mlst_mono_retarget_sal_to_lis_t1","modification","MLST on a pre-existing Salmonella enterica assembly.","Y","N","file_not_found","WARN: file not found: '/mnt/data/cohesive_llm_bench_scratch/_shared_inputdir/2026/2026.SAL.237.1.1/2AS_import/DS99999-DT260224_external/result/*.fasta'","0","1","Y","","","","","step_4TY_MLST__mlst","step_4TY_MLST__mlst","377","28","1","2","5.6","I will set up the pipeline to perform MLST analysis on your pre-existing Salmonella enterica assembly using the MLST tool (`step_4TY_MLST__mlst`).","nextflow.enable.dsl=2

// --- IMPORTS ---

include { getAssembly } from '../functions/parameters.nf'

// --- GLOBALS ---

// --- INLINE PROCESSES ---

// --- SUB WORKFLOWS ---

workflow step_4TY_MLST__mlst {
    
    take:
        
        assembly
        
    
    main:
        mlst(assembly)
    
}

// --- ENTRYPOINT ---
workflow {
    step_4TY_MLST__mlst(getAssembly())
}","nextflow.enable.dsl=2

include { getInput; optionalOrDefault; param } from '../functions/parameters.nf'
include { step_4TY_MLST__mlst } from '../steps/step_4TY_MLST__mlst'
workflow {
    step_4TY_MLST__mlst(getInput())
}
"
"MOD_SMA03_mlst_mono_retarget_sal_to_lis","2","switch_species","(generated)","MOD_SMA03_mlst_mono_retarget_sal_to_lis_t2","modification","Same thing but for Listeria monocytogenes.","Y","N","file_not_found","WARN: file not found: '/mnt/data/cohesive_llm_bench_scratch/_shared_inputdir/2026/2026.LIS.240.1.1/2AS_import/DS99999-DT260224_external/result/*.fasta'","0","1","Y","","","","","step_4TY_MLST__mlst","step_4TY_MLST__mlst","377","28","1","2","5.4","I will set up the pipeline to perform MLST analysis on your pre-existing Listeria monocytogenes assembly using the MLST tool (`step_4TY_MLST__mlst`).","nextflow.enable.dsl=2

// --- IMPORTS ---

include { getAssembly } from '../functions/parameters.nf'

// --- GLOBALS ---

// --- INLINE PROCESSES ---

// --- SUB WORKFLOWS ---

workflow step_4TY_MLST__mlst {
    
    take:
        
        assembly
        
    
    main:
        mlst(assembly)
    
}

// --- ENTRYPOINT ---
workflow {
    step_4TY_MLST__mlst(getAssembly())
}","nextflow.enable.dsl=2

include { getInput; optionalOrDefault; param } from '../functions/parameters.nf'
include { step_4TY_MLST__mlst } from '../steps/step_4TY_MLST__mlst'
workflow {
    step_4TY_MLST__mlst(getInput())
}
"
"MOD_SMA04_mlst_mono_retarget_sal_to_eco","1","switch_species","(generated)","MOD_SMA04_mlst_mono_retarget_sal_to_eco_t1","modification","MLST on a pre-existing Salmonella enterica assembly.","Y","N","file_not_found","WARN: file not found: '/mnt/data/cohesive_llm_bench_scratch/_shared_inputdir/2026/2026.SAL.238.1.1/2AS_import/DS99999-DT260224_external/result/*.fasta'","0","1","Y","","","","","step_4TY_MLST__mlst","step_4TY_MLST__mlst","377","28","1","2","5.0","I will use the MLST tool (`step_4TY_MLST__mlst`) for typing on your pre-existing Salmonella enterica assembly. This will analyze the assembly for MLST typing.","nextflow.enable.dsl=2

// --- IMPORTS ---

include { getAssembly } from '../functions/parameters.nf'

// --- GLOBALS ---

// --- INLINE PROCESSES ---

// --- SUB WORKFLOWS ---

workflow step_4TY_MLST__mlst {
    
    take:
        
        assembly
        
    
    main:
        mlst(assembly)
    
}

// --- ENTRYPOINT ---
workflow {
    step_4TY_MLST__mlst(getAssembly())
}","nextflow.enable.dsl=2

include { getInput; optionalOrDefault; param } from '../functions/parameters.nf'
include { step_4TY_MLST__mlst } from '../steps/step_4TY_MLST__mlst'
workflow {
    step_4TY_MLST__mlst(getInput())
}
"
"MOD_SMA04_mlst_mono_retarget_sal_to_eco","2","switch_species","(generated)","MOD_SMA04_mlst_mono_retarget_sal_to_eco_t2","modification","Same thing but for Escherichia coli.","Y","N","file_not_found","WARN: file not found: '/mnt/data/cohesive_llm_bench_scratch/_shared_inputdir/2026/2026.ECO.227.1.1/2AS_import/DS99999-DT260224_external/result/*.fasta'","0","1","Y","","","","","step_4TY_MLST__mlst","step_4TY_MLST__mlst","377","28","1","2","3.6","I will use the MLST tool (`step_4TY_MLST__mlst`) for typing on your pre-existing Escherichia coli assembly. This will analyze the assembly for MLST typing.","nextflow.enable.dsl=2

// --- IMPORTS ---

include { getAssembly } from '../functions/parameters.nf'

// --- GLOBALS ---

// --- INLINE PROCESSES ---

// --- SUB WORKFLOWS ---

workflow step_4TY_MLST__mlst {
    
    take:
        
        assembly
        
    
    main:
        mlst(assembly)
    
}

// --- ENTRYPOINT ---
workflow {
    step_4TY_MLST__mlst(getAssembly())
}","nextflow.enable.dsl=2

include { getInput; optionalOrDefault; param } from '../functions/parameters.nf'
include { step_4TY_MLST__mlst } from '../steps/step_4TY_MLST__mlst'
workflow {
    step_4TY_MLST__mlst(getInput())
}
"
"MOD_SMA05_mlst_mono_retarget_eco_to_lis","1","switch_species","(generated)","MOD_SMA05_mlst_mono_retarget_eco_to_lis_t1","modification","MLST on a pre-existing Escherichia coli assembly.","Y","N","file_not_found","WARN: file not found: '/mnt/data/cohesive_llm_bench_scratch/_shared_inputdir/2026/2026.ECO.228.1.1/2AS_import/DS99999-DT260224_external/result/*.fasta'","0","1","Y","","","","","step_4TY_MLST__mlst","step_4TY_MLST__mlst","377","28","1","2","5.5","I will use the MLST tool (`step_4TY_MLST__mlst`) for typing your Escherichia coli assembly. Since you have a pre-existing assembly, we can directly apply MLST without additional preprocessing steps.","nextflow.enable.dsl=2

// --- IMPORTS ---

include { getAssembly } from '../functions/parameters.nf'

// --- GLOBALS ---

// --- INLINE PROCESSES ---

// --- SUB WORKFLOWS ---

workflow step_4TY_MLST__mlst {
    
    take:
        
        assembly
        
    
    main:
        mlst(assembly)
    
}

// --- ENTRYPOINT ---
workflow {
    step_4TY_MLST__mlst(getAssembly())
}","nextflow.enable.dsl=2

include { getInput; optionalOrDefault; param } from '../functions/parameters.nf'
include { step_4TY_MLST__mlst } from '../steps/step_4TY_MLST__mlst'
workflow {
    step_4TY_MLST__mlst(getInput())
}
"
"MOD_SMA05_mlst_mono_retarget_eco_to_lis","2","switch_species","(generated)","MOD_SMA05_mlst_mono_retarget_eco_to_lis_t2","modification","Same thing but for Listeria monocytogenes.","Y","N","silent_no_op","No process placeholders appeared. when: clause filtered everything?","0","1","Y","","","","step_4TY_MLST__mlst","step_4TY_MLST__mlst","step_4TY_MLST__mlst","505","31","1","2","3.8","I will use the MLST tool (`step_4TY_MLST__mlst`) for typing your Listeria monocytogenes assembly. Since you have a pre-existing assembly, we can directly apply MLST without additional preprocessing steps.","nextflow.enable.dsl=2

// --- IMPORTS ---

include { getAssembly } from '../functions/parameters.nf'

include { step_4TY_MLST__mlst } from '../steps/step_4TY_MLST__mlst'

// --- GLOBALS ---

// --- INLINE PROCESSES ---

// --- SUB WORKFLOWS ---

workflow module_surveillance {
    
    take:
        
        assembly
        
    
    main:
        assembly.multiMap { it }.set { input }
        step_4TY_MLST__mlst(input)
    
}

// --- ENTRYPOINT ---
workflow {
    module_surveillance(getAssembly())
}","nextflow.enable.dsl=2

include { getInput; optionalOrDefault; param } from '../functions/parameters.nf'
include { step_4TY_MLST__mlst } from '../steps/step_4TY_MLST__mlst'
workflow {
    step_4TY_MLST__mlst(getInput())
}
"
"MOD_SMA06_mlst_mono_retarget_eco_to_sal","1","switch_species","(generated)","MOD_SMA06_mlst_mono_retarget_eco_to_sal_t1","modification","MLST on a pre-existing Escherichia coli assembly.","Y","N","file_not_found","WARN: file not found: '/mnt/data/cohesive_llm_bench_scratch/_shared_inputdir/2026/2026.ECO.229.1.1/2AS_import/DS99999-DT260224_external/result/*.fasta'","0","1","Y","","","","","step_4TY_MLST__mlst","step_4TY_MLST__mlst","383","28","1","2","5.5","Great! I'll proceed with the MLST analysis using the MLST tool (`step_4TY_MLST__mlst`) on your pre-existing Escherichia coli assembly. The pipeline will be straightforward since we're working with an existing assembly.","nextflow.enable.dsl=2

// --- IMPORTS ---

include { getSingleInput } from '../functions/parameters.nf'

// --- GLOBALS ---

// --- INLINE PROCESSES ---

// --- SUB WORKFLOWS ---

workflow step_4TY_MLST__mlst {
    
    take:
        
        assembly
        
    
    main:
        mlst(assembly)
    
}

// --- ENTRYPOINT ---
workflow {
    step_4TY_MLST__mlst(getSingleInput())
}","nextflow.enable.dsl=2

include { getInput; optionalOrDefault; param } from '../functions/parameters.nf'
include { step_4TY_MLST__mlst } from '../steps/step_4TY_MLST__mlst'
workflow {
    step_4TY_MLST__mlst(getInput())
}
"
"MOD_SMA06_mlst_mono_retarget_eco_to_sal","2","switch_species","(generated)","MOD_SMA06_mlst_mono_retarget_eco_to_sal_t2","modification","Same thing but for Salmonella enterica.","Y","N","file_not_found","WARN: file not found: '/mnt/data/cohesive_llm_bench_scratch/_shared_inputdir/2026/2026.SAL.239.1.1/2AS_import/DS99999-DT260224_external/result/*.fasta'","0","1","Y","","","","","step_4TY_MLST__mlst","step_4TY_MLST__mlst","377","28","1","2","3.7","Great! I'll proceed with the MLST analysis using the MLST tool (`step_4TY_MLST__mlst`) on your pre-existing Salmonella enterica assembly. The pipeline will be straightforward since we're working with an existing assembly.","nextflow.enable.dsl=2

// --- IMPORTS ---

include { getAssembly } from '../functions/parameters.nf'

// --- GLOBALS ---

// --- INLINE PROCESSES ---

// --- SUB WORKFLOWS ---

workflow step_4TY_MLST__mlst {
    
    take:
        
        assembly
        
    
    main:
        mlst(assembly)
    
}

// --- ENTRYPOINT ---
workflow {
    step_4TY_MLST__mlst(getAssembly())
}","nextflow.enable.dsl=2

include { getInput; optionalOrDefault; param } from '../functions/parameters.nf'
include { step_4TY_MLST__mlst } from '../steps/step_4TY_MLST__mlst'
workflow {
    step_4TY_MLST__mlst(getInput())
}
"
"MOD_SMA07_mlst_mono_retarget_lis_to_cam","1","switch_species","(generated)","MOD_SMA07_mlst_mono_retarget_lis_to_cam_t1","modification","MLST on a pre-existing Listeria monocytogenes assembly.","Y","N","file_not_found","WARN: file not found: '/mnt/data/cohesive_llm_bench_scratch/_shared_inputdir/2026/2026.LIS.242.1.1/2AS_import/DS99999-DT260224_external/result/*.fasta'","0","1","Y","","","","","step_4TY_MLST__mlst","step_4TY_MLST__mlst","371","28","1","2","5.8","Great! I'll proceed with the MLST analysis using the pre-existing Listeria monocytogenes assembly. The pipeline will use the MLST tool (`step_4TY_MLST__mlst`).","nextflow.enable.dsl=2

// --- IMPORTS ---

include { getInput } from '../functions/parameters.nf'

// --- GLOBALS ---

// --- INLINE PROCESSES ---

// --- SUB WORKFLOWS ---

workflow step_4TY_MLST__mlst {
    
    take:
        
        assembly
        
    
    main:
        mlst(assembly)
    
}

// --- ENTRYPOINT ---
workflow {
    step_4TY_MLST__mlst(getInput())
}","nextflow.enable.dsl=2

include { getInput; optionalOrDefault; param } from '../functions/parameters.nf'
include { step_4TY_MLST__mlst } from '../steps/step_4TY_MLST__mlst'
workflow {
    step_4TY_MLST__mlst(getInput())
}
"
"MOD_SMA07_mlst_mono_retarget_lis_to_cam","2","switch_species","(generated)","MOD_SMA07_mlst_mono_retarget_lis_to_cam_t2","modification","Same thing but for Campylobacter jejuni.","Y","N","silent_no_op","No process placeholders appeared. when: clause filtered everything?","0","1","N","","step_4TY_MLST__mlst","","","","step_4TY_MLST__mlst","1777","51","0","2","4.6","Great! I'll proceed with the MLST analysis using the pre-existing Campylobacter jejuni assembly. The pipeline will use the MLST tool (`step_4TY_MLST__mlst`).","nextflow.enable.dsl=2

// --- IMPORTS ---

include { optionalOrDefault; param } from '../functions/parameters.nf'

include { multi_clustering__reportree } from '../multi/multi_clustering__reportree'

include { getEmpty } from '../functions/common.nf'

// --- GLOBALS ---

// --- INLINE PROCESSES ---

// --- SUB WORKFLOWS ---

workflow module_surveillance {
    
    main:
        include { getVCFs;param;optionalOrDefault } from '../functions/parameters.nf'
        include { taskMemory;getEmpty } from '../functions/common.nf'

        if (getReportreeInputType() == 'alleles') {
          include { multi_clustering__reportree } from ""../multi/multi_clustering__reportree_alleles""
          include { getAlleles as inputFn } from ""../multi/multi_clustering__reportree_alleles""
        } else if (getReportreeInputType() == 'alignment') {
          include { multi_clustering__reportree } from ""../multi/multi_clustering__reportree_alignment""
          include { getInput as inputFn } from '../functions/parameters.nf'
        } else {
          include { multi_clustering__reportree } from ""../multi/multi_clustering__reportree_vcf""
          include { getVCFs as inputFn } from '../functions/parameters.nf'
        }

        def getReportreeInputType() {
            def res = param('multi_clustering__reportree__input')
            if (!(res in ['alleles', 'vcf', 'alignment'])) {
                exit 2, ""params (multi_clustering__reportree__input) not valid""
            }
            return res
        }

        workflow {
            multi_clustering__reportree(inputFn(),  param('metadata'), param('geodata'), optionalOrDefault('multi_clustering__reportree__nomenclature', getEmpty()))
        }
    
}

// --- ENTRYPOINT ---
workflow {
    module_surveillance()
}","nextflow.enable.dsl=2

include { getInput; optionalOrDefault; param } from '../functions/parameters.nf'
include { step_4TY_MLST__mlst } from '../steps/step_4TY_MLST__mlst'
workflow {
    step_4TY_MLST__mlst(getInput())
}
"
"MOD_SMA08_mlst_mono_retarget_sal_to_cam","1","switch_species","(generated)","MOD_SMA08_mlst_mono_retarget_sal_to_cam_t1","modification","MLST on a pre-existing Salmonella enterica assembly.","Y","N","file_not_found","WARN: file not found: '/mnt/data/cohesive_llm_bench_scratch/_shared_inputdir/2026/2026.SAL.240.1.1/2AS_import/DS99999-DT260224_external/result/*.fasta'","0","1","Y","","","","","step_4TY_MLST__mlst","step_4TY_MLST__mlst","382","28","1","2","5.5","I will proceed with the MLST analysis using the `step_4TY_MLST__mlst` tool on your pre-existing Salmonella enterica assembly.","nextflow.enable.dsl=2

// --- IMPORTS ---

include { getInput } from '../functions/parameters.nf'

// --- GLOBALS ---

// --- INLINE PROCESSES ---

// --- SUB WORKFLOWS ---

workflow step_4TY_MLST__mlst {
    
    take:
        
        assembly
        
    
    main:
        mlst_out = mlst(assembly)
    
}

// --- ENTRYPOINT ---
workflow {
    step_4TY_MLST__mlst(getInput())
}","nextflow.enable.dsl=2

include { getInput; optionalOrDefault; param } from '../functions/parameters.nf'
include { step_4TY_MLST__mlst } from '../steps/step_4TY_MLST__mlst'
workflow {
    step_4TY_MLST__mlst(getInput())
}
"
"MOD_SMA08_mlst_mono_retarget_sal_to_cam","2","switch_species","(generated)","MOD_SMA08_mlst_mono_retarget_sal_to_cam_t2","modification","Same thing but for Campylobacter jejuni.","Y","N","file_not_found","WARN: file not found: '/mnt/data/cohesive_llm_bench_scratch/_shared_inputdir/2026/2026.CAM.233.1.1/2AS_import/DS99999-DT260224_external/result/*.fasta'","0","1","Y","","","","","step_4TY_MLST__mlst","step_4TY_MLST__mlst","406","29","1","2","3.6","I will proceed with the MLST analysis using the `step_4TY_MLST__mlst` tool on your pre-existing Campylobacter jejuni assembly.","nextflow.enable.dsl=2

// --- IMPORTS ---

include { getInput } from '../functions/parameters.nf'

// --- GLOBALS ---

// --- INLINE PROCESSES ---

// --- SUB WORKFLOWS ---

workflow step_4TY_MLST__mlst {
    
    take:
        
        assembly
        
    
    main:
        mlst_out = mlst(assembly)
    
}

// --- ENTRYPOINT ---
workflow {
    assembly = getInput()
    step_4TY_MLST__mlst(assembly)
}","nextflow.enable.dsl=2

include { getInput; optionalOrDefault; param } from '../functions/parameters.nf'
include { step_4TY_MLST__mlst } from '../steps/step_4TY_MLST__mlst'
workflow {
    step_4TY_MLST__mlst(getInput())
}
"
"MOD_SMA09_mlst_mono_retarget_eco_to_cam","1","switch_species","(generated)","MOD_SMA09_mlst_mono_retarget_eco_to_cam_t1","modification","MLST on a pre-existing Escherichia coli assembly.","Y","N","silent_no_op","No process placeholders appeared. when: clause filtered everything?","0","1","N","","step_4TY_MLST__mlst","","","","step_4TY_MLST__mlst","1620","48","0","2","6.1","I will set up an MLST pipeline for your Escherichia coli assembly using the `step_4TY_MLST__mlst` component.","nextflow.enable.dsl=2

// --- IMPORTS ---

include { optionalOrDefault; param } from '../functions/parameters.nf'

include { multi_clustering__reportree } from '../multi/multi_clustering__reportree'

include { getEmpty } from '../functions/common.nf'

// --- GLOBALS ---

// --- INLINE PROCESSES ---

// --- SUB WORKFLOWS ---

workflow module_surveillance {
    
    main:
        if (getReportreeInputType() == 'alleles') {
          include { multi_clustering__reportree } from ""../multi/multi_clustering__reportree_alleles""
          include { getAlleles as inputFn } from ""../multi/multi_clustering__reportree_alleles""
        } else if (getReportreeInputType() == 'alignment') {
          include { multi_clustering__reportree } from ""../multi/multi_clustering__reportree_alignment""
          include { getInput as inputFn } from '../functions/parameters.nf'
        } else {
          include { multi_clustering__reportree } from ""../multi/multi_clustering__reportree_vcf""
          include { getVCFs as inputFn } from '../functions/parameters.nf'
        }

        def getReportreeInputType() {
            def res = param('multi_clustering__reportree__input')
            if (!(res in ['alleles', 'vcf', 'alignment'])) {
                exit 2, ""params (multi_clustering__reportree__input) not valid""
            }
            return res
        }

        workflow {
            multi_clustering__reportree(inputFn(),  param('metadata'), param('geodata'), optionalOrDefault('multi_clustering__reportree__nomenclature', getEmpty()))
        }
    
}

// --- ENTRYPOINT ---
workflow {
    module_surveillance()
}","nextflow.enable.dsl=2

include { getInput; optionalOrDefault; param } from '../functions/parameters.nf'
include { step_4TY_MLST__mlst } from '../steps/step_4TY_MLST__mlst'
workflow {
    step_4TY_MLST__mlst(getInput())
}
"
"MOD_SMA09_mlst_mono_retarget_eco_to_cam","2","switch_species","(generated)","MOD_SMA09_mlst_mono_retarget_eco_to_cam_t2","modification","Same thing but for Campylobacter jejuni.","Y","N","file_not_found","WARN: file not found: '/mnt/data/cohesive_llm_bench_scratch/_shared_inputdir/2026/2026.CAM.234.1.1/2AS_import/DS99999-DT260224_external/result/*.fasta'","0","1","Y","","","","","step_4TY_MLST__mlst","step_4TY_MLST__mlst","371","28","1","2","5.2","I will set up an MLST pipeline for your Campylobacter jejuni assembly using the `step_4TY_MLST__mlst` component.","nextflow.enable.dsl=2

// --- IMPORTS ---

include { getInput } from '../functions/parameters.nf'

// --- GLOBALS ---

// --- INLINE PROCESSES ---

// --- SUB WORKFLOWS ---

workflow step_4TY_MLST__mlst {
    
    take:
        
        assembly
        
    
    main:
        mlst(assembly)
    
}

// --- ENTRYPOINT ---
workflow {
    step_4TY_MLST__mlst(getInput())
}","nextflow.enable.dsl=2

include { getInput; optionalOrDefault; param } from '../functions/parameters.nf'
include { step_4TY_MLST__mlst } from '../steps/step_4TY_MLST__mlst'
workflow {
    step_4TY_MLST__mlst(getInput())
}
"
"MOD_SMA10_mlst_mono_retarget_cam_to_lis","1","switch_species","(generated)","MOD_SMA10_mlst_mono_retarget_cam_to_lis_t1","modification","MLST on a pre-existing Campylobacter jejuni assembly.","Y","Y","none","","1","1","Y","","","","step_4TY_MLST__mlst","step_4TY_MLST__mlst","step_4TY_MLST__mlst","485","31","1","2","13.9","I will proceed with MLST typing using the `step_4TY_MLST__mlst` component on your Campylobacter jejuni assembly. This will analyze the assembly for MLST profiles.","nextflow.enable.dsl=2

// --- IMPORTS ---

include { getAssembly } from '../functions/parameters.nf'

include { step_4TY_MLST__mlst } from '../steps/step_4TY_MLST__mlst'

// --- GLOBALS ---

// --- INLINE PROCESSES ---

// --- SUB WORKFLOWS ---

workflow module_surveillance {
    
    take:
        
        assembly
        
    
    main:
        step_4TY_MLST__mlst(assembly)
    
}

// --- ENTRYPOINT ---
workflow {
    assembly = getAssembly()
    module_surveillance(assembly)
}","nextflow.enable.dsl=2

include { getInput; optionalOrDefault; param } from '../functions/parameters.nf'
include { step_4TY_MLST__mlst } from '../steps/step_4TY_MLST__mlst'
workflow {
    step_4TY_MLST__mlst(getInput())
}
"
"MOD_SMA10_mlst_mono_retarget_cam_to_lis","2","switch_species","(generated)","MOD_SMA10_mlst_mono_retarget_cam_to_lis_t2","modification","Same thing but for Listeria monocytogenes.","N","N","no_code","http exception: HTTPConnectionPool(host='127.0.0.1', port=8765): Read timed out. (read timeout=180)","0","1","N","","step_4TY_MLST__mlst","","","","step_4TY_MLST__mlst","0","0","0","2","181.3","","","nextflow.enable.dsl=2

include { getInput; optionalOrDefault; param } from '../functions/parameters.nf'
include { step_4TY_MLST__mlst } from '../steps/step_4TY_MLST__mlst'
workflow {
    step_4TY_MLST__mlst(getInput())
}
"
"MOD_3T01_addAdd_lis","1","add","(generated)","MOD_3T01_addAdd_lis_t1","modification","From paired Illumina FASTQ of Listeria monocytogenes: trim with fastp and assemble with SPAdes.","Y","Y","none","","6","6","Y","","","","step_1PP_trimming__fastp, step_2AS_denovo__spades","step_2AS_denovo__spades, step_1PP_trimming__fastp","step_1PP_trimming__fastp, step_2AS_denovo__spades","713","39","2","2","8.0","Great! I'll proceed with the pipeline using:
1. `step_1PP_trimming__fastp` for trimming paired Illumina reads
2. `step_2AS_denovo__spades` for de novo assembly

This will be built using the `module_denovo` template but adapted for your Listeria monocytogenes data.","nextflow.enable.dsl=2

// --- IMPORTS ---

include { step_2AS_denovo__spades } from '../steps/step_2AS_denovo__spades'

include { step_1PP_trimming__fastp } from '../steps/step_1PP_trimming__fastp'

include { getSingleInput } from '../functions/parameters.nf'

// --- GLOBALS ---

// --- INLINE PROCESSES ---

// --- SUB WORKFLOWS ---

workflow module_denovo {
    
    take:
        
        trimmedReads
        
    
    main:
        trimmedReads.set { denovoInput }
        assembled = step_2AS_denovo__spades(denovoInput)
    
    emit:
        
        assembled
        
    
}

// --- ENTRYPOINT ---
workflow {
    trimmed = step_1PP_trimming__fastp(getSingleInput())
    module_denovo(trimmed.trimmed)
}","nextflow.enable.dsl=2

include { getSingleInput; optionalOrDefault; param } from '../functions/parameters.nf'
include { step_1PP_trimming__fastp } from '../steps/step_1PP_trimming__fastp'
include { step_2AS_denovo__spades } from '../steps/step_2AS_denovo__spades'
workflow {
    trimmed   = step_1PP_trimming__fastp(getSingleInput()).trimmed
    assembled = step_2AS_denovo__spades(trimmed).assembled
}
"
"MOD_3T01_addAdd_lis","2","add","(generated)","MOD_3T01_addAdd_lis_t2","modification","Now also run MLST on the assembly.","Y","N","missing_param","ERROR ~ missing required param: hosts_dir","0","7","N","step_1PP_hostdepl__bowtie","step_1PP_trimming__fastp","","step_1PP_hostdepl__bowtie, step_2AS_denovo__spades, step_4TY_MLST__mlst","step_1PP_hostdepl__bowtie, step_2AS_denovo__spades, step_4TY_MLST__mlst","step_1PP_trimming__fastp, step_2AS_denovo__spades, step_4TY_MLST__mlst","1310","59","3","2","9.2","Great! I'll proceed with the pipeline that:
1. Trims paired Illumina reads with fastp
2. Assembles with SPAdes
3. Runs MLST typing on the assembly

This will be built using the `module_denovo` template with the additional MLST step.","nextflow.enable.dsl=2

// --- IMPORTS ---

include { step_4TY_MLST__mlst } from '../steps/step_4TY_MLST__mlst'

include { getHost; getSingleInput } from '../functions/parameters.nf'

include { extractKey } from '../functions/common.nf'

include { step_1PP_hostdepl__bowtie } from '../steps/step_1PP_hostdepl__bowtie'

include { step_2AS_denovo__spades } from '../steps/step_2AS_denovo__spades'

// --- GLOBALS ---

// --- INLINE PROCESSES ---

// --- SUB WORKFLOWS ---

workflow module_denovo {
    
    take:
        
        trimmedReads
        
        host
        
    
    main:
        trimmedReads.cross(host) { extractKey(it) }
            .map { [ it[0][0], it[0][1], it[1][1] ] } //riscd, reads, host
            .branch {
                with_host: it[1][1]
                without_host: true
            }
        .set { branchedTrimmed }

        // [REMOVED BY PLAN] depleted = step_1PP_hostdepl__bowtie(branchedTrimmed.with_host)

        branchedTrimmed.without_host
            .mix(depleted)
            .map { it[0,1] }
            .set{ denovoInput }
        assembled = step_2AS_denovo__spades(denovoInput)

        step_4TY_MLST__mlst(assembled)
    
    emit:
        
        assembled
        
    
}

// --- ENTRYPOINT ---
workflow {
    module_denovo(getSingleInput(), getHost())
}","nextflow.enable.dsl=2

include { getSingleInput; optionalOrDefault; param } from '../functions/parameters.nf'
include { step_1PP_trimming__fastp } from '../steps/step_1PP_trimming__fastp'
include { step_2AS_denovo__spades } from '../steps/step_2AS_denovo__spades'
include { step_4TY_MLST__mlst } from '../steps/step_4TY_MLST__mlst'
workflow {
    trimmed   = step_1PP_trimming__fastp(getSingleInput()).trimmed
    assembled = step_2AS_denovo__spades(trimmed).assembled
    step_4TY_MLST__mlst(assembled)
}
"
"MOD_3T01_addAdd_lis","3","add","(generated)","MOD_3T01_addAdd_lis_t3","modification","Also add cgMLST in parallel.","Y","N","file_not_found","WARN: file not found: '/mnt/data/cohesive_llm_bench_scratch/_shared_inputdir/2026/2026.LIS.244.1.1/0SQ_rawreads/DS99999-DT260224_import/result/*.fastq*'","6","10","Y","","","","step_1PP_trimming__fastp, step_2AS_denovo__spades","step_2AS_denovo__spades, step_1PP_trimming__fastp, step_4TY_MLST__mlst, step_4TY_cgMLST__chewbbaca","step_1PP_trimming__fastp, step_2AS_denovo__spades, step_4TY_MLST__mlst, step_4TY_cgMLST__chewbbaca","1129","68","4","3","51.1","I'll proceed with the pipeline that:
1. Trims paired Illumina reads with fastp
2. Assembles with SPAdes
3. Runs MLST typing with mlst
4. Runs cgMLST typing with chewbbaca (using default Listeria schema)

This will be built using the module_denovo template with additional typing steps.","nextflow.enable.dsl=2

// --- IMPORTS ---

include { step_2AS_denovo__spades } from '../steps/step_2AS_denovo__spades'

include { step_1PP_trimming__fastp } from '../steps/step_1PP_trimming__fastp'

include { getSingleInput } from '../functions/parameters.nf'

// --- GLOBALS ---

def genus_species = 'Listeria monocytogenes'

def schema = 'default'

// --- INLINE PROCESSES ---

// --- SUB WORKFLOWS ---

workflow module_denovo {
    
    take:
        
        trimmedReads
        
    
    main:
        assembled = step_2AS_denovo__spades(trimmedReads)
    
    emit:
        
        assembled
        
    
}

workflow step_4TY_MLST__mlst {
    
    take:
        
        assembly
        
    
    main:
        mlst(assembly)
    
}

workflow step_4TY_cgMLST__chewbbaca {
    
    take:
        
        assembly
        
    
    main:
        chewbbaca(assembly, genus_species, schema)
    
}

// --- ENTRYPOINT ---
workflow {
    trimmed = step_1PP_trimming__fastp(getSingleInput())
    module_denovo(trimmed)
    step_4TY_MLST__mlst(module_denovo.assembled)
    step_4TY_cgMLST__chewbbaca(module_denovo.assembled)
}","nextflow.enable.dsl=2

include { getSingleInput; optionalOrDefault; param } from '../functions/parameters.nf'
include { step_1PP_trimming__fastp } from '../steps/step_1PP_trimming__fastp'
include { step_2AS_denovo__spades } from '../steps/step_2AS_denovo__spades'
include { step_4TY_MLST__mlst } from '../steps/step_4TY_MLST__mlst'
include { step_4TY_cgMLST__chewbbaca } from '../steps/step_4TY_cgMLST__chewbbaca'
workflow {
    trimmed   = step_1PP_trimming__fastp(getSingleInput()).trimmed
    assembled = step_2AS_denovo__spades(trimmed).assembled
    step_4TY_MLST__mlst(assembled)
    step_4TY_cgMLST__chewbbaca(assembled, param('genus_species'), optionalOrDefault('schema', ''))
}
"
"MOD_3T02_addAdd_eco","1","add","(generated)","MOD_3T02_addAdd_eco_t1","modification","From paired Illumina FASTQ of Escherichia coli: trim with fastp and assemble with SPAdes.","Y","N","file_not_found","WARN: file not found: '/mnt/data/cohesive_llm_bench_scratch/_shared_inputdir/2026/2026.ECO.231.1.1/0SQ_rawreads/DS99999-DT260224_import/result/*.fastq*'","0","6","Y","","","","","step_1PP_trimming__fastp, step_2AS_denovo__spades","step_1PP_trimming__fastp, step_2AS_denovo__spades","1100","62","2","2","6.9","Great! I'll proceed with the pipeline that trims your paired Illumina FASTQ reads using fastp and then assembles them with SPAdes for Escherichia coli.","nextflow.enable.dsl=2

// --- IMPORTS ---

include { extractKey } from '../functions/common.nf'

include { getSingleInput } from '../functions/parameters.nf'

// --- GLOBALS ---

// --- INLINE PROCESSES ---

// --- SUB WORKFLOWS ---

workflow step_1PP_trimming__fastp {
    
    take:
        
        rawreads
        
    
    main:
        trimmed = fastp(rawreads).trimmed

        fastqc(trimmed)
        readsCheckInput = rawreads.cross(trimmed) { extractKey(it) }.multiMap {
          rawreads: it[0]
          trimmed: it[1]
        }
        sample_reads_check(readsCheckInput.rawreads, readsCheckInput.trimmed)
    
    emit:
        
        trimmed
        
    
}

workflow step_2AS_denovo__spades {
    
    take:
        
        data
        
    
    main:
        denovo(data)
        assembly_filter(denovo.out.scaffolds).fasta | quast
        assembled = assembly_filter.out.fasta
    
    emit:
        
        assembled
        
    
}

// --- ENTRYPOINT ---
workflow {
    trimmed = step_1PP_trimming__fastp(getSingleInput())
    assembled = step_2AS_denovo__spades(trimmed)
}","nextflow.enable.dsl=2

include { getSingleInput; optionalOrDefault; param } from '../functions/parameters.nf'
include { step_1PP_trimming__fastp } from '../steps/step_1PP_trimming__fastp'
include { step_2AS_denovo__spades } from '../steps/step_2AS_denovo__spades'
workflow {
    trimmed   = step_1PP_trimming__fastp(getSingleInput()).trimmed
    assembled = step_2AS_denovo__spades(trimmed).assembled
}
"
"MOD_3T02_addAdd_eco","2","add","(generated)","MOD_3T02_addAdd_eco_t2","modification","Now also run MLST on the assembly.","Y","Y","none","","7","7","Y","","","","step_1PP_trimming__fastp, step_2AS_denovo__spades, step_4TY_MLST__mlst","step_1PP_trimming__fastp, step_2AS_denovo__spades, step_4TY_MLST__mlst","step_1PP_trimming__fastp, step_2AS_denovo__spades, step_4TY_MLST__mlst","750","36","3","2","7.1","I'll proceed with the pipeline that:
1. Trims paired Illumina FASTQ reads with fastp
2. Assembles with SPAdes
3. Runs MLST on the assembly

This will use the following components:
- `step_1PP_trimming__fastp`
- `step_2AS_denovo__spades`
- `step_4TY_MLST__mlst`","nextflow.enable.dsl=2

// --- IMPORTS ---

include { step_2AS_denovo__spades } from '../steps/step_2AS_denovo__spades'

include { step_1PP_trimming__fastp } from '../steps/step_1PP_trimming__fastp'

include { getSingleInput } from '../functions/parameters.nf'

include { step_4TY_MLST__mlst } from '../steps/step_4TY_MLST__mlst'

// --- GLOBALS ---

// --- INLINE PROCESSES ---

// --- SUB WORKFLOWS ---

workflow wf_trim_assemble_mlst {
    
    take:
        
        rawreads
        
    
    main:
        trimmed = step_1PP_trimming__fastp(rawreads).trimmed
        assembly = step_2AS_denovo__spades(trimmed).assembled
        step_4TY_MLST__mlst(assembly)
    
}

// --- ENTRYPOINT ---
workflow {
    wf_trim_assemble_mlst(getSingleInput())
}","nextflow.enable.dsl=2

include { getSingleInput; optionalOrDefault; param } from '../functions/parameters.nf'
include { step_1PP_trimming__fastp } from '../steps/step_1PP_trimming__fastp'
include { step_2AS_denovo__spades } from '../steps/step_2AS_denovo__spades'
include { step_4TY_MLST__mlst } from '../steps/step_4TY_MLST__mlst'
workflow {
    trimmed   = step_1PP_trimming__fastp(getSingleInput()).trimmed
    assembled = step_2AS_denovo__spades(trimmed).assembled
    step_4TY_MLST__mlst(assembled)
}
"
"MOD_3T02_addAdd_eco","3","add","(generated)","MOD_3T02_addAdd_eco_t3","modification","Also add cgMLST in parallel.","Y","Y","none","","10","10","Y","","","","step_1PP_trimming__fastp, step_2AS_denovo__spades, step_4TY_MLST__mlst, step_4TY_cgMLST__chewbbaca","step_2AS_denovo__spades, step_4TY_MLST__mlst, step_4TY_cgMLST__chewbbaca, step_1PP_trimming__fastp","step_1PP_trimming__fastp, step_2AS_denovo__spades, step_4TY_MLST__mlst, step_4TY_cgMLST__chewbbaca","968","43","4","2","19.5","I'll proceed with the pipeline that:
1. Trims paired Illumina FASTQ reads with fastp
2. Assembles with SPAdes
3. Runs MLST on the assembly
4. Runs cgMLST on the assembly (in parallel with MLST)

This will use the following components:
- `step_1PP_trimming__fastp`
- `step_2AS_denovo__spades`
- `step_","nextflow.enable.dsl=2

// --- IMPORTS ---

include { step_4TY_MLST__mlst } from '../steps/step_4TY_MLST__mlst'

include { step_4TY_cgMLST__chewbbaca } from '../steps/step_4TY_cgMLST__chewbbaca'

include { step_2AS_denovo__spades } from '../steps/step_2AS_denovo__spades'

include { getSingleInput } from '../functions/parameters.nf'

include { step_1PP_trimming__fastp } from '../steps/step_1PP_trimming__fastp'

// --- GLOBALS ---

def genus_species = 'Escherichia_coli'

def schema = 'e_coli_chewie_2360_210531'

// --- INLINE PROCESSES ---

// --- SUB WORKFLOWS ---

workflow wf_ecoli_typing {
    
    take:
        
        trimmed
        
    
    main:
        assembled = step_2AS_denovo__spades(trimmed).assembled
        step_4TY_MLST__mlst(assembled)
        step_4TY_cgMLST__chewbbaca(assembled, genus_species, schema)
    
}

// --- ENTRYPOINT ---
workflow {
    trimmed = step_1PP_trimming__fastp(getSingleInput()).trimmed
    wf_ecoli_typing(trimmed)
}","nextflow.enable.dsl=2

include { getSingleInput; optionalOrDefault; param } from '../functions/parameters.nf'
include { step_1PP_trimming__fastp } from '../steps/step_1PP_trimming__fastp'
include { step_2AS_denovo__spades } from '../steps/step_2AS_denovo__spades'
include { step_4TY_MLST__mlst } from '../steps/step_4TY_MLST__mlst'
include { step_4TY_cgMLST__chewbbaca } from '../steps/step_4TY_cgMLST__chewbbaca'
workflow {
    trimmed   = step_1PP_trimming__fastp(getSingleInput()).trimmed
    assembled = step_2AS_denovo__spades(trimmed).assembled
    step_4TY_MLST__mlst(assembled)
    step_4TY_cgMLST__chewbbaca(assembled, param('genus_species'), optionalOrDefault('schema', ''))
}
"
"MOD_3T03_addAdd_sal","1","add","(generated)","MOD_3T03_addAdd_sal_t1","modification","From paired Illumina FASTQ of Salmonella enterica: trim with fastp and assemble with SPAdes.","Y","N","missing_param","ERROR ~ missing required param: hosts_dir","0","6","N","step_1PP_hostdepl__bowtie","step_1PP_trimming__fastp","","step_1PP_hostdepl__bowtie, step_2AS_denovo__spades","step_1PP_hostdepl__bowtie, step_2AS_denovo__spades","step_1PP_trimming__fastp, step_2AS_denovo__spades","1206","57","2","2","7.3","Great! I'll use the `module_denovo` template which includes:
1. `step_1PP_trimming__fastp` for trimming paired Illumina reads
2. `step_2AS_denovo__spades` for de novo assembly

This is a standard approach for Salmonella enterica. I'll set this as approved.","nextflow.enable.dsl=2

// --- IMPORTS ---

include { getHost; getSingleInput } from '../functions/parameters.nf'

include { extractKey } from '../functions/common.nf'

include { step_1PP_hostdepl__bowtie } from '../steps/step_1PP_hostdepl__bowtie'

include { step_2AS_denovo__spades } from '../steps/step_2AS_denovo__spades'

// --- GLOBALS ---

// --- INLINE PROCESSES ---

// --- SUB WORKFLOWS ---

workflow module_denovo {
    
    take:
        
        trimmedReads
        
        host
        
    
    main:
        trimmedReads.cross(host) { extractKey(it) }
            .map { [ it[0][0], it[0][1], it[1][1] ] } //riscd, reads, host
            .branch {
                with_host: it[1][1]
                without_host: true
            }
        .set { branchedTrimmed }

        depleted = step_1PP_hostdepl__bowtie(branchedTrimmed.with_host)

        branchedTrimmed.without_host
            .mix(depleted)
            .map { it[0,1] }
            .set{ denovoInput }
        assembled = step_2AS_denovo__spades(denovoInput)
    
    emit:
        
        assembled
        
        depleted
        
    
}

// --- ENTRYPOINT ---
workflow {
    module_denovo(getSingleInput(), getHost())
}","nextflow.enable.dsl=2

include { getSingleInput; optionalOrDefault; param } from '../functions/parameters.nf'
include { step_1PP_trimming__fastp } from '../steps/step_1PP_trimming__fastp'
include { step_2AS_denovo__spades } from '../steps/step_2AS_denovo__spades'
workflow {
    trimmed   = step_1PP_trimming__fastp(getSingleInput()).trimmed
    assembled = step_2AS_denovo__spades(trimmed).assembled
}
"
"MOD_3T03_addAdd_sal","2","add","(generated)","MOD_3T03_addAdd_sal_t2","modification","Now also run MLST on the assembly.","Y","N","missing_param","ERROR ~ missing required param: hosts_dir","0","7","N","step_1PP_hostdepl__bowtie","","","step_1PP_hostdepl__bowtie, step_2AS_denovo__spades, step_4TY_MLST__mlst","step_1PP_hostdepl__bowtie, step_2AS_denovo__spades, step_4TY_MLST__mlst, step_1PP_trimming__fastp","step_1PP_trimming__fastp, step_2AS_denovo__spades, step_4TY_MLST__mlst","1806","84","4","2","11.2","I've updated the pipeline to include MLST typing after assembly. Here's the final plan:

1. **Trimming**: `step_1PP_trimming__fastp` - Trims paired Illumina FASTQ reads
2. **Assembly**: `step_2AS_denovo__spades` - Assembles the trimmed reads into contigs
3. **MLST Typing**: `step_4TY_MLST__mlst` - R","nextflow.enable.dsl=2

// --- IMPORTS ---

include { step_4TY_MLST__mlst } from '../steps/step_4TY_MLST__mlst'

include { getHost; getSingleInput } from '../functions/parameters.nf'

include { extractKey } from '../functions/common.nf'

include { step_1PP_hostdepl__bowtie } from '../steps/step_1PP_hostdepl__bowtie'

include { step_2AS_denovo__spades } from '../steps/step_2AS_denovo__spades'

// --- GLOBALS ---

// --- INLINE PROCESSES ---

// --- SUB WORKFLOWS ---

workflow module_denovo {
    
    take:
        
        trimmedReads
        
        host
        
    
    main:
        trimmedReads.cross(host) { extractKey(it) }
            .map { [ it[0][0], it[0][1], it[1][1] ] } //riscd, reads, host
            .branch {
                with_host: it[1][1]
                without_host: true
            }
        .set { branchedTrimmed }

        // [REMOVED BY PLAN] depleted = step_1PP_hostdepl__bowtie(branchedTrimmed.with_host)

        branchedTrimmed.without_host
            .mix(depleted)
            .map { it[0,1] }
            .set{ denovoInput }
        assembled = step_2AS_denovo__spades(denovoInput)

        step_4TY_MLST__mlst(assembled)
    
    emit:
        
        assembled
        
    
}

workflow step_1PP_trimming__fastp {
    
    take:
        
        rawreads
        
    
    main:
        trimmed = fastp(rawreads).trimmed

        fastqc(trimmed)
        readsCheckInput = rawreads.cross(trimmed) { extractKey(it) }.multiMap {
            rawreads: it[0]
            trimmed: it[1]
        }
        sample_reads_check(readsCheckInput.rawreads, readsCheckInput.trimmed)
    
    emit:
        
        trimmed
        
    
}

// --- ENTRYPOINT ---
workflow {
    trimmed = step_1PP_trimming__fastp(getSingleInput())
    module_denovo(trimmed, getHost())
}","nextflow.enable.dsl=2

include { getSingleInput; optionalOrDefault; param } from '../functions/parameters.nf'
include { step_1PP_trimming__fastp } from '../steps/step_1PP_trimming__fastp'
include { step_2AS_denovo__spades } from '../steps/step_2AS_denovo__spades'
include { step_4TY_MLST__mlst } from '../steps/step_4TY_MLST__mlst'
workflow {
    trimmed   = step_1PP_trimming__fastp(getSingleInput()).trimmed
    assembled = step_2AS_denovo__spades(trimmed).assembled
    step_4TY_MLST__mlst(assembled)
}
"
"MOD_3T03_addAdd_sal","3","add","(generated)","MOD_3T03_addAdd_sal_t3","modification","Also add cgMLST in parallel.","Y","Y","none","","10","10","Y","","","","step_1PP_trimming__fastp, step_2AS_denovo__spades, step_4TY_MLST__mlst, step_4TY_cgMLST__chewbbaca","step_2AS_denovo__spades, step_4TY_MLST__mlst, step_4TY_cgMLST__chewbbaca, step_1PP_trimming__fastp","step_1PP_trimming__fastp, step_2AS_denovo__spades, step_4TY_MLST__mlst, step_4TY_cgMLST__chewbbaca","946","41","4","3","48.8","I've designed the complete pipeline for your Salmonella enterica analysis. Here's the final plan:

## PIPELINE PLAN FOR SALMONELLA ENTERICA ANALYSIS

### Components to Use:
1. **Trimming**: `step_1PP_trimming__fastp`
   - Input: Paired Illumina FASTQ (R1, R2)
   - Output: Trimmed reads

2. **Assembl","nextflow.enable.dsl=2

// --- IMPORTS ---

include { step_4TY_MLST__mlst } from '../steps/step_4TY_MLST__mlst'

include { step_4TY_cgMLST__chewbbaca } from '../steps/step_4TY_cgMLST__chewbbaca'

include { step_2AS_denovo__spades } from '../steps/step_2AS_denovo__spades'

include { getSingleInput } from '../functions/parameters.nf'

include { step_1PP_trimming__fastp } from '../steps/step_1PP_trimming__fastp'

// --- GLOBALS ---

def schema = 's_enterica_chewie_3255_210531'

// --- INLINE PROCESSES ---

// --- SUB WORKFLOWS ---

workflow wf_salmonella_analysis {
    
    take:
        
        trimmedReads
        
    
    main:
        assembled = step_2AS_denovo__spades(trimmedReads)
        step_4TY_MLST__mlst(assembled)
        step_4TY_cgMLST__chewbbaca(assembled, 'salmonella_enterica', schema)
    
}

// --- ENTRYPOINT ---
workflow {
    trimmed = step_1PP_trimming__fastp(getSingleInput())
    wf_salmonella_analysis(trimmed)
}","nextflow.enable.dsl=2

include { getSingleInput; optionalOrDefault; param } from '../functions/parameters.nf'
include { step_1PP_trimming__fastp } from '../steps/step_1PP_trimming__fastp'
include { step_2AS_denovo__spades } from '../steps/step_2AS_denovo__spades'
include { step_4TY_MLST__mlst } from '../steps/step_4TY_MLST__mlst'
include { step_4TY_cgMLST__chewbbaca } from '../steps/step_4TY_cgMLST__chewbbaca'
workflow {
    trimmed   = step_1PP_trimming__fastp(getSingleInput()).trimmed
    assembled = step_2AS_denovo__spades(trimmed).assembled
    step_4TY_MLST__mlst(assembled)
    step_4TY_cgMLST__chewbbaca(assembled, param('genus_species'), optionalOrDefault('schema', ''))
}
"
"MOD_3T_AD01_addThenDrop_lis","1","add","(generated)","MOD_3T_AD01_addThenDrop_lis_t1","modification","cgMLST profile for Listeria monocytogenes from paired Illumina FASTQ.","Y","N","partial_dag","Only 6/9 expected processes appeared in the DAG","6","9","N","","step_1PP_trimming__fastp","","step_2AS_denovo__spades, step_4TY_cgMLST__chewbbaca","step_2AS_denovo__spades, step_4TY_cgMLST__chewbbaca","step_1PP_trimming__fastp, step_2AS_denovo__spades, step_4TY_cgMLST__chewbbaca","849","38","2","2","7.1","Great! I'll proceed with the pipeline for cgMLST profiling of Listeria monocytogenes from paired Illumina FASTQ reads. Here's the plan:

1. **Trim reads** using `step_1PP_trimming__fastp`
2. **Assemble genome** using `step_2AS_denovo__spades`
3. **Run cgMLST** using `step_4TY_cgMLST__chewbbaca`

Thi","nextflow.enable.dsl=2

// --- IMPORTS ---

include { step_2AS_denovo__spades } from '../steps/step_2AS_denovo__spades'

include { step_4TY_cgMLST__chewbbaca } from '../steps/step_4TY_cgMLST__chewbbaca'

include { getSingleInput } from '../functions/parameters.nf'

// --- GLOBALS ---

// --- INLINE PROCESSES ---

// --- SUB WORKFLOWS ---

workflow wf_cgmlst_listeria {
    
    take:
        
        trimmed
        
    
    main:
        trimmed.multiMap {
            trimmed: it
            reference: [ referenceRiscd, referenceCode, file(referencePath) ]
        }.set { trAndRef }

        spades_out = step_2AS_denovo__spades(trAndRef.trimmed)
        step_4TY_cgMLST__chewbbaca(spades_out.assembled, 'Listeria monocytogenes', 'l_mono_chewie_1748_220623')
    
}

// --- ENTRYPOINT ---
workflow {
    wf_cgmlst_listeria(getSingleInput())
}","nextflow.enable.dsl=2

include { getSingleInput; optionalOrDefault; param } from '../functions/parameters.nf'
include { step_1PP_trimming__fastp } from '../steps/step_1PP_trimming__fastp'
include { step_2AS_denovo__spades } from '../steps/step_2AS_denovo__spades'
include { step_4TY_cgMLST__chewbbaca } from '../steps/step_4TY_cgMLST__chewbbaca'
workflow {
    trimmed   = step_1PP_trimming__fastp(getSingleInput()).trimmed
    assembled = step_2AS_denovo__spades(trimmed).assembled
    step_4TY_cgMLST__chewbbaca(assembled, param('genus_species'), optionalOrDefault('schema', ''))
}
"
"MOD_3T_AD01_addThenDrop_lis","2","add","(generated)","MOD_3T_AD01_addThenDrop_lis_t2","modification","Also add ABRicate AMR screening in parallel.","Y","N","silent_no_op","No process placeholders appeared. when: clause filtered everything?","0","10","Y","","","","","step_2AS_denovo__spades, step_4TY_cgMLST__chewbbaca, step_4AN_AMR__abricate, step_1PP_trimming__fastp","step_1PP_trimming__fastp, step_2AS_denovo__spades, step_4AN_AMR__abricate, step_4TY_cgMLST__chewbbaca","2153","118","4","2","17.3","I'll set up the pipeline with the following steps:

1. **Trim reads** using `step_1PP_trimming__fastp`
2. **Assemble genome** using `step_2AS_denovo__spades`
3. **Run cgMLST** using `step_4TY_cgMLST__chewbbaca`
4. **AMR screening** using `step_4AN_AMR__abricate` (in parallel with cgMLST)

This will ","nextflow.enable.dsl=2

// --- IMPORTS ---

include { extractKey } from '../functions/common.nf'

include { getReference; getSingleInput } from '../functions/parameters.nf'

// --- GLOBALS ---

// --- INLINE PROCESSES ---

// --- SUB WORKFLOWS ---

workflow wf_listeria_cgmlst_amr {
    
    take:
        
        trimmed
        
        abricateDb
        
        schema
        
    
    main:
        trimmed.multiMap {
            trimmed: it
            abricateDb: abricateDb
            schema: schema
        }.set { prep }

        assembly = step_2AS_denovo__spades(prep.trimmed)
        step_4TY_cgMLST__chewbbaca(assembly.assembled, 'listeria_monocytogenes', schema)
        step_4AN_AMR__abricate(assembly.assembled)
    
}

workflow step_1PP_trimming__fastp {
    
    take:
        
        rawreads
        
    
    main:
        trimmed = fastp(rawreads).trimmed

        fastqc(trimmed)
        readsCheckInput = rawreads.cross(trimmed) { extractKey(it) }.multiMap {
            rawreads: it[0]
            trimmed: it[1]
        }
        sample_reads_check(readsCheckInput.rawreads, readsCheckInput.trimmed)
    
    emit:
        
        trimmed
        
    
}

workflow step_2AS_denovo__spades {
    
    take:
        
        data
        
    
    main:
        denovo(data)
        assembly_filter(denovo.out.scaffolds).fasta | quast
        assembled = assembly_filter.out.fasta
    
    emit:
        
        assembled
        
    
}

workflow step_4TY_cgMLST__chewbbaca {
    
    take:
        
        assembly
        
        genus_species
        
        schema
        
    
    main:
        chewbbaca_result = chewbbaca(assembly, genus_species, schema)
        hashing(chewbbaca_result.alleles)
        chewbbaca_check(chewbbaca_result.stats).check
    
}

workflow step_4AN_AMR__abricate {
    
    take:
        
        data
        
    
    main:
        abricate(data)
    
}

// --- ENTRYPOINT ---
workflow {
    abricateDb = getReference('abricate')
    schema = getReference('schema')
    trimmed = step_1PP_trimming__fastp(getSingleInput())
    wf_listeria_cgmlst_amr(trimmed, abricateDb, schema)
}","nextflow.enable.dsl=2

include { getSingleInput; optionalOrDefault; param } from '../functions/parameters.nf'
include { step_1PP_trimming__fastp } from '../steps/step_1PP_trimming__fastp'
include { step_2AS_denovo__spades } from '../steps/step_2AS_denovo__spades'
include { step_4TY_cgMLST__chewbbaca } from '../steps/step_4TY_cgMLST__chewbbaca'
include { step_4AN_AMR__abricate } from '../steps/step_4AN_AMR__abricate'
workflow {
    trimmed   = step_1PP_trimming__fastp(getSingleInput()).trimmed
    assembled = step_2AS_denovo__spades(trimmed).assembled
    step_4TY_cgMLST__chewbbaca(assembled, param('genus_species'), optionalOrDefault('schema', ''))
    step_4AN_AMR__abricate(assembled)
}
"
"MOD_3T_AD01_addThenDrop_lis","3","add","(generated)","MOD_3T_AD01_addThenDrop_lis_t3","modification","Actually, drop the ABRicate step.","Y","N","partial_dag","Only 6/9 expected processes appeared in the DAG","6","9","N","","step_1PP_trimming__fastp","","step_2AS_denovo__spades, step_4TY_cgMLST__chewbbaca","step_2AS_denovo__spades, step_4TY_cgMLST__chewbbaca","step_1PP_trimming__fastp, step_2AS_denovo__spades, step_4TY_cgMLST__chewbbaca","895","43","2","2","6.7","I'll set up the pipeline with the following steps:

1. **Trim reads** using `step_1PP_trimming__fastp`
2. **Assemble genome** using `step_2AS_denovo__spades`
3. **Run cgMLST** using `step_4TY_cgMLST__chewbbaca`

This will focus on generating the cgMLST profile for your Listeria monocytogenes samples","nextflow.enable.dsl=2

// --- IMPORTS ---

include { step_2AS_denovo__spades } from '../steps/step_2AS_denovo__spades'

include { step_4TY_cgMLST__chewbbaca } from '../steps/step_4TY_cgMLST__chewbbaca'

include { getSingleInput } from '../functions/parameters.nf'

// --- GLOBALS ---

def genus_species = 'Listeria monocytogenes'

def schema = 'l_mono_chewie_1748_220623'

// --- INLINE PROCESSES ---

// --- SUB WORKFLOWS ---

workflow wf_cgmlst_pipeline {
    
    take:
        
        trimmed
        
    
    main:
        trimmed.multiMap {
            trimmed: it
            genus_species: genus_species
            schema: schema
        }.set { trAndRef }

        spades_out = step_2AS_denovo__spades(trAndRef.trimmed)
        step_4TY_cgMLST__chewbbaca(spades_out.assembled, genus_species, schema)
    
}

// --- ENTRYPOINT ---
workflow {
    wf_cgmlst_pipeline(getSingleInput())
}","nextflow.enable.dsl=2

include { getSingleInput; optionalOrDefault; param } from '../functions/parameters.nf'
include { step_1PP_trimming__fastp } from '../steps/step_1PP_trimming__fastp'
include { step_2AS_denovo__spades } from '../steps/step_2AS_denovo__spades'
include { step_4TY_cgMLST__chewbbaca } from '../steps/step_4TY_cgMLST__chewbbaca'
workflow {
    trimmed   = step_1PP_trimming__fastp(getSingleInput()).trimmed
    assembled = step_2AS_denovo__spades(trimmed).assembled
    step_4TY_cgMLST__chewbbaca(assembled, param('genus_species'), optionalOrDefault('schema', ''))
}
"
"MOD_3T_AD02_addThenDrop_eco","1","add","(generated)","MOD_3T_AD02_addThenDrop_eco_t1","modification","cgMLST profile for Escherichia coli from paired Illumina FASTQ.","Y","N","file_not_found","WARN: file not found: '/mnt/data/cohesive_llm_bench_scratch/_shared_inputdir/2026/2026.ECO.232.1.1/0SQ_rawreads/DS99999-DT260224_import/result/*.fastq*'","0","9","N","","step_1PP_trimming__fastp, step_2AS_denovo__spades, step_4TY_cgMLST__chewbbaca","","","","step_1PP_trimming__fastp, step_2AS_denovo__spades, step_4TY_cgMLST__chewbbaca","1507","74","0","2","11.6","Great! I'll proceed with the pipeline for cgMLST profiling of Escherichia coli using paired Illumina FASTQ reads. Here's the plan:

1. **Trim reads** using `step_1PP_trimming__fastp`
2. **Map reads** to a reference using `step_2AS_mapping__bowtie`
3. **Run cgMLST** using `step_4TY_cgMLST__chewbbaca`","nextflow.enable.dsl=2

// --- IMPORTS ---

include { extractKey } from '../functions/common.nf'

include { getSingleInput } from '../functions/parameters.nf'

// --- GLOBALS ---

def referenceCode = 'Escherichia_coli'

def referencePath = ""${params.assets_dir}/Escherichia_coli_reference.fasta""

def referenceRiscd = '220308-020220308005121273-2AS_import-external'

def schema = 'e_coli_chewie_2360_210531'

def genusSpecies = 'Escherichia_coli'

// --- INLINE PROCESSES ---

// --- SUB WORKFLOWS ---

workflow wf_cgmlst_pipeline {
    
    take:
        
        trimmed
        
    
    main:
        trimmed.multiMap {
            trimmed: it
            reference: [ referenceRiscd, referenceCode, file(referencePath) ]
        }.set { trAndRef }

        bowtie2(trAndRef.trimmed, trAndRef.reference)
        samtools(bowtie2.out.sam)
        consensus = seqio(samtools.out.fq).consensus

        chewbbaca(consensus, genusSpecies, schema)
    
}

workflow wf_trimming {
    
    take:
        
        rawreads
        
    
    main:
        trimmed = fastp(rawreads).trimmed

        fastqc(trimmed)
        readsCheckInput = rawreads.cross(trimmed) { extractKey(it) }.multiMap {
            rawreads: it[0]
            trimmed: it[1]
        }
        sample_reads_check(readsCheckInput.rawreads, readsCheckInput.trimmed)
    
    emit:
        
        trimmed
        
    
}

// --- ENTRYPOINT ---
workflow {
    trimmed = wf_trimming(getSingleInput()).trimmed
    wf_cgmlst_pipeline(trimmed)
}","nextflow.enable.dsl=2

include { getSingleInput; optionalOrDefault; param } from '../functions/parameters.nf'
include { step_1PP_trimming__fastp } from '../steps/step_1PP_trimming__fastp'
include { step_2AS_denovo__spades } from '../steps/step_2AS_denovo__spades'
include { step_4TY_cgMLST__chewbbaca } from '../steps/step_4TY_cgMLST__chewbbaca'
workflow {
    trimmed   = step_1PP_trimming__fastp(getSingleInput()).trimmed
    assembled = step_2AS_denovo__spades(trimmed).assembled
    step_4TY_cgMLST__chewbbaca(assembled, param('genus_species'), optionalOrDefault('schema', ''))
}
"
"MOD_3T_AD02_addThenDrop_eco","2","add","(generated)","MOD_3T_AD02_addThenDrop_eco_t2","modification","Also add ABRicate AMR screening in parallel.","Y","N","file_not_found","WARN: file not found: '/mnt/data/cohesive_llm_bench_scratch/_shared_inputdir/2026/2026.ECO.232.1.1/0SQ_rawreads/DS99999-DT260224_import/result/*.fastq*'","0","10","N","step_2AS_mapping__bowtie","step_2AS_denovo__spades","","","step_2AS_mapping__bowtie, step_4TY_cgMLST__chewbbaca, step_4AN_AMR__abricate, step_1PP_trimming__fastp","step_1PP_trimming__fastp, step_2AS_denovo__spades, step_4AN_AMR__abricate, step_4TY_cgMLST__chewbbaca","3034","136","4","1","7.4","I'll add AMR screening using Abricate in parallel to the cgMLST workflow. This will give you both the cgMLST profile and AMR resistance genes for your Escherichia coli samples. Let me update the pipeline plan.","nextflow.enable.dsl=2

// --- IMPORTS ---

include { extractDsRef; extractKey } from '../functions/common.nf'

include { getSingleInput } from '../functions/parameters.nf'

// --- GLOBALS ---

def referenceCode = 'NC_045512.2'

def referencePath = ""${params.assets_dir}/module_covid_emergency/NC_045512.fasta""

def referenceRiscd = '220308-020220308005121273-2AS_import-external'

def schema = 'e_coli_chewie_2360_210531'

def genus_species = 'escherichia_coli'

// --- INLINE PROCESSES ---

// --- SUB WORKFLOWS ---

workflow wf_cgmlst_amr {
    
    take:
        
        trimmed
        
    
    main:
        trimmed.multiMap {
            trimmed: it
            reference: [ referenceRiscd, referenceCode, file(referencePath) ]
        }.set { trAndRef }

        bowtie_out = step_2AS_mapping__bowtie(trAndRef.trimmed, trAndRef.reference)
        step_4TY_cgMLST__chewbbaca(bowtie_out.consensus, genus_species, schema)
        step_4AN_AMR__abricate(bowtie_out.consensus)
    
}

workflow step_1PP_trimming__fastp {
    
    take:
        
        rawreads
        
    
    main:
        trimmed = fastp(rawreads).trimmed

        fastqc(trimmed)
        readsCheckInput = rawreads.cross(trimmed) { extractKey(it) }.multiMap {
            rawreads: it[0]
            trimmed: it[1]
        }
        sample_reads_check(readsCheckInput.rawreads, readsCheckInput.trimmed)
    
    emit:
        
        trimmed
        
    
}

workflow step_2AS_mapping__bowtie {
    
    take:
        
        reads
        
        reference
        
    
    main:
        bowtie2(reads, reference)
        samtools(bowtie2.out.sam)
        consensus = seqio(samtools.out.fq).consensus

        coverage_minmax(samtools.out.bam, 'bowtie')
        coverage_minmax.out.coverage_depth | coverage_plot

        coverage = samtools_depth(samtools.out.bam, 'bowtie').coverage
        coverage.cross(consensus) { extractDsRef(it) }.map {
            return [ it[0][0], it[1][1], it[0][1] ]
        }.set { coverageRefAndConsensus }
        coverageBasic = coverage_check(coverageRefAndConsensus, 'bowtie').coverage_basic

        crossedChecks = coverage_minmax.out.coverage_extra.cross(coverageBasic) { it[0] + ""-"" + it[1] }
        .map { [ it[0][0], it[0][1], it[0][2], it[1][2] ] }
        coverage_check_group(coverage_check_merge(crossedChecks, 'bowtie').coverage_merged | groupTuple, 'bowtie')
    
    emit:
        
        consensus
        
    
}

workflow step_4TY_cgMLST__chewbbaca {
    
    take:
        
        assembly
        
        genus_species
        
        schema
        
    
    main:
        chewbbaca_result = chewbbaca(assembly, genus_species, schema)
        hashing(chewbbaca_result.alleles)
        chewbbaca_check(chewbbaca_result.stats).check
    
}

workflow step_4AN_AMR__abricate {
    
    take:
        
        data
        
    
    main:
        abricate(data)
    
}

// --- ENTRYPOINT ---
workflow {
    trimmed = step_1PP_trimming__fastp(getSingleInput()).trimmed
    wf_cgmlst_amr(trimmed)
}","nextflow.enable.dsl=2

include { getSingleInput; optionalOrDefault; param } from '../functions/parameters.nf'
include { step_1PP_trimming__fastp } from '../steps/step_1PP_trimming__fastp'
include { step_2AS_denovo__spades } from '../steps/step_2AS_denovo__spades'
include { step_4TY_cgMLST__chewbbaca } from '../steps/step_4TY_cgMLST__chewbbaca'
include { step_4AN_AMR__abricate } from '../steps/step_4AN_AMR__abricate'
workflow {
    trimmed   = step_1PP_trimming__fastp(getSingleInput()).trimmed
    assembled = step_2AS_denovo__spades(trimmed).assembled
    step_4TY_cgMLST__chewbbaca(assembled, param('genus_species'), optionalOrDefault('schema', ''))
    step_4AN_AMR__abricate(assembled)
}
"
"MOD_3T_AD02_addThenDrop_eco","3","add","(generated)","MOD_3T_AD02_addThenDrop_eco_t3","modification","Actually, drop the ABRicate step.","Y","N","file_not_found","WARN: file not found: '/mnt/data/cohesive_llm_bench_scratch/_shared_inputdir/2026/2026.ECO.232.1.1/0SQ_rawreads/DS99999-DT260224_import/result/*.fastq*'","3","9","N","step_2AS_mapping__bowtie","step_2AS_denovo__spades","","step_1PP_trimming__fastp, step_2AS_mapping__bowtie, step_4TY_cgMLST__chewbbaca","step_2AS_mapping__bowtie, step_4TY_cgMLST__chewbbaca, step_1PP_trimming__fastp","step_1PP_trimming__fastp, step_2AS_denovo__spades, step_4TY_cgMLST__chewbbaca","1746","77","3","2","12.6","Great! I'll proceed with the cgMLST profiling pipeline for Escherichia coli using your paired Illumina FASTQ reads. Here's the final plan:

## PIPELINE PLAN: cgMLST Profiling for Escherichia coli

### Inputs:
- Paired Illumina FASTQ reads (R1, R2)
- Escherichia coli reference genome
- cgMLST schema ","nextflow.enable.dsl=2

// --- IMPORTS ---

include { step_2AS_mapping__bowtie } from '../steps/step_2AS_mapping__bowtie'

include { getReference; getSingleInput } from '../functions/parameters.nf'

include { extractKey } from '../functions/common.nf'

include { step_4TY_cgMLST__chewbbaca } from '../steps/step_4TY_cgMLST__chewbbaca'

include { step_1PP_trimming__fastp } from '../steps/step_1PP_trimming__fastp'

// --- GLOBALS ---

def genus_species = 'Escherichia coli'

def schema = 'e_coli_chewie_2360_210531'

// --- INLINE PROCESSES ---

// --- SUB WORKFLOWS ---

workflow wf_cgmlst_profiling {
    
    take:
        
        trimmed
        
        reference
        
    
    main:
        trimmed.multiMap {
            trimmed: it
            reference: [ referenceRiscd, referenceCode, file(referencePath) ]
        }.set { trAndRef }

        consensus = step_2AS_mapping__bowtie(trAndRef.trimmed, trAndRef.reference).consensus
        step_4TY_cgMLST__chewbbaca(consensus, genus_species, schema)
    
}

workflow wf_trimming {
    
    take:
        
        rawreads
        
    
    main:
        trimmed = step_1PP_trimming__fastp(rawreads).trimmed

        fastqc(trimmed)
        readsCheckInput = rawreads.cross(trimmed) { extractKey(it) }.multiMap {
            rawreads: it[0]
            trimmed: it[1]
        }
        sample_reads_check(readsCheckInput.rawreads, readsCheckInput.trimmed)
    
    emit:
        
        trimmed
        
    
}

// --- ENTRYPOINT ---
workflow {
    wf_trimming(getSingleInput()).trimmed.cross(getReference('fa')) { extractKey(it) }.multiMap {
        trimmed: it[0]
        reference: it[1][1..3]
    }.set { trAndRef }

    wf_cgmlst_profiling(trAndRef.trimmed, trAndRef.reference)
}","nextflow.enable.dsl=2

include { getSingleInput; optionalOrDefault; param } from '../functions/parameters.nf'
include { step_1PP_trimming__fastp } from '../steps/step_1PP_trimming__fastp'
include { step_2AS_denovo__spades } from '../steps/step_2AS_denovo__spades'
include { step_4TY_cgMLST__chewbbaca } from '../steps/step_4TY_cgMLST__chewbbaca'
workflow {
    trimmed   = step_1PP_trimming__fastp(getSingleInput()).trimmed
    assembled = step_2AS_denovo__spades(trimmed).assembled
    step_4TY_cgMLST__chewbbaca(assembled, param('genus_species'), optionalOrDefault('schema', ''))
}
"
"MOD_3T_AD03_addThenDrop_sal","1","add","(generated)","MOD_3T_AD03_addThenDrop_sal_t1","modification","cgMLST profile for Salmonella enterica from paired Illumina FASTQ.","Y","N","missing_param","ERROR ~ missing required param: step_3TX_species__kmerfinder__db","0","9","N","step_2AS_denovo__unicycler, step_3TX_species__kmerfinder","step_2AS_denovo__spades","","step_1PP_trimming__fastp, step_2AS_denovo__unicycler, step_3TX_species__kmerfinder, step_4TY_cgMLST__chewbbaca","step_2AS_denovo__unicycler, step_3TX_species__kmerfinder, step_4TY_cgMLST__chewbbaca, step_1PP_trimming__fastp","step_1PP_trimming__fastp, step_2AS_denovo__spades, step_4TY_cgMLST__chewbbaca","1182","50","4","2","8.2","Great! I'll proceed with the pipeline for cgMLST profiling of Salmonella enterica from paired Illumina FASTQ reads. Here's the final plan:

1. **Preprocessing**: Trim reads with Fastp (`step_1PP_trimming__fastp`)
2. **Assembly**: Assemble with Unicycler (`step_2AS_denovo__unicycler`)
3. **Species Co","nextflow.enable.dsl=2

// --- IMPORTS ---

include { step_4TY_cgMLST__chewbbaca } from '../steps/step_4TY_cgMLST__chewbbaca'

include { getSingleInput } from '../functions/parameters.nf'

include { step_2AS_denovo__unicycler } from '../steps/step_2AS_denovo__unicycler'

include { step_1PP_trimming__fastp } from '../steps/step_1PP_trimming__fastp'

include { step_3TX_species__kmerfinder } from '../steps/step_3TX_species__kmerfinder'

// --- GLOBALS ---

def genus_species = 'Salmonella enterica'

def schema = 's_enterica_chewie_3255_210531'

// --- INLINE PROCESSES ---

// --- SUB WORKFLOWS ---

workflow wf_salmonella_cgmlst {
    
    take:
        
        trimmed
        
    
    main:
        trimmed.multiMap {
            trimmed: it
            reference: [ referenceRiscd, referenceCode, file(referencePath) ]
        }.set { trAndRef }

        assembly = step_2AS_denovo__unicycler(trAndRef.trimmed)

        species_out = step_3TX_species__kmerfinder(assembly)

        step_4TY_cgMLST__chewbbaca(assembly, genus_species, schema)
    
}

// --- ENTRYPOINT ---
workflow {
    trimmed = step_1PP_trimming__fastp(getSingleInput())
    wf_salmonella_cgmlst(trimmed)
}","nextflow.enable.dsl=2

include { getSingleInput; optionalOrDefault; param } from '../functions/parameters.nf'
include { step_1PP_trimming__fastp } from '../steps/step_1PP_trimming__fastp'
include { step_2AS_denovo__spades } from '../steps/step_2AS_denovo__spades'
include { step_4TY_cgMLST__chewbbaca } from '../steps/step_4TY_cgMLST__chewbbaca'
workflow {
    trimmed   = step_1PP_trimming__fastp(getSingleInput()).trimmed
    assembled = step_2AS_denovo__spades(trimmed).assembled
    step_4TY_cgMLST__chewbbaca(assembled, param('genus_species'), optionalOrDefault('schema', ''))
}
"
"MOD_3T_AD03_addThenDrop_sal","2","add","(generated)","MOD_3T_AD03_addThenDrop_sal_t2","modification","Also add ABRicate AMR screening in parallel.","Y","N","missing_param","ERROR ~ missing required param: step_3TX_species__kmerfinder__db","0","10","N","step_2AS_denovo__unicycler, step_3TX_species__kmerfinder","step_2AS_denovo__spades","","step_1PP_trimming__fastp, step_2AS_denovo__unicycler, step_3TX_species__kmerfinder, step_4AN_AMR__abricate, step_4TY_cgMLST__chewbbaca","step_1PP_trimming__fastp, step_2AS_denovo__unicycler, step_3TX_species__kmerfinder, step_4TY_cgMLST__chewbbaca, step_4AN_AMR__abricate","step_1PP_trimming__fastp, step_2AS_denovo__spades, step_4AN_AMR__abricate, step_4TY_cgMLST__chewbbaca","1664","83","5","2","8.5","Great! I'll proceed with the pipeline for cgMLST profiling and AMR screening of Salmonella enterica from paired Illumina FASTQ reads. Here's the final plan:

1. **Preprocessing**: Trim reads with Fastp (`step_1PP_trimming__fastp`)
2. **Assembly**: Assemble with Unicycler (`step_2AS_denovo__unicycler","nextflow.enable.dsl=2

// --- IMPORTS ---

include { step_4AN_AMR__abricate } from '../steps/step_4AN_AMR__abricate'

include { step_4TY_cgMLST__chewbbaca } from '../steps/step_4TY_cgMLST__chewbbaca'

include { getSingleInput } from '../functions/parameters.nf'

include { step_2AS_denovo__unicycler } from '../steps/step_2AS_denovo__unicycler'

include { step_1PP_trimming__fastp } from '../steps/step_1PP_trimming__fastp'

include { step_3TX_species__kmerfinder } from '../steps/step_3TX_species__kmerfinder'

// --- GLOBALS ---

def genus_species = 'Salmonella enterica'

def schema = 's_enterica_chewie_3255_210531'

// --- INLINE PROCESSES ---

// --- SUB WORKFLOWS ---

workflow wf_preprocess_assemble {
    
    take:
        
        rawreads
        
    
    main:
        trimmed = step_1PP_trimming__fastp(rawreads).trimmed
        assembled = step_2AS_denovo__unicycler(trimmed).assembled
    
    emit:
        
        trimmed
        
        assembled
        
    
}

workflow wf_species_confirmation {
    
    take:
        
        assembled
        
    
    main:
        assigned_species = step_3TX_species__kmerfinder(assembled).assigned_species
    
    emit:
        
        assigned_species
        
    
}

workflow wf_cgmlst_amr {
    
    take:
        
        assembled
        
    
    main:
        step_4TY_cgMLST__chewbbaca(assembled, genus_species, schema)
        step_4AN_AMR__abricate(assembled)
    
}

// --- ENTRYPOINT ---
workflow {
    rawreads = getSingleInput()
    wf_preprocess_assemble(rawreads)
    wf_species_confirmation(wf_preprocess_assemble.assembled)
    wf_cgmlst_amr(wf_preprocess_assemble.assembled)
}","nextflow.enable.dsl=2

include { getSingleInput; optionalOrDefault; param } from '../functions/parameters.nf'
include { step_1PP_trimming__fastp } from '../steps/step_1PP_trimming__fastp'
include { step_2AS_denovo__spades } from '../steps/step_2AS_denovo__spades'
include { step_4TY_cgMLST__chewbbaca } from '../steps/step_4TY_cgMLST__chewbbaca'
include { step_4AN_AMR__abricate } from '../steps/step_4AN_AMR__abricate'
workflow {
    trimmed   = step_1PP_trimming__fastp(getSingleInput()).trimmed
    assembled = step_2AS_denovo__spades(trimmed).assembled
    step_4TY_cgMLST__chewbbaca(assembled, param('genus_species'), optionalOrDefault('schema', ''))
    step_4AN_AMR__abricate(assembled)
}
"
"MOD_3T_AD03_addThenDrop_sal","3","add","(generated)","MOD_3T_AD03_addThenDrop_sal_t3","modification","Actually, drop the ABRicate step.","Y","N","silent_no_op","No process placeholders appeared. when: clause filtered everything?","0","9","N","step_2AS_denovo__unicycler, step_3TX_species__kmerfinder","step_2AS_denovo__spades","","step_1PP_trimming__fastp, step_2AS_denovo__unicycler, step_3TX_species__kmerfinder, step_4TY_cgMLST__chewbbaca","step_2AS_denovo__unicycler, step_3TX_species__kmerfinder, step_4TY_cgMLST__chewbbaca, step_1PP_trimming__fastp","step_1PP_trimming__fastp, step_2AS_denovo__spades, step_4TY_cgMLST__chewbbaca","1845","69","4","2","14.1","Great! I'll proceed with the pipeline for cgMLST profiling of Salmonella enterica from paired Illumina FASTQ reads. Here's the final plan:

1. **Preprocessing**: Trim reads with Fastp (`step_1PP_trimming__fastp`)
2. **Assembly**: Assemble with Unicycler (`step_2AS_denovo__unicycler`)
3. **Species Co","nextflow.enable.dsl=2

// --- IMPORTS ---

include { step_4TY_cgMLST__chewbbaca } from '../steps/step_4TY_cgMLST__chewbbaca'

include { getSingleInput } from '../functions/parameters.nf'

include { step_2AS_denovo__unicycler } from '../steps/step_2AS_denovo__unicycler'

include { step_1PP_trimming__fastp } from '../steps/step_1PP_trimming__fastp'

include { step_3TX_species__kmerfinder } from '../steps/step_3TX_species__kmerfinder'

// --- GLOBALS ---

// --- INLINE PROCESSES ---

// --- SUB WORKFLOWS ---

workflow wf_cgmlst_salmonella {
    
    take:
        
        trimmed
        
    
    main:
        trimmed.multiMap {
            trimmed: it
            reference: [ referenceRiscd, referenceCode, file(referencePath) ]
        }.set { trAndRef }

        unicycler_out = step_2AS_denovo__unicycler(trAndRef.trimmed)
        assembly_filter(unicycler_out.scaffolds).fasta | quast

        kmerfinder_out = step_3TX_species__kmerfinder(assembly_filter.out.fasta)

        step_4TY_cgMLST__chewbbaca(kmerfinder_out.assigned_species, 'Salmonella enterica', 's_enterica_chewie_3255_210531')
    
}

workflow wf_cgmlst_salmonella {
    
    take:
        
        trimmed
        
    
    main:
        trimmed.multiMap {
            trimmed: it
            reference: [ referenceRiscd, referenceCode, file(referencePath) ]
        }.set { trAndRef }

        unicycler_out = step_2AS_denovo__unicycler(trAndRef.trimmed)
        assembly_filter(unicycler_out.scaffolds).fasta | quast

        kmerfinder_out = step_3TX_species__kmerfinder(assembly_filter.out.fasta)

        step_4TY_cgMLST__chewbbaca(kmerfinder_out.assigned_species, 'Salmonella enterica', 's_enterica_chewie_3255_210531')
    
}

// --- ENTRYPOINT ---
workflow {
    trimmed = step_1PP_trimming__fastp(getSingleInput()).trimmed
    wf_cgmlst_salmonella(trimmed)
}","nextflow.enable.dsl=2

include { getSingleInput; optionalOrDefault; param } from '../functions/parameters.nf'
include { step_1PP_trimming__fastp } from '../steps/step_1PP_trimming__fastp'
include { step_2AS_denovo__spades } from '../steps/step_2AS_denovo__spades'
include { step_4TY_cgMLST__chewbbaca } from '../steps/step_4TY_cgMLST__chewbbaca'
workflow {
    trimmed   = step_1PP_trimming__fastp(getSingleInput()).trimmed
    assembled = step_2AS_denovo__spades(trimmed).assembled
    step_4TY_cgMLST__chewbbaca(assembled, param('genus_species'), optionalOrDefault('schema', ''))
}
"
"MOD_3T_RA01_replaceThenAdd_lis","1","replace","(generated)","MOD_3T_RA01_replaceThenAdd_lis_t1","modification","Trim + assemble Listeria monocytogenes from paired Illumina FASTQ (fastp + SPAdes).","Y","N","file_not_found","WARN: file not found: '/mnt/data/cohesive_llm_bench_scratch/_shared_inputdir/2026/2026.LIS.246.1.1/0SQ_rawreads/DS99999-DT260224_import/result/*.fastq*'","0","6","Y","","","","","step_1PP_trimming__fastp, step_2AS_denovo__spades","step_1PP_trimming__fastp, step_2AS_denovo__spades","1094","62","2","2","48.6","Great! I'll set up the pipeline with fastp for trimming and SPAdes for assembly of your Listeria monocytogenes Illumina paired-end reads.","nextflow.enable.dsl=2

// --- IMPORTS ---

include { extractKey } from '../functions/common.nf'

include { getSingleInput } from '../functions/parameters.nf'

// --- GLOBALS ---

// --- INLINE PROCESSES ---

// --- SUB WORKFLOWS ---

workflow step_1PP_trimming__fastp {
    
    take:
        
        rawreads
        
    
    main:
        trimmed = fastp(rawreads).trimmed

        fastqc(trimmed)
        readsCheckInput = rawreads.cross(trimmed) { extractKey(it) }.multiMap {
          rawreads: it[0]
          trimmed: it[1]
        }
        sample_reads_check(readsCheckInput.rawreads, readsCheckInput.trimmed)
    
    emit:
        
        trimmed
        
    
}

workflow step_2AS_denovo__spades {
    
    take:
        
        trimmed
        
    
    main:
        denovo(trimmed)
        assembly_filter(denovo.out.scaffolds).fasta | quast
        assembled = assembly_filter.out.fasta
    
    emit:
        
        assembled
        
    
}

// --- ENTRYPOINT ---
workflow {
    trimmed = step_1PP_trimming__fastp(getSingleInput())
    step_2AS_denovo__spades(trimmed)
}","nextflow.enable.dsl=2

include { getSingleInput; optionalOrDefault; param } from '../functions/parameters.nf'
include { step_1PP_trimming__fastp } from '../steps/step_1PP_trimming__fastp'
include { step_2AS_denovo__spades } from '../steps/step_2AS_denovo__spades'
workflow {
    trimmed   = step_1PP_trimming__fastp(getSingleInput()).trimmed
    assembled = step_2AS_denovo__spades(trimmed).assembled
}
"
"MOD_3T_RA01_replaceThenAdd_lis","2","replace","(generated)","MOD_3T_RA01_replaceThenAdd_lis_t2","modification","Use Shovill instead of SPAdes.","Y","N","file_not_found","WARN: file not found: '/mnt/data/cohesive_llm_bench_scratch/_shared_inputdir/2026/2026.LIS.246.1.1/0SQ_rawreads/DS99999-DT260224_import/result/*.fastq*'","0","6","Y","","","","","step_1PP_trimming__fastp, step_2AS_denovo__shovill","step_1PP_trimming__fastp, step_2AS_denovo__shovill","1231","66","2","1","4.3","I'll update the pipeline to use Shovill instead of SPAdes for assembly. This is a good choice for Illumina bacterial genomes. I'll proceed with:

1. `step_1PP_trimming__fastp` for trimming paired Illumina reads
2. `step_2AS_denovo__shovill` for assembly

This will give you a high-quality assembly fo","nextflow.enable.dsl=2

// --- IMPORTS ---

include { extractKey } from '../functions/common.nf'

include { getSingleInput } from '../functions/parameters.nf'

// --- GLOBALS ---

// --- INLINE PROCESSES ---

// --- SUB WORKFLOWS ---

workflow step_1PP_trimming__fastp {
    
    take:
        
        rawreads
        
    
    main:
        trimmed = fastp(rawreads).trimmed

        fastqc(trimmed)
        readsCheckInput = rawreads.cross(trimmed) { extractKey(it) }.multiMap {
          rawreads: it[0]
          trimmed: it[1]
        }
        sample_reads_check(readsCheckInput.rawreads, readsCheckInput.trimmed)
    
    emit:
        
        trimmed
        
    
}

workflow step_2AS_denovo__shovill {
    
    take:
        
        trimmed
        
    
    main:
        contigs_from_pe = shovill(trimmed).assembly
        contigs_from_se = shovill_se(trimmed).assembly
        contigs = contigs_from_pe.mix(contigs_from_se)
        quast(contigs)
        if (!params.skip_checkm) {
          checkm(contigs)
        }
    
    emit:
        
        assembly = contigs
        
    
}

// --- ENTRYPOINT ---
workflow {
    trimmed = step_1PP_trimming__fastp(getSingleInput())
    step_2AS_denovo__shovill(trimmed)
}","nextflow.enable.dsl=2

include { getSingleInput; optionalOrDefault; param } from '../functions/parameters.nf'
include { step_1PP_trimming__fastp } from '../steps/step_1PP_trimming__fastp'
include { step_2AS_denovo__shovill } from '../steps/step_2AS_denovo__shovill'
workflow {
    trimmed   = step_1PP_trimming__fastp(getSingleInput()).trimmed
    assembled = step_2AS_denovo__shovill(trimmed).assembly
}
"
"MOD_3T_RA01_replaceThenAdd_lis","3","replace","(generated)","MOD_3T_RA01_replaceThenAdd_lis_t3","modification","Now also run MLST on the assembly.","Y","N","file_not_found","WARN: file not found: '/mnt/data/cohesive_llm_bench_scratch/_shared_inputdir/2026/2026.LIS.246.1.1/0SQ_rawreads/DS99999-DT260224_import/result/*.fastq*'","0","7","Y","","","","","step_1PP_trimming__fastp, step_2AS_denovo__shovill, step_4TY_MLST__mlst","step_1PP_trimming__fastp, step_2AS_denovo__shovill, step_4TY_MLST__mlst","1423","79","3","2","11.5","I'll set up the pipeline with the following steps:
1. `step_1PP_trimming__fastp` - Trim paired Illumina reads
2. `step_2AS_denovo__shovill` - Assemble the trimmed reads into a bacterial genome
3. `step_4TY_MLST__mlst` - Run MLST typing on the assembly

This will give you a high-quality assembly for ","nextflow.enable.dsl=2

// --- IMPORTS ---

include { extractKey } from '../functions/common.nf'

include { getSingleInput } from '../functions/parameters.nf'

// --- GLOBALS ---

// --- INLINE PROCESSES ---

// --- SUB WORKFLOWS ---

workflow step_1PP_trimming__fastp {
    
    take:
        
        rawreads
        
    
    main:
        trimmed = fastp(rawreads).trimmed

        fastqc(trimmed)
        readsCheckInput = rawreads.cross(trimmed) { extractKey(it) }.multiMap {
          rawreads: it[0]
          trimmed: it[1]
        }
        sample_reads_check(readsCheckInput.rawreads, readsCheckInput.trimmed)
    
    emit:
        
        trimmed
        
    
}

workflow step_2AS_denovo__shovill {
    
    take:
        
        rawreads
        
    
    main:
        contigs_from_pe = shovill(rawreads).assembly
        contigs_from_se = shovill_se(rawreads).assembly
        contigs = contigs_from_pe.mix(contigs_from_se)
        quast(contigs)
        if (!params.skip_checkm) {
          checkm(contigs)
        }
    
    emit:
        
        assembly = contigs
        
    
}

workflow step_4TY_MLST__mlst {
    
    take:
        
        assembly
        
    
    main:
        mlst(assembly)
    
}

// --- ENTRYPOINT ---
workflow {
    trimmed = step_1PP_trimming__fastp(getSingleInput()).trimmed
    assembly = step_2AS_denovo__shovill(trimmed).assembly
    step_4TY_MLST__mlst(assembly)
}","nextflow.enable.dsl=2

include { getSingleInput; optionalOrDefault; param } from '../functions/parameters.nf'
include { step_1PP_trimming__fastp } from '../steps/step_1PP_trimming__fastp'
include { step_2AS_denovo__shovill } from '../steps/step_2AS_denovo__shovill'
include { step_4TY_MLST__mlst } from '../steps/step_4TY_MLST__mlst'
workflow {
    trimmed   = step_1PP_trimming__fastp(getSingleInput()).trimmed
    assembled = step_2AS_denovo__shovill(trimmed).assembly
    step_4TY_MLST__mlst(assembled)
}
"
"MOD_3T_RA02_replaceThenAdd_eco","1","replace","(generated)","MOD_3T_RA02_replaceThenAdd_eco_t1","modification","Trim + assemble Escherichia coli from paired Illumina FASTQ (fastp + SPAdes).","N","N","no_code","http exception: HTTPConnectionPool(host='127.0.0.1', port=8765): Read timed out. (read timeout=180)","0","6","N","","step_1PP_trimming__fastp, step_2AS_denovo__spades","","","","step_1PP_trimming__fastp, step_2AS_denovo__spades","0","0","0","2","183.8","","","nextflow.enable.dsl=2

include { getSingleInput; optionalOrDefault; param } from '../functions/parameters.nf'
include { step_1PP_trimming__fastp } from '../steps/step_1PP_trimming__fastp'
include { step_2AS_denovo__spades } from '../steps/step_2AS_denovo__spades'
workflow {
    trimmed   = step_1PP_trimming__fastp(getSingleInput()).trimmed
    assembled = step_2AS_denovo__spades(trimmed).assembled
}
"
"MOD_3T_RA03_replaceThenAdd_sal","1","replace","(generated)","MOD_3T_RA03_replaceThenAdd_sal_t1","modification","Trim + assemble Salmonella enterica from paired Illumina FASTQ (fastp + SPAdes).","Y","N","file_not_found","WARN: file not found: '/mnt/data/cohesive_llm_bench_scratch/_shared_inputdir/2026/2026.SAL.243.1.1/0SQ_rawreads/DS99999-DT260224_import/result/*.fastq*'","0","6","Y","","","","","step_1PP_trimming__fastp, step_2AS_denovo__spades","step_1PP_trimming__fastp, step_2AS_denovo__spades","1088","62","2","2","19.4","I'll build the pipeline using fastp for trimming and SPAdes for assembly of your Salmonella enterica Illumina reads. One moment while I prepare the plan...","nextflow.enable.dsl=2

// --- IMPORTS ---

include { extractKey } from '../functions/common.nf'

include { getSingleInput } from '../functions/parameters.nf'

// --- GLOBALS ---

// --- INLINE PROCESSES ---

// --- SUB WORKFLOWS ---

workflow step_1PP_trimming__fastp {
    
    take:
        
        rawreads
        
    
    main:
        trimmed = fastp(rawreads).trimmed

        fastqc(trimmed)
        readsCheckInput = rawreads.cross(trimmed) { extractKey(it) }.multiMap {
          rawreads: it[0]
          trimmed: it[1]
        }
        sample_reads_check(readsCheckInput.rawreads, readsCheckInput.trimmed)
    
    emit:
        
        trimmed
        
    
}

workflow step_2AS_denovo__spades {
    
    take:
        
        data
        
    
    main:
        denovo(data)
        assembly_filter(denovo.out.scaffolds).fasta | quast
        assembled = assembly_filter.out.fasta
    
    emit:
        
        assembled
        
    
}

// --- ENTRYPOINT ---
workflow {
    trimmed = step_1PP_trimming__fastp(getSingleInput())
    step_2AS_denovo__spades(trimmed)
}","nextflow.enable.dsl=2

include { getSingleInput; optionalOrDefault; param } from '../functions/parameters.nf'
include { step_1PP_trimming__fastp } from '../steps/step_1PP_trimming__fastp'
include { step_2AS_denovo__spades } from '../steps/step_2AS_denovo__spades'
workflow {
    trimmed   = step_1PP_trimming__fastp(getSingleInput()).trimmed
    assembled = step_2AS_denovo__spades(trimmed).assembled
}
"
"MOD_3T_RA03_replaceThenAdd_sal","2","replace","(generated)","MOD_3T_RA03_replaceThenAdd_sal_t2","modification","Use Shovill instead of SPAdes.","Y","N","file_not_found","WARN: file not found: '/mnt/data/cohesive_llm_bench_scratch/_shared_inputdir/2026/2026.SAL.243.1.1/0SQ_rawreads/DS99999-DT260224_import/result/*.fastq*'","0","6","Y","","","","","step_1PP_trimming__fastp, step_2AS_denovo__shovill","step_1PP_trimming__fastp, step_2AS_denovo__shovill","1262","66","2","2","6.6","I'll build the pipeline using fastp for trimming and Shovill for assembly of your Salmonella enterica Illumina reads. One moment while I prepare the plan...","nextflow.enable.dsl=2

// --- IMPORTS ---

include { extractKey } from '../functions/common.nf'

include { getSingleInput } from '../functions/parameters.nf'

// --- GLOBALS ---

// --- INLINE PROCESSES ---

// --- SUB WORKFLOWS ---

workflow step_1PP_trimming__fastp {
    
    take:
        
        rawreads
        
    
    main:
        trimmed = fastp(rawreads).trimmed

        fastqc(trimmed)
        readsCheckInput = rawreads.cross(trimmed) { extractKey(it) }.multiMap {
          rawreads: it[0]
          trimmed: it[1]
        }
        sample_reads_check(readsCheckInput.rawreads, readsCheckInput.trimmed)
    
    emit:
        
        trimmed
        
    
}

workflow step_2AS_denovo__shovill {
    
    take:
        
        rawreads
        
    
    main:
        contigs_from_pe = shovill(rawreads).assembly
        contigs_from_se = shovill_se(rawreads).assembly
        contigs = contigs_from_pe.mix(contigs_from_se)
        quast(contigs)
        if (!params.skip_checkm) {
          checkm(contigs)
        }
    
    emit:
        
        assembly = contigs
        
    
}

// --- ENTRYPOINT ---
workflow {
    trimmed = step_1PP_trimming__fastp(getSingleInput()).trimmed
    assembly = step_2AS_denovo__shovill(trimmed).assembly
}","nextflow.enable.dsl=2

include { getSingleInput; optionalOrDefault; param } from '../functions/parameters.nf'
include { step_1PP_trimming__fastp } from '../steps/step_1PP_trimming__fastp'
include { step_2AS_denovo__shovill } from '../steps/step_2AS_denovo__shovill'
workflow {
    trimmed   = step_1PP_trimming__fastp(getSingleInput()).trimmed
    assembled = step_2AS_denovo__shovill(trimmed).assembly
}
"
"MOD_3T_RA03_replaceThenAdd_sal","3","replace","(generated)","MOD_3T_RA03_replaceThenAdd_sal_t3","modification","Now also run MLST on the assembly.","Y","N","file_not_found","WARN: file not found: '/mnt/data/cohesive_llm_bench_scratch/_shared_inputdir/2026/2026.SAL.243.1.1/0SQ_rawreads/DS99999-DT260224_import/result/*.fastq*'","0","7","Y","","","","","step_1PP_trimming__fastp, step_2AS_denovo__shovill, step_4TY_MLST__mlst","step_1PP_trimming__fastp, step_2AS_denovo__shovill, step_4TY_MLST__mlst","1440","80","3","2","14.9","I'll build the pipeline using fastp for trimming, Shovill for assembly, and MLST for typing of your Salmonella enterica Illumina reads. One moment while I prepare the plan...","nextflow.enable.dsl=2

// --- IMPORTS ---

include { extractKey } from '../functions/common.nf'

include { getSingleInput } from '../functions/parameters.nf'

// --- GLOBALS ---

// --- INLINE PROCESSES ---

// --- SUB WORKFLOWS ---

workflow step_1PP_trimming__fastp {
    
    take:
        
        rawreads
        
    
    main:
        trimmed = fastp(rawreads).trimmed

        fastqc(trimmed)
        readsCheckInput = rawreads.cross(trimmed) { extractKey(it) }.multiMap {
          rawreads: it[0]
          trimmed: it[1]
        }
        sample_reads_check(readsCheckInput.rawreads, readsCheckInput.trimmed)
    
    emit:
        
        trimmed
        
    
}

workflow step_2AS_denovo__shovill {
    
    take:
        
        rawreads
        
    
    main:
        contigs_from_pe = shovill(rawreads).assembly
        contigs_from_se = shovill_se(rawreads).assembly
        contigs = contigs_from_pe.mix(contigs_from_se)
        quast(contigs)
        if (!params.skip_checkm) {
          checkm(contigs)
        }
        assembly = contigs
    
    emit:
        
        assembly
        
    
}

workflow step_4TY_MLST__mlst {
    
    take:
        
        assembly
        
    
    main:
        mlst(assembly)
    
}

// --- ENTRYPOINT ---
workflow {
    trimmed = step_1PP_trimming__fastp(getSingleInput()).trimmed
    assembly = step_2AS_denovo__shovill(trimmed).assembly
    step_4TY_MLST__mlst(assembly)
}","nextflow.enable.dsl=2

include { getSingleInput; optionalOrDefault; param } from '../functions/parameters.nf'
include { step_1PP_trimming__fastp } from '../steps/step_1PP_trimming__fastp'
include { step_2AS_denovo__shovill } from '../steps/step_2AS_denovo__shovill'
include { step_4TY_MLST__mlst } from '../steps/step_4TY_MLST__mlst'
workflow {
    trimmed   = step_1PP_trimming__fastp(getSingleInput()).trimmed
    assembled = step_2AS_denovo__shovill(trimmed).assembly
    step_4TY_MLST__mlst(assembled)
}
"
"MOD_3T_SA01_switchThenAdd_lis_to_sal","1","switch_species","(generated)","MOD_3T_SA01_switchThenAdd_lis_to_sal_t1","modification","MLST pipeline for Listeria monocytogenes from paired Illumina FASTQ.","Y","Y","none","","7","7","Y","","","","step_1PP_trimming__fastp, step_2AS_denovo__spades, step_4TY_MLST__mlst","step_2AS_denovo__spades, step_4TY_MLST__mlst, step_1PP_trimming__fastp","step_1PP_trimming__fastp, step_2AS_denovo__spades, step_4TY_MLST__mlst","803","41","3","2","6.1","Great! I'll set up the pipeline as follows:

1. **Preprocessing**: Trim paired Illumina reads using Fastp (`step_1PP_trimming__fastp`)
2. **Assembly**: Assemble trimmed reads with SPAdes (`step_2AS_denovo__spades`)
3. **MLST Typing**: Run MLST on the assembly (`step_4TY_MLST__mlst`)

This will give ","nextflow.enable.dsl=2

// --- IMPORTS ---

include { step_2AS_denovo__spades } from '../steps/step_2AS_denovo__spades'

include { step_1PP_trimming__fastp } from '../steps/step_1PP_trimming__fastp'

include { getSingleInput } from '../functions/parameters.nf'

include { step_4TY_MLST__mlst } from '../steps/step_4TY_MLST__mlst'

// --- GLOBALS ---

// --- INLINE PROCESSES ---

// --- SUB WORKFLOWS ---

workflow wf_listeria_mlst {
    
    take:
        
        trimmed
        
    
    main:
        spades_out = step_2AS_denovo__spades(trimmed)
        step_4TY_MLST__mlst(spades_out.assembled)
    
    emit:
        
        assembly = spades_out.assembled
        
    
}

// --- ENTRYPOINT ---
workflow {
    trimmed = step_1PP_trimming__fastp(getSingleInput())
    wf_listeria_mlst(trimmed)
}","nextflow.enable.dsl=2

include { getSingleInput; optionalOrDefault; param } from '../functions/parameters.nf'
include { step_1PP_trimming__fastp } from '../steps/step_1PP_trimming__fastp'
include { step_2AS_denovo__spades } from '../steps/step_2AS_denovo__spades'
include { step_4TY_MLST__mlst } from '../steps/step_4TY_MLST__mlst'
workflow {
    trimmed   = step_1PP_trimming__fastp(getSingleInput()).trimmed
    assembled = step_2AS_denovo__spades(trimmed).assembled
    step_4TY_MLST__mlst(assembled)
}
"
"MOD_3T_SA01_switchThenAdd_lis_to_sal","2","switch_species","(generated)","MOD_3T_SA01_switchThenAdd_lis_to_sal_t2","modification","Apply the same to Salmonella enterica.","Y","Y","none","","7","7","Y","","","","step_1PP_trimming__fastp, step_2AS_denovo__spades, step_4TY_MLST__mlst","step_2AS_denovo__spades, step_4TY_MLST__mlst, step_1PP_trimming__fastp","step_1PP_trimming__fastp, step_2AS_denovo__spades, step_4TY_MLST__mlst","807","41","3","2","5.2","Great! I'll set up the pipeline as follows:

1. **Preprocessing**: Trim paired Illumina reads using Fastp (`step_1PP_trimming__fastp`)
2. **Assembly**: Assemble trimmed reads with SPAdes (`step_2AS_denovo__spades`)
3. **MLST Typing**: Run MLST on the assembly (`step_4TY_MLST__mlst`)

This will give ","nextflow.enable.dsl=2

// --- IMPORTS ---

include { step_2AS_denovo__spades } from '../steps/step_2AS_denovo__spades'

include { step_1PP_trimming__fastp } from '../steps/step_1PP_trimming__fastp'

include { getSingleInput } from '../functions/parameters.nf'

include { step_4TY_MLST__mlst } from '../steps/step_4TY_MLST__mlst'

// --- GLOBALS ---

// --- INLINE PROCESSES ---

// --- SUB WORKFLOWS ---

workflow wf_salmonella_mlst {
    
    take:
        
        trimmed
        
    
    main:
        spades_out = step_2AS_denovo__spades(trimmed)
        step_4TY_MLST__mlst(spades_out.assembled)
    
    emit:
        
        assembly = spades_out.assembled
        
    
}

// --- ENTRYPOINT ---
workflow {
    trimmed = step_1PP_trimming__fastp(getSingleInput())
    wf_salmonella_mlst(trimmed)
}","nextflow.enable.dsl=2

include { getSingleInput; optionalOrDefault; param } from '../functions/parameters.nf'
include { step_1PP_trimming__fastp } from '../steps/step_1PP_trimming__fastp'
include { step_2AS_denovo__spades } from '../steps/step_2AS_denovo__spades'
include { step_4TY_MLST__mlst } from '../steps/step_4TY_MLST__mlst'
workflow {
    trimmed   = step_1PP_trimming__fastp(getSingleInput()).trimmed
    assembled = step_2AS_denovo__spades(trimmed).assembled
    step_4TY_MLST__mlst(assembled)
}
"
"MOD_3T_SA01_switchThenAdd_lis_to_sal","3","switch_species","(generated)","MOD_3T_SA01_switchThenAdd_lis_to_sal_t3","modification","Also add cgMLST in parallel for this species.","Y","Y","none","","10","10","Y","","","","step_1PP_trimming__fastp, step_2AS_denovo__spades, step_4TY_MLST__mlst, step_4TY_cgMLST__chewbbaca","step_1PP_trimming__fastp, step_2AS_denovo__spades, step_4TY_MLST__mlst, step_4TY_cgMLST__chewbbaca","step_1PP_trimming__fastp, step_2AS_denovo__spades, step_4TY_MLST__mlst, step_4TY_cgMLST__chewbbaca","1004","43","4","2","51.0","I'll set up the pipeline as follows:

1. **Preprocessing**: Trim paired Illumina reads using Fastp (`step_1PP_trimming__fastp`)
2. **Assembly**: Assemble trimmed reads with SPAdes (`step_2AS_denovo__spades`)
3. **MLST Typing**: Run MLST on the assembly (`step_4TY_MLST__mlst`)
4. **cgMLST Typing**: R","nextflow.enable.dsl=2

// --- IMPORTS ---

include { step_4TY_MLST__mlst } from '../steps/step_4TY_MLST__mlst'

include { step_4TY_cgMLST__chewbbaca } from '../steps/step_4TY_cgMLST__chewbbaca'

include { step_2AS_denovo__spades } from '../steps/step_2AS_denovo__spades'

include { getSingleInput } from '../functions/parameters.nf'

include { step_1PP_trimming__fastp } from '../steps/step_1PP_trimming__fastp'

// --- GLOBALS ---

def genus_species = 'salmonella_enterica'

def schema = 's_enterica_chewie_3255_210531'

// --- INLINE PROCESSES ---

// --- SUB WORKFLOWS ---

workflow wf_trim_assemble_mlst_cgmlst {
    
    take:
        
        rawreads
        
    
    main:
        trimmed = step_1PP_trimming__fastp(rawreads).trimmed
        assembly = step_2AS_denovo__spades(trimmed).assembled
        step_4TY_MLST__mlst(assembly)
        step_4TY_cgMLST__chewbbaca(assembly, genus_species, schema)
    
}

// --- ENTRYPOINT ---
workflow {
    wf_trim_assemble_mlst_cgmlst(getSingleInput())
}","nextflow.enable.dsl=2

include { getSingleInput; optionalOrDefault; param } from '../functions/parameters.nf'
include { step_1PP_trimming__fastp } from '../steps/step_1PP_trimming__fastp'
include { step_2AS_denovo__spades } from '../steps/step_2AS_denovo__spades'
include { step_4TY_MLST__mlst } from '../steps/step_4TY_MLST__mlst'
include { step_4TY_cgMLST__chewbbaca } from '../steps/step_4TY_cgMLST__chewbbaca'
workflow {
    trimmed   = step_1PP_trimming__fastp(getSingleInput()).trimmed
    assembled = step_2AS_denovo__spades(trimmed).assembled
    step_4TY_MLST__mlst(assembled)
    step_4TY_cgMLST__chewbbaca(assembled, param('genus_species'), optionalOrDefault('schema', ''))
}
"
"MOD_3T_SA02_switchThenAdd_eco_to_lis","1","switch_species","(generated)","MOD_3T_SA02_switchThenAdd_eco_to_lis_t1","modification","MLST pipeline for Escherichia coli from paired Illumina FASTQ.","Y","Y","none","","7","7","Y","","","","step_1PP_trimming__fastp, step_2AS_denovo__spades, step_4TY_MLST__mlst","step_1PP_trimming__fastp, step_2AS_denovo__spades, step_4TY_MLST__mlst","step_1PP_trimming__fastp, step_2AS_denovo__spades, step_4TY_MLST__mlst","740","36","3","2","6.3","Great! I'll proceed with the pipeline for MLST typing of Escherichia coli from paired Illumina FASTQ reads. Here's the plan:

1. **Preprocessing**: Trim reads with Fastp (`step_1PP_trimming__fastp`)
2. **Assembly**: Assemble with SPAdes (`step_2AS_denovo__spades`)
3. **MLST Typing**: Run MLST (`step","nextflow.enable.dsl=2

// --- IMPORTS ---

include { step_2AS_denovo__spades } from '../steps/step_2AS_denovo__spades'

include { step_1PP_trimming__fastp } from '../steps/step_1PP_trimming__fastp'

include { getSingleInput } from '../functions/parameters.nf'

include { step_4TY_MLST__mlst } from '../steps/step_4TY_MLST__mlst'

// --- GLOBALS ---

// --- INLINE PROCESSES ---

// --- SUB WORKFLOWS ---

workflow wf_mlst_pipeline {
    
    take:
        
        rawreads
        
    
    main:
        trimmed = step_1PP_trimming__fastp(rawreads).trimmed
        assembly = step_2AS_denovo__spades(trimmed).assembled
        step_4TY_MLST__mlst(assembly)
    
}

// --- ENTRYPOINT ---
workflow {
    wf_mlst_pipeline(getSingleInput())
}","nextflow.enable.dsl=2

include { getSingleInput; optionalOrDefault; param } from '../functions/parameters.nf'
include { step_1PP_trimming__fastp } from '../steps/step_1PP_trimming__fastp'
include { step_2AS_denovo__spades } from '../steps/step_2AS_denovo__spades'
include { step_4TY_MLST__mlst } from '../steps/step_4TY_MLST__mlst'
workflow {
    trimmed   = step_1PP_trimming__fastp(getSingleInput()).trimmed
    assembled = step_2AS_denovo__spades(trimmed).assembled
    step_4TY_MLST__mlst(assembled)
}
"
"MOD_3T_SA02_switchThenAdd_eco_to_lis","2","switch_species","(generated)","MOD_3T_SA02_switchThenAdd_eco_to_lis_t2","modification","Apply the same to Listeria monocytogenes.","Y","N","file_not_found","WARN: file not found: '/mnt/data/cohesive_llm_bench_scratch/_shared_inputdir/2026/2026.LIS.248.1.1/0SQ_rawreads/DS99999-DT260224_import/result/*.fastq*'","0","7","Y","","","","","step_1PP_trimming__fastp, step_2AS_denovo__spades, step_4TY_MLST__mlst","step_1PP_trimming__fastp, step_2AS_denovo__spades, step_4TY_MLST__mlst","1278","75","3","2","6.0","Great! I'll proceed with the pipeline for MLST typing of Listeria monocytogenes from paired Illumina FASTQ reads. Here's the plan:

1. **Preprocessing**: Trim reads with Fastp (`step_1PP_trimming__fastp`)
2. **Assembly**: Assemble with SPAdes (`step_2AS_denovo__spades`)
3. **MLST Typing**: Run MLST ","nextflow.enable.dsl=2

// --- IMPORTS ---

include { extractKey } from '../functions/common.nf'

include { getSingleInput } from '../functions/parameters.nf'

// --- GLOBALS ---

// --- INLINE PROCESSES ---

// --- SUB WORKFLOWS ---

workflow step_1PP_trimming__fastp {
    
    take:
        
        rawreads
        
    
    main:
        trimmed = fastp(rawreads).trimmed

        fastqc(trimmed)
        readsCheckInput = rawreads.cross(trimmed) { extractKey(it) }.multiMap {
          rawreads: it[0]
          trimmed: it[1]
        }
        sample_reads_check(readsCheckInput.rawreads, readsCheckInput.trimmed)
    
    emit:
        
        trimmed
        
    
}

workflow step_2AS_denovo__spades {
    
    take:
        
        data
        
    
    main:
        denovo(data)
        assembly_filter(denovo.out.scaffolds).fasta | quast
        assembled = assembly_filter.out.fasta
    
    emit:
        
        assembled
        
    
}

workflow step_4TY_MLST__mlst {
    
    take:
        
        assembly
        
    
    main:
        mlst(assembly)
    
}

// --- ENTRYPOINT ---
workflow {
    trimmed = step_1PP_trimming__fastp(getSingleInput()).trimmed
    assembly = step_2AS_denovo__spades(trimmed).assembled
    step_4TY_MLST__mlst(assembly)
}","nextflow.enable.dsl=2

include { getSingleInput; optionalOrDefault; param } from '../functions/parameters.nf'
include { step_1PP_trimming__fastp } from '../steps/step_1PP_trimming__fastp'
include { step_2AS_denovo__spades } from '../steps/step_2AS_denovo__spades'
include { step_4TY_MLST__mlst } from '../steps/step_4TY_MLST__mlst'
workflow {
    trimmed   = step_1PP_trimming__fastp(getSingleInput()).trimmed
    assembled = step_2AS_denovo__spades(trimmed).assembled
    step_4TY_MLST__mlst(assembled)
}
"
"MOD_3T_SA02_switchThenAdd_eco_to_lis","3","switch_species","(generated)","MOD_3T_SA02_switchThenAdd_eco_to_lis_t3","modification","Also add cgMLST in parallel for this species.","Y","Y","none","","10","10","Y","","","","step_1PP_trimming__fastp, step_2AS_denovo__spades, step_4TY_MLST__mlst, step_4TY_cgMLST__chewbbaca","step_4TY_MLST__mlst, step_4TY_cgMLST__chewbbaca, step_1PP_trimming__fastp, step_2AS_denovo__spades","step_1PP_trimming__fastp, step_2AS_denovo__spades, step_4TY_MLST__mlst, step_4TY_cgMLST__chewbbaca","967","43","4","2","46.6","For Listeria monocytogenes, I'll create a pipeline that includes both MLST and cgMLST typing in parallel. Here's the updated plan:

1. **Preprocessing**: Trim reads with Fastp (`step_1PP_trimming__fastp`)
2. **Assembly**: Assemble with SPAdes (`step_2AS_denovo__spades`)
3. **MLST Typing**: Run MLST ","nextflow.enable.dsl=2

// --- IMPORTS ---

include { step_4TY_MLST__mlst } from '../steps/step_4TY_MLST__mlst'

include { step_4TY_cgMLST__chewbbaca } from '../steps/step_4TY_cgMLST__chewbbaca'

include { step_2AS_denovo__spades } from '../steps/step_2AS_denovo__spades'

include { getSingleInput } from '../functions/parameters.nf'

include { step_1PP_trimming__fastp } from '../steps/step_1PP_trimming__fastp'

// --- GLOBALS ---

def genus_species = 'Listeria monocytogenes'

def schema = 'l_mono_chewie_1748_220623'

// --- INLINE PROCESSES ---

// --- SUB WORKFLOWS ---

workflow wf_mlst_cgmlst {
    
    take:
        
        assembly
        
    
    main:
        step_4TY_MLST__mlst(assembly)
        step_4TY_cgMLST__chewbbaca(assembly, genus_species, schema)
    
}

// --- ENTRYPOINT ---
workflow {
    trimmed = step_1PP_trimming__fastp(getSingleInput()).trimmed
    assembly = step_2AS_denovo__spades(trimmed).assembled
    wf_mlst_cgmlst(assembly)
}","nextflow.enable.dsl=2

include { getSingleInput; optionalOrDefault; param } from '../functions/parameters.nf'
include { step_1PP_trimming__fastp } from '../steps/step_1PP_trimming__fastp'
include { step_2AS_denovo__spades } from '../steps/step_2AS_denovo__spades'
include { step_4TY_MLST__mlst } from '../steps/step_4TY_MLST__mlst'
include { step_4TY_cgMLST__chewbbaca } from '../steps/step_4TY_cgMLST__chewbbaca'
workflow {
    trimmed   = step_1PP_trimming__fastp(getSingleInput()).trimmed
    assembled = step_2AS_denovo__spades(trimmed).assembled
    step_4TY_MLST__mlst(assembled)
    step_4TY_cgMLST__chewbbaca(assembled, param('genus_species'), optionalOrDefault('schema', ''))
}
"
"MOD_3T_SA03_switchThenAdd_sal_to_eco","1","switch_species","(generated)","MOD_3T_SA03_switchThenAdd_sal_to_eco_t1","modification","MLST pipeline for Salmonella enterica from paired Illumina FASTQ.","Y","Y","none","","7","7","Y","","","","step_1PP_trimming__fastp, step_2AS_denovo__spades, step_4TY_MLST__mlst","step_2AS_denovo__spades, step_4TY_MLST__mlst, step_1PP_trimming__fastp","step_1PP_trimming__fastp, step_2AS_denovo__spades, step_4TY_MLST__mlst","816","41","3","2","6.6","Great! I'll proceed with the pipeline you approved:

1. **Preprocessing**: Fastp for trimming paired-end Illumina reads
2. **Assembly**: SPAdes for de novo assembly
3. **MLST Typing**: MLST for sequence type determination

I'll now generate the detailed plan for the Architect.","nextflow.enable.dsl=2

// --- IMPORTS ---

include { step_2AS_denovo__spades } from '../steps/step_2AS_denovo__spades'

include { step_1PP_trimming__fastp } from '../steps/step_1PP_trimming__fastp'

include { getSingleInput } from '../functions/parameters.nf'

include { step_4TY_MLST__mlst } from '../steps/step_4TY_MLST__mlst'

// --- GLOBALS ---

// --- INLINE PROCESSES ---

// --- SUB WORKFLOWS ---

workflow wf_salmonella_mlst {
    
    take:
        
        trimmed
        
    
    main:
        spades_out = step_2AS_denovo__spades(trimmed)
        step_4TY_MLST__mlst(spades_out.assembled)
    
    emit:
        
        assembled = spades_out.assembled
        
    
}

// --- ENTRYPOINT ---
workflow {
    trimmed = step_1PP_trimming__fastp(getSingleInput()).trimmed
    wf_salmonella_mlst(trimmed)
}","nextflow.enable.dsl=2

include { getSingleInput; optionalOrDefault; param } from '../functions/parameters.nf'
include { step_1PP_trimming__fastp } from '../steps/step_1PP_trimming__fastp'
include { step_2AS_denovo__spades } from '../steps/step_2AS_denovo__spades'
include { step_4TY_MLST__mlst } from '../steps/step_4TY_MLST__mlst'
workflow {
    trimmed   = step_1PP_trimming__fastp(getSingleInput()).trimmed
    assembled = step_2AS_denovo__spades(trimmed).assembled
    step_4TY_MLST__mlst(assembled)
}
"
"MOD_3T_SA03_switchThenAdd_sal_to_eco","2","switch_species","(generated)","MOD_3T_SA03_switchThenAdd_sal_to_eco_t2","modification","Apply the same to Escherichia coli.","Y","Y","none","","7","7","Y","","","","step_1PP_trimming__fastp, step_2AS_denovo__spades, step_4TY_MLST__mlst","step_2AS_denovo__spades, step_4TY_MLST__mlst, step_1PP_trimming__fastp","step_1PP_trimming__fastp, step_2AS_denovo__spades, step_4TY_MLST__mlst","720","36","3","2","5.1","Great! I'll proceed with the pipeline you approved:

1. **Preprocessing**: Fastp for trimming paired-end Illumina reads
2. **Assembly**: SPAdes for de novo assembly
3. **MLST Typing**: MLST for sequence type determination

I'll now generate the detailed plan for the Architect.","nextflow.enable.dsl=2

// --- IMPORTS ---

include { step_2AS_denovo__spades } from '../steps/step_2AS_denovo__spades'

include { step_1PP_trimming__fastp } from '../steps/step_1PP_trimming__fastp'

include { getSingleInput } from '../functions/parameters.nf'

include { step_4TY_MLST__mlst } from '../steps/step_4TY_MLST__mlst'

// --- GLOBALS ---

// --- INLINE PROCESSES ---

// --- SUB WORKFLOWS ---

workflow wf_salmonella_mlst {
    
    take:
        
        trimmed
        
    
    main:
        assembly = step_2AS_denovo__spades(trimmed)
        step_4TY_MLST__mlst(assembly)
    
}

// --- ENTRYPOINT ---
workflow {
    trimmed = step_1PP_trimming__fastp(getSingleInput())
    wf_salmonella_mlst(trimmed)
}","nextflow.enable.dsl=2

include { getSingleInput; optionalOrDefault; param } from '../functions/parameters.nf'
include { step_1PP_trimming__fastp } from '../steps/step_1PP_trimming__fastp'
include { step_2AS_denovo__spades } from '../steps/step_2AS_denovo__spades'
include { step_4TY_MLST__mlst } from '../steps/step_4TY_MLST__mlst'
workflow {
    trimmed   = step_1PP_trimming__fastp(getSingleInput()).trimmed
    assembled = step_2AS_denovo__spades(trimmed).assembled
    step_4TY_MLST__mlst(assembled)
}
"
"MOD_3T_SA03_switchThenAdd_sal_to_eco","3","switch_species","(generated)","MOD_3T_SA03_switchThenAdd_sal_to_eco_t3","modification","Also add cgMLST in parallel for this species.","Y","Y","none","","10","10","Y","","","","step_1PP_trimming__fastp, step_2AS_denovo__spades, step_4TY_MLST__mlst, step_4TY_cgMLST__chewbbaca","step_4TY_MLST__mlst, step_4TY_cgMLST__chewbbaca, step_1PP_trimming__fastp, step_2AS_denovo__spades","step_1PP_trimming__fastp, step_2AS_denovo__spades, step_4TY_MLST__mlst, step_4TY_cgMLST__chewbbaca","969","43","4","2","52.6","I'll update the pipeline to include cgMLST in parallel with MLST for Escherichia coli. Here's the revised plan:

1. **Preprocessing**: Fastp for trimming paired-end Illumina reads
2. **Assembly**: SPAdes for de novo assembly
3. **MLST Typing**: MLST for sequence type determination
4. **cgMLST Typing","nextflow.enable.dsl=2

// --- IMPORTS ---

include { step_4TY_MLST__mlst } from '../steps/step_4TY_MLST__mlst'

include { step_4TY_cgMLST__chewbbaca } from '../steps/step_4TY_cgMLST__chewbbaca'

include { step_2AS_denovo__spades } from '../steps/step_2AS_denovo__spades'

include { getSingleInput } from '../functions/parameters.nf'

include { step_1PP_trimming__fastp } from '../steps/step_1PP_trimming__fastp'

// --- GLOBALS ---

def genus_species = 'Escherichia coli'

def schema = 'e_coli_chewie_2360_210531'

// --- INLINE PROCESSES ---

// --- SUB WORKFLOWS ---

workflow wf_mlst_and_cgmlst {
    
    take:
        
        assembly
        
    
    main:
        step_4TY_MLST__mlst(assembly)
        step_4TY_cgMLST__chewbbaca(assembly, genus_species, schema)
    
}

// --- ENTRYPOINT ---
workflow {
    trimmed = step_1PP_trimming__fastp(getSingleInput()).trimmed
    assembly = step_2AS_denovo__spades(trimmed).assembled
    wf_mlst_and_cgmlst(assembly)
}","nextflow.enable.dsl=2

include { getSingleInput; optionalOrDefault; param } from '../functions/parameters.nf'
include { step_1PP_trimming__fastp } from '../steps/step_1PP_trimming__fastp'
include { step_2AS_denovo__spades } from '../steps/step_2AS_denovo__spades'
include { step_4TY_MLST__mlst } from '../steps/step_4TY_MLST__mlst'
include { step_4TY_cgMLST__chewbbaca } from '../steps/step_4TY_cgMLST__chewbbaca'
workflow {
    trimmed   = step_1PP_trimming__fastp(getSingleInput()).trimmed
    assembled = step_2AS_denovo__spades(trimmed).assembled
    step_4TY_MLST__mlst(assembled)
    step_4TY_cgMLST__chewbbaca(assembled, param('genus_species'), optionalOrDefault('schema', ''))
}
"
