"conv_id","turn_index","modification_kind","base_id","id","category","prompt","syntax_valid","semantic_valid","error_category","error_detail","n_processes","expected_processes","matches_gt_steps","extra_steps","missing_steps","hallucinated_steps","included_steps","called_steps","ground_truth_steps","code_chars","code_lines","n_workflow_calls","turns","elapsed_s","llm_reply_excerpt","nextflow_code","ground_truth_code"
"MOD_M01_E02_add_mlst","1","add","E02_cgmlst_lis_fastp_spades","MOD_M01_E02_add_mlst_t1","modification","cgMLST allelic profile for Listeria monocytogenes from paired Illumina FASTQ (fastp + SPAdes + chewbbaca).","N","N","file_not_found","WARN: file not found: '/mnt/data/cohesive_bench/scratch/llm_full_multi_turn/_shared_inputdir/2026/2026.LIS.6.1.1/0SQ_rawreads/DS99999-DT260224_import/result/*.fastq*'","6","9","Y","","","","step_1PP_trimming__fastp, step_2AS_denovo__spades, step_4TY_cgMLST__chewbbaca","step_1PP_trimming__fastp, step_2AS_denovo__spades, step_4TY_cgMLST__chewbbaca","step_1PP_trimming__fastp, step_2AS_denovo__spades, step_4TY_cgMLST__chewbbaca","658","26","3","2","6.9","I will create a pipeline for generating a cgMLST allelic profile for Listeria monocytogenes using paired Illumina FASTQ files. The pipeline will include the following steps: 1. Trimming with fastp, 2. De novo assembly with SPAdes, and 3. cgMLST profiling with chewbbaca.","nextflow.enable.dsl=2

// --- IMPORTS ---

include { step_1PP_trimming__fastp } from '../steps/step_1PP_trimming__fastp'

include { step_4TY_cgMLST__chewbbaca } from '../steps/step_4TY_cgMLST__chewbbaca'

include { getSingleInput } from '../functions/parameters.nf'

include { step_2AS_denovo__spades } from '../steps/step_2AS_denovo__spades'

// --- GLOBALS ---

// --- INLINE PROCESSES ---

// --- SUB WORKFLOWS ---

// --- ENTRYPOINT ---
workflow {
    trimmed = step_1PP_trimming__fastp(getSingleInput()).trimmed

    assembled = step_2AS_denovo__spades(trimmed).assembled

    step_4TY_cgMLST__chewbbaca(assembled, params.genus_species, params.schema)
}","nextflow.enable.dsl=2

include { getSingleInput; optionalOrDefault; param } from '../functions/parameters.nf'
include { step_1PP_trimming__fastp } from '../steps/step_1PP_trimming__fastp'
include { step_2AS_denovo__spades } from '../steps/step_2AS_denovo__spades'
include { step_4TY_cgMLST__chewbbaca } from '../steps/step_4TY_cgMLST__chewbbaca'
workflow {
    trimmed   = step_1PP_trimming__fastp(getSingleInput()).trimmed
    assembled = step_2AS_denovo__spades(trimmed).assembled
    step_4TY_cgMLST__chewbbaca(assembled, param('genus_species'), optionalOrDefault('schema', ''))
}
"
"MOD_M01_E02_add_mlst","2","add","E02_cgmlst_lis_fastp_spades","MOD_M01_E02_add_mlst_t2","modification","Now also run classic MLST in parallel on the same assembly.","Y","Y","none","","10","10","Y","","","","step_1PP_trimming__fastp, step_2AS_denovo__spades, step_4TY_MLST__mlst, step_4TY_cgMLST__chewbbaca","step_1PP_trimming__fastp, step_2AS_denovo__spades, step_4TY_cgMLST__chewbbaca, step_4TY_MLST__mlst","step_1PP_trimming__fastp, step_2AS_denovo__spades, step_4TY_MLST__mlst, step_4TY_cgMLST__chewbbaca","808","29","4","2","7.7","I can create a pipeline for generating a cgMLST allelic profile and classic MLST profile for Listeria monocytogenes using paired Illumina FASTQ files. The pipeline will include the following steps: 1. Trimming with fastp, 2. De novo assembly with SPAdes, 3. cgMLST profiling with chewbbaca, and 4. cl","nextflow.enable.dsl=2

// --- IMPORTS ---

include { step_2AS_denovo__spades } from '../steps/step_2AS_denovo__spades'

include { step_1PP_trimming__fastp } from '../steps/step_1PP_trimming__fastp'

include { step_4TY_MLST__mlst } from '../steps/step_4TY_MLST__mlst'

include { getSingleInput; optionalOrDefault; param } from '../functions/parameters.nf'

include { step_4TY_cgMLST__chewbbaca } from '../steps/step_4TY_cgMLST__chewbbaca'

// --- GLOBALS ---

// --- INLINE PROCESSES ---

// --- SUB WORKFLOWS ---

// --- ENTRYPOINT ---
workflow {
    trimmed = step_1PP_trimming__fastp(getSingleInput()).trimmed

    assembled = step_2AS_denovo__spades(trimmed).assembled

    step_4TY_cgMLST__chewbbaca(assembled, param('genus_species'), optionalOrDefault('schema', ''))
    step_4TY_MLST__mlst(assembled)
}","nextflow.enable.dsl=2

include { getSingleInput; optionalOrDefault; param } from '../functions/parameters.nf'
include { step_1PP_trimming__fastp } from '../steps/step_1PP_trimming__fastp'
include { step_2AS_denovo__spades } from '../steps/step_2AS_denovo__spades'
include { step_4TY_cgMLST__chewbbaca } from '../steps/step_4TY_cgMLST__chewbbaca'
include { step_4TY_MLST__mlst } from '../steps/step_4TY_MLST__mlst'
workflow {
    trimmed   = step_1PP_trimming__fastp(getSingleInput()).trimmed
    assembled = step_2AS_denovo__spades(trimmed).assembled
    step_4TY_cgMLST__chewbbaca(assembled, param('genus_species'), optionalOrDefault('schema', ''))
    step_4TY_MLST__mlst(assembled)
}
"
"MOD_M02_D01_add_chewbbaca","1","add","D01_fastp_spades_lis","MOD_M02_D01_add_chewbbaca_t1","modification","From Illumina paired-end FASTQ of Listeria monocytogenes: trim with fastp and assemble with SPAdes.","Y","Y","none","","6","6","Y","","","","step_1PP_trimming__fastp, step_2AS_denovo__spades","step_1PP_trimming__fastp, step_2AS_denovo__spades","step_1PP_trimming__fastp, step_2AS_denovo__spades","495","22","2","2","7.0","I will build a pipeline with the following steps:

1. Trimming with fastp (`step_1PP_trimming__fastp`)
2. Assembly with SPAdes (`step_2AS_denovo__spades`)","nextflow.enable.dsl=2

// --- IMPORTS ---

include { step_1PP_trimming__fastp } from '../steps/step_1PP_trimming__fastp'

include { getSingleInput } from '../functions/parameters.nf'

include { step_2AS_denovo__spades } from '../steps/step_2AS_denovo__spades'

// --- GLOBALS ---

// --- INLINE PROCESSES ---

// --- SUB WORKFLOWS ---

// --- ENTRYPOINT ---
workflow {
    trimmed = step_1PP_trimming__fastp(getSingleInput()).trimmed

    assembled = step_2AS_denovo__spades(trimmed).assembled
}","nextflow.enable.dsl=2

include { getSingleInput; optionalOrDefault; param } from '../functions/parameters.nf'
include { step_1PP_trimming__fastp } from '../steps/step_1PP_trimming__fastp'
include { step_2AS_denovo__spades } from '../steps/step_2AS_denovo__spades'
workflow {
    trimmed   = step_1PP_trimming__fastp(getSingleInput()).trimmed
    assembled = step_2AS_denovo__spades(trimmed).assembled
}
"
"MOD_M02_D01_add_chewbbaca","2","add","D01_fastp_spades_lis","MOD_M02_D01_add_chewbbaca_t2","modification","Now also compute cgMLST allelic profiles on the resulting assembly.","Y","Y","none","","9","9","Y","","","","step_1PP_trimming__fastp, step_2AS_denovo__spades, step_4TY_cgMLST__chewbbaca","step_1PP_trimming__fastp, step_2AS_denovo__spades, step_4TY_cgMLST__chewbbaca","step_1PP_trimming__fastp, step_2AS_denovo__spades, step_4TY_cgMLST__chewbbaca","704","26","3","2","7.7","I will build a pipeline with the following steps:

1. Trimming with fastp (`step_1PP_trimming__fastp`)
2. Assembly with SPAdes (`step_2AS_denovo__spades`)
3. cgMLST allelic profiles with chewBBACA (`step_4TY_cgMLST__chewbbaca`)","nextflow.enable.dsl=2

// --- IMPORTS ---

include { step_2AS_denovo__spades } from '../steps/step_2AS_denovo__spades'

include { step_1PP_trimming__fastp } from '../steps/step_1PP_trimming__fastp'

include { getSingleInput; optionalOrDefault; param } from '../functions/parameters.nf'

include { step_4TY_cgMLST__chewbbaca } from '../steps/step_4TY_cgMLST__chewbbaca'

// --- GLOBALS ---

// --- INLINE PROCESSES ---

// --- SUB WORKFLOWS ---

// --- ENTRYPOINT ---
workflow {
    trimmed = step_1PP_trimming__fastp(getSingleInput()).trimmed

    assembled = step_2AS_denovo__spades(trimmed).assembled

    step_4TY_cgMLST__chewbbaca(assembled, param('genus_species'), optionalOrDefault('schema', ''))
}","nextflow.enable.dsl=2

include { getSingleInput; optionalOrDefault; param } from '../functions/parameters.nf'
include { step_1PP_trimming__fastp } from '../steps/step_1PP_trimming__fastp'
include { step_2AS_denovo__spades } from '../steps/step_2AS_denovo__spades'
include { step_4TY_cgMLST__chewbbaca } from '../steps/step_4TY_cgMLST__chewbbaca'
workflow {
    trimmed   = step_1PP_trimming__fastp(getSingleInput()).trimmed
    assembled = step_2AS_denovo__spades(trimmed).assembled
    step_4TY_cgMLST__chewbbaca(assembled, param('genus_species'), optionalOrDefault('schema', ''))
}
"
"MOD_M03_B01_add_trimming","1","add","B01_spades_listeria","MOD_M03_B01_add_trimming_t1","modification","De novo genome assembly with SPAdes from Illumina paired-end reads of Listeria monocytogenes.","Y","Y","none","","8","3","N","step_0SQ_rawreads__fastq, step_1PP_trimming__fastp","","","step_0SQ_rawreads__fastq, step_1PP_trimming__fastp, step_2AS_denovo__spades","step_0SQ_rawreads__fastq, step_1PP_trimming__fastp, step_2AS_denovo__spades","step_2AS_denovo__spades","592","26","3","2","7.3","I'm glad you're satisfied with the plan! I will now proceed with the exact steps suggested. The pipeline will include quality control, trimming, and assembly using SPAdes.","nextflow.enable.dsl=2

// --- IMPORTS ---

include { step_1PP_trimming__fastp } from '../steps/step_1PP_trimming__fastp'

include { step_0SQ_rawreads__fastq } from '../steps/step_0SQ_rawreads__fastq'

include { getInput } from '../functions/parameters.nf'

include { step_2AS_denovo__spades } from '../steps/step_2AS_denovo__spades'

// --- GLOBALS ---

// --- INLINE PROCESSES ---

// --- SUB WORKFLOWS ---

// --- ENTRYPOINT ---
workflow {
    step_0SQ_rawreads__fastq(getInput())

    trimmed = step_1PP_trimming__fastp(getInput()).trimmed

    step_2AS_denovo__spades(trimmed).assembled
}","nextflow.enable.dsl=2

include { getSingleInput; optionalOrDefault; param } from '../functions/parameters.nf'
include { step_2AS_denovo__spades } from '../steps/step_2AS_denovo__spades'
workflow {
    step_2AS_denovo__spades(getSingleInput())
}
"
"MOD_M03_B01_add_trimming","2","add","B01_spades_listeria","MOD_M03_B01_add_trimming_t2","modification","Add a fastp trimming step before the assembly.","Y","Y","none","","8","6","N","step_0SQ_rawreads__fastq","","","step_0SQ_rawreads__fastq, step_1PP_trimming__fastp, step_2AS_denovo__spades","step_0SQ_rawreads__fastq, step_1PP_trimming__fastp, step_2AS_denovo__spades","step_1PP_trimming__fastp, step_2AS_denovo__spades","801","41","3","2","8.1","I can add a fastp trimming step before the assembly. The updated plan is:

1. **Quality Control**: Use `step_0SQ_rawreads__fastq` to check the quality of the raw reads.
2. **Trimming**: Use `step_1PP_trimming__fastp` to trim the reads.
3. **Assembly**: Use `step_2AS_denovo__spades` to assemble the t","nextflow.enable.dsl=2

// --- IMPORTS ---

include { step_0SQ_rawreads__fastq } from '../steps/step_0SQ_rawreads__fastq'

include { step_1PP_trimming__fastp } from '../steps/step_1PP_trimming__fastp'

include { getSingleInput } from '../functions/parameters.nf'

include { step_2AS_denovo__spades } from '../steps/step_2AS_denovo__spades'

// --- GLOBALS ---

// --- INLINE PROCESSES ---

// --- SUB WORKFLOWS ---

workflow module_denovo {
    
    take:
        
        rawreads
        
    
    main:
        step_0SQ_rawreads__fastq(rawreads)
        trimmed = step_1PP_trimming__fastp(rawreads).trimmed
        assembled = step_2AS_denovo__spades(trimmed).assembled
    
    emit:
        
        assembled
        
    
}

// --- ENTRYPOINT ---
workflow {
    module_denovo(getSingleInput())
}","nextflow.enable.dsl=2

include { getSingleInput; optionalOrDefault; param } from '../functions/parameters.nf'
include { step_1PP_trimming__fastp } from '../steps/step_1PP_trimming__fastp'
include { step_2AS_denovo__spades } from '../steps/step_2AS_denovo__spades'
workflow {
    trimmed   = step_1PP_trimming__fastp(getSingleInput()).trimmed
    assembled = step_2AS_denovo__spades(trimmed).assembled
}
"
"MOD_M04_A04_add_mlst_parallel","1","add","A04_cgmlst_listeria","MOD_M04_A04_add_mlst_parallel_t1","modification","cgMLST allelic profile for Listeria monocytogenes from a pre-existing assembly.","Y","N","missing_param","ERROR ~ missing required param: species","0","3","Y","","","","step_4TY_cgMLST__chewbbaca","step_4TY_cgMLST__chewbbaca","step_4TY_cgMLST__chewbbaca","894","42","1","2","6.8","I'm ready to build the pipeline. I'll use the exact steps you approved. The Architect will receive the complete instructions now.","nextflow.enable.dsl=2

// --- IMPORTS ---

include { step_4TY_cgMLST__chewbbaca } from '../steps/step_4TY_cgMLST__chewbbaca'

include { getAssembly; getSpecies } from '../functions/parameters.nf'

include { extractKey } from '../functions/common.nf'

// --- GLOBALS ---

// --- INLINE PROCESSES ---

// --- SUB WORKFLOWS ---

workflow module_surveillance {
    
    take:
        
        assembly
        
        species
        
        schema
        
    
    main:
        assembly.cross(species) { extractKey(it) }.cross(schema) { extractKey(it) }.multiMap {
            assembly: it[0][0]
            species: it[0][1]
            schema: it[1]
        }.set { cgmlst_input }

        step_4TY_cgMLST__chewbbaca(cgmlst_input.assembly, cgmlst_input.species, cgmlst_input.schema)
    
}

// --- ENTRYPOINT ---
workflow {
    module_surveillance(getAssembly(), getSpecies(), getSchema())
}","nextflow.enable.dsl=2

include { getInput; optionalOrDefault; param } from '../functions/parameters.nf'
include { step_4TY_cgMLST__chewbbaca } from '../steps/step_4TY_cgMLST__chewbbaca'
workflow {
    step_4TY_cgMLST__chewbbaca(getInput(), param('genus_species'), optionalOrDefault('schema', ''))
}
"
"MOD_M04_A04_add_mlst_parallel","2","add","A04_cgmlst_listeria","MOD_M04_A04_add_mlst_parallel_t2","modification","Also run classic MLST on the same assembly.","Y","N","file_not_found","WARN: file not found: '/mnt/data/cohesive_bench/scratch/llm_full_multi_turn/_shared_inputdir/2026/2026.LIS.2.1.1/2AS_import/DS99999-DT260224_external/result/*.fasta'","0","4","Y","","","","","step_4TY_cgMLST__chewbbaca, step_4TY_MLST__mlst","step_4TY_MLST__mlst, step_4TY_cgMLST__chewbbaca","829","47","2","2","7.6","I can add classic MLST to the pipeline. The pipeline will now include: 1. step_4TY_cgMLST__chewbbaca for cgMLST allelic profile, and 2. step_4TY_MLST__mlst for classic MLST. Does this look good?","nextflow.enable.dsl=2

// --- IMPORTS ---

include { getInput; optionalOrDefault; param } from '../functions/parameters.nf'

// --- GLOBALS ---

// --- INLINE PROCESSES ---

// --- SUB WORKFLOWS ---

workflow step_4TY_cgMLST__chewbbaca {
    
    take:
        
        assembly
        
        genus_species
        
        schema
        
    
    main:
        chewbbaca_result = chewbbaca(assembly, genus_species, schema)
        hashing(chewbbaca_result.alleles)
        chewbbaca_check(chewbbaca_result.stats).check
    
}

workflow step_4TY_MLST__mlst {
    
    take:
        
        assembly
        
    
    main:
        mlst(assembly)
    
}

// --- ENTRYPOINT ---
workflow {
    step_4TY_cgMLST__chewbbaca(getInput(), param('genus_species'), optionalOrDefault('schema', ''))
    step_4TY_MLST__mlst(getInput())
}","nextflow.enable.dsl=2

include { getInput; optionalOrDefault; param } from '../functions/parameters.nf'
include { step_4TY_cgMLST__chewbbaca } from '../steps/step_4TY_cgMLST__chewbbaca'
include { step_4TY_MLST__mlst } from '../steps/step_4TY_MLST__mlst'
workflow {
    asm = getInput()
    step_4TY_cgMLST__chewbbaca(asm, param('genus_species'), optionalOrDefault('schema', ''))
    step_4TY_MLST__mlst(asm)
}
"
"MOD_M05_E07_add_prokka","1","add","E07_abricate_eco","MOD_M05_E07_add_prokka_t1","modification","Resistance gene detection with ABRicate on Escherichia coli from Illumina paired FASTQ.","Y","Y","none","","8","7","N","step_4AN_genes__prokka","","","step_1PP_trimming__fastp, step_2AS_denovo__spades, step_4AN_AMR__abricate, step_4AN_genes__prokka","step_1PP_trimming__fastp, step_2AS_denovo__spades, step_4AN_genes__prokka, step_4AN_AMR__abricate","step_1PP_trimming__fastp, step_2AS_denovo__spades, step_4AN_AMR__abricate","884","42","4","2","10.0","I'm glad you're satisfied with the suggested pipeline flow. I will proceed with the exact steps as discussed.","nextflow.enable.dsl=2

// --- IMPORTS ---

include { step_4AN_AMR__abricate } from '../steps/step_4AN_AMR__abricate'

include { step_4AN_genes__prokka } from '../steps/step_4AN_genes__prokka'

include { step_2AS_denovo__spades } from '../steps/step_2AS_denovo__spades'

include { step_1PP_trimming__fastp } from '../steps/step_1PP_trimming__fastp'

include { getSingleInput } from '../functions/parameters.nf'

// --- GLOBALS ---

// --- INLINE PROCESSES ---

// --- SUB WORKFLOWS ---

workflow module_surveillance {
    
    take:
        
        rawreads
        
    
    main:
        trimmed = step_1PP_trimming__fastp(rawreads)

        assembly = step_2AS_denovo__spades(trimmed.trimmed)

        step_4AN_genes__prokka(assembly.assembled)

        step_4AN_AMR__abricate(assembly.assembled)
    
}

// --- ENTRYPOINT ---
workflow {
    module_surveillance(getSingleInput())
}","nextflow.enable.dsl=2

include { getSingleInput; optionalOrDefault; param } from '../functions/parameters.nf'
include { step_1PP_trimming__fastp } from '../steps/step_1PP_trimming__fastp'
include { step_2AS_denovo__spades } from '../steps/step_2AS_denovo__spades'
include { step_4AN_AMR__abricate } from '../steps/step_4AN_AMR__abricate'
workflow {
    trimmed   = step_1PP_trimming__fastp(getSingleInput()).trimmed
    assembled = step_2AS_denovo__spades(trimmed).assembled
    step_4AN_AMR__abricate(assembled)
}
"
"MOD_M05_E07_add_prokka","2","add","E07_abricate_eco","MOD_M05_E07_add_prokka_t2","modification","Also annotate the assembly with Prokka.","Y","N","partial_dag","Only 5/8 expected processes appeared in the DAG","5","8","N","step_1PP_hostdepl__bowtie","step_1PP_trimming__fastp, step_4AN_AMR__abricate, step_4AN_genes__prokka","","step_1PP_hostdepl__bowtie, step_2AS_denovo__spades","step_1PP_hostdepl__bowtie, step_2AS_denovo__spades","step_1PP_trimming__fastp, step_2AS_denovo__spades, step_4AN_AMR__abricate, step_4AN_genes__prokka","1206","57","2","1","6.4","I'm glad you're satisfied with the suggested pipeline flow. I will proceed with the exact steps as discussed.","nextflow.enable.dsl=2

// --- IMPORTS ---

include { getHost; getSingleInput } from '../functions/parameters.nf'

include { step_2AS_denovo__spades } from '../steps/step_2AS_denovo__spades'

include { step_1PP_hostdepl__bowtie } from '../steps/step_1PP_hostdepl__bowtie'

include { extractKey } from '../functions/common.nf'

// --- GLOBALS ---

// --- INLINE PROCESSES ---

// --- SUB WORKFLOWS ---

workflow module_denovo {
    
    take:
        
        trimmedReads
        
        host
        
    
    main:
        trimmedReads.cross(host) { extractKey(it) }
            .map { [ it[0][0], it[0][1], it[1][1] ] } //riscd, reads, host
            .branch {
                with_host: it[1][1]
                without_host: true
            }
        .set { branchedTrimmed }

        depleted = step_1PP_hostdepl__bowtie(branchedTrimmed.with_host)

        branchedTrimmed.without_host
            .mix(depleted)
            .map { it[0,1] }
            .set{ denovoInput }
        assembled = step_2AS_denovo__spades(denovoInput)
    
    emit:
        
        assembled
        
        depleted
        
    
}

// --- ENTRYPOINT ---
workflow {
    module_denovo(getSingleInput(), getHost())
}","nextflow.enable.dsl=2

include { getSingleInput; optionalOrDefault; param } from '../functions/parameters.nf'
include { step_1PP_trimming__fastp } from '../steps/step_1PP_trimming__fastp'
include { step_2AS_denovo__spades } from '../steps/step_2AS_denovo__spades'
include { step_4AN_AMR__abricate } from '../steps/step_4AN_AMR__abricate'
include { step_4AN_genes__prokka } from '../steps/step_4AN_genes__prokka'
workflow {
    trimmed   = step_1PP_trimming__fastp(getSingleInput()).trimmed
    assembled = step_2AS_denovo__spades(trimmed).assembled
    step_4AN_AMR__abricate(assembled)
    step_4AN_genes__prokka(assembled)
}
"
"MOD_M06_D01_replace_spades_with_shovill","1","replace","D01_fastp_spades_lis","MOD_M06_D01_replace_spades_with_shovill_t1","modification","From Illumina paired-end FASTQ of Listeria monocytogenes: trim with fastp and assemble with SPAdes.","Y","Y","none","","6","6","Y","","","","step_1PP_trimming__fastp, step_2AS_denovo__spades","step_1PP_trimming__fastp, step_2AS_denovo__spades","step_1PP_trimming__fastp, step_2AS_denovo__spades","473","22","2","2","6.3","I'm glad to hear you're ready to proceed! I'll now create a detailed plan for your pipeline.","nextflow.enable.dsl=2

// --- IMPORTS ---

include { step_1PP_trimming__fastp } from '../steps/step_1PP_trimming__fastp'

include { getSingleInput } from '../functions/parameters.nf'

include { step_2AS_denovo__spades } from '../steps/step_2AS_denovo__spades'

// --- GLOBALS ---

// --- INLINE PROCESSES ---

// --- SUB WORKFLOWS ---

// --- ENTRYPOINT ---
workflow {
    trimmed = step_1PP_trimming__fastp(getSingleInput()).trimmed

    step_2AS_denovo__spades(trimmed)
}","nextflow.enable.dsl=2

include { getSingleInput; optionalOrDefault; param } from '../functions/parameters.nf'
include { step_1PP_trimming__fastp } from '../steps/step_1PP_trimming__fastp'
include { step_2AS_denovo__spades } from '../steps/step_2AS_denovo__spades'
workflow {
    trimmed   = step_1PP_trimming__fastp(getSingleInput()).trimmed
    assembled = step_2AS_denovo__spades(trimmed).assembled
}
"
"MOD_M06_D01_replace_spades_with_shovill","2","replace","D01_fastp_spades_lis","MOD_M06_D01_replace_spades_with_shovill_t2","modification","Use Shovill instead of SPAdes for the assembly.","Y","Y","none","","6","6","Y","","","","step_1PP_trimming__fastp, step_2AS_denovo__shovill","step_1PP_trimming__fastp, step_2AS_denovo__shovill","step_1PP_trimming__fastp, step_2AS_denovo__shovill","495","21","2","2","6.4","I can build a pipeline for you using the following steps:

1. Trim your reads with fastp (`step_1PP_trimming__fastp`).
2. Assemble with Shovill (`step_2AS_denovo__shovill`).

Would you like to proceed with this plan?","nextflow.enable.dsl=2

// --- IMPORTS ---

include { step_1PP_trimming__fastp } from '../steps/step_1PP_trimming__fastp'

include { step_2AS_denovo__shovill } from '../steps/step_2AS_denovo__shovill'

include { getSingleInput } from '../functions/parameters.nf'

// --- GLOBALS ---

// --- INLINE PROCESSES ---

// --- SUB WORKFLOWS ---

// --- ENTRYPOINT ---
workflow {
    trimmed = step_1PP_trimming__fastp(getSingleInput()).trimmed
    assembly = step_2AS_denovo__shovill(trimmed).assembly
}","nextflow.enable.dsl=2

include { getSingleInput; optionalOrDefault; param } from '../functions/parameters.nf'
include { step_1PP_trimming__fastp } from '../steps/step_1PP_trimming__fastp'
include { step_2AS_denovo__shovill } from '../steps/step_2AS_denovo__shovill'
workflow {
    trimmed   = step_1PP_trimming__fastp(getSingleInput()).trimmed
    assembled = step_2AS_denovo__shovill(trimmed).assembly
}
"
"MOD_M07_D03_replace_trimmomatic_with_fastp","1","replace","D03_trimmomatic_spades","MOD_M07_D03_replace_trimmomatic_with_fastp_t1","modification","Pipeline: trim with Trimmomatic, assemble with SPAdes. Illumina paired-end.","Y","N","silent_no_op","No process placeholders appeared. when: clause filtered everything?","0","6","N","step_1PP_filtering__bowtie","step_1PP_trimming__trimmomatic","","step_1PP_filtering__bowtie, step_2AS_denovo__spades","step_1PP_filtering__bowtie, step_2AS_denovo__spades","step_1PP_trimming__trimmomatic, step_2AS_denovo__spades","1021","49","2","2","6.4","I will build a pipeline using Trimmomatic and SPAdes. This will use the `module_filtered_denovo` template.","nextflow.enable.dsl=2

// --- IMPORTS ---

include { step_2AS_denovo__spades } from '../steps/step_2AS_denovo__spades'

include { getReference; getSingleInput } from '../functions/parameters.nf'

include { step_1PP_filtering__bowtie } from '../steps/step_1PP_filtering__bowtie'

include { extractKey } from '../functions/common.nf'

// --- GLOBALS ---

// --- INLINE PROCESSES ---

// --- SUB WORKFLOWS ---

workflow module_filtered_denovo {
    
    take:
        
        reads
        
        reference
        
    
    main:
        reads.cross(reference) { extractKey(it) }.multiMap {
            reads: it[0]
            refs:  it[1][1..3]
        }.set { readsAndReferences }

        filtered = step_1PP_filtering__bowtie(readsAndReferences.reads, readsAndReferences.refs)
        assembled = step_2AS_denovo__spades(filtered)
    
    emit:
        
        assembled
        
        filtered
        
    
}

// --- ENTRYPOINT ---
workflow {
    module_filtered_denovo(getSingleInput(), getReference('fa'))
}","nextflow.enable.dsl=2

include { getSingleInput; optionalOrDefault; param } from '../functions/parameters.nf'
include { step_1PP_trimming__trimmomatic } from '../steps/step_1PP_trimming__trimmomatic'
include { step_2AS_denovo__spades } from '../steps/step_2AS_denovo__spades'
workflow {
    trimmed   = step_1PP_trimming__trimmomatic(getSingleInput()).trimmed
    assembled = step_2AS_denovo__spades(trimmed).assembled
}
"
"MOD_M07_D03_replace_trimmomatic_with_fastp","2","replace","D03_trimmomatic_spades","MOD_M07_D03_replace_trimmomatic_with_fastp_t2","modification","Replace Trimmomatic with fastp.","Y","N","silent_no_op","No process placeholders appeared. when: clause filtered everything?","0","6","N","step_1PP_filtering__bowtie","step_1PP_trimming__fastp","","step_1PP_filtering__bowtie, step_2AS_denovo__spades","step_1PP_filtering__bowtie, step_2AS_denovo__spades","step_1PP_trimming__fastp, step_2AS_denovo__spades","1021","49","2","2","8.5","I will build a pipeline using fastp and SPAdes. This will use the `module_filtered_denovo` template.","nextflow.enable.dsl=2

// --- IMPORTS ---

include { step_2AS_denovo__spades } from '../steps/step_2AS_denovo__spades'

include { getReference; getSingleInput } from '../functions/parameters.nf'

include { step_1PP_filtering__bowtie } from '../steps/step_1PP_filtering__bowtie'

include { extractKey } from '../functions/common.nf'

// --- GLOBALS ---

// --- INLINE PROCESSES ---

// --- SUB WORKFLOWS ---

workflow module_filtered_denovo {
    
    take:
        
        reads
        
        reference
        
    
    main:
        reads.cross(reference) { extractKey(it) }.multiMap {
            reads: it[0]
            refs:  it[1][1..3]
        }.set { readsAndReferences }

        filtered = step_1PP_filtering__bowtie(readsAndReferences.reads, readsAndReferences.refs)
        assembled = step_2AS_denovo__spades(filtered)
    
    emit:
        
        assembled
        
        filtered
        
    
}

// --- ENTRYPOINT ---
workflow {
    module_filtered_denovo(getSingleInput(), getReference('fa'))
}","nextflow.enable.dsl=2

include { getSingleInput; optionalOrDefault; param } from '../functions/parameters.nf'
include { step_1PP_trimming__fastp } from '../steps/step_1PP_trimming__fastp'
include { step_2AS_denovo__spades } from '../steps/step_2AS_denovo__spades'
workflow {
    trimmed   = step_1PP_trimming__fastp(getSingleInput()).trimmed
    assembled = step_2AS_denovo__spades(trimmed).assembled
}
"
"MOD_M08_E01_replace_spades_with_unicycler","1","replace","E01_mlst_lis","MOD_M08_E01_replace_spades_with_unicycler_t1","modification","Classic MLST on Listeria monocytogenes from paired-end Illumina FASTQ (trim + assembly + MLST).","Y","Y","none","","7","7","Y","","","","step_1PP_trimming__fastp, step_2AS_denovo__spades, step_4TY_MLST__mlst","step_1PP_trimming__fastp, step_2AS_denovo__spades, step_4TY_MLST__mlst","step_1PP_trimming__fastp, step_2AS_denovo__spades, step_4TY_MLST__mlst","600","26","3","2","8.1","Great! I will now proceed with the pipeline you approved.","nextflow.enable.dsl=2

// --- IMPORTS ---

include { step_4TY_MLST__mlst } from '../steps/step_4TY_MLST__mlst'

include { step_1PP_trimming__fastp } from '../steps/step_1PP_trimming__fastp'

include { getSingleInput } from '../functions/parameters.nf'

include { step_2AS_denovo__spades } from '../steps/step_2AS_denovo__spades'

// --- GLOBALS ---

// --- INLINE PROCESSES ---

// --- SUB WORKFLOWS ---

// --- ENTRYPOINT ---
workflow {
    trimmed = step_1PP_trimming__fastp(getSingleInput()).trimmed

    assembled = step_2AS_denovo__spades(trimmed).assembled

    step_4TY_MLST__mlst(assembled)
}","nextflow.enable.dsl=2

include { getSingleInput; optionalOrDefault; param } from '../functions/parameters.nf'
include { step_1PP_trimming__fastp } from '../steps/step_1PP_trimming__fastp'
include { step_2AS_denovo__spades } from '../steps/step_2AS_denovo__spades'
include { step_4TY_MLST__mlst } from '../steps/step_4TY_MLST__mlst'
workflow {
    trimmed   = step_1PP_trimming__fastp(getSingleInput()).trimmed
    assembled = step_2AS_denovo__spades(trimmed).assembled
    step_4TY_MLST__mlst(assembled)
}
"
"MOD_M08_E01_replace_spades_with_unicycler","2","replace","E01_mlst_lis","MOD_M08_E01_replace_spades_with_unicycler_t2","modification","Use Unicycler instead of SPAdes.","Y","Y","none","","7","7","Y","","","","step_1PP_trimming__fastp, step_2AS_denovo__unicycler, step_4TY_MLST__mlst","step_1PP_trimming__fastp, step_2AS_denovo__unicycler, step_4TY_MLST__mlst","step_1PP_trimming__fastp, step_2AS_denovo__unicycler, step_4TY_MLST__mlst","609","26","3","2","6.0","Based on your requirements, I suggest the following pipeline:

1. **Trimming**: Use `step_1PP_trimming__fastp` to trim the paired-end Illumina FASTQ files.
2. **Assembly**: Use `step_2AS_denovo__unicycler` to assemble the trimmed reads.
3. **MLST**: Use `step_4TY_MLST__mlst` to perform MLST on the a","nextflow.enable.dsl=2

// --- IMPORTS ---

include { step_4TY_MLST__mlst } from '../steps/step_4TY_MLST__mlst'

include { step_1PP_trimming__fastp } from '../steps/step_1PP_trimming__fastp'

include { step_2AS_denovo__unicycler } from '../steps/step_2AS_denovo__unicycler'

include { getSingleInput } from '../functions/parameters.nf'

// --- GLOBALS ---

// --- INLINE PROCESSES ---

// --- SUB WORKFLOWS ---

// --- ENTRYPOINT ---
workflow {
    trimmed = step_1PP_trimming__fastp(getSingleInput()).trimmed

    assembled = step_2AS_denovo__unicycler(trimmed).assembled

    step_4TY_MLST__mlst(assembled)
}","nextflow.enable.dsl=2

include { getSingleInput; optionalOrDefault; param } from '../functions/parameters.nf'
include { step_1PP_trimming__fastp } from '../steps/step_1PP_trimming__fastp'
include { step_2AS_denovo__unicycler } from '../steps/step_2AS_denovo__unicycler'
include { step_4TY_MLST__mlst } from '../steps/step_4TY_MLST__mlst'
workflow {
    trimmed   = step_1PP_trimming__fastp(getSingleInput()).trimmed
    assembled = step_2AS_denovo__unicycler(trimmed).assembled
    step_4TY_MLST__mlst(assembled)
}
"
"MOD_M09_E07_replace_abricate_with_prokka","1","replace","E07_abricate_eco","MOD_M09_E07_replace_abricate_with_prokka_t1","modification","Resistance gene detection with ABRicate on Escherichia coli from Illumina paired FASTQ.","Y","N","silent_no_op","No process placeholders appeared. when: clause filtered everything?","0","7","N","step_2AS_mapping__bowtie","step_2AS_denovo__spades","","step_1PP_trimming__fastp, step_2AS_mapping__bowtie, step_4AN_AMR__abricate","step_1PP_trimming__fastp, step_2AS_mapping__bowtie, step_4AN_AMR__abricate","step_1PP_trimming__fastp, step_2AS_denovo__spades, step_4AN_AMR__abricate","829","33","3","2","7.6","Great! I will proceed with the pipeline design.","nextflow.enable.dsl=2

// --- IMPORTS ---

include { step_1PP_trimming__fastp } from '../steps/step_1PP_trimming__fastp'

include { getReference; getSingleInput } from '../functions/parameters.nf'

include { step_4AN_AMR__abricate } from '../steps/step_4AN_AMR__abricate'

include { step_2AS_mapping__bowtie } from '../steps/step_2AS_mapping__bowtie'

include { extractKey } from '../functions/common.nf'

// --- GLOBALS ---

// --- INLINE PROCESSES ---

// --- SUB WORKFLOWS ---

// --- ENTRYPOINT ---
workflow {
    trimmed = step_1PP_trimming__fastp(getSingleInput()).trimmed

    trimmed.cross(getReference('fa')) { extractKey(it) }.multiMap {
        reads: it[0]
        refs: it[1][1..3]
    }.set { sync }

    consensus = step_2AS_mapping__bowtie(sync.reads, sync.refs).consensus

    step_4AN_AMR__abricate(consensus)
}","nextflow.enable.dsl=2

include { getSingleInput; optionalOrDefault; param } from '../functions/parameters.nf'
include { step_1PP_trimming__fastp } from '../steps/step_1PP_trimming__fastp'
include { step_2AS_denovo__spades } from '../steps/step_2AS_denovo__spades'
include { step_4AN_AMR__abricate } from '../steps/step_4AN_AMR__abricate'
workflow {
    trimmed   = step_1PP_trimming__fastp(getSingleInput()).trimmed
    assembled = step_2AS_denovo__spades(trimmed).assembled
    step_4AN_AMR__abricate(assembled)
}
"
"MOD_M09_E07_replace_abricate_with_prokka","2","replace","E07_abricate_eco","MOD_M09_E07_replace_abricate_with_prokka_t2","modification","Switch from ABRicate to Prokka annotation.","Y","N","silent_no_op","No process placeholders appeared. when: clause filtered everything?","0","7","N","step_2AS_mapping__bowtie","step_2AS_denovo__spades","","step_1PP_trimming__fastp, step_2AS_mapping__bowtie, step_4AN_genes__prokka","step_1PP_trimming__fastp, step_2AS_mapping__bowtie, step_4AN_genes__prokka","step_1PP_trimming__fastp, step_2AS_denovo__spades, step_4AN_genes__prokka","901","33","3","1","6.2","I will switch from ABRicate to Prokka annotation. The pipeline will consist of the following steps:

1. **Trimming**: Use `step_1PP_trimming__fastp` to trim the reads.
2. **Mapping**: Use `step_2AS_mapping__bowtie` to map the trimmed reads to a reference genome.
3. **Annotation**: Use `step_4AN_gene","nextflow.enable.dsl=2

// --- IMPORTS ---

include { step_1PP_trimming__fastp } from '../steps/step_1PP_trimming__fastp'

include { getReference; getSingleInput } from '../functions/parameters.nf'

include { extractKey; getEmpty } from '../functions/common.nf'

include { step_2AS_mapping__bowtie } from '../steps/step_2AS_mapping__bowtie'

include { step_4AN_genes__prokka } from '../steps/step_4AN_genes__prokka'

// --- GLOBALS ---

// --- INLINE PROCESSES ---

// --- SUB WORKFLOWS ---

// --- ENTRYPOINT ---
workflow {
    trimmed = step_1PP_trimming__fastp(getSingleInput()).trimmed

    trimmed.cross(getReference('fa')) { extractKey(it) }.multiMap {
        reads: it[0]
        refs: it[1][1..3]
    }.set { input }

    consensus = step_2AS_mapping__bowtie(input.reads, input.refs).consensus

    step_4AN_genes__prokka(consensus.map { [ it[0], it[1], 'Bacteria', '-', '-', getEmpty() ] })
}","nextflow.enable.dsl=2

include { getSingleInput; optionalOrDefault; param } from '../functions/parameters.nf'
include { step_1PP_trimming__fastp } from '../steps/step_1PP_trimming__fastp'
include { step_2AS_denovo__spades } from '../steps/step_2AS_denovo__spades'
include { step_4AN_genes__prokka } from '../steps/step_4AN_genes__prokka'
workflow {
    trimmed   = step_1PP_trimming__fastp(getSingleInput()).trimmed
    assembled = step_2AS_denovo__spades(trimmed).assembled
    step_4AN_genes__prokka(assembled)
}
"
"MOD_M10_A05_replace_cgmlst_with_mlst","1","replace","A05_cgmlst_ecoli","MOD_M10_A05_replace_cgmlst_with_mlst_t1","modification","cgMLST allelic profile on an Escherichia coli assembly.","Y","Y","none","","3","3","Y","","","","step_4TY_cgMLST__chewbbaca","step_4TY_cgMLST__chewbbaca","step_4TY_cgMLST__chewbbaca","423","18","1","2","6.7","I will create a pipeline for generating a cgMLST allelic profile for an Escherichia coli assembly using the `step_4TY_cgMLST__chewbbaca` component.","nextflow.enable.dsl=2

// --- IMPORTS ---

include { step_4TY_cgMLST__chewbbaca } from '../steps/step_4TY_cgMLST__chewbbaca'

include { getAssembly; optionalOrDefault; param } from '../functions/parameters.nf'

// --- GLOBALS ---

// --- INLINE PROCESSES ---

// --- SUB WORKFLOWS ---

// --- ENTRYPOINT ---
workflow {
    step_4TY_cgMLST__chewbbaca(getAssembly(), param('genus_species'), optionalOrDefault('schema', ''))
}","nextflow.enable.dsl=2

include { getInput; optionalOrDefault; param } from '../functions/parameters.nf'
include { step_4TY_cgMLST__chewbbaca } from '../steps/step_4TY_cgMLST__chewbbaca'
workflow {
    step_4TY_cgMLST__chewbbaca(getInput(), param('genus_species'), optionalOrDefault('schema', ''))
}
"
"MOD_M10_A05_replace_cgmlst_with_mlst","2","replace","A05_cgmlst_ecoli","MOD_M10_A05_replace_cgmlst_with_mlst_t2","modification","Switch from cgMLST to classic 7-gene MLST.","Y","Y","none","","1","1","Y","","","","step_4TY_MLST__mlst","step_4TY_MLST__mlst","step_4TY_MLST__mlst","461","30","1","2","7.0","I can create a pipeline for generating a classic 7-gene MLST profile for an Escherichia coli assembly using the `step_4TY_MLST__mlst` component.","nextflow.enable.dsl=2

// --- IMPORTS ---

include { step_4TY_MLST__mlst } from '../steps/step_4TY_MLST__mlst'

include { getAssembly } from '../functions/parameters.nf'

// --- GLOBALS ---

// --- INLINE PROCESSES ---

// --- SUB WORKFLOWS ---

workflow module_surveillance {
    
    take:
        
        assembly
        
    
    main:
        step_4TY_MLST__mlst(assembly)
    
}

// --- ENTRYPOINT ---
workflow {
    module_surveillance(getAssembly())
}","nextflow.enable.dsl=2

include { getInput; optionalOrDefault; param } from '../functions/parameters.nf'
include { step_4TY_MLST__mlst } from '../steps/step_4TY_MLST__mlst'
workflow {
    step_4TY_MLST__mlst(getInput())
}
"
"MOD_M11_H01_drop_cgmlst","1","drop","H01_mlst_plus_cgmlst_lis","MOD_M11_H01_drop_cgmlst_t1","modification","Run both MLST and cgMLST typing on Listeria monocytogenes from paired Illumina FASTQ.","Y","Y","ngsmanager_naming","ERROR ~ unexpected file name: DS99999-DT260224_2026.LIS.C.1.1_R1.fastq.gz","10","10","Y","","","","step_1PP_trimming__fastp, step_2AS_denovo__spades, step_4TY_MLST__mlst, step_4TY_cgMLST__chewbbaca","step_1PP_trimming__fastp, step_2AS_denovo__spades, step_4TY_MLST__mlst, step_4TY_cgMLST__chewbbaca","step_1PP_trimming__fastp, step_2AS_denovo__spades, step_4TY_MLST__mlst, step_4TY_cgMLST__chewbbaca","809","30","4","2","7.3","I will proceed with the plan to build a pipeline for Listeria monocytogenes typing using MLST and cgMLST. The pipeline will include preprocessing, assembly, and typing steps.","nextflow.enable.dsl=2

// --- IMPORTS ---

include { step_2AS_denovo__spades } from '../steps/step_2AS_denovo__spades'

include { step_1PP_trimming__fastp } from '../steps/step_1PP_trimming__fastp'

include { step_4TY_MLST__mlst } from '../steps/step_4TY_MLST__mlst'

include { getSingleInput; optionalOrDefault; param } from '../functions/parameters.nf'

include { step_4TY_cgMLST__chewbbaca } from '../steps/step_4TY_cgMLST__chewbbaca'

// --- GLOBALS ---

// --- INLINE PROCESSES ---

// --- SUB WORKFLOWS ---

// --- ENTRYPOINT ---
workflow {
    trimmed = step_1PP_trimming__fastp(getSingleInput()).trimmed

    assembled = step_2AS_denovo__spades(trimmed).assembled

    step_4TY_MLST__mlst(assembled)

    step_4TY_cgMLST__chewbbaca(assembled, param('genus_species'), optionalOrDefault('schema', ''))
}","nextflow.enable.dsl=2

include { getSingleInput; optionalOrDefault; param } from '../functions/parameters.nf'
include { step_1PP_trimming__fastp } from '../steps/step_1PP_trimming__fastp'
include { step_2AS_denovo__spades } from '../steps/step_2AS_denovo__spades'
include { step_4TY_MLST__mlst } from '../steps/step_4TY_MLST__mlst'
include { step_4TY_cgMLST__chewbbaca } from '../steps/step_4TY_cgMLST__chewbbaca'
workflow {
    trimmed   = step_1PP_trimming__fastp(getSingleInput()).trimmed
    assembled = step_2AS_denovo__spades(trimmed).assembled
    step_4TY_MLST__mlst(assembled)
    step_4TY_cgMLST__chewbbaca(assembled, param('genus_species'), optionalOrDefault('schema', ''))
}
"
"MOD_M11_H01_drop_cgmlst","2","drop","H01_mlst_plus_cgmlst_lis","MOD_M11_H01_drop_cgmlst_t2","modification","Drop the cgMLST step, only keep MLST.","Y","Y","ngsmanager_naming","ERROR ~ unexpected file name: DS99999-DT260224_2026.LIS.C.1.1_R1.fastq.gz","7","7","Y","","","","step_1PP_trimming__fastp, step_2AS_denovo__spades, step_4TY_MLST__mlst","step_1PP_trimming__fastp, step_2AS_denovo__spades, step_4TY_MLST__mlst","step_1PP_trimming__fastp, step_2AS_denovo__spades, step_4TY_MLST__mlst","862","45","3","1","6.6","I will proceed with the plan to build a pipeline for Listeria monocytogenes typing using MLST. The pipeline will include preprocessing, assembly, and MLST typing steps.","nextflow.enable.dsl=2

// --- IMPORTS ---

include { step_4TY_MLST__mlst } from '../steps/step_4TY_MLST__mlst'

include { step_1PP_trimming__fastp } from '../steps/step_1PP_trimming__fastp'

include { getSingleInput } from '../functions/parameters.nf'

include { step_2AS_denovo__spades } from '../steps/step_2AS_denovo__spades'

// --- GLOBALS ---

// --- INLINE PROCESSES ---

// --- SUB WORKFLOWS ---

workflow wf_assembly_and_typing {
    
    take:
        
        rawreads
        
    
    main:
        trimmed = step_1PP_trimming__fastp(rawreads).trimmed

        assembled = step_2AS_denovo__spades(trimmed).assembled
    
    emit:
        
        trimmed
        
        assembled
        
    
}

// --- ENTRYPOINT ---
workflow {
    wf_assembly_and_typing(getSingleInput()).set { assembly_out }

    step_4TY_MLST__mlst(assembly_out.assembled)
}","nextflow.enable.dsl=2

include { getSingleInput; optionalOrDefault; param } from '../functions/parameters.nf'
include { step_1PP_trimming__fastp } from '../steps/step_1PP_trimming__fastp'
include { step_2AS_denovo__spades } from '../steps/step_2AS_denovo__spades'
include { step_4TY_MLST__mlst } from '../steps/step_4TY_MLST__mlst'
workflow {
    trimmed   = step_1PP_trimming__fastp(getSingleInput()).trimmed
    assembled = step_2AS_denovo__spades(trimmed).assembled
    step_4TY_MLST__mlst(assembled)
}
"
"MOD_M12_D01_drop_assembly","1","drop","D01_fastp_spades_lis","MOD_M12_D01_drop_assembly_t1","modification","From Illumina paired-end FASTQ of Listeria monocytogenes: trim with fastp and assemble with SPAdes.","Y","Y","none","","6","6","Y","","","","step_1PP_trimming__fastp, step_2AS_denovo__spades","step_1PP_trimming__fastp, step_2AS_denovo__spades","step_1PP_trimming__fastp, step_2AS_denovo__spades","495","22","2","2","8.7","Great! I will now build the pipeline with the following steps:

1. Trimming with fastp (`step_1PP_trimming__fastp`)
2. De novo assembly with SPAdes (`step_2AS_denovo__spades`)","nextflow.enable.dsl=2

// --- IMPORTS ---

include { step_1PP_trimming__fastp } from '../steps/step_1PP_trimming__fastp'

include { getSingleInput } from '../functions/parameters.nf'

include { step_2AS_denovo__spades } from '../steps/step_2AS_denovo__spades'

// --- GLOBALS ---

// --- INLINE PROCESSES ---

// --- SUB WORKFLOWS ---

// --- ENTRYPOINT ---
workflow {
    trimmed = step_1PP_trimming__fastp(getSingleInput()).trimmed

    assembled = step_2AS_denovo__spades(trimmed).assembled
}","nextflow.enable.dsl=2

include { getSingleInput; optionalOrDefault; param } from '../functions/parameters.nf'
include { step_1PP_trimming__fastp } from '../steps/step_1PP_trimming__fastp'
include { step_2AS_denovo__spades } from '../steps/step_2AS_denovo__spades'
workflow {
    trimmed   = step_1PP_trimming__fastp(getSingleInput()).trimmed
    assembled = step_2AS_denovo__spades(trimmed).assembled
}
"
"MOD_M12_D01_drop_assembly","2","drop","D01_fastp_spades_lis","MOD_M12_D01_drop_assembly_t2","modification","Actually, drop the assembly and just trim the reads.","Y","Y","file_not_found","WARN: file not found: '/mnt/data/cohesive_bench/scratch/llm_full_multi_turn/_shared_inputdir/2026/2026.LIS.4.1.1/0SQ_rawreads/DS99999-DT260224_import/result/*.fastq*'","3","3","Y","","","","step_1PP_trimming__fastp","step_1PP_trimming__fastp","step_1PP_trimming__fastp","1158","59","1","2","8.6","I can build a pipeline for you. It will use the following steps:

1. Trimming with fastp (`step_1PP_trimming__fastp`)

Does this look good?","nextflow.enable.dsl=2

// --- IMPORTS ---

include { step_1PP_trimming__fastp } from '../steps/step_1PP_trimming__fastp'

include { getInput; hasEnoughFastqData; hasFastqData } from '../functions/parameters.nf'

// --- GLOBALS ---

// --- INLINE PROCESSES ---

// --- SUB WORKFLOWS ---

workflow module_reads_processing {
    
    take:
        
        rawReads
        
    
    main:
        rawReads.branch {
            with_data: hasFastqData(it[1])
            no_reads: true

        }.set { ch_raw }

        proc_fastp = step_1PP_trimming__fastp(ch_raw.with_data)

        proc_fastp.trimmed.branch {
            with_data: hasEnoughFastqData(it[1])
            insufficient: true

        }.set { ch_final }

        assembly_result = assembly(ch_final.with_data)

        qc_result = qc_quast(assembly_result)
    
    emit:
        
        no_reads = ch_raw.no_reads
        
        trimmed_with_data = ch_final.with_data
        
        insufficient_number_of_reads = ch_final.insufficient
        
        assembly_result
        
        qc_result
        
    
}

// --- ENTRYPOINT ---
workflow {
    module_reads_processing(getInput())
}","nextflow.enable.dsl=2

include { getSingleInput; optionalOrDefault; param } from '../functions/parameters.nf'
include { step_1PP_trimming__fastp } from '../steps/step_1PP_trimming__fastp'
workflow {
    step_1PP_trimming__fastp(getSingleInput())
}
"
"MOD_M13_I01_drop_kmerfinder","1","drop","I01_kmerfinder_fastp_spades","MOD_M13_I01_drop_kmerfinder_t1","modification","Identify the species with KmerFinder, in parallel trim with fastp and assemble with SPAdes (Illumina paired).","Y","Y","none","","7","7","Y","","","","step_1PP_trimming__fastp, step_2AS_denovo__spades, step_3TX_species__kmerfinder","step_1PP_trimming__fastp, step_3TX_species__kmerfinder, step_2AS_denovo__spades","step_1PP_trimming__fastp, step_2AS_denovo__spades, step_3TX_species__kmerfinder","652","26","3","2","7.8","I'm ready to design the pipeline. I'll use the following components: KmerFinder for species identification, fastp for read trimming, and SPAdes for assembly. The pipeline will process Illumina paired-end reads. I'll proceed with the design.","nextflow.enable.dsl=2

// --- IMPORTS ---

include { step_1PP_trimming__fastp } from '../steps/step_1PP_trimming__fastp'

include { getSingleInput } from '../functions/parameters.nf'

include { step_2AS_denovo__spades } from '../steps/step_2AS_denovo__spades'

include { step_3TX_species__kmerfinder } from '../steps/step_3TX_species__kmerfinder'

// --- GLOBALS ---

// --- INLINE PROCESSES ---

// --- SUB WORKFLOWS ---

// --- ENTRYPOINT ---
workflow {
    trimmed = step_1PP_trimming__fastp(getSingleInput()).trimmed

    species = step_3TX_species__kmerfinder(trimmed).assigned_species

    assembled = step_2AS_denovo__spades(trimmed).assembled
}","nextflow.enable.dsl=2

include { getSingleInput; optionalOrDefault; param } from '../functions/parameters.nf'
include { step_3TX_species__kmerfinder } from '../steps/step_3TX_species__kmerfinder'
include { step_1PP_trimming__fastp } from '../steps/step_1PP_trimming__fastp'
include { step_2AS_denovo__spades } from '../steps/step_2AS_denovo__spades'
workflow {
    raw = getSingleInput()
    step_3TX_species__kmerfinder(raw)
    trimmed   = step_1PP_trimming__fastp(raw).trimmed
    assembled = step_2AS_denovo__spades(trimmed).assembled
}
"
"MOD_M13_I01_drop_kmerfinder","2","drop","I01_kmerfinder_fastp_spades","MOD_M13_I01_drop_kmerfinder_t2","modification","Drop the KmerFinder species ID. Keep only trim + assembly.","Y","Y","none","","6","6","Y","","","","step_1PP_trimming__fastp, step_2AS_denovo__spades","step_1PP_trimming__fastp, step_2AS_denovo__spades","step_1PP_trimming__fastp, step_2AS_denovo__spades","495","22","2","1","5.7","I'll design a pipeline that trims reads with fastp and assembles with SPAdes. This will process Illumina paired-end reads. I'll use the following components: fastp for trimming and SPAdes for assembly. The pipeline will process the reads in parallel for efficiency. The trimmed reads will be used for","nextflow.enable.dsl=2

// --- IMPORTS ---

include { step_1PP_trimming__fastp } from '../steps/step_1PP_trimming__fastp'

include { getSingleInput } from '../functions/parameters.nf'

include { step_2AS_denovo__spades } from '../steps/step_2AS_denovo__spades'

// --- GLOBALS ---

// --- INLINE PROCESSES ---

// --- SUB WORKFLOWS ---

// --- ENTRYPOINT ---
workflow {
    trimmed = step_1PP_trimming__fastp(getSingleInput()).trimmed

    assembled = step_2AS_denovo__spades(trimmed).assembled
}","nextflow.enable.dsl=2

include { getSingleInput; optionalOrDefault; param } from '../functions/parameters.nf'
include { step_1PP_trimming__fastp } from '../steps/step_1PP_trimming__fastp'
include { step_2AS_denovo__spades } from '../steps/step_2AS_denovo__spades'
workflow {
    trimmed   = step_1PP_trimming__fastp(getSingleInput()).trimmed
    assembled = step_2AS_denovo__spades(trimmed).assembled
}
"
"MOD_M14_E02_switch_species_to_salmonella","1","switch_species","E02_cgmlst_lis_fastp_spades","MOD_M14_E02_switch_species_to_salmonella_t1","modification","cgMLST allelic profile for Listeria monocytogenes from paired Illumina FASTQ (fastp + SPAdes + chewbbaca).","Y","N","file_not_found","WARN: file not found: '/mnt/data/cohesive_bench/scratch/llm_full_multi_turn/_shared_inputdir/2026/2026.LIS.6.1.1/0SQ_rawreads/DS99999-DT260224_import/result/*.fastq*'","6","9","Y","","","","step_1PP_trimming__fastp, step_2AS_denovo__spades, step_4TY_cgMLST__chewbbaca","step_1PP_trimming__fastp, step_2AS_denovo__spades, step_4TY_cgMLST__chewbbaca","step_1PP_trimming__fastp, step_2AS_denovo__spades, step_4TY_cgMLST__chewbbaca","656","24","3","2","8.5","I'm glad you're satisfied with the plan! I will now proceed with the exact steps we discussed. The pipeline will include trimming the reads with `step_1PP_trimming__fastp`, assembling them with `step_2AS_denovo__spades`, and generating the cgMLST allelic profile with `step_4TY_cgMLST__chewbbaca`.","nextflow.enable.dsl=2

// --- IMPORTS ---

include { step_1PP_trimming__fastp } from '../steps/step_1PP_trimming__fastp'

include { step_4TY_cgMLST__chewbbaca } from '../steps/step_4TY_cgMLST__chewbbaca'

include { getSingleInput } from '../functions/parameters.nf'

include { step_2AS_denovo__spades } from '../steps/step_2AS_denovo__spades'

// --- GLOBALS ---

// --- INLINE PROCESSES ---

// --- SUB WORKFLOWS ---

// --- ENTRYPOINT ---
workflow {
    trimmed = step_1PP_trimming__fastp(getSingleInput()).trimmed
    assembled = step_2AS_denovo__spades(trimmed).assembled
    step_4TY_cgMLST__chewbbaca(assembled, params.genus_species, params.schema)
}","nextflow.enable.dsl=2

include { getSingleInput; optionalOrDefault; param } from '../functions/parameters.nf'
include { step_1PP_trimming__fastp } from '../steps/step_1PP_trimming__fastp'
include { step_2AS_denovo__spades } from '../steps/step_2AS_denovo__spades'
include { step_4TY_cgMLST__chewbbaca } from '../steps/step_4TY_cgMLST__chewbbaca'
workflow {
    trimmed   = step_1PP_trimming__fastp(getSingleInput()).trimmed
    assembled = step_2AS_denovo__spades(trimmed).assembled
    step_4TY_cgMLST__chewbbaca(assembled, param('genus_species'), optionalOrDefault('schema', ''))
}
"
"MOD_M14_E02_switch_species_to_salmonella","2","switch_species","E02_cgmlst_lis_fastp_spades","MOD_M14_E02_switch_species_to_salmonella_t2","modification","Run the same pipeline for Salmonella enterica instead of Listeria monocytogenes.","Y","Y","none","","9","9","Y","","","","step_1PP_trimming__fastp, step_2AS_denovo__spades, step_4TY_cgMLST__chewbbaca","step_1PP_trimming__fastp, step_2AS_denovo__spades, step_4TY_cgMLST__chewbbaca","step_1PP_trimming__fastp, step_2AS_denovo__spades, step_4TY_cgMLST__chewbbaca","607","24","3","1","5.7","I can run the same pipeline for Salmonella enterica. The steps will be the same: trimming with `step_1PP_trimming__fastp`, assembling with `step_2AS_denovo__spades`, and generating the cgMLST allelic profile with `step_4TY_cgMLST__chewbbaca`.","nextflow.enable.dsl=2

// --- IMPORTS ---

include { step_1PP_trimming__fastp } from '../steps/step_1PP_trimming__fastp'

include { step_4TY_cgMLST__chewbbaca } from '../steps/step_4TY_cgMLST__chewbbaca'

include { getSingleInput } from '../functions/parameters.nf'

include { step_2AS_denovo__spades } from '../steps/step_2AS_denovo__spades'

// --- GLOBALS ---

// --- INLINE PROCESSES ---

// --- SUB WORKFLOWS ---

// --- ENTRYPOINT ---
workflow {
    trimmed = step_1PP_trimming__fastp(getSingleInput())
    assembly = step_2AS_denovo__spades(trimmed)
    step_4TY_cgMLST__chewbbaca(assembly, '', '')
}","nextflow.enable.dsl=2

include { getSingleInput; optionalOrDefault; param } from '../functions/parameters.nf'
include { step_1PP_trimming__fastp } from '../steps/step_1PP_trimming__fastp'
include { step_2AS_denovo__spades } from '../steps/step_2AS_denovo__spades'
include { step_4TY_cgMLST__chewbbaca } from '../steps/step_4TY_cgMLST__chewbbaca'
workflow {
    trimmed   = step_1PP_trimming__fastp(getSingleInput()).trimmed
    assembled = step_2AS_denovo__spades(trimmed).assembled
    step_4TY_cgMLST__chewbbaca(assembled, param('genus_species'), optionalOrDefault('schema', ''))
}
"
"MOD_M15_A04_switch_species_to_ecoli","1","switch_species","A04_cgmlst_listeria","MOD_M15_A04_switch_species_to_ecoli_t1","modification","cgMLST allelic profile for Listeria monocytogenes from a pre-existing assembly.","Y","N","missing_param","ERROR ~ missing required param: species","0","3","Y","","","","step_4TY_cgMLST__chewbbaca","step_4TY_cgMLST__chewbbaca","step_4TY_cgMLST__chewbbaca","379","18","1","2","6.8","I will create a pipeline to generate a cgMLST allelic profile for Listeria monocytogenes from a pre-existing assembly. The pipeline will use the following steps: 1. cgMLST Typing: Use step_4TY_cgMLST__chewbbaca to generate the cgMLST allelic profile.","nextflow.enable.dsl=2

// --- IMPORTS ---

include { step_4TY_cgMLST__chewbbaca } from '../steps/step_4TY_cgMLST__chewbbaca'

include { getAssembly; getSpecies } from '../functions/parameters.nf'

// --- GLOBALS ---

// --- INLINE PROCESSES ---

// --- SUB WORKFLOWS ---

// --- ENTRYPOINT ---
workflow {
    step_4TY_cgMLST__chewbbaca(getAssembly(), getSpecies(), getSchema())
}","nextflow.enable.dsl=2

include { getInput; optionalOrDefault; param } from '../functions/parameters.nf'
include { step_4TY_cgMLST__chewbbaca } from '../steps/step_4TY_cgMLST__chewbbaca'
workflow {
    step_4TY_cgMLST__chewbbaca(getInput(), param('genus_species'), optionalOrDefault('schema', ''))
}
"
"MOD_M15_A04_switch_species_to_ecoli","2","switch_species","A04_cgmlst_listeria","MOD_M15_A04_switch_species_to_ecoli_t2","modification","Same thing but for Escherichia coli.","Y","N","missing_param","ERROR ~ missing required param: step_3TX_species__kmerfinder__db","0","3","N","step_2AS_mapping__bowtie, step_3TX_species__kmerfinder, step_4AN_AMR__abricate, step_4AN_AMR__staramr, step_4AN_genes__prokka, step_4TY_MLST__mlst, step_4TY_flaA__flaA","","","step_2AS_mapping__bowtie, step_3TX_species__kmerfinder, step_4AN_AMR__abricate, step_4AN_AMR__staramr, step_4AN_genes__prokka, step_4TY_MLST__mlst, step_4TY_cgMLST__chewbbaca, step_4TY_flaA__flaA","step_3TX_species__kmerfinder, step_2AS_mapping__bowtie, step_4AN_AMR__abricate, step_4AN_genes__prokka, step_4AN_AMR__staramr, step_4TY_MLST__mlst, step_4TY_flaA__flaA, step_4TY_cgMLST__chewbbaca","step_4TY_cgMLST__chewbbaca","2240","76","8","1","5.9","I can create a pipeline to generate a cgMLST allelic profile for Escherichia coli from a pre-existing assembly. The pipeline will use the following steps: 1. cgMLST Typing: Use step_4TY_cgMLST__chewbbaca to generate the cgMLST allelic profile.","nextflow.enable.dsl=2

// --- IMPORTS ---

include { step_4TY_cgMLST__chewbbaca } from '../steps/step_4TY_cgMLST__chewbbaca'

include { step_4AN_AMR__abricate } from '../steps/step_4AN_AMR__abricate'

include { getAssembly; getTrimmedReads } from '../functions/parameters.nf'

include { extractKey; getEmpty } from '../functions/common.nf'

include { step_4AN_genes__prokka } from '../steps/step_4AN_genes__prokka'

include { step_4AN_AMR__staramr } from '../steps/step_4AN_AMR__staramr'

include { step_4TY_flaA__flaA } from '../steps/step_4TY_flaA__flaA'

include { step_4TY_MLST__mlst } from '../steps/step_4TY_MLST__mlst'

include { step_2AS_mapping__bowtie } from '../steps/step_2AS_mapping__bowtie'

include { step_3TX_species__kmerfinder } from '../steps/step_3TX_species__kmerfinder'

// --- GLOBALS ---

// --- INLINE PROCESSES ---

// --- SUB WORKFLOWS ---

workflow module_typing_bacteria {
    
    take:
        
        trimmed
        
        assembly
        
    
    main:
        assigned_species = step_3TX_species__kmerfinder(assembly).assigned_species

        if (!params.skip_bestref_mapping) {
          trimmed.cross(assigned_species) { extractKey(it) }.multiMap {
            trimmed: it[0]
            species: it[1][1]
            referencePath: it[1][2]
          }.set { trimAndAndSpecies }
          step_2AS_mapping__bowtie(trimAndAndSpecies.trimmed, trimAndAndSpecies.referencePath)
        }

        step_4AN_AMR__abricate(assembly)

        step_4AN_genes__prokka(assembly.map{ [ it[0], it[1], 'Bacteria', '-', '-', getEmpty() ] })

        assembly.cross(assigned_species) { extractKey(it) }.multiMap {
          assembly: it[0]
          species: it[1][1]
        }.set { assemblyAndSpecies }

        step_4AN_AMR__staramr(assemblyAndSpecies.assembly, assemblyAndSpecies.species)
        step_4TY_MLST__mlst(assemblyAndSpecies.assembly)
        step_4TY_flaA__flaA(assemblyAndSpecies.assembly, assemblyAndSpecies.species)
        step_4TY_cgMLST__chewbbaca(assemblyAndSpecies.assembly, assemblyAndSpecies.species, '')
    
    emit:
        
        genus_species = assigned_species
        
    
}

// --- ENTRYPOINT ---
workflow {
    module_typing_bacteria(getTrimmedReads(true), getAssembly())
}","nextflow.enable.dsl=2

include { getInput; optionalOrDefault; param } from '../functions/parameters.nf'
include { step_4TY_cgMLST__chewbbaca } from '../steps/step_4TY_cgMLST__chewbbaca'
workflow {
    step_4TY_cgMLST__chewbbaca(getInput(), param('genus_species'), optionalOrDefault('schema', ''))
}
"
"MOD_M16_E07_switch_species_to_salmonella","1","switch_species","E07_abricate_eco","MOD_M16_E07_switch_species_to_salmonella_t1","modification","Resistance gene detection with ABRicate on Escherichia coli from Illumina paired FASTQ.","Y","N","missing_param","ERROR ~ missing required param: step_3TX_species__kmerfinder__db","0","7","N","step_3TX_species__kmerfinder","","","step_1PP_trimming__fastp, step_2AS_denovo__spades, step_3TX_species__kmerfinder, step_4AN_AMR__abricate","step_1PP_trimming__fastp, step_2AS_denovo__spades, step_4AN_AMR__abricate, step_3TX_species__kmerfinder","step_1PP_trimming__fastp, step_2AS_denovo__spades, step_4AN_AMR__abricate","902","42","4","2","7.8","I'm glad you're satisfied with the plan! I will now proceed with the exact steps we discussed. The pipeline will include preprocessing, assembly, annotation & AMR, and taxonomy steps. Let's proceed with the implementation.","nextflow.enable.dsl=2

// --- IMPORTS ---

include { step_4AN_AMR__abricate } from '../steps/step_4AN_AMR__abricate'

include { step_2AS_denovo__spades } from '../steps/step_2AS_denovo__spades'

include { step_1PP_trimming__fastp } from '../steps/step_1PP_trimming__fastp'

include { getSingleInput } from '../functions/parameters.nf'

include { step_3TX_species__kmerfinder } from '../steps/step_3TX_species__kmerfinder'

// --- GLOBALS ---

// --- INLINE PROCESSES ---

// --- SUB WORKFLOWS ---

workflow module_surveillance {
    
    take:
        
        rawreads
        
    
    main:
        trimmed = step_1PP_trimming__fastp(rawreads)

        assembly = step_2AS_denovo__spades(trimmed.trimmed)

        step_4AN_AMR__abricate(assembly.assembled)

        step_3TX_species__kmerfinder(assembly.assembled)
    
}

// --- ENTRYPOINT ---
workflow {
    module_surveillance(getSingleInput())
}","nextflow.enable.dsl=2

include { getSingleInput; optionalOrDefault; param } from '../functions/parameters.nf'
include { step_1PP_trimming__fastp } from '../steps/step_1PP_trimming__fastp'
include { step_2AS_denovo__spades } from '../steps/step_2AS_denovo__spades'
include { step_4AN_AMR__abricate } from '../steps/step_4AN_AMR__abricate'
workflow {
    trimmed   = step_1PP_trimming__fastp(getSingleInput()).trimmed
    assembled = step_2AS_denovo__spades(trimmed).assembled
    step_4AN_AMR__abricate(assembled)
}
"
"MOD_M16_E07_switch_species_to_salmonella","2","switch_species","E07_abricate_eco","MOD_M16_E07_switch_species_to_salmonella_t2","modification","Switch to Salmonella enterica.","N","N","no_code","no nextflow_code after max turns","0","7","N","","step_1PP_trimming__fastp, step_2AS_denovo__spades, step_4AN_AMR__abricate","","","","step_1PP_trimming__fastp, step_2AS_denovo__spades, step_4AN_AMR__abricate","0","0","0","4","6.4","I'm sorry, but I currently don't have the tools needed to assist with that specific request. Is there something else I can help you with?","","nextflow.enable.dsl=2

include { getSingleInput; optionalOrDefault; param } from '../functions/parameters.nf'
include { step_1PP_trimming__fastp } from '../steps/step_1PP_trimming__fastp'
include { step_2AS_denovo__spades } from '../steps/step_2AS_denovo__spades'
include { step_4AN_AMR__abricate } from '../steps/step_4AN_AMR__abricate'
workflow {
    trimmed   = step_1PP_trimming__fastp(getSingleInput()).trimmed
    assembled = step_2AS_denovo__spades(trimmed).assembled
    step_4AN_AMR__abricate(assembled)
}
"
"MOD_M17_D05_switch_species_to_ecoli","1","switch_species","D05_fastp_spades_cam","MOD_M17_D05_switch_species_to_ecoli_t1","modification","Trim and de novo assembly (fastp + SPAdes) for a paired-end Illumina Campylobacter sample.","Y","N","partial_dag","Only 5/6 expected processes appeared in the DAG","5","6","N","step_1PP_hostdepl__bowtie","step_1PP_trimming__fastp","","step_1PP_hostdepl__bowtie, step_2AS_denovo__spades","step_1PP_hostdepl__bowtie, step_2AS_denovo__spades","step_1PP_trimming__fastp, step_2AS_denovo__spades","1206","57","2","2","7.4","I will create a pipeline using the module_denovo template, which includes fastp for trimming and SPAdes for de novo assembly. This will handle paired-end Illumina data for Campylobacter.","nextflow.enable.dsl=2

// --- IMPORTS ---

include { getHost; getSingleInput } from '../functions/parameters.nf'

include { step_2AS_denovo__spades } from '../steps/step_2AS_denovo__spades'

include { step_1PP_hostdepl__bowtie } from '../steps/step_1PP_hostdepl__bowtie'

include { extractKey } from '../functions/common.nf'

// --- GLOBALS ---

// --- INLINE PROCESSES ---

// --- SUB WORKFLOWS ---

workflow module_denovo {
    
    take:
        
        trimmedReads
        
        host
        
    
    main:
        trimmedReads.cross(host) { extractKey(it) }
            .map { [ it[0][0], it[0][1], it[1][1] ] } //riscd, reads, host
            .branch {
                with_host: it[1][1]
                without_host: true
            }
        .set { branchedTrimmed }

        depleted = step_1PP_hostdepl__bowtie(branchedTrimmed.with_host)

        branchedTrimmed.without_host
            .mix(depleted)
            .map { it[0,1] }
            .set{ denovoInput }
        assembled = step_2AS_denovo__spades(denovoInput)
    
    emit:
        
        assembled
        
        depleted
        
    
}

// --- ENTRYPOINT ---
workflow {
    module_denovo(getSingleInput(), getHost())
}","nextflow.enable.dsl=2

include { getSingleInput; optionalOrDefault; param } from '../functions/parameters.nf'
include { step_1PP_trimming__fastp } from '../steps/step_1PP_trimming__fastp'
include { step_2AS_denovo__spades } from '../steps/step_2AS_denovo__spades'
workflow {
    trimmed   = step_1PP_trimming__fastp(getSingleInput()).trimmed
    assembled = step_2AS_denovo__spades(trimmed).assembled
}
"
"MOD_M17_D05_switch_species_to_ecoli","2","switch_species","D05_fastp_spades_cam","MOD_M17_D05_switch_species_to_ecoli_t2","modification","Apply the same pipeline to an Escherichia coli sample.","Y","N","silent_no_op","No process placeholders appeared. when: clause filtered everything?","0","6","N","step_1PP_filtering__bowtie","step_1PP_trimming__fastp","","step_1PP_filtering__bowtie, step_2AS_denovo__spades","step_1PP_filtering__bowtie, step_2AS_denovo__spades","step_1PP_trimming__fastp, step_2AS_denovo__spades","1058","49","2","2","6.2","I will create a pipeline using the module_filtered_denovo template, which includes step_1PP_filtering__bowtie for filtering and step_2AS_denovo__spades for assembly. This will handle paired-end Illumina data for Escherichia coli.","nextflow.enable.dsl=2

// --- IMPORTS ---

include { step_2AS_denovo__spades } from '../steps/step_2AS_denovo__spades'

include { getReference; getSingleInput } from '../functions/parameters.nf'

include { step_1PP_filtering__bowtie } from '../steps/step_1PP_filtering__bowtie'

include { extractKey } from '../functions/common.nf'

// --- GLOBALS ---

// --- INLINE PROCESSES ---

// --- SUB WORKFLOWS ---

workflow module_filtered_denovo {
    
    take:
        
        reads
        
        reference
        
    
    main:
        reads.cross(reference) { extractKey(it) }.multiMap {
            reads: it[0] // riscd, reads
            refs:  it[1][1..3] // riscd, code, path
        }.set { readsAndReferences }

        filtered = step_1PP_filtering__bowtie(readsAndReferences.reads, readsAndReferences.refs)
        assembled = step_2AS_denovo__spades(filtered)
    
    emit:
        
        assembled
        
        filtered
        
    
}

// --- ENTRYPOINT ---
workflow {
    module_filtered_denovo(getSingleInput(), getReference('fa'))
}","nextflow.enable.dsl=2

include { getSingleInput; optionalOrDefault; param } from '../functions/parameters.nf'
include { step_1PP_trimming__fastp } from '../steps/step_1PP_trimming__fastp'
include { step_2AS_denovo__spades } from '../steps/step_2AS_denovo__spades'
workflow {
    trimmed   = step_1PP_trimming__fastp(getSingleInput()).trimmed
    assembled = step_2AS_denovo__spades(trimmed).assembled
}
"
"MOD_K01_add_mlst_to_chewbbaca_lis_spades","1","add","(generated)","MOD_K01_add_mlst_to_chewbbaca_lis_spades_t1","modification","chewbbaca on Listeria monocytogenes from paired Illumina FASTQ (fastp + spades).","Y","Y","none","","9","9","Y","","","","step_1PP_trimming__fastp, step_2AS_denovo__spades, step_4TY_cgMLST__chewbbaca","step_2AS_denovo__spades, step_4TY_cgMLST__chewbbaca, step_1PP_trimming__fastp","step_1PP_trimming__fastp, step_2AS_denovo__spades, step_4TY_cgMLST__chewbbaca","826","36","3","2","8.3","I'm ready to build your pipeline. I'll use the exact steps we discussed.","nextflow.enable.dsl=2

// --- IMPORTS ---

include { step_1PP_trimming__fastp } from '../steps/step_1PP_trimming__fastp'

include { step_4TY_cgMLST__chewbbaca } from '../steps/step_4TY_cgMLST__chewbbaca'

include { getSingleInput } from '../functions/parameters.nf'

include { step_2AS_denovo__spades } from '../steps/step_2AS_denovo__spades'

// --- GLOBALS ---

// --- INLINE PROCESSES ---

// --- SUB WORKFLOWS ---

workflow wf_assembly_and_cgmlst {
    
    take:
        
        trimmed
        
    
    main:
        spades_out = step_2AS_denovo__spades(trimmed)
        step_4TY_cgMLST__chewbbaca(spades_out.assembled, 'listeria_monocytogenes', 'l_mono_chewie_1748_220623')
    
}

// --- ENTRYPOINT ---
workflow {
    trimmed = step_1PP_trimming__fastp(getSingleInput()).trimmed
    wf_assembly_and_cgmlst(trimmed)
}","nextflow.enable.dsl=2

include { getSingleInput; optionalOrDefault; param } from '../functions/parameters.nf'
include { step_1PP_trimming__fastp } from '../steps/step_1PP_trimming__fastp'
include { step_2AS_denovo__spades } from '../steps/step_2AS_denovo__spades'
include { step_4TY_cgMLST__chewbbaca } from '../steps/step_4TY_cgMLST__chewbbaca'
workflow {
    trimmed   = step_1PP_trimming__fastp(getSingleInput()).trimmed
    assembled = step_2AS_denovo__spades(trimmed).assembled
    step_4TY_cgMLST__chewbbaca(assembled, param('genus_species'), optionalOrDefault('schema', ''))
}
"
"MOD_K01_add_mlst_to_chewbbaca_lis_spades","2","add","(generated)","MOD_K01_add_mlst_to_chewbbaca_lis_spades_t2","modification","Now also run mlst in parallel on the same assembly.","Y","Y","none","","10","10","Y","","","","step_1PP_trimming__fastp, step_2AS_denovo__spades, step_4TY_MLST__mlst, step_4TY_cgMLST__chewbbaca","step_1PP_trimming__fastp, step_2AS_denovo__spades, step_4TY_cgMLST__chewbbaca, step_4TY_MLST__mlst","step_1PP_trimming__fastp, step_2AS_denovo__spades, step_4TY_MLST__mlst, step_4TY_cgMLST__chewbbaca","809","30","4","2","11.1","I'm ready to build your pipeline. I'll use the exact steps we discussed.","nextflow.enable.dsl=2

// --- IMPORTS ---

include { step_2AS_denovo__spades } from '../steps/step_2AS_denovo__spades'

include { step_1PP_trimming__fastp } from '../steps/step_1PP_trimming__fastp'

include { step_4TY_MLST__mlst } from '../steps/step_4TY_MLST__mlst'

include { getSingleInput; optionalOrDefault; param } from '../functions/parameters.nf'

include { step_4TY_cgMLST__chewbbaca } from '../steps/step_4TY_cgMLST__chewbbaca'

// --- GLOBALS ---

// --- INLINE PROCESSES ---

// --- SUB WORKFLOWS ---

// --- ENTRYPOINT ---
workflow {
    trimmed = step_1PP_trimming__fastp(getSingleInput()).trimmed

    assembled = step_2AS_denovo__spades(trimmed).assembled

    step_4TY_cgMLST__chewbbaca(assembled, param('genus_species'), optionalOrDefault('schema', ''))

    step_4TY_MLST__mlst(assembled)
}","nextflow.enable.dsl=2

include { getSingleInput; optionalOrDefault; param } from '../functions/parameters.nf'
include { step_1PP_trimming__fastp } from '../steps/step_1PP_trimming__fastp'
include { step_2AS_denovo__spades } from '../steps/step_2AS_denovo__spades'
include { step_4TY_cgMLST__chewbbaca } from '../steps/step_4TY_cgMLST__chewbbaca'
include { step_4TY_MLST__mlst } from '../steps/step_4TY_MLST__mlst'
workflow {
    trimmed   = step_1PP_trimming__fastp(getSingleInput()).trimmed
    assembled = step_2AS_denovo__spades(trimmed).assembled
    step_4TY_cgMLST__chewbbaca(assembled, param('genus_species'), optionalOrDefault('schema', ''))
    step_4TY_MLST__mlst(assembled)
}
"
"MOD_K02_add_mlst_to_chewbbaca_sal_spades","1","add","(generated)","MOD_K02_add_mlst_to_chewbbaca_sal_spades_t1","modification","chewbbaca on Salmonella enterica from paired Illumina FASTQ (fastp + spades).","Y","N","file_not_found","WARN: file not found: '/mnt/data/cohesive_bench/scratch/llm_full_multi_turn/_shared_inputdir/2026/2026.SAL.200.1.1/0SQ_rawreads/DS99999-DT260224_import/result/*.fastq*'","6","9","Y","","","","step_1PP_trimming__fastp, step_2AS_denovo__spades, step_4TY_cgMLST__chewbbaca","step_1PP_trimming__fastp, step_2AS_denovo__spades, step_4TY_cgMLST__chewbbaca","step_1PP_trimming__fastp, step_2AS_denovo__spades, step_4TY_cgMLST__chewbbaca","658","26","3","2","8.6","Great! I'll create a pipeline with fastp for trimming, SPAdes for assembly, and chewbbaca for cgMLST typing.","nextflow.enable.dsl=2

// --- IMPORTS ---

include { step_1PP_trimming__fastp } from '../steps/step_1PP_trimming__fastp'

include { step_4TY_cgMLST__chewbbaca } from '../steps/step_4TY_cgMLST__chewbbaca'

include { getSingleInput } from '../functions/parameters.nf'

include { step_2AS_denovo__spades } from '../steps/step_2AS_denovo__spades'

// --- GLOBALS ---

// --- INLINE PROCESSES ---

// --- SUB WORKFLOWS ---

// --- ENTRYPOINT ---
workflow {
    trimmed = step_1PP_trimming__fastp(getSingleInput()).trimmed

    assembled = step_2AS_denovo__spades(trimmed).assembled

    step_4TY_cgMLST__chewbbaca(assembled, params.genus_species, params.schema)
}","nextflow.enable.dsl=2

include { getSingleInput; optionalOrDefault; param } from '../functions/parameters.nf'
include { step_1PP_trimming__fastp } from '../steps/step_1PP_trimming__fastp'
include { step_2AS_denovo__spades } from '../steps/step_2AS_denovo__spades'
include { step_4TY_cgMLST__chewbbaca } from '../steps/step_4TY_cgMLST__chewbbaca'
workflow {
    trimmed   = step_1PP_trimming__fastp(getSingleInput()).trimmed
    assembled = step_2AS_denovo__spades(trimmed).assembled
    step_4TY_cgMLST__chewbbaca(assembled, param('genus_species'), optionalOrDefault('schema', ''))
}
"
"MOD_K02_add_mlst_to_chewbbaca_sal_spades","2","add","(generated)","MOD_K02_add_mlst_to_chewbbaca_sal_spades_t2","modification","Now also run mlst in parallel on the same assembly.","Y","Y","none","","10","10","Y","","","","step_1PP_trimming__fastp, step_2AS_denovo__spades, step_4TY_MLST__mlst, step_4TY_cgMLST__chewbbaca","step_2AS_denovo__spades, step_4TY_cgMLST__chewbbaca, step_4TY_MLST__mlst, step_1PP_trimming__fastp","step_1PP_trimming__fastp, step_2AS_denovo__spades, step_4TY_MLST__mlst, step_4TY_cgMLST__chewbbaca","973","44","4","2","9.4","I'll create a pipeline with fastp for trimming, SPAdes for assembly, and both chewbbaca and mlst for typing. The data channels will connect as follows:
1. fastp will emit trimmed reads to SPAdes
2. SPAdes will emit the assembly to both chewbbaca and mlst
The pipeline will use the following exact com","nextflow.enable.dsl=2

// --- IMPORTS ---

include { step_4TY_cgMLST__chewbbaca } from '../steps/step_4TY_cgMLST__chewbbaca'

include { step_2AS_denovo__spades } from '../steps/step_2AS_denovo__spades'

include { step_4TY_MLST__mlst } from '../steps/step_4TY_MLST__mlst'

include { step_1PP_trimming__fastp } from '../steps/step_1PP_trimming__fastp'

include { getSingleInput } from '../functions/parameters.nf'

// --- GLOBALS ---

// --- INLINE PROCESSES ---

// --- SUB WORKFLOWS ---

workflow wf_assembly_and_typing {
    
    take:
        
        trimmed
        
    
    main:
        assembly = step_2AS_denovo__spades(trimmed).assembled
        step_4TY_cgMLST__chewbbaca(assembly, 'escherichia_coli', 'e_coli_chewie_2360_210531')
        step_4TY_MLST__mlst(assembly)
    
    emit:
        
        assembly
        
    
}

// --- ENTRYPOINT ---
workflow {
    trimmed = step_1PP_trimming__fastp(getSingleInput()).trimmed
    wf_assembly_and_typing(trimmed)
}","nextflow.enable.dsl=2

include { getSingleInput; optionalOrDefault; param } from '../functions/parameters.nf'
include { step_1PP_trimming__fastp } from '../steps/step_1PP_trimming__fastp'
include { step_2AS_denovo__spades } from '../steps/step_2AS_denovo__spades'
include { step_4TY_cgMLST__chewbbaca } from '../steps/step_4TY_cgMLST__chewbbaca'
include { step_4TY_MLST__mlst } from '../steps/step_4TY_MLST__mlst'
workflow {
    trimmed   = step_1PP_trimming__fastp(getSingleInput()).trimmed
    assembled = step_2AS_denovo__spades(trimmed).assembled
    step_4TY_cgMLST__chewbbaca(assembled, param('genus_species'), optionalOrDefault('schema', ''))
    step_4TY_MLST__mlst(assembled)
}
"
"MOD_K03_add_mlst_to_chewbbaca_eco_spades","1","add","(generated)","MOD_K03_add_mlst_to_chewbbaca_eco_spades_t1","modification","chewbbaca on Escherichia coli from paired Illumina FASTQ (fastp + spades).","Y","Y","none","","9","9","Y","","","","step_1PP_trimming__fastp, step_2AS_denovo__spades, step_4TY_cgMLST__chewbbaca","step_1PP_trimming__fastp, step_2AS_denovo__spades, step_4TY_cgMLST__chewbbaca","step_1PP_trimming__fastp, step_2AS_denovo__spades, step_4TY_cgMLST__chewbbaca","670","26","3","2","9.0","I'm ready to build the pipeline. I'll use the following components: fastp for trimming, SPAdes for de novo assembly, and ChewBBaCA for cgMLST typing. The pipeline will process paired Illumina FASTQ files to generate the cgMLST profile.","nextflow.enable.dsl=2

// --- IMPORTS ---

include { step_1PP_trimming__fastp } from '../steps/step_1PP_trimming__fastp'

include { step_4TY_cgMLST__chewbbaca } from '../steps/step_4TY_cgMLST__chewbbaca'

include { getSingleInput } from '../functions/parameters.nf'

include { step_2AS_denovo__spades } from '../steps/step_2AS_denovo__spades'

// --- GLOBALS ---

// --- INLINE PROCESSES ---

// --- SUB WORKFLOWS ---

// --- ENTRYPOINT ---
workflow {
    trimmed = step_1PP_trimming__fastp(getSingleInput()).trimmed

    assembled = step_2AS_denovo__spades(trimmed).assembled

    step_4TY_cgMLST__chewbbaca(assembled, 'escherichia_coli', 'e_coli_chewie_2360_210531')
}","nextflow.enable.dsl=2

include { getSingleInput; optionalOrDefault; param } from '../functions/parameters.nf'
include { step_1PP_trimming__fastp } from '../steps/step_1PP_trimming__fastp'
include { step_2AS_denovo__spades } from '../steps/step_2AS_denovo__spades'
include { step_4TY_cgMLST__chewbbaca } from '../steps/step_4TY_cgMLST__chewbbaca'
workflow {
    trimmed   = step_1PP_trimming__fastp(getSingleInput()).trimmed
    assembled = step_2AS_denovo__spades(trimmed).assembled
    step_4TY_cgMLST__chewbbaca(assembled, param('genus_species'), optionalOrDefault('schema', ''))
}
"
"MOD_K03_add_mlst_to_chewbbaca_eco_spades","2","add","(generated)","MOD_K03_add_mlst_to_chewbbaca_eco_spades_t2","modification","Now also run mlst in parallel on the same assembly.","Y","Y","none","","10","10","Y","","","","step_1PP_trimming__fastp, step_2AS_denovo__spades, step_4TY_MLST__mlst, step_4TY_cgMLST__chewbbaca","step_2AS_denovo__spades, step_4TY_cgMLST__chewbbaca, step_4TY_MLST__mlst, step_1PP_trimming__fastp","step_1PP_trimming__fastp, step_2AS_denovo__spades, step_4TY_MLST__mlst, step_4TY_cgMLST__chewbbaca","898","39","4","2","7.8","I can add MLST typing in parallel to the existing pipeline. The pipeline will now include trimming with fastp, de novo assembly with SPAdes, and parallel typing with both ChewBBaCA for cgMLST and MLST. Does this updated plan look good to you?","nextflow.enable.dsl=2

// --- IMPORTS ---

include { step_4TY_cgMLST__chewbbaca } from '../steps/step_4TY_cgMLST__chewbbaca'

include { step_2AS_denovo__spades } from '../steps/step_2AS_denovo__spades'

include { step_4TY_MLST__mlst } from '../steps/step_4TY_MLST__mlst'

include { step_1PP_trimming__fastp } from '../steps/step_1PP_trimming__fastp'

include { getSingleInput } from '../functions/parameters.nf'

// --- GLOBALS ---

// --- INLINE PROCESSES ---

// --- SUB WORKFLOWS ---

workflow wf_assembly_and_typing {
    
    take:
        
        trimmed
        
    
    main:
        assembly = step_2AS_denovo__spades(trimmed).assembled
        step_4TY_cgMLST__chewbbaca(assembly, 'escherichia_coli', '')
        step_4TY_MLST__mlst(assembly)
    
}

// --- ENTRYPOINT ---
workflow {
    trimmed = step_1PP_trimming__fastp(getSingleInput()).trimmed
    wf_assembly_and_typing(trimmed)
}","nextflow.enable.dsl=2

include { getSingleInput; optionalOrDefault; param } from '../functions/parameters.nf'
include { step_1PP_trimming__fastp } from '../steps/step_1PP_trimming__fastp'
include { step_2AS_denovo__spades } from '../steps/step_2AS_denovo__spades'
include { step_4TY_cgMLST__chewbbaca } from '../steps/step_4TY_cgMLST__chewbbaca'
include { step_4TY_MLST__mlst } from '../steps/step_4TY_MLST__mlst'
workflow {
    trimmed   = step_1PP_trimming__fastp(getSingleInput()).trimmed
    assembled = step_2AS_denovo__spades(trimmed).assembled
    step_4TY_cgMLST__chewbbaca(assembled, param('genus_species'), optionalOrDefault('schema', ''))
    step_4TY_MLST__mlst(assembled)
}
"
"MOD_K04_add_abricate_to_chewbbaca_lis_spades","1","add","(generated)","MOD_K04_add_abricate_to_chewbbaca_lis_spades_t1","modification","chewbbaca on Listeria monocytogenes from paired Illumina FASTQ (fastp + spades).","Y","N","missing_param","ERROR ~ missing required param: multi_clustering__reportree__summary_columns","0","9","Y","","","","step_1PP_trimming__fastp, step_2AS_denovo__spades, step_4TY_cgMLST__chewbbaca","step_1PP_trimming__fastp, step_2AS_denovo__spades, step_4TY_cgMLST__chewbbaca","step_1PP_trimming__fastp, step_2AS_denovo__spades, step_4TY_cgMLST__chewbbaca","972","32","3","2","10.1","I'm glad you're satisfied with the plan! I'll now proceed with the exact steps we discussed.","nextflow.enable.dsl=2

// --- IMPORTS ---

include { step_4TY_cgMLST__chewbbaca } from '../steps/step_4TY_cgMLST__chewbbaca'

include { getSingleInput; getVCFs; optionalOrDefault; param } from '../functions/parameters.nf'

include { getEmpty } from '../functions/common.nf'

include { step_2AS_denovo__spades } from '../steps/step_2AS_denovo__spades'

include { step_1PP_trimming__fastp } from '../steps/step_1PP_trimming__fastp'

include { multi_clustering__reportree } from '../multi/multi_clustering__reportree'

// --- GLOBALS ---

// --- INLINE PROCESSES ---

// --- SUB WORKFLOWS ---

// --- ENTRYPOINT ---
workflow {
    trimmed = step_1PP_trimming__fastp(getSingleInput()).trimmed

    assembly = step_2AS_denovo__spades(trimmed).assembled

    step_4TY_cgMLST__chewbbaca(assembly, 'bacteria', 'bacteria')

    multi_clustering__reportree(getVCFs(), param('metadata'), param('geodata'), optionalOrDefault('multi_clustering__reportree__nomenclature', getEmpty()))
}","nextflow.enable.dsl=2

include { getSingleInput; optionalOrDefault; param } from '../functions/parameters.nf'
include { step_1PP_trimming__fastp } from '../steps/step_1PP_trimming__fastp'
include { step_2AS_denovo__spades } from '../steps/step_2AS_denovo__spades'
include { step_4TY_cgMLST__chewbbaca } from '../steps/step_4TY_cgMLST__chewbbaca'
workflow {
    trimmed   = step_1PP_trimming__fastp(getSingleInput()).trimmed
    assembled = step_2AS_denovo__spades(trimmed).assembled
    step_4TY_cgMLST__chewbbaca(assembled, param('genus_species'), optionalOrDefault('schema', ''))
}
"
"MOD_K04_add_abricate_to_chewbbaca_lis_spades","2","add","(generated)","MOD_K04_add_abricate_to_chewbbaca_lis_spades_t2","modification","Now also run abricate in parallel on the same assembly.","Y","Y","none","","10","10","Y","","","","step_1PP_trimming__fastp, step_2AS_denovo__spades, step_4AN_AMR__abricate, step_4TY_cgMLST__chewbbaca","step_1PP_trimming__fastp, step_2AS_denovo__spades, step_4TY_cgMLST__chewbbaca, step_4AN_AMR__abricate","step_1PP_trimming__fastp, step_2AS_denovo__spades, step_4AN_AMR__abricate, step_4TY_cgMLST__chewbbaca","818","30","4","2","8.0","I can add abricate to the pipeline to run in parallel with chewbbaca. The updated pipeline will include the following steps:

1. Trimming with fastp
2. Assembly with SPAdes
3. cgMLST typing with chewbbaca
4. AMR detection with abricate

Does this look good to you?","nextflow.enable.dsl=2

// --- IMPORTS ---

include { step_2AS_denovo__spades } from '../steps/step_2AS_denovo__spades'

include { step_1PP_trimming__fastp } from '../steps/step_1PP_trimming__fastp'

include { step_4AN_AMR__abricate } from '../steps/step_4AN_AMR__abricate'

include { getSingleInput; optionalOrDefault; param } from '../functions/parameters.nf'

include { step_4TY_cgMLST__chewbbaca } from '../steps/step_4TY_cgMLST__chewbbaca'

// --- GLOBALS ---

// --- INLINE PROCESSES ---

// --- SUB WORKFLOWS ---

// --- ENTRYPOINT ---
workflow {
    trimmed = step_1PP_trimming__fastp(getSingleInput()).trimmed

    assembled = step_2AS_denovo__spades(trimmed).assembled

    step_4TY_cgMLST__chewbbaca(assembled, param('genus_species'), optionalOrDefault('schema', ''))

    step_4AN_AMR__abricate(assembled)
}","nextflow.enable.dsl=2

include { getSingleInput; optionalOrDefault; param } from '../functions/parameters.nf'
include { step_1PP_trimming__fastp } from '../steps/step_1PP_trimming__fastp'
include { step_2AS_denovo__spades } from '../steps/step_2AS_denovo__spades'
include { step_4TY_cgMLST__chewbbaca } from '../steps/step_4TY_cgMLST__chewbbaca'
include { step_4AN_AMR__abricate } from '../steps/step_4AN_AMR__abricate'
workflow {
    trimmed   = step_1PP_trimming__fastp(getSingleInput()).trimmed
    assembled = step_2AS_denovo__spades(trimmed).assembled
    step_4TY_cgMLST__chewbbaca(assembled, param('genus_species'), optionalOrDefault('schema', ''))
    step_4AN_AMR__abricate(assembled)
}
"
"MOD_K05_add_abricate_to_chewbbaca_sal_spades","1","add","(generated)","MOD_K05_add_abricate_to_chewbbaca_sal_spades_t1","modification","chewbbaca on Salmonella enterica from paired Illumina FASTQ (fastp + spades).","Y","N","file_not_found","WARN: file not found: '/mnt/data/cohesive_bench/scratch/llm_full_multi_turn/_shared_inputdir/2026/2026.SAL.201.1.1/0SQ_rawreads/DS99999-DT260224_import/result/*.fastq*'","6","9","Y","","","","step_1PP_trimming__fastp, step_2AS_denovo__spades, step_4TY_cgMLST__chewbbaca","step_1PP_trimming__fastp, step_2AS_denovo__spades, step_4TY_cgMLST__chewbbaca","step_1PP_trimming__fastp, step_2AS_denovo__spades, step_4TY_cgMLST__chewbbaca","658","26","3","2","7.7","I will create a pipeline for Salmonella enterica using paired Illumina FASTQ files with fastp for trimming and SPAdes for assembly, followed by cgMLST typing with chewbbaca.","nextflow.enable.dsl=2

// --- IMPORTS ---

include { step_1PP_trimming__fastp } from '../steps/step_1PP_trimming__fastp'

include { step_4TY_cgMLST__chewbbaca } from '../steps/step_4TY_cgMLST__chewbbaca'

include { getSingleInput } from '../functions/parameters.nf'

include { step_2AS_denovo__spades } from '../steps/step_2AS_denovo__spades'

// --- GLOBALS ---

// --- INLINE PROCESSES ---

// --- SUB WORKFLOWS ---

// --- ENTRYPOINT ---
workflow {
    trimmed = step_1PP_trimming__fastp(getSingleInput()).trimmed

    assembled = step_2AS_denovo__spades(trimmed).assembled

    step_4TY_cgMLST__chewbbaca(assembled, params.genus_species, params.schema)
}","nextflow.enable.dsl=2

include { getSingleInput; optionalOrDefault; param } from '../functions/parameters.nf'
include { step_1PP_trimming__fastp } from '../steps/step_1PP_trimming__fastp'
include { step_2AS_denovo__spades } from '../steps/step_2AS_denovo__spades'
include { step_4TY_cgMLST__chewbbaca } from '../steps/step_4TY_cgMLST__chewbbaca'
workflow {
    trimmed   = step_1PP_trimming__fastp(getSingleInput()).trimmed
    assembled = step_2AS_denovo__spades(trimmed).assembled
    step_4TY_cgMLST__chewbbaca(assembled, param('genus_species'), optionalOrDefault('schema', ''))
}
"
"MOD_K05_add_abricate_to_chewbbaca_sal_spades","2","add","(generated)","MOD_K05_add_abricate_to_chewbbaca_sal_spades_t2","modification","Now also run abricate in parallel on the same assembly.","Y","Y","none","","10","10","Y","","","","step_1PP_trimming__fastp, step_2AS_denovo__spades, step_4AN_AMR__abricate, step_4TY_cgMLST__chewbbaca","step_1PP_trimming__fastp, step_2AS_denovo__spades, step_4TY_cgMLST__chewbbaca, step_4AN_AMR__abricate","step_1PP_trimming__fastp, step_2AS_denovo__spades, step_4AN_AMR__abricate, step_4TY_cgMLST__chewbbaca","818","30","4","2","7.7","I will create a pipeline for Salmonella enterica using paired Illumina FASTQ files with fastp for trimming and SPAdes for assembly, followed by cgMLST typing with chewbbaca and AMR detection with abricate.","nextflow.enable.dsl=2

// --- IMPORTS ---

include { step_2AS_denovo__spades } from '../steps/step_2AS_denovo__spades'

include { step_1PP_trimming__fastp } from '../steps/step_1PP_trimming__fastp'

include { step_4AN_AMR__abricate } from '../steps/step_4AN_AMR__abricate'

include { getSingleInput; optionalOrDefault; param } from '../functions/parameters.nf'

include { step_4TY_cgMLST__chewbbaca } from '../steps/step_4TY_cgMLST__chewbbaca'

// --- GLOBALS ---

// --- INLINE PROCESSES ---

// --- SUB WORKFLOWS ---

// --- ENTRYPOINT ---
workflow {
    trimmed = step_1PP_trimming__fastp(getSingleInput()).trimmed

    assembled = step_2AS_denovo__spades(trimmed).assembled

    step_4TY_cgMLST__chewbbaca(assembled, param('genus_species'), optionalOrDefault('schema', ''))

    step_4AN_AMR__abricate(assembled)
}","nextflow.enable.dsl=2

include { getSingleInput; optionalOrDefault; param } from '../functions/parameters.nf'
include { step_1PP_trimming__fastp } from '../steps/step_1PP_trimming__fastp'
include { step_2AS_denovo__spades } from '../steps/step_2AS_denovo__spades'
include { step_4TY_cgMLST__chewbbaca } from '../steps/step_4TY_cgMLST__chewbbaca'
include { step_4AN_AMR__abricate } from '../steps/step_4AN_AMR__abricate'
workflow {
    trimmed   = step_1PP_trimming__fastp(getSingleInput()).trimmed
    assembled = step_2AS_denovo__spades(trimmed).assembled
    step_4TY_cgMLST__chewbbaca(assembled, param('genus_species'), optionalOrDefault('schema', ''))
    step_4AN_AMR__abricate(assembled)
}
"
"MOD_K06_add_prokka_to_chewbbaca_lis_spades","1","add","(generated)","MOD_K06_add_prokka_to_chewbbaca_lis_spades_t1","modification","chewbbaca on Listeria monocytogenes from paired Illumina FASTQ (fastp + spades).","Y","Y","none","","9","9","Y","","","","step_1PP_trimming__fastp, step_2AS_denovo__spades, step_4TY_cgMLST__chewbbaca","step_1PP_trimming__fastp, step_2AS_denovo__spades, step_4TY_cgMLST__chewbbaca","step_1PP_trimming__fastp, step_2AS_denovo__spades, step_4TY_cgMLST__chewbbaca","676","26","3","2","7.2","I'm ready to proceed with the pipeline for cgMLST typing of Listeria monocytogenes using paired Illumina FASTQ files. The pipeline will include trimming with fastp, de novo assembly with SPAdes, and cgMLST typing with chewBBACA.","nextflow.enable.dsl=2

// --- IMPORTS ---

include { step_1PP_trimming__fastp } from '../steps/step_1PP_trimming__fastp'

include { step_4TY_cgMLST__chewbbaca } from '../steps/step_4TY_cgMLST__chewbbaca'

include { getSingleInput } from '../functions/parameters.nf'

include { step_2AS_denovo__spades } from '../steps/step_2AS_denovo__spades'

// --- GLOBALS ---

// --- INLINE PROCESSES ---

// --- SUB WORKFLOWS ---

// --- ENTRYPOINT ---
workflow {
    trimmed = step_1PP_trimming__fastp(getSingleInput()).trimmed

    assembled = step_2AS_denovo__spades(trimmed).assembled

    step_4TY_cgMLST__chewbbaca(assembled, 'listeria_monocytogenes', 'l_mono_chewie_1748_220623')
}","nextflow.enable.dsl=2

include { getSingleInput; optionalOrDefault; param } from '../functions/parameters.nf'
include { step_1PP_trimming__fastp } from '../steps/step_1PP_trimming__fastp'
include { step_2AS_denovo__spades } from '../steps/step_2AS_denovo__spades'
include { step_4TY_cgMLST__chewbbaca } from '../steps/step_4TY_cgMLST__chewbbaca'
workflow {
    trimmed   = step_1PP_trimming__fastp(getSingleInput()).trimmed
    assembled = step_2AS_denovo__spades(trimmed).assembled
    step_4TY_cgMLST__chewbbaca(assembled, param('genus_species'), optionalOrDefault('schema', ''))
}
"
"MOD_K06_add_prokka_to_chewbbaca_lis_spades","2","add","(generated)","MOD_K06_add_prokka_to_chewbbaca_lis_spades_t2","modification","Now also run prokka in parallel on the same assembly.","Y","Y","none","","10","10","Y","","","","step_1PP_trimming__fastp, step_2AS_denovo__spades, step_4AN_genes__prokka, step_4TY_cgMLST__chewbbaca","step_1PP_trimming__fastp, step_2AS_denovo__spades, step_4TY_cgMLST__chewbbaca, step_4AN_genes__prokka","step_1PP_trimming__fastp, step_2AS_denovo__spades, step_4AN_genes__prokka, step_4TY_cgMLST__chewbbaca","887","32","4","2","9.4","I can create a pipeline for cgMLST typing of Listeria monocytogenes using paired Illumina FASTQ files. The pipeline will include trimming with fastp, de novo assembly with SPAdes, and cgMLST typing with chewBBACA. Additionally, Prokka will run in parallel on the same assembly to provide additional a","nextflow.enable.dsl=2

// --- IMPORTS ---

include { step_2AS_denovo__spades } from '../steps/step_2AS_denovo__spades'

include { step_1PP_trimming__fastp } from '../steps/step_1PP_trimming__fastp'

include { getEmpty } from '../functions/common.nf'

include { step_4TY_cgMLST__chewbbaca } from '../steps/step_4TY_cgMLST__chewbbaca'

include { step_4AN_genes__prokka } from '../steps/step_4AN_genes__prokka'

include { getSingleInput } from '../functions/parameters.nf'

// --- GLOBALS ---

// --- INLINE PROCESSES ---

// --- SUB WORKFLOWS ---

// --- ENTRYPOINT ---
workflow {
    trimmed = step_1PP_trimming__fastp(getSingleInput()).trimmed

    assembled = step_2AS_denovo__spades(trimmed).assembled

    step_4TY_cgMLST__chewbbaca(assembled, 'bacteria', 'l_mono_chewie_1748_220623')

    step_4AN_genes__prokka(assembled.map { [ it[0], it[1], 'Bacteria', '-', '-', getEmpty() ] })
}","nextflow.enable.dsl=2

include { getSingleInput; optionalOrDefault; param } from '../functions/parameters.nf'
include { step_1PP_trimming__fastp } from '../steps/step_1PP_trimming__fastp'
include { step_2AS_denovo__spades } from '../steps/step_2AS_denovo__spades'
include { step_4TY_cgMLST__chewbbaca } from '../steps/step_4TY_cgMLST__chewbbaca'
include { step_4AN_genes__prokka } from '../steps/step_4AN_genes__prokka'
workflow {
    trimmed   = step_1PP_trimming__fastp(getSingleInput()).trimmed
    assembled = step_2AS_denovo__spades(trimmed).assembled
    step_4TY_cgMLST__chewbbaca(assembled, param('genus_species'), optionalOrDefault('schema', ''))
    step_4AN_genes__prokka(assembled)
}
"
"MOD_K07_add_prokka_to_chewbbaca_sal_spades","1","add","(generated)","MOD_K07_add_prokka_to_chewbbaca_sal_spades_t1","modification","chewbbaca on Salmonella enterica from paired Illumina FASTQ (fastp + spades).","Y","Y","none","","9","9","Y","","","","step_1PP_trimming__fastp, step_2AS_denovo__spades, step_4TY_cgMLST__chewbbaca","step_1PP_trimming__fastp, step_2AS_denovo__spades, step_4TY_cgMLST__chewbbaca","step_1PP_trimming__fastp, step_2AS_denovo__spades, step_4TY_cgMLST__chewbbaca","677","26","3","2","9.3","I'm ready to proceed with the pipeline you approved. I'll now generate the detailed plan for the Architect.","nextflow.enable.dsl=2

// --- IMPORTS ---

include { step_1PP_trimming__fastp } from '../steps/step_1PP_trimming__fastp'

include { step_4TY_cgMLST__chewbbaca } from '../steps/step_4TY_cgMLST__chewbbaca'

include { getSingleInput } from '../functions/parameters.nf'

include { step_2AS_denovo__spades } from '../steps/step_2AS_denovo__spades'

// --- GLOBALS ---

// --- INLINE PROCESSES ---

// --- SUB WORKFLOWS ---

// --- ENTRYPOINT ---
workflow {
    trimmed = step_1PP_trimming__fastp(getSingleInput()).trimmed

    assembled = step_2AS_denovo__spades(trimmed).assembled

    step_4TY_cgMLST__chewbbaca(assembled, 'salmonella_enterica', 's_enterica_chewie_3255_210531')
}","nextflow.enable.dsl=2

include { getSingleInput; optionalOrDefault; param } from '../functions/parameters.nf'
include { step_1PP_trimming__fastp } from '../steps/step_1PP_trimming__fastp'
include { step_2AS_denovo__spades } from '../steps/step_2AS_denovo__spades'
include { step_4TY_cgMLST__chewbbaca } from '../steps/step_4TY_cgMLST__chewbbaca'
workflow {
    trimmed   = step_1PP_trimming__fastp(getSingleInput()).trimmed
    assembled = step_2AS_denovo__spades(trimmed).assembled
    step_4TY_cgMLST__chewbbaca(assembled, param('genus_species'), optionalOrDefault('schema', ''))
}
"
"MOD_K07_add_prokka_to_chewbbaca_sal_spades","2","add","(generated)","MOD_K07_add_prokka_to_chewbbaca_sal_spades_t2","modification","Now also run prokka in parallel on the same assembly.","Y","Y","none","","10","10","Y","","","","step_1PP_trimming__fastp, step_2AS_denovo__spades, step_4AN_genes__prokka, step_4TY_cgMLST__chewbbaca","step_1PP_trimming__fastp, step_2AS_denovo__spades, step_4TY_cgMLST__chewbbaca, step_4AN_genes__prokka","step_1PP_trimming__fastp, step_2AS_denovo__spades, step_4AN_genes__prokka, step_4TY_cgMLST__chewbbaca","902","32","4","3","13.0","Based on your requirements, I suggest the following pipeline:

1. **Trimming**: Use `step_1PP_trimming__fastp` to trim the paired Illumina FASTQ files.
2. **Assembly**: Use `step_2AS_denovo__spades` to assemble the trimmed reads.
3. **Typing**: Use `step_4TY_cgMLST__chewbbaca` to perform cgMLST typi","nextflow.enable.dsl=2

// --- IMPORTS ---

include { step_2AS_denovo__spades } from '../steps/step_2AS_denovo__spades'

include { step_1PP_trimming__fastp } from '../steps/step_1PP_trimming__fastp'

include { getEmpty } from '../functions/common.nf'

include { step_4TY_cgMLST__chewbbaca } from '../steps/step_4TY_cgMLST__chewbbaca'

include { step_4AN_genes__prokka } from '../steps/step_4AN_genes__prokka'

include { getSingleInput } from '../functions/parameters.nf'

// --- GLOBALS ---

// --- INLINE PROCESSES ---

// --- SUB WORKFLOWS ---

// --- ENTRYPOINT ---
workflow {
    trimmed = step_1PP_trimming__fastp(getSingleInput()).trimmed

    assembled = step_2AS_denovo__spades(trimmed).assembled

    step_4TY_cgMLST__chewbbaca(assembled, 'salmonella_enterica', 's_enterica_chewie_3255_210531')

    step_4AN_genes__prokka(assembled.map { [ it[0], it[1], 'Bacteria', '-', '-', getEmpty() ] })
}","nextflow.enable.dsl=2

include { getSingleInput; optionalOrDefault; param } from '../functions/parameters.nf'
include { step_1PP_trimming__fastp } from '../steps/step_1PP_trimming__fastp'
include { step_2AS_denovo__spades } from '../steps/step_2AS_denovo__spades'
include { step_4TY_cgMLST__chewbbaca } from '../steps/step_4TY_cgMLST__chewbbaca'
include { step_4AN_genes__prokka } from '../steps/step_4AN_genes__prokka'
workflow {
    trimmed   = step_1PP_trimming__fastp(getSingleInput()).trimmed
    assembled = step_2AS_denovo__spades(trimmed).assembled
    step_4TY_cgMLST__chewbbaca(assembled, param('genus_species'), optionalOrDefault('schema', ''))
    step_4AN_genes__prokka(assembled)
}
"
"MOD_K08_add_chewbbaca_to_mlst_lis_spades","1","add","(generated)","MOD_K08_add_chewbbaca_to_mlst_lis_spades_t1","modification","mlst on Listeria monocytogenes from paired Illumina FASTQ (fastp + spades).","Y","Y","none","","7","7","Y","","","","step_1PP_trimming__fastp, step_2AS_denovo__spades, step_4TY_MLST__mlst","step_1PP_trimming__fastp, step_2AS_denovo__spades, step_4TY_MLST__mlst","step_1PP_trimming__fastp, step_2AS_denovo__spades, step_4TY_MLST__mlst","600","26","3","2","7.7","I will build a pipeline for MLST on Listeria monocytogenes using paired Illumina FASTQ files. The pipeline will include trimming with fastp, de novo assembly with SPAdes, and MLST typing.","nextflow.enable.dsl=2

// --- IMPORTS ---

include { step_4TY_MLST__mlst } from '../steps/step_4TY_MLST__mlst'

include { step_1PP_trimming__fastp } from '../steps/step_1PP_trimming__fastp'

include { getSingleInput } from '../functions/parameters.nf'

include { step_2AS_denovo__spades } from '../steps/step_2AS_denovo__spades'

// --- GLOBALS ---

// --- INLINE PROCESSES ---

// --- SUB WORKFLOWS ---

// --- ENTRYPOINT ---
workflow {
    trimmed = step_1PP_trimming__fastp(getSingleInput()).trimmed

    assembled = step_2AS_denovo__spades(trimmed).assembled

    step_4TY_MLST__mlst(assembled)
}","nextflow.enable.dsl=2

include { getSingleInput; optionalOrDefault; param } from '../functions/parameters.nf'
include { step_1PP_trimming__fastp } from '../steps/step_1PP_trimming__fastp'
include { step_2AS_denovo__spades } from '../steps/step_2AS_denovo__spades'
include { step_4TY_MLST__mlst } from '../steps/step_4TY_MLST__mlst'
workflow {
    trimmed   = step_1PP_trimming__fastp(getSingleInput()).trimmed
    assembled = step_2AS_denovo__spades(trimmed).assembled
    step_4TY_MLST__mlst(assembled)
}
"
"MOD_K08_add_chewbbaca_to_mlst_lis_spades","2","add","(generated)","MOD_K08_add_chewbbaca_to_mlst_lis_spades_t2","modification","Now also run chewbbaca in parallel on the same assembly.","Y","Y","none","","10","10","Y","","","","step_1PP_trimming__fastp, step_2AS_denovo__spades, step_4TY_MLST__mlst, step_4TY_cgMLST__chewbbaca","step_1PP_trimming__fastp, step_2AS_denovo__spades, step_4TY_MLST__mlst, step_4TY_cgMLST__chewbbaca","step_1PP_trimming__fastp, step_2AS_denovo__spades, step_4TY_MLST__mlst, step_4TY_cgMLST__chewbbaca","809","30","4","2","6.7","I can build a pipeline for MLST and chewbbaca on Listeria monocytogenes using paired Illumina FASTQ files. The pipeline will include trimming with fastp, de novo assembly with SPAdes, and both MLST and chewbbaca typing.","nextflow.enable.dsl=2

// --- IMPORTS ---

include { step_2AS_denovo__spades } from '../steps/step_2AS_denovo__spades'

include { step_1PP_trimming__fastp } from '../steps/step_1PP_trimming__fastp'

include { step_4TY_MLST__mlst } from '../steps/step_4TY_MLST__mlst'

include { getSingleInput; optionalOrDefault; param } from '../functions/parameters.nf'

include { step_4TY_cgMLST__chewbbaca } from '../steps/step_4TY_cgMLST__chewbbaca'

// --- GLOBALS ---

// --- INLINE PROCESSES ---

// --- SUB WORKFLOWS ---

// --- ENTRYPOINT ---
workflow {
    trimmed = step_1PP_trimming__fastp(getSingleInput()).trimmed

    assembled = step_2AS_denovo__spades(trimmed).assembled

    step_4TY_MLST__mlst(assembled)

    step_4TY_cgMLST__chewbbaca(assembled, param('genus_species'), optionalOrDefault('schema', ''))
}","nextflow.enable.dsl=2

include { getSingleInput; optionalOrDefault; param } from '../functions/parameters.nf'
include { step_1PP_trimming__fastp } from '../steps/step_1PP_trimming__fastp'
include { step_2AS_denovo__spades } from '../steps/step_2AS_denovo__spades'
include { step_4TY_MLST__mlst } from '../steps/step_4TY_MLST__mlst'
include { step_4TY_cgMLST__chewbbaca } from '../steps/step_4TY_cgMLST__chewbbaca'
workflow {
    trimmed   = step_1PP_trimming__fastp(getSingleInput()).trimmed
    assembled = step_2AS_denovo__spades(trimmed).assembled
    step_4TY_MLST__mlst(assembled)
    step_4TY_cgMLST__chewbbaca(assembled, param('genus_species'), optionalOrDefault('schema', ''))
}
"
"MOD_K09_add_chewbbaca_to_mlst_eco_spades","1","add","(generated)","MOD_K09_add_chewbbaca_to_mlst_eco_spades_t1","modification","mlst on Escherichia coli from paired Illumina FASTQ (fastp + spades).","Y","Y","none","","7","7","Y","","","","step_1PP_trimming__fastp, step_2AS_denovo__spades, step_4TY_MLST__mlst","step_1PP_trimming__fastp, step_2AS_denovo__spades, step_4TY_MLST__mlst","step_1PP_trimming__fastp, step_2AS_denovo__spades, step_4TY_MLST__mlst","748","38","3","2","12.2","I'm glad you're interested in the pipeline for MLST on Escherichia coli from paired Illumina FASTQ using fastp and SPAdes. I'm currently reviewing the details to ensure everything is set up correctly. I'll get back to you as soon as possible with the information you need.","nextflow.enable.dsl=2

// --- IMPORTS ---

include { step_1PP_trimming__fastp } from '../steps/step_1PP_trimming__fastp'

include { step_2AS_denovo__spades } from '../steps/step_2AS_denovo__spades'

include { getSingleInput } from '../functions/parameters.nf'

include { step_4TY_MLST__mlst } from '../steps/step_4TY_MLST__mlst'

// --- GLOBALS ---

// --- INLINE PROCESSES ---

// --- SUB WORKFLOWS ---

workflow module_surveillance {
    
    take:
        
        rawreads
        
    
    main:
        trimmed = step_1PP_trimming__fastp(rawreads)

        assembly = step_2AS_denovo__spades(trimmed.trimmed)

        step_4TY_MLST__mlst(assembly.assembled)
    
}

// --- ENTRYPOINT ---
workflow {
    module_surveillance(getSingleInput())
}","nextflow.enable.dsl=2

include { getSingleInput; optionalOrDefault; param } from '../functions/parameters.nf'
include { step_1PP_trimming__fastp } from '../steps/step_1PP_trimming__fastp'
include { step_2AS_denovo__spades } from '../steps/step_2AS_denovo__spades'
include { step_4TY_MLST__mlst } from '../steps/step_4TY_MLST__mlst'
workflow {
    trimmed   = step_1PP_trimming__fastp(getSingleInput()).trimmed
    assembled = step_2AS_denovo__spades(trimmed).assembled
    step_4TY_MLST__mlst(assembled)
}
"
"MOD_K09_add_chewbbaca_to_mlst_eco_spades","2","add","(generated)","MOD_K09_add_chewbbaca_to_mlst_eco_spades_t2","modification","Now also run chewbbaca in parallel on the same assembly.","Y","N","silent_no_op","No process placeholders appeared. when: clause filtered everything?","0","10","Y","","","","step_1PP_trimming__fastp, step_2AS_denovo__spades, step_4TY_MLST__mlst, step_4TY_cgMLST__chewbbaca","step_1PP_trimming__fastp, step_2AS_denovo__spades, step_4TY_MLST__mlst, step_4TY_cgMLST__chewbbaca","step_1PP_trimming__fastp, step_2AS_denovo__spades, step_4TY_MLST__mlst, step_4TY_cgMLST__chewbbaca","1160","63","4","2","7.7","I can add chewbbaca to the pipeline in parallel with MLST. The pipeline will include the following steps: 1. Trimming with fastp, 2. De novo assembly with SPAdes, and 3. MLST typing and chewbbaca typing in parallel.","nextflow.enable.dsl=2

// --- IMPORTS ---

include { step_4TY_cgMLST__chewbbaca } from '../steps/step_4TY_cgMLST__chewbbaca'

include { step_2AS_denovo__spades } from '../steps/step_2AS_denovo__spades'

include { step_4TY_MLST__mlst } from '../steps/step_4TY_MLST__mlst'

include { step_1PP_trimming__fastp } from '../steps/step_1PP_trimming__fastp'

include { getSingleInput } from '../functions/parameters.nf'

// --- GLOBALS ---

// --- INLINE PROCESSES ---

// --- SUB WORKFLOWS ---

workflow wf_trim_assemble {
    
    take:
        
        rawreads
        
    
    main:
        trimmed = step_1PP_trimming__fastp(rawreads).trimmed

        assembled = step_2AS_denovo__spades(trimmed).assembled
    
    emit:
        
        trimmed
        
        assembled
        
    
}

workflow wf_typing {
    
    take:
        
        assembly
        
        genus_species
        
    
    main:
        step_4TY_MLST__mlst(assembly)

        step_4TY_cgMLST__chewbbaca(assembly, genus_species, '')
    
}

// --- ENTRYPOINT ---
workflow {
    trimmed, assembled = wf_trim_assemble(getSingleInput())

    wf_typing(assembled, params.genus_species)
}","nextflow.enable.dsl=2

include { getSingleInput; optionalOrDefault; param } from '../functions/parameters.nf'
include { step_1PP_trimming__fastp } from '../steps/step_1PP_trimming__fastp'
include { step_2AS_denovo__spades } from '../steps/step_2AS_denovo__spades'
include { step_4TY_MLST__mlst } from '../steps/step_4TY_MLST__mlst'
include { step_4TY_cgMLST__chewbbaca } from '../steps/step_4TY_cgMLST__chewbbaca'
workflow {
    trimmed   = step_1PP_trimming__fastp(getSingleInput()).trimmed
    assembled = step_2AS_denovo__spades(trimmed).assembled
    step_4TY_MLST__mlst(assembled)
    step_4TY_cgMLST__chewbbaca(assembled, param('genus_species'), optionalOrDefault('schema', ''))
}
"
"MOD_K10_add_abricate_to_mlst_lis_spades","1","add","(generated)","MOD_K10_add_abricate_to_mlst_lis_spades_t1","modification","mlst on Listeria monocytogenes from paired Illumina FASTQ (fastp + spades).","Y","Y","none","","7","7","Y","","","","step_1PP_trimming__fastp, step_2AS_denovo__spades, step_4TY_MLST__mlst","step_1PP_trimming__fastp, step_2AS_denovo__spades, step_4TY_MLST__mlst","step_1PP_trimming__fastp, step_2AS_denovo__spades, step_4TY_MLST__mlst","600","26","3","2","7.9","I'm glad you're satisfied with the plan! I will now proceed with building the pipeline as we discussed.","nextflow.enable.dsl=2

// --- IMPORTS ---

include { step_4TY_MLST__mlst } from '../steps/step_4TY_MLST__mlst'

include { step_1PP_trimming__fastp } from '../steps/step_1PP_trimming__fastp'

include { getSingleInput } from '../functions/parameters.nf'

include { step_2AS_denovo__spades } from '../steps/step_2AS_denovo__spades'

// --- GLOBALS ---

// --- INLINE PROCESSES ---

// --- SUB WORKFLOWS ---

// --- ENTRYPOINT ---
workflow {
    trimmed = step_1PP_trimming__fastp(getSingleInput()).trimmed

    assembled = step_2AS_denovo__spades(trimmed).assembled

    step_4TY_MLST__mlst(assembled)
}","nextflow.enable.dsl=2

include { getSingleInput; optionalOrDefault; param } from '../functions/parameters.nf'
include { step_1PP_trimming__fastp } from '../steps/step_1PP_trimming__fastp'
include { step_2AS_denovo__spades } from '../steps/step_2AS_denovo__spades'
include { step_4TY_MLST__mlst } from '../steps/step_4TY_MLST__mlst'
workflow {
    trimmed   = step_1PP_trimming__fastp(getSingleInput()).trimmed
    assembled = step_2AS_denovo__spades(trimmed).assembled
    step_4TY_MLST__mlst(assembled)
}
"
"MOD_K10_add_abricate_to_mlst_lis_spades","2","add","(generated)","MOD_K10_add_abricate_to_mlst_lis_spades_t2","modification","Now also run abricate in parallel on the same assembly.","Y","Y","none","","8","8","Y","","","","step_1PP_trimming__fastp, step_2AS_denovo__spades, step_4AN_AMR__abricate, step_4TY_MLST__mlst","step_1PP_trimming__fastp, step_2AS_denovo__spades, step_4TY_MLST__mlst, step_4AN_AMR__abricate","step_1PP_trimming__fastp, step_2AS_denovo__spades, step_4AN_AMR__abricate, step_4TY_MLST__mlst","713","29","4","2","10.0","I will now proceed with building the pipeline as we discussed.","nextflow.enable.dsl=2

// --- IMPORTS ---

include { step_1PP_trimming__fastp } from '../steps/step_1PP_trimming__fastp'

include { step_4TY_MLST__mlst } from '../steps/step_4TY_MLST__mlst'

include { step_4AN_AMR__abricate } from '../steps/step_4AN_AMR__abricate'

include { step_2AS_denovo__spades } from '../steps/step_2AS_denovo__spades'

include { getSingleInput } from '../functions/parameters.nf'

// --- GLOBALS ---

// --- INLINE PROCESSES ---

// --- SUB WORKFLOWS ---

// --- ENTRYPOINT ---
workflow {
    trimmed = step_1PP_trimming__fastp(getSingleInput()).trimmed

    assembled = step_2AS_denovo__spades(trimmed).assembled

    step_4TY_MLST__mlst(assembled)
    step_4AN_AMR__abricate(assembled)
}","nextflow.enable.dsl=2

include { getSingleInput; optionalOrDefault; param } from '../functions/parameters.nf'
include { step_1PP_trimming__fastp } from '../steps/step_1PP_trimming__fastp'
include { step_2AS_denovo__spades } from '../steps/step_2AS_denovo__spades'
include { step_4TY_MLST__mlst } from '../steps/step_4TY_MLST__mlst'
include { step_4AN_AMR__abricate } from '../steps/step_4AN_AMR__abricate'
workflow {
    trimmed   = step_1PP_trimming__fastp(getSingleInput()).trimmed
    assembled = step_2AS_denovo__spades(trimmed).assembled
    step_4TY_MLST__mlst(assembled)
    step_4AN_AMR__abricate(assembled)
}
"
"MOD_K11_add_abricate_to_mlst_eco_spades","1","add","(generated)","MOD_K11_add_abricate_to_mlst_eco_spades_t1","modification","mlst on Escherichia coli from paired Illumina FASTQ (fastp + spades).","Y","Y","none","","7","7","Y","","","","step_1PP_trimming__fastp, step_2AS_denovo__spades, step_4TY_MLST__mlst","step_1PP_trimming__fastp, step_2AS_denovo__spades, step_4TY_MLST__mlst","step_1PP_trimming__fastp, step_2AS_denovo__spades, step_4TY_MLST__mlst","600","26","3","2","9.2","I will build a pipeline for MLST on Escherichia coli from paired Illumina FASTQ using fastp and SPAdes. The pipeline will include the following steps:

1. Trimming with fastp
2. De novo assembly with SPAdes
3. MLST typing","nextflow.enable.dsl=2

// --- IMPORTS ---

include { step_4TY_MLST__mlst } from '../steps/step_4TY_MLST__mlst'

include { step_1PP_trimming__fastp } from '../steps/step_1PP_trimming__fastp'

include { getSingleInput } from '../functions/parameters.nf'

include { step_2AS_denovo__spades } from '../steps/step_2AS_denovo__spades'

// --- GLOBALS ---

// --- INLINE PROCESSES ---

// --- SUB WORKFLOWS ---

// --- ENTRYPOINT ---
workflow {
    trimmed = step_1PP_trimming__fastp(getSingleInput()).trimmed

    assembled = step_2AS_denovo__spades(trimmed).assembled

    step_4TY_MLST__mlst(assembled)
}","nextflow.enable.dsl=2

include { getSingleInput; optionalOrDefault; param } from '../functions/parameters.nf'
include { step_1PP_trimming__fastp } from '../steps/step_1PP_trimming__fastp'
include { step_2AS_denovo__spades } from '../steps/step_2AS_denovo__spades'
include { step_4TY_MLST__mlst } from '../steps/step_4TY_MLST__mlst'
workflow {
    trimmed   = step_1PP_trimming__fastp(getSingleInput()).trimmed
    assembled = step_2AS_denovo__spades(trimmed).assembled
    step_4TY_MLST__mlst(assembled)
}
"
"MOD_K11_add_abricate_to_mlst_eco_spades","2","add","(generated)","MOD_K11_add_abricate_to_mlst_eco_spades_t2","modification","Now also run abricate in parallel on the same assembly.","Y","Y","none","","8","8","Y","","","","step_1PP_trimming__fastp, step_2AS_denovo__spades, step_4AN_AMR__abricate, step_4TY_MLST__mlst","step_1PP_trimming__fastp, step_2AS_denovo__spades, step_4TY_MLST__mlst, step_4AN_AMR__abricate","step_1PP_trimming__fastp, step_2AS_denovo__spades, step_4AN_AMR__abricate, step_4TY_MLST__mlst","713","29","4","2","8.0","I will build a pipeline for MLST on Escherichia coli from paired Illumina FASTQ using fastp and SPAdes. The pipeline will include the following steps:

1. Trimming with fastp
2. De novo assembly with SPAdes
3. MLST typing
4. Abricate for AMR gene detection","nextflow.enable.dsl=2

// --- IMPORTS ---

include { step_1PP_trimming__fastp } from '../steps/step_1PP_trimming__fastp'

include { step_4TY_MLST__mlst } from '../steps/step_4TY_MLST__mlst'

include { step_4AN_AMR__abricate } from '../steps/step_4AN_AMR__abricate'

include { step_2AS_denovo__spades } from '../steps/step_2AS_denovo__spades'

include { getSingleInput } from '../functions/parameters.nf'

// --- GLOBALS ---

// --- INLINE PROCESSES ---

// --- SUB WORKFLOWS ---

// --- ENTRYPOINT ---
workflow {
    trimmed = step_1PP_trimming__fastp(getSingleInput()).trimmed

    assembled = step_2AS_denovo__spades(trimmed).assembled

    step_4TY_MLST__mlst(assembled)
    step_4AN_AMR__abricate(assembled)
}","nextflow.enable.dsl=2

include { getSingleInput; optionalOrDefault; param } from '../functions/parameters.nf'
include { step_1PP_trimming__fastp } from '../steps/step_1PP_trimming__fastp'
include { step_2AS_denovo__spades } from '../steps/step_2AS_denovo__spades'
include { step_4TY_MLST__mlst } from '../steps/step_4TY_MLST__mlst'
include { step_4AN_AMR__abricate } from '../steps/step_4AN_AMR__abricate'
workflow {
    trimmed   = step_1PP_trimming__fastp(getSingleInput()).trimmed
    assembled = step_2AS_denovo__spades(trimmed).assembled
    step_4TY_MLST__mlst(assembled)
    step_4AN_AMR__abricate(assembled)
}
"
"MOD_K12_add_abricate_to_mlst_sal_spades","1","add","(generated)","MOD_K12_add_abricate_to_mlst_sal_spades_t1","modification","mlst on Salmonella enterica from paired Illumina FASTQ (fastp + spades).","Y","Y","none","","7","7","Y","","","","step_1PP_trimming__fastp, step_2AS_denovo__spades, step_4TY_MLST__mlst","step_1PP_trimming__fastp, step_2AS_denovo__spades, step_4TY_MLST__mlst","step_1PP_trimming__fastp, step_2AS_denovo__spades, step_4TY_MLST__mlst","600","26","3","2","6.5","I can create a pipeline for MLST on Salmonella enterica from paired Illumina FASTQ using fastp and SPAdes. This will include trimming with fastp, assembly with SPAdes, and MLST typing.","nextflow.enable.dsl=2

// --- IMPORTS ---

include { step_4TY_MLST__mlst } from '../steps/step_4TY_MLST__mlst'

include { step_1PP_trimming__fastp } from '../steps/step_1PP_trimming__fastp'

include { getSingleInput } from '../functions/parameters.nf'

include { step_2AS_denovo__spades } from '../steps/step_2AS_denovo__spades'

// --- GLOBALS ---

// --- INLINE PROCESSES ---

// --- SUB WORKFLOWS ---

// --- ENTRYPOINT ---
workflow {
    trimmed = step_1PP_trimming__fastp(getSingleInput()).trimmed

    assembled = step_2AS_denovo__spades(trimmed).assembled

    step_4TY_MLST__mlst(assembled)
}","nextflow.enable.dsl=2

include { getSingleInput; optionalOrDefault; param } from '../functions/parameters.nf'
include { step_1PP_trimming__fastp } from '../steps/step_1PP_trimming__fastp'
include { step_2AS_denovo__spades } from '../steps/step_2AS_denovo__spades'
include { step_4TY_MLST__mlst } from '../steps/step_4TY_MLST__mlst'
workflow {
    trimmed   = step_1PP_trimming__fastp(getSingleInput()).trimmed
    assembled = step_2AS_denovo__spades(trimmed).assembled
    step_4TY_MLST__mlst(assembled)
}
"
"MOD_K12_add_abricate_to_mlst_sal_spades","2","add","(generated)","MOD_K12_add_abricate_to_mlst_sal_spades_t2","modification","Now also run abricate in parallel on the same assembly.","Y","N","partial_dag","Only 7/8 expected processes appeared in the DAG","7","8","N","","step_4AN_AMR__abricate","","step_1PP_trimming__fastp, step_2AS_denovo__spades, step_4TY_MLST__mlst","step_1PP_trimming__fastp, step_2AS_denovo__spades, step_4TY_MLST__mlst","step_1PP_trimming__fastp, step_2AS_denovo__spades, step_4AN_AMR__abricate, step_4TY_MLST__mlst","600","26","3","1","5.5","I can create a pipeline for MLST on Salmonella enterica from paired Illumina FASTQ using fastp and SPAdes. This will include trimming with fastp, assembly with SPAdes, and MLST typing. Does that sound good?","nextflow.enable.dsl=2

// --- IMPORTS ---

include { step_4TY_MLST__mlst } from '../steps/step_4TY_MLST__mlst'

include { step_1PP_trimming__fastp } from '../steps/step_1PP_trimming__fastp'

include { getSingleInput } from '../functions/parameters.nf'

include { step_2AS_denovo__spades } from '../steps/step_2AS_denovo__spades'

// --- GLOBALS ---

// --- INLINE PROCESSES ---

// --- SUB WORKFLOWS ---

// --- ENTRYPOINT ---
workflow {
    trimmed = step_1PP_trimming__fastp(getSingleInput()).trimmed

    assembled = step_2AS_denovo__spades(trimmed).assembled

    step_4TY_MLST__mlst(assembled)
}","nextflow.enable.dsl=2

include { getSingleInput; optionalOrDefault; param } from '../functions/parameters.nf'
include { step_1PP_trimming__fastp } from '../steps/step_1PP_trimming__fastp'
include { step_2AS_denovo__spades } from '../steps/step_2AS_denovo__spades'
include { step_4TY_MLST__mlst } from '../steps/step_4TY_MLST__mlst'
include { step_4AN_AMR__abricate } from '../steps/step_4AN_AMR__abricate'
workflow {
    trimmed   = step_1PP_trimming__fastp(getSingleInput()).trimmed
    assembled = step_2AS_denovo__spades(trimmed).assembled
    step_4TY_MLST__mlst(assembled)
    step_4AN_AMR__abricate(assembled)
}
"
"MOD_K13_add_prokka_to_mlst_lis_spades","1","add","(generated)","MOD_K13_add_prokka_to_mlst_lis_spades_t1","modification","mlst on Listeria monocytogenes from paired Illumina FASTQ (fastp + spades).","Y","Y","none","","7","7","Y","","","","step_1PP_trimming__fastp, step_2AS_denovo__spades, step_4TY_MLST__mlst","step_1PP_trimming__fastp, step_2AS_denovo__spades, step_4TY_MLST__mlst","step_1PP_trimming__fastp, step_2AS_denovo__spades, step_4TY_MLST__mlst","600","26","3","2","7.3","I will build a pipeline for MLST on Listeria monocytogenes using paired Illumina FASTQ files. The pipeline will include trimming with fastp, de novo assembly with SPAdes, and MLST typing.","nextflow.enable.dsl=2

// --- IMPORTS ---

include { step_4TY_MLST__mlst } from '../steps/step_4TY_MLST__mlst'

include { step_1PP_trimming__fastp } from '../steps/step_1PP_trimming__fastp'

include { getSingleInput } from '../functions/parameters.nf'

include { step_2AS_denovo__spades } from '../steps/step_2AS_denovo__spades'

// --- GLOBALS ---

// --- INLINE PROCESSES ---

// --- SUB WORKFLOWS ---

// --- ENTRYPOINT ---
workflow {
    trimmed = step_1PP_trimming__fastp(getSingleInput()).trimmed

    assembled = step_2AS_denovo__spades(trimmed).assembled

    step_4TY_MLST__mlst(assembled)
}","nextflow.enable.dsl=2

include { getSingleInput; optionalOrDefault; param } from '../functions/parameters.nf'
include { step_1PP_trimming__fastp } from '../steps/step_1PP_trimming__fastp'
include { step_2AS_denovo__spades } from '../steps/step_2AS_denovo__spades'
include { step_4TY_MLST__mlst } from '../steps/step_4TY_MLST__mlst'
workflow {
    trimmed   = step_1PP_trimming__fastp(getSingleInput()).trimmed
    assembled = step_2AS_denovo__spades(trimmed).assembled
    step_4TY_MLST__mlst(assembled)
}
"
"MOD_K13_add_prokka_to_mlst_lis_spades","2","add","(generated)","MOD_K13_add_prokka_to_mlst_lis_spades_t2","modification","Now also run prokka in parallel on the same assembly.","Y","Y","none","","8","8","Y","","","","step_1PP_trimming__fastp, step_2AS_denovo__spades, step_4AN_genes__prokka, step_4TY_MLST__mlst","step_1PP_trimming__fastp, step_2AS_denovo__spades, step_4TY_MLST__mlst, step_4AN_genes__prokka","step_1PP_trimming__fastp, step_2AS_denovo__spades, step_4AN_genes__prokka, step_4TY_MLST__mlst","825","32","4","2","7.4","I will build a pipeline for MLST on Listeria monocytogenes using paired Illumina FASTQ files. The pipeline will include trimming with fastp, de novo assembly with SPAdes, and MLST typing. Prokka will run in parallel on the same assembly to annotate the contigs.","nextflow.enable.dsl=2

// --- IMPORTS ---

include { step_1PP_trimming__fastp } from '../steps/step_1PP_trimming__fastp'

include { step_4TY_MLST__mlst } from '../steps/step_4TY_MLST__mlst'

include { getEmpty } from '../functions/common.nf'

include { step_2AS_denovo__spades } from '../steps/step_2AS_denovo__spades'

include { step_4AN_genes__prokka } from '../steps/step_4AN_genes__prokka'

include { getSingleInput } from '../functions/parameters.nf'

// --- GLOBALS ---

// --- INLINE PROCESSES ---

// --- SUB WORKFLOWS ---

// --- ENTRYPOINT ---
workflow {
    trimmed = step_1PP_trimming__fastp(getSingleInput()).trimmed

    assembled = step_2AS_denovo__spades(trimmed).assembled

    step_4TY_MLST__mlst(assembled)

    step_4AN_genes__prokka(assembled.map { [ it[0], it[1], 'Bacteria', '-', '-', getEmpty() ] })
}","nextflow.enable.dsl=2

include { getSingleInput; optionalOrDefault; param } from '../functions/parameters.nf'
include { step_1PP_trimming__fastp } from '../steps/step_1PP_trimming__fastp'
include { step_2AS_denovo__spades } from '../steps/step_2AS_denovo__spades'
include { step_4TY_MLST__mlst } from '../steps/step_4TY_MLST__mlst'
include { step_4AN_genes__prokka } from '../steps/step_4AN_genes__prokka'
workflow {
    trimmed   = step_1PP_trimming__fastp(getSingleInput()).trimmed
    assembled = step_2AS_denovo__spades(trimmed).assembled
    step_4TY_MLST__mlst(assembled)
    step_4AN_genes__prokka(assembled)
}
"
"MOD_K14_add_prokka_to_mlst_eco_spades","1","add","(generated)","MOD_K14_add_prokka_to_mlst_eco_spades_t1","modification","mlst on Escherichia coli from paired Illumina FASTQ (fastp + spades).","Y","Y","none","","7","7","Y","","","","step_1PP_trimming__fastp, step_2AS_denovo__spades, step_4TY_MLST__mlst","step_1PP_trimming__fastp, step_2AS_denovo__spades, step_4TY_MLST__mlst","step_1PP_trimming__fastp, step_2AS_denovo__spades, step_4TY_MLST__mlst","600","26","3","2","6.8","I will proceed with the plan to design a pipeline for MLST on Escherichia coli from paired Illumina FASTQ using fastp and SPAdes.","nextflow.enable.dsl=2

// --- IMPORTS ---

include { step_4TY_MLST__mlst } from '../steps/step_4TY_MLST__mlst'

include { step_1PP_trimming__fastp } from '../steps/step_1PP_trimming__fastp'

include { getSingleInput } from '../functions/parameters.nf'

include { step_2AS_denovo__spades } from '../steps/step_2AS_denovo__spades'

// --- GLOBALS ---

// --- INLINE PROCESSES ---

// --- SUB WORKFLOWS ---

// --- ENTRYPOINT ---
workflow {
    trimmed = step_1PP_trimming__fastp(getSingleInput()).trimmed

    assembled = step_2AS_denovo__spades(trimmed).assembled

    step_4TY_MLST__mlst(assembled)
}","nextflow.enable.dsl=2

include { getSingleInput; optionalOrDefault; param } from '../functions/parameters.nf'
include { step_1PP_trimming__fastp } from '../steps/step_1PP_trimming__fastp'
include { step_2AS_denovo__spades } from '../steps/step_2AS_denovo__spades'
include { step_4TY_MLST__mlst } from '../steps/step_4TY_MLST__mlst'
workflow {
    trimmed   = step_1PP_trimming__fastp(getSingleInput()).trimmed
    assembled = step_2AS_denovo__spades(trimmed).assembled
    step_4TY_MLST__mlst(assembled)
}
"
"MOD_K14_add_prokka_to_mlst_eco_spades","2","add","(generated)","MOD_K14_add_prokka_to_mlst_eco_spades_t2","modification","Now also run prokka in parallel on the same assembly.","Y","Y","none","","8","8","Y","","","","step_1PP_trimming__fastp, step_2AS_denovo__spades, step_4AN_genes__prokka, step_4TY_MLST__mlst","step_1PP_trimming__fastp, step_2AS_denovo__spades, step_4TY_MLST__mlst, step_4AN_genes__prokka","step_1PP_trimming__fastp, step_2AS_denovo__spades, step_4AN_genes__prokka, step_4TY_MLST__mlst","825","32","4","2","7.1","I will proceed with the updated plan to design a pipeline for MLST on Escherichia coli from paired Illumina FASTQ using fastp and SPAdes, with Prokka annotation running in parallel on the same assembly.","nextflow.enable.dsl=2

// --- IMPORTS ---

include { step_1PP_trimming__fastp } from '../steps/step_1PP_trimming__fastp'

include { step_4TY_MLST__mlst } from '../steps/step_4TY_MLST__mlst'

include { getEmpty } from '../functions/common.nf'

include { step_2AS_denovo__spades } from '../steps/step_2AS_denovo__spades'

include { step_4AN_genes__prokka } from '../steps/step_4AN_genes__prokka'

include { getSingleInput } from '../functions/parameters.nf'

// --- GLOBALS ---

// --- INLINE PROCESSES ---

// --- SUB WORKFLOWS ---

// --- ENTRYPOINT ---
workflow {
    trimmed = step_1PP_trimming__fastp(getSingleInput()).trimmed

    assembled = step_2AS_denovo__spades(trimmed).assembled

    step_4TY_MLST__mlst(assembled)

    step_4AN_genes__prokka(assembled.map { [ it[0], it[1], 'Bacteria', '-', '-', getEmpty() ] })
}","nextflow.enable.dsl=2

include { getSingleInput; optionalOrDefault; param } from '../functions/parameters.nf'
include { step_1PP_trimming__fastp } from '../steps/step_1PP_trimming__fastp'
include { step_2AS_denovo__spades } from '../steps/step_2AS_denovo__spades'
include { step_4TY_MLST__mlst } from '../steps/step_4TY_MLST__mlst'
include { step_4AN_genes__prokka } from '../steps/step_4AN_genes__prokka'
workflow {
    trimmed   = step_1PP_trimming__fastp(getSingleInput()).trimmed
    assembled = step_2AS_denovo__spades(trimmed).assembled
    step_4TY_MLST__mlst(assembled)
    step_4AN_genes__prokka(assembled)
}
"
"MOD_K15_add_prokka_to_mlst_sal_spades","1","add","(generated)","MOD_K15_add_prokka_to_mlst_sal_spades_t1","modification","mlst on Salmonella enterica from paired Illumina FASTQ (fastp + spades).","Y","Y","none","","7","7","Y","","","","step_1PP_trimming__fastp, step_2AS_denovo__spades, step_4TY_MLST__mlst","step_1PP_trimming__fastp, step_2AS_denovo__spades, step_4TY_MLST__mlst","step_1PP_trimming__fastp, step_2AS_denovo__spades, step_4TY_MLST__mlst","600","26","3","2","7.8","I will build a pipeline for MLST on Salmonella enterica using paired Illumina FASTQ files. The pipeline will include trimming with fastp, de novo assembly with SPAdes, and MLST typing.","nextflow.enable.dsl=2

// --- IMPORTS ---

include { step_4TY_MLST__mlst } from '../steps/step_4TY_MLST__mlst'

include { step_1PP_trimming__fastp } from '../steps/step_1PP_trimming__fastp'

include { getSingleInput } from '../functions/parameters.nf'

include { step_2AS_denovo__spades } from '../steps/step_2AS_denovo__spades'

// --- GLOBALS ---

// --- INLINE PROCESSES ---

// --- SUB WORKFLOWS ---

// --- ENTRYPOINT ---
workflow {
    trimmed = step_1PP_trimming__fastp(getSingleInput()).trimmed

    assembled = step_2AS_denovo__spades(trimmed).assembled

    step_4TY_MLST__mlst(assembled)
}","nextflow.enable.dsl=2

include { getSingleInput; optionalOrDefault; param } from '../functions/parameters.nf'
include { step_1PP_trimming__fastp } from '../steps/step_1PP_trimming__fastp'
include { step_2AS_denovo__spades } from '../steps/step_2AS_denovo__spades'
include { step_4TY_MLST__mlst } from '../steps/step_4TY_MLST__mlst'
workflow {
    trimmed   = step_1PP_trimming__fastp(getSingleInput()).trimmed
    assembled = step_2AS_denovo__spades(trimmed).assembled
    step_4TY_MLST__mlst(assembled)
}
"
"MOD_K15_add_prokka_to_mlst_sal_spades","2","add","(generated)","MOD_K15_add_prokka_to_mlst_sal_spades_t2","modification","Now also run prokka in parallel on the same assembly.","Y","Y","none","","8","8","Y","","","","step_1PP_trimming__fastp, step_2AS_denovo__spades, step_4AN_genes__prokka, step_4TY_MLST__mlst","step_1PP_trimming__fastp, step_2AS_denovo__spades, step_4TY_MLST__mlst, step_4AN_genes__prokka","step_1PP_trimming__fastp, step_2AS_denovo__spades, step_4AN_genes__prokka, step_4TY_MLST__mlst","825","32","4","2","7.6","I can build a pipeline for MLST on Salmonella enterica using paired Illumina FASTQ files. The pipeline will include trimming with fastp, de novo assembly with SPAdes, and MLST typing. I will also add Prokka to annotate the assembled contigs in parallel. Does this sound good?","nextflow.enable.dsl=2

// --- IMPORTS ---

include { step_1PP_trimming__fastp } from '../steps/step_1PP_trimming__fastp'

include { step_4TY_MLST__mlst } from '../steps/step_4TY_MLST__mlst'

include { getEmpty } from '../functions/common.nf'

include { step_2AS_denovo__spades } from '../steps/step_2AS_denovo__spades'

include { step_4AN_genes__prokka } from '../steps/step_4AN_genes__prokka'

include { getSingleInput } from '../functions/parameters.nf'

// --- GLOBALS ---

// --- INLINE PROCESSES ---

// --- SUB WORKFLOWS ---

// --- ENTRYPOINT ---
workflow {
    trimmed = step_1PP_trimming__fastp(getSingleInput()).trimmed

    assembled = step_2AS_denovo__spades(trimmed).assembled

    step_4TY_MLST__mlst(assembled)

    step_4AN_genes__prokka(assembled.map { [ it[0], it[1], 'Bacteria', '-', '-', getEmpty() ] })
}","nextflow.enable.dsl=2

include { getSingleInput; optionalOrDefault; param } from '../functions/parameters.nf'
include { step_1PP_trimming__fastp } from '../steps/step_1PP_trimming__fastp'
include { step_2AS_denovo__spades } from '../steps/step_2AS_denovo__spades'
include { step_4TY_MLST__mlst } from '../steps/step_4TY_MLST__mlst'
include { step_4AN_genes__prokka } from '../steps/step_4AN_genes__prokka'
workflow {
    trimmed   = step_1PP_trimming__fastp(getSingleInput()).trimmed
    assembled = step_2AS_denovo__spades(trimmed).assembled
    step_4TY_MLST__mlst(assembled)
    step_4AN_genes__prokka(assembled)
}
"
"MOD_K16_add_prokka_to_mlst_cam_spades","1","add","(generated)","MOD_K16_add_prokka_to_mlst_cam_spades_t1","modification","mlst on Campylobacter jejuni from paired Illumina FASTQ (fastp + spades).","Y","Y","none","","7","7","Y","","","","step_1PP_trimming__fastp, step_2AS_denovo__spades, step_4TY_MLST__mlst","step_1PP_trimming__fastp, step_2AS_denovo__spades, step_4TY_MLST__mlst","step_1PP_trimming__fastp, step_2AS_denovo__spades, step_4TY_MLST__mlst","600","26","3","2","8.7","Great! I will approve the pipeline with the following steps:

1. **Trimming**: Use `step_1PP_trimming__fastp` to trim your paired-end Illumina reads.
2. **Assembly**: Use `step_2AS_denovo__spades` to assemble the trimmed reads.
3. **MLST Typing**: Use `step_4TY_MLST__mlst` to perform MLST typing on ","nextflow.enable.dsl=2

// --- IMPORTS ---

include { step_4TY_MLST__mlst } from '../steps/step_4TY_MLST__mlst'

include { step_1PP_trimming__fastp } from '../steps/step_1PP_trimming__fastp'

include { getSingleInput } from '../functions/parameters.nf'

include { step_2AS_denovo__spades } from '../steps/step_2AS_denovo__spades'

// --- GLOBALS ---

// --- INLINE PROCESSES ---

// --- SUB WORKFLOWS ---

// --- ENTRYPOINT ---
workflow {
    trimmed = step_1PP_trimming__fastp(getSingleInput()).trimmed

    assembled = step_2AS_denovo__spades(trimmed).assembled

    step_4TY_MLST__mlst(assembled)
}","nextflow.enable.dsl=2

include { getSingleInput; optionalOrDefault; param } from '../functions/parameters.nf'
include { step_1PP_trimming__fastp } from '../steps/step_1PP_trimming__fastp'
include { step_2AS_denovo__spades } from '../steps/step_2AS_denovo__spades'
include { step_4TY_MLST__mlst } from '../steps/step_4TY_MLST__mlst'
workflow {
    trimmed   = step_1PP_trimming__fastp(getSingleInput()).trimmed
    assembled = step_2AS_denovo__spades(trimmed).assembled
    step_4TY_MLST__mlst(assembled)
}
"
"MOD_K16_add_prokka_to_mlst_cam_spades","2","add","(generated)","MOD_K16_add_prokka_to_mlst_cam_spades_t2","modification","Now also run prokka in parallel on the same assembly.","Y","Y","none","","8","8","Y","","","","step_1PP_trimming__fastp, step_2AS_denovo__spades, step_4AN_genes__prokka, step_4TY_MLST__mlst","step_1PP_trimming__fastp, step_2AS_denovo__spades, step_4TY_MLST__mlst, step_4AN_genes__prokka","step_1PP_trimming__fastp, step_2AS_denovo__spades, step_4AN_genes__prokka, step_4TY_MLST__mlst","825","32","4","2","11.1","I will approve the pipeline with the following steps:

1. **Trimming**: Use `step_1PP_trimming__fastp` to trim your paired-end Illumina reads.
2. **Assembly**: Use `step_2AS_denovo__spades` to assemble the trimmed reads.
3. **MLST Typing**: Use `step_4TY_MLST__mlst` to perform MLST typing on the ass","nextflow.enable.dsl=2

// --- IMPORTS ---

include { step_1PP_trimming__fastp } from '../steps/step_1PP_trimming__fastp'

include { step_4TY_MLST__mlst } from '../steps/step_4TY_MLST__mlst'

include { getEmpty } from '../functions/common.nf'

include { step_2AS_denovo__spades } from '../steps/step_2AS_denovo__spades'

include { step_4AN_genes__prokka } from '../steps/step_4AN_genes__prokka'

include { getSingleInput } from '../functions/parameters.nf'

// --- GLOBALS ---

// --- INLINE PROCESSES ---

// --- SUB WORKFLOWS ---

// --- ENTRYPOINT ---
workflow {
    trimmed = step_1PP_trimming__fastp(getSingleInput()).trimmed

    assembled = step_2AS_denovo__spades(trimmed).assembled

    step_4TY_MLST__mlst(assembled)

    step_4AN_genes__prokka(assembled.map { [ it[0], it[1], 'Bacteria', '-', '-', getEmpty() ] })
}","nextflow.enable.dsl=2

include { getSingleInput; optionalOrDefault; param } from '../functions/parameters.nf'
include { step_1PP_trimming__fastp } from '../steps/step_1PP_trimming__fastp'
include { step_2AS_denovo__spades } from '../steps/step_2AS_denovo__spades'
include { step_4TY_MLST__mlst } from '../steps/step_4TY_MLST__mlst'
include { step_4AN_genes__prokka } from '../steps/step_4AN_genes__prokka'
workflow {
    trimmed   = step_1PP_trimming__fastp(getSingleInput()).trimmed
    assembled = step_2AS_denovo__spades(trimmed).assembled
    step_4TY_MLST__mlst(assembled)
    step_4AN_genes__prokka(assembled)
}
"
"MOD_K17_add_prokka_to_abricate_lis_spades","1","add","(generated)","MOD_K17_add_prokka_to_abricate_lis_spades_t1","modification","abricate on Listeria monocytogenes from paired Illumina FASTQ (fastp + spades).","Y","Y","none","","7","7","Y","","","","step_1PP_trimming__fastp, step_2AS_denovo__spades, step_4AN_AMR__abricate","step_1PP_trimming__fastp, step_2AS_denovo__spades, step_4AN_AMR__abricate","step_1PP_trimming__fastp, step_2AS_denovo__spades, step_4AN_AMR__abricate","609","26","3","2","11.9","I will now generate the pipeline plan.","nextflow.enable.dsl=2

// --- IMPORTS ---

include { step_4AN_AMR__abricate } from '../steps/step_4AN_AMR__abricate'

include { step_1PP_trimming__fastp } from '../steps/step_1PP_trimming__fastp'

include { getSingleInput } from '../functions/parameters.nf'

include { step_2AS_denovo__spades } from '../steps/step_2AS_denovo__spades'

// --- GLOBALS ---

// --- INLINE PROCESSES ---

// --- SUB WORKFLOWS ---

// --- ENTRYPOINT ---
workflow {
    trimmed = step_1PP_trimming__fastp(getSingleInput()).trimmed

    assembled = step_2AS_denovo__spades(trimmed).assembled

    step_4AN_AMR__abricate(assembled)
}","nextflow.enable.dsl=2

include { getSingleInput; optionalOrDefault; param } from '../functions/parameters.nf'
include { step_1PP_trimming__fastp } from '../steps/step_1PP_trimming__fastp'
include { step_2AS_denovo__spades } from '../steps/step_2AS_denovo__spades'
include { step_4AN_AMR__abricate } from '../steps/step_4AN_AMR__abricate'
workflow {
    trimmed   = step_1PP_trimming__fastp(getSingleInput()).trimmed
    assembled = step_2AS_denovo__spades(trimmed).assembled
    step_4AN_AMR__abricate(assembled)
}
"
"MOD_K17_add_prokka_to_abricate_lis_spades","2","add","(generated)","MOD_K17_add_prokka_to_abricate_lis_spades_t2","modification","Now also run prokka in parallel on the same assembly.","Y","Y","none","","8","8","Y","","","","step_1PP_trimming__fastp, step_2AS_denovo__spades, step_4AN_AMR__abricate, step_4AN_genes__prokka","step_1PP_trimming__fastp, step_2AS_denovo__spades, step_4AN_AMR__abricate, step_4AN_genes__prokka","step_1PP_trimming__fastp, step_2AS_denovo__spades, step_4AN_AMR__abricate, step_4AN_genes__prokka","1181","61","4","3","11.5","Based on the available tools, I can design a pipeline for Listeria monocytogenes using the following steps:

1. Trimming with fastp
2. De novo assembly with spades
3. Parallel processing:
   a. AMR detection with abricate
   b. Gene annotation with prokka

This will use the following components:
- s","nextflow.enable.dsl=2

// --- IMPORTS ---

include { step_4AN_AMR__abricate } from '../steps/step_4AN_AMR__abricate'

include { getEmpty } from '../functions/common.nf'

include { step_4AN_genes__prokka } from '../steps/step_4AN_genes__prokka'

include { step_2AS_denovo__spades } from '../steps/step_2AS_denovo__spades'

include { step_1PP_trimming__fastp } from '../steps/step_1PP_trimming__fastp'

include { getSingleInput } from '../functions/parameters.nf'

// --- GLOBALS ---

// --- INLINE PROCESSES ---

// --- SUB WORKFLOWS ---

workflow wf_trim_assemble {
    
    take:
        
        rawreads
        
    
    main:
        trimmed = step_1PP_trimming__fastp(rawreads).trimmed

        assembled = step_2AS_denovo__spades(trimmed).assembled
    
    emit:
        
        assembled
        
    
}

workflow wf_amr_annotation {
    
    take:
        
        assembled
        
    
    main:
        step_4AN_AMR__abricate(assembled)

        step_4AN_genes__prokka(assembled.map { [ it[0], it[1], 'Bacteria', '-', '-', getEmpty() ] })
    
}

// --- ENTRYPOINT ---
workflow {
    assembled = wf_trim_assemble(getSingleInput())

    wf_amr_annotation(assembled)
}","nextflow.enable.dsl=2

include { getSingleInput; optionalOrDefault; param } from '../functions/parameters.nf'
include { step_1PP_trimming__fastp } from '../steps/step_1PP_trimming__fastp'
include { step_2AS_denovo__spades } from '../steps/step_2AS_denovo__spades'
include { step_4AN_AMR__abricate } from '../steps/step_4AN_AMR__abricate'
include { step_4AN_genes__prokka } from '../steps/step_4AN_genes__prokka'
workflow {
    trimmed   = step_1PP_trimming__fastp(getSingleInput()).trimmed
    assembled = step_2AS_denovo__spades(trimmed).assembled
    step_4AN_AMR__abricate(assembled)
    step_4AN_genes__prokka(assembled)
}
"
"MOD_K18_add_prokka_to_abricate_eco_spades","1","add","(generated)","MOD_K18_add_prokka_to_abricate_eco_spades_t1","modification","abricate on Escherichia coli from paired Illumina FASTQ (fastp + spades).","Y","Y","none","","7","7","Y","","","","step_1PP_trimming__fastp, step_2AS_denovo__spades, step_4AN_AMR__abricate","step_1PP_trimming__fastp, step_2AS_denovo__spades, step_4AN_AMR__abricate","step_1PP_trimming__fastp, step_2AS_denovo__spades, step_4AN_AMR__abricate","609","26","3","2","8.2","I will build a pipeline with fastp, spades, and abricate. I will now generate the plan.","nextflow.enable.dsl=2

// --- IMPORTS ---

include { step_4AN_AMR__abricate } from '../steps/step_4AN_AMR__abricate'

include { step_1PP_trimming__fastp } from '../steps/step_1PP_trimming__fastp'

include { getSingleInput } from '../functions/parameters.nf'

include { step_2AS_denovo__spades } from '../steps/step_2AS_denovo__spades'

// --- GLOBALS ---

// --- INLINE PROCESSES ---

// --- SUB WORKFLOWS ---

// --- ENTRYPOINT ---
workflow {
    trimmed = step_1PP_trimming__fastp(getSingleInput()).trimmed

    assembled = step_2AS_denovo__spades(trimmed).assembled

    step_4AN_AMR__abricate(assembled)
}","nextflow.enable.dsl=2

include { getSingleInput; optionalOrDefault; param } from '../functions/parameters.nf'
include { step_1PP_trimming__fastp } from '../steps/step_1PP_trimming__fastp'
include { step_2AS_denovo__spades } from '../steps/step_2AS_denovo__spades'
include { step_4AN_AMR__abricate } from '../steps/step_4AN_AMR__abricate'
workflow {
    trimmed   = step_1PP_trimming__fastp(getSingleInput()).trimmed
    assembled = step_2AS_denovo__spades(trimmed).assembled
    step_4AN_AMR__abricate(assembled)
}
"
"MOD_K18_add_prokka_to_abricate_eco_spades","2","add","(generated)","MOD_K18_add_prokka_to_abricate_eco_spades_t2","modification","Now also run prokka in parallel on the same assembly.","Y","Y","none","","8","8","Y","","","","step_1PP_trimming__fastp, step_2AS_denovo__spades, step_4AN_AMR__abricate, step_4AN_genes__prokka","step_4AN_AMR__abricate, step_4AN_genes__prokka, step_1PP_trimming__fastp, step_2AS_denovo__spades","step_1PP_trimming__fastp, step_2AS_denovo__spades, step_4AN_AMR__abricate, step_4AN_genes__prokka","972","41","4","2","10.8","I will build a pipeline with fastp, spades, abricate, and prokka. I will now generate the plan.","nextflow.enable.dsl=2

// --- IMPORTS ---

include { step_4AN_AMR__abricate } from '../steps/step_4AN_AMR__abricate'

include { getEmpty } from '../functions/common.nf'

include { step_4AN_genes__prokka } from '../steps/step_4AN_genes__prokka'

include { step_2AS_denovo__spades } from '../steps/step_2AS_denovo__spades'

include { step_1PP_trimming__fastp } from '../steps/step_1PP_trimming__fastp'

include { getSingleInput } from '../functions/parameters.nf'

// --- GLOBALS ---

// --- INLINE PROCESSES ---

// --- SUB WORKFLOWS ---

workflow wf_amr_annotation {
    
    take:
        
        assembly
        
    
    main:
        step_4AN_AMR__abricate(assembly)
        step_4AN_genes__prokka(assembly.map { [ it[0], it[1], 'Bacteria', '-', '-', getEmpty() ] })
    
}

// --- ENTRYPOINT ---
workflow {
    trimmed = step_1PP_trimming__fastp(getSingleInput()).trimmed
    assembled = step_2AS_denovo__spades(trimmed).assembled
    wf_amr_annotation(assembled)
}","nextflow.enable.dsl=2

include { getSingleInput; optionalOrDefault; param } from '../functions/parameters.nf'
include { step_1PP_trimming__fastp } from '../steps/step_1PP_trimming__fastp'
include { step_2AS_denovo__spades } from '../steps/step_2AS_denovo__spades'
include { step_4AN_AMR__abricate } from '../steps/step_4AN_AMR__abricate'
include { step_4AN_genes__prokka } from '../steps/step_4AN_genes__prokka'
workflow {
    trimmed   = step_1PP_trimming__fastp(getSingleInput()).trimmed
    assembled = step_2AS_denovo__spades(trimmed).assembled
    step_4AN_AMR__abricate(assembled)
    step_4AN_genes__prokka(assembled)
}
"
"MOD_K19_add_mlst_to_abricate_sal_spades","1","add","(generated)","MOD_K19_add_mlst_to_abricate_sal_spades_t1","modification","abricate on Salmonella enterica from paired Illumina FASTQ (fastp + spades).","Y","Y","none","","7","7","Y","","","","step_1PP_trimming__fastp, step_2AS_denovo__spades, step_4AN_AMR__abricate","step_1PP_trimming__fastp, step_2AS_denovo__spades, step_4AN_AMR__abricate","step_1PP_trimming__fastp, step_2AS_denovo__spades, step_4AN_AMR__abricate","609","26","3","2","9.1","I'm glad you're satisfied with the plan! I will now proceed with building the pipeline.","nextflow.enable.dsl=2

// --- IMPORTS ---

include { step_4AN_AMR__abricate } from '../steps/step_4AN_AMR__abricate'

include { step_1PP_trimming__fastp } from '../steps/step_1PP_trimming__fastp'

include { getSingleInput } from '../functions/parameters.nf'

include { step_2AS_denovo__spades } from '../steps/step_2AS_denovo__spades'

// --- GLOBALS ---

// --- INLINE PROCESSES ---

// --- SUB WORKFLOWS ---

// --- ENTRYPOINT ---
workflow {
    trimmed = step_1PP_trimming__fastp(getSingleInput()).trimmed

    assembled = step_2AS_denovo__spades(trimmed).assembled

    step_4AN_AMR__abricate(assembled)
}","nextflow.enable.dsl=2

include { getSingleInput; optionalOrDefault; param } from '../functions/parameters.nf'
include { step_1PP_trimming__fastp } from '../steps/step_1PP_trimming__fastp'
include { step_2AS_denovo__spades } from '../steps/step_2AS_denovo__spades'
include { step_4AN_AMR__abricate } from '../steps/step_4AN_AMR__abricate'
workflow {
    trimmed   = step_1PP_trimming__fastp(getSingleInput()).trimmed
    assembled = step_2AS_denovo__spades(trimmed).assembled
    step_4AN_AMR__abricate(assembled)
}
"
"MOD_K19_add_mlst_to_abricate_sal_spades","2","add","(generated)","MOD_K19_add_mlst_to_abricate_sal_spades_t2","modification","Now also run mlst in parallel on the same assembly.","Y","Y","none","","8","8","Y","","","","step_1PP_trimming__fastp, step_2AS_denovo__spades, step_4AN_AMR__abricate, step_4TY_MLST__mlst","step_1PP_trimming__fastp, step_2AS_denovo__spades, step_4AN_AMR__abricate, step_4TY_MLST__mlst","step_1PP_trimming__fastp, step_2AS_denovo__spades, step_4AN_AMR__abricate, step_4TY_MLST__mlst","714","30","4","2","8.5","I can add MLST to the pipeline. We will run it in parallel with abricate on the same assembly. This will use the step_4TY_MLST__mlst component. Does this look good?","nextflow.enable.dsl=2

// --- IMPORTS ---

include { step_1PP_trimming__fastp } from '../steps/step_1PP_trimming__fastp'

include { step_4TY_MLST__mlst } from '../steps/step_4TY_MLST__mlst'

include { step_4AN_AMR__abricate } from '../steps/step_4AN_AMR__abricate'

include { step_2AS_denovo__spades } from '../steps/step_2AS_denovo__spades'

include { getSingleInput } from '../functions/parameters.nf'

// --- GLOBALS ---

// --- INLINE PROCESSES ---

// --- SUB WORKFLOWS ---

// --- ENTRYPOINT ---
workflow {
    trimmed = step_1PP_trimming__fastp(getSingleInput()).trimmed

    assembled = step_2AS_denovo__spades(trimmed).assembled

    step_4AN_AMR__abricate(assembled)

    step_4TY_MLST__mlst(assembled)
}","nextflow.enable.dsl=2

include { getSingleInput; optionalOrDefault; param } from '../functions/parameters.nf'
include { step_1PP_trimming__fastp } from '../steps/step_1PP_trimming__fastp'
include { step_2AS_denovo__spades } from '../steps/step_2AS_denovo__spades'
include { step_4AN_AMR__abricate } from '../steps/step_4AN_AMR__abricate'
include { step_4TY_MLST__mlst } from '../steps/step_4TY_MLST__mlst'
workflow {
    trimmed   = step_1PP_trimming__fastp(getSingleInput()).trimmed
    assembled = step_2AS_denovo__spades(trimmed).assembled
    step_4AN_AMR__abricate(assembled)
    step_4TY_MLST__mlst(assembled)
}
"
"MOD_K20_add_mlst_to_abricate_eco_spades","1","add","(generated)","MOD_K20_add_mlst_to_abricate_eco_spades_t1","modification","abricate on Escherichia coli from paired Illumina FASTQ (fastp + spades).","Y","Y","none","","7","7","Y","","","","step_1PP_trimming__fastp, step_2AS_denovo__spades, step_4AN_AMR__abricate","step_1PP_trimming__fastp, step_2AS_denovo__spades, step_4AN_AMR__abricate","step_1PP_trimming__fastp, step_2AS_denovo__spades, step_4AN_AMR__abricate","609","26","3","2","10.6","I'm ready to build the pipeline with the steps you approved. I'll use the exact tools you specified.","nextflow.enable.dsl=2

// --- IMPORTS ---

include { step_4AN_AMR__abricate } from '../steps/step_4AN_AMR__abricate'

include { step_1PP_trimming__fastp } from '../steps/step_1PP_trimming__fastp'

include { getSingleInput } from '../functions/parameters.nf'

include { step_2AS_denovo__spades } from '../steps/step_2AS_denovo__spades'

// --- GLOBALS ---

// --- INLINE PROCESSES ---

// --- SUB WORKFLOWS ---

// --- ENTRYPOINT ---
workflow {
    trimmed = step_1PP_trimming__fastp(getSingleInput()).trimmed

    assembled = step_2AS_denovo__spades(trimmed).assembled

    step_4AN_AMR__abricate(assembled)
}","nextflow.enable.dsl=2

include { getSingleInput; optionalOrDefault; param } from '../functions/parameters.nf'
include { step_1PP_trimming__fastp } from '../steps/step_1PP_trimming__fastp'
include { step_2AS_denovo__spades } from '../steps/step_2AS_denovo__spades'
include { step_4AN_AMR__abricate } from '../steps/step_4AN_AMR__abricate'
workflow {
    trimmed   = step_1PP_trimming__fastp(getSingleInput()).trimmed
    assembled = step_2AS_denovo__spades(trimmed).assembled
    step_4AN_AMR__abricate(assembled)
}
"
"MOD_K20_add_mlst_to_abricate_eco_spades","2","add","(generated)","MOD_K20_add_mlst_to_abricate_eco_spades_t2","modification","Now also run mlst in parallel on the same assembly.","Y","Y","none","","8","8","Y","","","","step_1PP_trimming__fastp, step_2AS_denovo__spades, step_4AN_AMR__abricate, step_4TY_MLST__mlst","step_1PP_trimming__fastp, step_2AS_denovo__spades, step_4AN_AMR__abricate, step_4TY_MLST__mlst","step_1PP_trimming__fastp, step_2AS_denovo__spades, step_4AN_AMR__abricate, step_4TY_MLST__mlst","714","30","4","2","8.2","I'm ready to build the pipeline with the steps you approved. I'll use the exact tools you specified.","nextflow.enable.dsl=2

// --- IMPORTS ---

include { step_1PP_trimming__fastp } from '../steps/step_1PP_trimming__fastp'

include { step_4TY_MLST__mlst } from '../steps/step_4TY_MLST__mlst'

include { step_4AN_AMR__abricate } from '../steps/step_4AN_AMR__abricate'

include { step_2AS_denovo__spades } from '../steps/step_2AS_denovo__spades'

include { getSingleInput } from '../functions/parameters.nf'

// --- GLOBALS ---

// --- INLINE PROCESSES ---

// --- SUB WORKFLOWS ---

// --- ENTRYPOINT ---
workflow {
    trimmed = step_1PP_trimming__fastp(getSingleInput()).trimmed

    assembled = step_2AS_denovo__spades(trimmed).assembled

    step_4AN_AMR__abricate(assembled)

    step_4TY_MLST__mlst(assembled)
}","nextflow.enable.dsl=2

include { getSingleInput; optionalOrDefault; param } from '../functions/parameters.nf'
include { step_1PP_trimming__fastp } from '../steps/step_1PP_trimming__fastp'
include { step_2AS_denovo__spades } from '../steps/step_2AS_denovo__spades'
include { step_4AN_AMR__abricate } from '../steps/step_4AN_AMR__abricate'
include { step_4TY_MLST__mlst } from '../steps/step_4TY_MLST__mlst'
workflow {
    trimmed   = step_1PP_trimming__fastp(getSingleInput()).trimmed
    assembled = step_2AS_denovo__spades(trimmed).assembled
    step_4AN_AMR__abricate(assembled)
    step_4TY_MLST__mlst(assembled)
}
"
"MOD_K21_add_mlst_to_flaA_cam_spades","1","add","(generated)","MOD_K21_add_mlst_to_flaA_cam_spades_t1","modification","flaA on Campylobacter jejuni from paired Illumina FASTQ (fastp + spades).","Y","Y","none","","7","7","Y","","","","step_1PP_trimming__fastp, step_2AS_denovo__spades, step_4TY_flaA__flaA","step_1PP_trimming__fastp, step_2AS_denovo__spades, step_4TY_flaA__flaA","step_1PP_trimming__fastp, step_2AS_denovo__spades, step_4TY_flaA__flaA","631","26","3","2","7.0","I'm glad to hear that you're interested in the pipeline for flaA typing on Campylobacter jejuni using paired Illumina FASTQ files. I'll proceed with the pipeline that includes trimming with fastp, de novo assembly with SPAdes, and flaA typing.","nextflow.enable.dsl=2

// --- IMPORTS ---

include { step_4TY_flaA__flaA } from '../steps/step_4TY_flaA__flaA'

include { step_1PP_trimming__fastp } from '../steps/step_1PP_trimming__fastp'

include { step_2AS_denovo__spades } from '../steps/step_2AS_denovo__spades'

include { getSingleInput; param } from '../functions/parameters.nf'

// --- GLOBALS ---

// --- INLINE PROCESSES ---

// --- SUB WORKFLOWS ---

// --- ENTRYPOINT ---
workflow {
    trimmed = step_1PP_trimming__fastp(getSingleInput()).trimmed

    assembled = step_2AS_denovo__spades(trimmed).assembled

    step_4TY_flaA__flaA(assembled, param('genus_species'))
}","nextflow.enable.dsl=2

include { getSingleInput; optionalOrDefault; param } from '../functions/parameters.nf'
include { step_1PP_trimming__fastp } from '../steps/step_1PP_trimming__fastp'
include { step_2AS_denovo__spades } from '../steps/step_2AS_denovo__spades'
include { step_4TY_flaA__flaA } from '../steps/step_4TY_flaA__flaA'
workflow {
    trimmed   = step_1PP_trimming__fastp(getSingleInput()).trimmed
    assembled = step_2AS_denovo__spades(trimmed).assembled
    step_4TY_flaA__flaA(assembled, param('genus_species'))
}
"
"MOD_K21_add_mlst_to_flaA_cam_spades","2","add","(generated)","MOD_K21_add_mlst_to_flaA_cam_spades_t2","modification","Now also run mlst in parallel on the same assembly.","Y","Y","none","","8","8","Y","","","","step_1PP_trimming__fastp, step_2AS_denovo__spades, step_4TY_MLST__mlst, step_4TY_flaA__flaA","step_1PP_trimming__fastp, step_2AS_denovo__spades, step_4TY_flaA__flaA, step_4TY_MLST__mlst","step_1PP_trimming__fastp, step_2AS_denovo__spades, step_4TY_MLST__mlst, step_4TY_flaA__flaA","721","29","4","2","7.5","Based on the available tools, I can design a pipeline for flaA typing and MLST on Campylobacter jejuni using paired Illumina FASTQ files. The pipeline will include trimming with fastp, de novo assembly with SPAdes, and both flaA typing and MLST. Does this sound good to you?","nextflow.enable.dsl=2

// --- IMPORTS ---

include { step_4TY_flaA__flaA } from '../steps/step_4TY_flaA__flaA'

include { step_1PP_trimming__fastp } from '../steps/step_1PP_trimming__fastp'

include { step_4TY_MLST__mlst } from '../steps/step_4TY_MLST__mlst'

include { step_2AS_denovo__spades } from '../steps/step_2AS_denovo__spades'

include { getSingleInput } from '../functions/parameters.nf'

// --- GLOBALS ---

// --- INLINE PROCESSES ---

// --- SUB WORKFLOWS ---

// --- ENTRYPOINT ---
workflow {
    trimmed = step_1PP_trimming__fastp(getSingleInput()).trimmed

    assembled = step_2AS_denovo__spades(trimmed).assembled

    step_4TY_flaA__flaA(assembled, 'campylobacter')
    step_4TY_MLST__mlst(assembled)
}","nextflow.enable.dsl=2

include { getSingleInput; optionalOrDefault; param } from '../functions/parameters.nf'
include { step_1PP_trimming__fastp } from '../steps/step_1PP_trimming__fastp'
include { step_2AS_denovo__spades } from '../steps/step_2AS_denovo__spades'
include { step_4TY_flaA__flaA } from '../steps/step_4TY_flaA__flaA'
include { step_4TY_MLST__mlst } from '../steps/step_4TY_MLST__mlst'
workflow {
    trimmed   = step_1PP_trimming__fastp(getSingleInput()).trimmed
    assembled = step_2AS_denovo__spades(trimmed).assembled
    step_4TY_flaA__flaA(assembled, param('genus_species'))
    step_4TY_MLST__mlst(assembled)
}
"
"MOD_K22_add_staramr_to_flaA_cam_spades","1","add","(generated)","MOD_K22_add_staramr_to_flaA_cam_spades_t1","modification","flaA on Campylobacter jejuni from paired Illumina FASTQ (fastp + spades).","Y","Y","none","","7","7","Y","","","","step_1PP_trimming__fastp, step_2AS_denovo__spades, step_4TY_flaA__flaA","step_1PP_trimming__fastp, step_2AS_denovo__spades, step_4TY_flaA__flaA","step_1PP_trimming__fastp, step_2AS_denovo__spades, step_4TY_flaA__flaA","617","26","3","2","8.2","I'm ready to build the pipeline. I'll use the following steps:
1. Trimming with fastp
2. De novo assembly with SPAdes
3. flaA typing

I'll now generate the detailed plan for the Architect.","nextflow.enable.dsl=2

// --- IMPORTS ---

include { step_4TY_flaA__flaA } from '../steps/step_4TY_flaA__flaA'

include { step_1PP_trimming__fastp } from '../steps/step_1PP_trimming__fastp'

include { getSingleInput } from '../functions/parameters.nf'

include { step_2AS_denovo__spades } from '../steps/step_2AS_denovo__spades'

// --- GLOBALS ---

// --- INLINE PROCESSES ---

// --- SUB WORKFLOWS ---

// --- ENTRYPOINT ---
workflow {
    trimmed = step_1PP_trimming__fastp(getSingleInput()).trimmed

    assembled = step_2AS_denovo__spades(trimmed).assembled

    step_4TY_flaA__flaA(assembled, 'campylobacter')
}","nextflow.enable.dsl=2

include { getSingleInput; optionalOrDefault; param } from '../functions/parameters.nf'
include { step_1PP_trimming__fastp } from '../steps/step_1PP_trimming__fastp'
include { step_2AS_denovo__spades } from '../steps/step_2AS_denovo__spades'
include { step_4TY_flaA__flaA } from '../steps/step_4TY_flaA__flaA'
workflow {
    trimmed   = step_1PP_trimming__fastp(getSingleInput()).trimmed
    assembled = step_2AS_denovo__spades(trimmed).assembled
    step_4TY_flaA__flaA(assembled, param('genus_species'))
}
"
"MOD_K22_add_staramr_to_flaA_cam_spades","2","add","(generated)","MOD_K22_add_staramr_to_flaA_cam_spades_t2","modification","Now also run staramr in parallel on the same assembly.","Y","Y","none","","8","8","Y","","","","step_1PP_trimming__fastp, step_2AS_denovo__spades, step_4AN_AMR__staramr, step_4TY_flaA__flaA","step_1PP_trimming__fastp, step_2AS_denovo__spades, step_4TY_flaA__flaA, step_4AN_AMR__staramr","step_1PP_trimming__fastp, step_2AS_denovo__spades, step_4AN_AMR__staramr, step_4TY_flaA__flaA","911","41","4","2","9.2","I can add staramr to the pipeline to run in parallel with flaA typing on the same assembly. This will allow you to get both the flaA typing results and AMR gene detection simultaneously.","nextflow.enable.dsl=2

// --- IMPORTS ---

include { step_4AN_AMR__staramr } from '../steps/step_4AN_AMR__staramr'

include { step_4TY_flaA__flaA } from '../steps/step_4TY_flaA__flaA'

include { step_2AS_denovo__spades } from '../steps/step_2AS_denovo__spades'

include { step_1PP_trimming__fastp } from '../steps/step_1PP_trimming__fastp'

include { getSingleInput } from '../functions/parameters.nf'

// --- GLOBALS ---

// --- INLINE PROCESSES ---

// --- SUB WORKFLOWS ---

workflow wf_campylobacter_processing {
    
    take:
        
        rawreads
        
    
    main:
        trimmed = step_1PP_trimming__fastp(rawreads).trimmed

        assembly = step_2AS_denovo__spades(trimmed).assembled

        step_4TY_flaA__flaA(assembly, 'campylobacter')
        step_4AN_AMR__staramr(assembly, 'campylobacter')
    
}

// --- ENTRYPOINT ---
workflow {
    wf_campylobacter_processing(getSingleInput())
}","nextflow.enable.dsl=2

include { getSingleInput; optionalOrDefault; param } from '../functions/parameters.nf'
include { step_1PP_trimming__fastp } from '../steps/step_1PP_trimming__fastp'
include { step_2AS_denovo__spades } from '../steps/step_2AS_denovo__spades'
include { step_4TY_flaA__flaA } from '../steps/step_4TY_flaA__flaA'
include { step_4AN_AMR__staramr } from '../steps/step_4AN_AMR__staramr'
workflow {
    trimmed   = step_1PP_trimming__fastp(getSingleInput()).trimmed
    assembled = step_2AS_denovo__spades(trimmed).assembled
    step_4TY_flaA__flaA(assembled, param('genus_species'))
    step_4AN_AMR__staramr(assembled, param('genus_species'))
}
"
"MOD_K23_add_abricate_to_flaA_cam_spades","1","add","(generated)","MOD_K23_add_abricate_to_flaA_cam_spades_t1","modification","flaA on Campylobacter jejuni from paired Illumina FASTQ (fastp + spades).","Y","Y","none","","7","7","Y","","","","step_1PP_trimming__fastp, step_2AS_denovo__spades, step_4TY_flaA__flaA","step_1PP_trimming__fastp, step_2AS_denovo__spades, step_4TY_flaA__flaA","step_1PP_trimming__fastp, step_2AS_denovo__spades, step_4TY_flaA__flaA","631","26","3","2","8.5","I will create a pipeline for flaA typing on Campylobacter jejuni using paired Illumina FASTQ files. The pipeline will include trimming with fastp, de novo assembly with SPAdes, and flaA typing.","nextflow.enable.dsl=2

// --- IMPORTS ---

include { step_4TY_flaA__flaA } from '../steps/step_4TY_flaA__flaA'

include { step_1PP_trimming__fastp } from '../steps/step_1PP_trimming__fastp'

include { step_2AS_denovo__spades } from '../steps/step_2AS_denovo__spades'

include { getSingleInput; param } from '../functions/parameters.nf'

// --- GLOBALS ---

// --- INLINE PROCESSES ---

// --- SUB WORKFLOWS ---

// --- ENTRYPOINT ---
workflow {
    trimmed = step_1PP_trimming__fastp(getSingleInput()).trimmed

    assembled = step_2AS_denovo__spades(trimmed).assembled

    step_4TY_flaA__flaA(assembled, param('genus_species'))
}","nextflow.enable.dsl=2

include { getSingleInput; optionalOrDefault; param } from '../functions/parameters.nf'
include { step_1PP_trimming__fastp } from '../steps/step_1PP_trimming__fastp'
include { step_2AS_denovo__spades } from '../steps/step_2AS_denovo__spades'
include { step_4TY_flaA__flaA } from '../steps/step_4TY_flaA__flaA'
workflow {
    trimmed   = step_1PP_trimming__fastp(getSingleInput()).trimmed
    assembled = step_2AS_denovo__spades(trimmed).assembled
    step_4TY_flaA__flaA(assembled, param('genus_species'))
}
"
"MOD_K23_add_abricate_to_flaA_cam_spades","2","add","(generated)","MOD_K23_add_abricate_to_flaA_cam_spades_t2","modification","Now also run abricate in parallel on the same assembly.","Y","Y","none","","8","8","Y","","","","step_1PP_trimming__fastp, step_2AS_denovo__spades, step_4AN_AMR__abricate, step_4TY_flaA__flaA","step_1PP_trimming__fastp, step_2AS_denovo__spades, step_4TY_flaA__flaA, step_4AN_AMR__abricate","step_1PP_trimming__fastp, step_2AS_denovo__spades, step_4AN_AMR__abricate, step_4TY_flaA__flaA","742","30","4","2","9.8","I can add abricate to the pipeline to run in parallel on the same assembly. This will allow you to identify AMR genes in the assembly while also performing flaA typing.","nextflow.enable.dsl=2

// --- IMPORTS ---

include { step_4TY_flaA__flaA } from '../steps/step_4TY_flaA__flaA'

include { step_1PP_trimming__fastp } from '../steps/step_1PP_trimming__fastp'

include { step_4AN_AMR__abricate } from '../steps/step_4AN_AMR__abricate'

include { step_2AS_denovo__spades } from '../steps/step_2AS_denovo__spades'

include { getSingleInput; param } from '../functions/parameters.nf'

// --- GLOBALS ---

// --- INLINE PROCESSES ---

// --- SUB WORKFLOWS ---

// --- ENTRYPOINT ---
workflow {
    trimmed = step_1PP_trimming__fastp(getSingleInput()).trimmed

    assembly = step_2AS_denovo__spades(trimmed).assembled

    step_4TY_flaA__flaA(assembly, param('genus_species'))

    step_4AN_AMR__abricate(assembly)
}","nextflow.enable.dsl=2

include { getSingleInput; optionalOrDefault; param } from '../functions/parameters.nf'
include { step_1PP_trimming__fastp } from '../steps/step_1PP_trimming__fastp'
include { step_2AS_denovo__spades } from '../steps/step_2AS_denovo__spades'
include { step_4TY_flaA__flaA } from '../steps/step_4TY_flaA__flaA'
include { step_4AN_AMR__abricate } from '../steps/step_4AN_AMR__abricate'
workflow {
    trimmed   = step_1PP_trimming__fastp(getSingleInput()).trimmed
    assembled = step_2AS_denovo__spades(trimmed).assembled
    step_4TY_flaA__flaA(assembled, param('genus_species'))
    step_4AN_AMR__abricate(assembled)
}
"
"MOD_K24_add_prokka_to_flaA_cam_spades","1","add","(generated)","MOD_K24_add_prokka_to_flaA_cam_spades_t1","modification","flaA on Campylobacter jejuni from paired Illumina FASTQ (fastp + spades).","Y","Y","none","","7","7","Y","","","","step_1PP_trimming__fastp, step_2AS_denovo__spades, step_4TY_flaA__flaA","step_1PP_trimming__fastp, step_2AS_denovo__spades, step_4TY_flaA__flaA","step_1PP_trimming__fastp, step_2AS_denovo__spades, step_4TY_flaA__flaA","629","26","3","2","8.8","I'm ready to build the pipeline for flaA typing on Campylobacter jejuni using paired Illumina FASTQ files with fastp and SPAdes.","nextflow.enable.dsl=2

// --- IMPORTS ---

include { step_4TY_flaA__flaA } from '../steps/step_4TY_flaA__flaA'

include { step_1PP_trimming__fastp } from '../steps/step_1PP_trimming__fastp'

include { step_2AS_denovo__spades } from '../steps/step_2AS_denovo__spades'

include { getSingleInput; param } from '../functions/parameters.nf'

// --- GLOBALS ---

// --- INLINE PROCESSES ---

// --- SUB WORKFLOWS ---

// --- ENTRYPOINT ---
workflow {
    trimmed = step_1PP_trimming__fastp(getSingleInput()).trimmed

    assembly = step_2AS_denovo__spades(trimmed).assembled

    step_4TY_flaA__flaA(assembly, param('genus_species'))
}","nextflow.enable.dsl=2

include { getSingleInput; optionalOrDefault; param } from '../functions/parameters.nf'
include { step_1PP_trimming__fastp } from '../steps/step_1PP_trimming__fastp'
include { step_2AS_denovo__spades } from '../steps/step_2AS_denovo__spades'
include { step_4TY_flaA__flaA } from '../steps/step_4TY_flaA__flaA'
workflow {
    trimmed   = step_1PP_trimming__fastp(getSingleInput()).trimmed
    assembled = step_2AS_denovo__spades(trimmed).assembled
    step_4TY_flaA__flaA(assembled, param('genus_species'))
}
"
"MOD_K24_add_prokka_to_flaA_cam_spades","2","add","(generated)","MOD_K24_add_prokka_to_flaA_cam_spades_t2","modification","Now also run prokka in parallel on the same assembly.","Y","Y","none","","8","8","Y","","","","step_1PP_trimming__fastp, step_2AS_denovo__spades, step_4AN_genes__prokka, step_4TY_flaA__flaA","step_1PP_trimming__fastp, step_2AS_denovo__spades, step_4TY_flaA__flaA, step_4AN_genes__prokka","step_1PP_trimming__fastp, step_2AS_denovo__spades, step_4AN_genes__prokka, step_4TY_flaA__flaA","842","32","4","2","13.0","I can add Prokka to the pipeline to run in parallel with the flaA typing. This will allow you to annotate the assembly while also performing the flaA typing. Does this sound good to you?","nextflow.enable.dsl=2

// --- IMPORTS ---

include { step_4TY_flaA__flaA } from '../steps/step_4TY_flaA__flaA'

include { step_1PP_trimming__fastp } from '../steps/step_1PP_trimming__fastp'

include { getEmpty } from '../functions/common.nf'

include { step_2AS_denovo__spades } from '../steps/step_2AS_denovo__spades'

include { step_4AN_genes__prokka } from '../steps/step_4AN_genes__prokka'

include { getSingleInput } from '../functions/parameters.nf'

// --- GLOBALS ---

// --- INLINE PROCESSES ---

// --- SUB WORKFLOWS ---

// --- ENTRYPOINT ---
workflow {
    trimmed = step_1PP_trimming__fastp(getSingleInput()).trimmed

    assembled = step_2AS_denovo__spades(trimmed).assembled

    step_4TY_flaA__flaA(assembled, 'campylobacter')

    step_4AN_genes__prokka(assembled.map { [ it[0], it[1], 'Bacteria', '-', '-', getEmpty() ] })
}","nextflow.enable.dsl=2

include { getSingleInput; optionalOrDefault; param } from '../functions/parameters.nf'
include { step_1PP_trimming__fastp } from '../steps/step_1PP_trimming__fastp'
include { step_2AS_denovo__spades } from '../steps/step_2AS_denovo__spades'
include { step_4TY_flaA__flaA } from '../steps/step_4TY_flaA__flaA'
include { step_4AN_genes__prokka } from '../steps/step_4AN_genes__prokka'
workflow {
    trimmed   = step_1PP_trimming__fastp(getSingleInput()).trimmed
    assembled = step_2AS_denovo__spades(trimmed).assembled
    step_4TY_flaA__flaA(assembled, param('genus_species'))
    step_4AN_genes__prokka(assembled)
}
"
"MOD_K25_add_mlst_to_staramr_cam_spades","1","add","(generated)","MOD_K25_add_mlst_to_staramr_cam_spades_t1","modification","staramr on Campylobacter jejuni from paired Illumina FASTQ (fastp + spades).","Y","Y","none","","7","7","Y","","","","step_1PP_trimming__fastp, step_2AS_denovo__spades, step_4AN_AMR__staramr","step_1PP_trimming__fastp, step_2AS_denovo__spades, step_4AN_AMR__staramr","step_1PP_trimming__fastp, step_2AS_denovo__spades, step_4AN_AMR__staramr","637","26","3","2","10.8","I will build a pipeline with fastp for trimming, SPAdes for assembly, and STAR-AMR for AMR detection. I will use the following components: step_1PP_trimming__fastp, step_2AS_denovo__spades, and step_4AN_AMR__staramr.","nextflow.enable.dsl=2

// --- IMPORTS ---

include { step_1PP_trimming__fastp } from '../steps/step_1PP_trimming__fastp'

include { step_2AS_denovo__spades } from '../steps/step_2AS_denovo__spades'

include { getSingleInput; param } from '../functions/parameters.nf'

include { step_4AN_AMR__staramr } from '../steps/step_4AN_AMR__staramr'

// --- GLOBALS ---

// --- INLINE PROCESSES ---

// --- SUB WORKFLOWS ---

// --- ENTRYPOINT ---
workflow {
    trimmed = step_1PP_trimming__fastp(getSingleInput()).trimmed

    assembled = step_2AS_denovo__spades(trimmed).assembled

    step_4AN_AMR__staramr(assembled, param('genus_species'))
}","nextflow.enable.dsl=2

include { getSingleInput; optionalOrDefault; param } from '../functions/parameters.nf'
include { step_1PP_trimming__fastp } from '../steps/step_1PP_trimming__fastp'
include { step_2AS_denovo__spades } from '../steps/step_2AS_denovo__spades'
include { step_4AN_AMR__staramr } from '../steps/step_4AN_AMR__staramr'
workflow {
    trimmed   = step_1PP_trimming__fastp(getSingleInput()).trimmed
    assembled = step_2AS_denovo__spades(trimmed).assembled
    step_4AN_AMR__staramr(assembled, param('genus_species'))
}
"
"MOD_K25_add_mlst_to_staramr_cam_spades","2","add","(generated)","MOD_K25_add_mlst_to_staramr_cam_spades_t2","modification","Now also run mlst in parallel on the same assembly.","Y","Y","none","","8","8","Y","","","","step_1PP_trimming__fastp, step_2AS_denovo__spades, step_4AN_AMR__staramr, step_4TY_MLST__mlst","step_1PP_trimming__fastp, step_2AS_denovo__spades, step_4AN_AMR__staramr, step_4TY_MLST__mlst","step_1PP_trimming__fastp, step_2AS_denovo__spades, step_4AN_AMR__staramr, step_4TY_MLST__mlst","741","29","4","2","7.9","I will build a pipeline with fastp for trimming, SPAdes for assembly, and STAR-AMR for AMR detection. I will also add MLST to run in parallel with STAR-AMR on the same assembly. I will use the following components: step_1PP_trimming__fastp, step_2AS_denovo__spades, step_4AN_AMR__staramr, and step_4T","nextflow.enable.dsl=2

// --- IMPORTS ---

include { step_1PP_trimming__fastp } from '../steps/step_1PP_trimming__fastp'

include { step_4TY_MLST__mlst } from '../steps/step_4TY_MLST__mlst'

include { step_2AS_denovo__spades } from '../steps/step_2AS_denovo__spades'

include { getSingleInput; param } from '../functions/parameters.nf'

include { step_4AN_AMR__staramr } from '../steps/step_4AN_AMR__staramr'

// --- GLOBALS ---

// --- INLINE PROCESSES ---

// --- SUB WORKFLOWS ---

// --- ENTRYPOINT ---
workflow {
    trimmed = step_1PP_trimming__fastp(getSingleInput()).trimmed

    assembled = step_2AS_denovo__spades(trimmed).assembled

    step_4AN_AMR__staramr(assembled, param('genus_species'))
    step_4TY_MLST__mlst(assembled)
}","nextflow.enable.dsl=2

include { getSingleInput; optionalOrDefault; param } from '../functions/parameters.nf'
include { step_1PP_trimming__fastp } from '../steps/step_1PP_trimming__fastp'
include { step_2AS_denovo__spades } from '../steps/step_2AS_denovo__spades'
include { step_4AN_AMR__staramr } from '../steps/step_4AN_AMR__staramr'
include { step_4TY_MLST__mlst } from '../steps/step_4TY_MLST__mlst'
workflow {
    trimmed   = step_1PP_trimming__fastp(getSingleInput()).trimmed
    assembled = step_2AS_denovo__spades(trimmed).assembled
    step_4AN_AMR__staramr(assembled, param('genus_species'))
    step_4TY_MLST__mlst(assembled)
}
"
"MOD_K26_add_flaA_to_staramr_cam_spades","1","add","(generated)","MOD_K26_add_flaA_to_staramr_cam_spades_t1","modification","staramr on Campylobacter jejuni from paired Illumina FASTQ (fastp + spades).","Y","Y","none","","7","7","Y","","","","step_1PP_trimming__fastp, step_2AS_denovo__spades, step_4AN_AMR__staramr","step_1PP_trimming__fastp, step_2AS_denovo__spades, step_4AN_AMR__staramr","step_1PP_trimming__fastp, step_2AS_denovo__spades, step_4AN_AMR__staramr","630","26","3","2","8.4","I'm glad you're satisfied with the plan! I will now proceed with the exact steps you suggested.","nextflow.enable.dsl=2

// --- IMPORTS ---

include { step_1PP_trimming__fastp } from '../steps/step_1PP_trimming__fastp'

include { getSingleInput } from '../functions/parameters.nf'

include { step_4AN_AMR__staramr } from '../steps/step_4AN_AMR__staramr'

include { step_2AS_denovo__spades } from '../steps/step_2AS_denovo__spades'

// --- GLOBALS ---

// --- INLINE PROCESSES ---

// --- SUB WORKFLOWS ---

// --- ENTRYPOINT ---
workflow {
    trimmed = step_1PP_trimming__fastp(getSingleInput())

    assembled = step_2AS_denovo__spades(trimmed.trimmed)

    step_4AN_AMR__staramr(assembled.assembled, 'Campylobacter jejuni')
}","nextflow.enable.dsl=2

include { getSingleInput; optionalOrDefault; param } from '../functions/parameters.nf'
include { step_1PP_trimming__fastp } from '../steps/step_1PP_trimming__fastp'
include { step_2AS_denovo__spades } from '../steps/step_2AS_denovo__spades'
include { step_4AN_AMR__staramr } from '../steps/step_4AN_AMR__staramr'
workflow {
    trimmed   = step_1PP_trimming__fastp(getSingleInput()).trimmed
    assembled = step_2AS_denovo__spades(trimmed).assembled
    step_4AN_AMR__staramr(assembled, param('genus_species'))
}
"
"MOD_K26_add_flaA_to_staramr_cam_spades","2","add","(generated)","MOD_K26_add_flaA_to_staramr_cam_spades_t2","modification","Now also run flaA in parallel on the same assembly.","Y","Y","none","","8","8","Y","","","","step_1PP_trimming__fastp, step_2AS_denovo__spades, step_4AN_AMR__staramr, step_4TY_flaA__flaA","step_1PP_trimming__fastp, step_2AS_denovo__spades, step_4AN_AMR__staramr, step_4TY_flaA__flaA","step_1PP_trimming__fastp, step_2AS_denovo__spades, step_4AN_AMR__staramr, step_4TY_flaA__flaA","766","30","4","2","12.3","Based on your requirements, I can design a pipeline that includes the following steps:

1. **Trimming**: Use `step_1PP_trimming__fastp` to trim the paired Illumina FASTQ files.
2. **Assembly**: Use `step_2AS_denovo__spades` to assemble the trimmed reads.
3. **AMR Detection**: Use `step_4AN_AMR__star","nextflow.enable.dsl=2

// --- IMPORTS ---

include { step_4TY_flaA__flaA } from '../steps/step_4TY_flaA__flaA'

include { step_1PP_trimming__fastp } from '../steps/step_1PP_trimming__fastp'

include { step_2AS_denovo__spades } from '../steps/step_2AS_denovo__spades'

include { getSingleInput; param } from '../functions/parameters.nf'

include { step_4AN_AMR__staramr } from '../steps/step_4AN_AMR__staramr'

// --- GLOBALS ---

// --- INLINE PROCESSES ---

// --- SUB WORKFLOWS ---

// --- ENTRYPOINT ---
workflow {
    trimmed = step_1PP_trimming__fastp(getSingleInput()).trimmed

    assembled = step_2AS_denovo__spades(trimmed).assembled

    step_4AN_AMR__staramr(assembled, param('genus_species'))

    step_4TY_flaA__flaA(assembled, param('genus_species'))
}","nextflow.enable.dsl=2

include { getSingleInput; optionalOrDefault; param } from '../functions/parameters.nf'
include { step_1PP_trimming__fastp } from '../steps/step_1PP_trimming__fastp'
include { step_2AS_denovo__spades } from '../steps/step_2AS_denovo__spades'
include { step_4AN_AMR__staramr } from '../steps/step_4AN_AMR__staramr'
include { step_4TY_flaA__flaA } from '../steps/step_4TY_flaA__flaA'
workflow {
    trimmed   = step_1PP_trimming__fastp(getSingleInput()).trimmed
    assembled = step_2AS_denovo__spades(trimmed).assembled
    step_4AN_AMR__staramr(assembled, param('genus_species'))
    step_4TY_flaA__flaA(assembled, param('genus_species'))
}
"
"MOD_K27_add_abricate_to_staramr_cam_spades","1","add","(generated)","MOD_K27_add_abricate_to_staramr_cam_spades_t1","modification","staramr on Campylobacter jejuni from paired Illumina FASTQ (fastp + spades).","Y","Y","none","","7","7","Y","","","","step_1PP_trimming__fastp, step_2AS_denovo__spades, step_4AN_AMR__staramr","step_1PP_trimming__fastp, step_2AS_denovo__spades, step_4AN_AMR__staramr","step_1PP_trimming__fastp, step_2AS_denovo__spades, step_4AN_AMR__staramr","637","26","3","2","7.5","Great! I will now proceed with the pipeline you approved. I will use the exact tools you specified.","nextflow.enable.dsl=2

// --- IMPORTS ---

include { step_1PP_trimming__fastp } from '../steps/step_1PP_trimming__fastp'

include { step_2AS_denovo__spades } from '../steps/step_2AS_denovo__spades'

include { getSingleInput; param } from '../functions/parameters.nf'

include { step_4AN_AMR__staramr } from '../steps/step_4AN_AMR__staramr'

// --- GLOBALS ---

// --- INLINE PROCESSES ---

// --- SUB WORKFLOWS ---

// --- ENTRYPOINT ---
workflow {
    trimmed = step_1PP_trimming__fastp(getSingleInput()).trimmed

    assembled = step_2AS_denovo__spades(trimmed).assembled

    step_4AN_AMR__staramr(assembled, param('genus_species'))
}","nextflow.enable.dsl=2

include { getSingleInput; optionalOrDefault; param } from '../functions/parameters.nf'
include { step_1PP_trimming__fastp } from '../steps/step_1PP_trimming__fastp'
include { step_2AS_denovo__spades } from '../steps/step_2AS_denovo__spades'
include { step_4AN_AMR__staramr } from '../steps/step_4AN_AMR__staramr'
workflow {
    trimmed   = step_1PP_trimming__fastp(getSingleInput()).trimmed
    assembled = step_2AS_denovo__spades(trimmed).assembled
    step_4AN_AMR__staramr(assembled, param('genus_species'))
}
"
"MOD_K27_add_abricate_to_staramr_cam_spades","2","add","(generated)","MOD_K27_add_abricate_to_staramr_cam_spades_t2","modification","Now also run abricate in parallel on the same assembly.","Y","Y","none","","8","8","Y","","","","step_1PP_trimming__fastp, step_2AS_denovo__spades, step_4AN_AMR__abricate, step_4AN_AMR__staramr","step_1PP_trimming__fastp, step_2AS_denovo__spades, step_4AN_AMR__staramr, step_4AN_AMR__abricate","step_1PP_trimming__fastp, step_2AS_denovo__spades, step_4AN_AMR__abricate, step_4AN_AMR__staramr","747","29","4","2","8.7","I will now proceed with the pipeline you approved. I will use the exact tools you specified.","nextflow.enable.dsl=2

// --- IMPORTS ---

include { step_1PP_trimming__fastp } from '../steps/step_1PP_trimming__fastp'

include { step_4AN_AMR__abricate } from '../steps/step_4AN_AMR__abricate'

include { step_2AS_denovo__spades } from '../steps/step_2AS_denovo__spades'

include { getSingleInput; param } from '../functions/parameters.nf'

include { step_4AN_AMR__staramr } from '../steps/step_4AN_AMR__staramr'

// --- GLOBALS ---

// --- INLINE PROCESSES ---

// --- SUB WORKFLOWS ---

// --- ENTRYPOINT ---
workflow {
    trimmed = step_1PP_trimming__fastp(getSingleInput()).trimmed

    assembly = step_2AS_denovo__spades(trimmed).assembled

    step_4AN_AMR__staramr(assembly, param('genus_species'))
    step_4AN_AMR__abricate(assembly)
}","nextflow.enable.dsl=2

include { getSingleInput; optionalOrDefault; param } from '../functions/parameters.nf'
include { step_1PP_trimming__fastp } from '../steps/step_1PP_trimming__fastp'
include { step_2AS_denovo__spades } from '../steps/step_2AS_denovo__spades'
include { step_4AN_AMR__staramr } from '../steps/step_4AN_AMR__staramr'
include { step_4AN_AMR__abricate } from '../steps/step_4AN_AMR__abricate'
workflow {
    trimmed   = step_1PP_trimming__fastp(getSingleInput()).trimmed
    assembled = step_2AS_denovo__spades(trimmed).assembled
    step_4AN_AMR__staramr(assembled, param('genus_species'))
    step_4AN_AMR__abricate(assembled)
}
"
"MOD_K28_add_prokka_to_staramr_cam_spades","1","add","(generated)","MOD_K28_add_prokka_to_staramr_cam_spades_t1","modification","staramr on Campylobacter jejuni from paired Illumina FASTQ (fastp + spades).","Y","Y","none","","7","7","Y","","","","step_1PP_trimming__fastp, step_2AS_denovo__spades, step_4AN_AMR__staramr","step_1PP_trimming__fastp, step_2AS_denovo__spades, step_4AN_AMR__staramr","step_1PP_trimming__fastp, step_2AS_denovo__spades, step_4AN_AMR__staramr","635","24","3","2","8.0","I'm ready to build the pipeline with fastp for trimming, spades for assembly, and staramr for AMR detection. I'll use the exact tools you approved.","nextflow.enable.dsl=2

// --- IMPORTS ---

include { step_1PP_trimming__fastp } from '../steps/step_1PP_trimming__fastp'

include { step_2AS_denovo__spades } from '../steps/step_2AS_denovo__spades'

include { getSingleInput; param } from '../functions/parameters.nf'

include { step_4AN_AMR__staramr } from '../steps/step_4AN_AMR__staramr'

// --- GLOBALS ---

// --- INLINE PROCESSES ---

// --- SUB WORKFLOWS ---

// --- ENTRYPOINT ---
workflow {
    trimmed = step_1PP_trimming__fastp(getSingleInput()).trimmed
    assembled = step_2AS_denovo__spades(trimmed).assembled
    step_4AN_AMR__staramr(assembled, param('genus_species'))
}","nextflow.enable.dsl=2

include { getSingleInput; optionalOrDefault; param } from '../functions/parameters.nf'
include { step_1PP_trimming__fastp } from '../steps/step_1PP_trimming__fastp'
include { step_2AS_denovo__spades } from '../steps/step_2AS_denovo__spades'
include { step_4AN_AMR__staramr } from '../steps/step_4AN_AMR__staramr'
workflow {
    trimmed   = step_1PP_trimming__fastp(getSingleInput()).trimmed
    assembled = step_2AS_denovo__spades(trimmed).assembled
    step_4AN_AMR__staramr(assembled, param('genus_species'))
}
"
"MOD_K28_add_prokka_to_staramr_cam_spades","2","add","(generated)","MOD_K28_add_prokka_to_staramr_cam_spades_t2","modification","Now also run prokka in parallel on the same assembly.","N","N","arity_error","ERROR ~ Workflow `module_surveillance:step_4AN_AMR__staramr` declares 2 input channels but 1 were given","6","8","N","","step_4AN_genes__prokka","","step_1PP_trimming__fastp, step_2AS_denovo__spades, step_4AN_AMR__staramr","step_1PP_trimming__fastp, step_2AS_denovo__spades, step_4AN_AMR__staramr","step_1PP_trimming__fastp, step_2AS_denovo__spades, step_4AN_AMR__staramr, step_4AN_genes__prokka","756","38","3","2","8.6","I'm ready to build the pipeline with fastp for trimming, spades for assembly, and staramr for AMR detection. I'll use the exact tools you approved.","nextflow.enable.dsl=2

// --- IMPORTS ---

include { step_1PP_trimming__fastp } from '../steps/step_1PP_trimming__fastp'

include { step_2AS_denovo__spades } from '../steps/step_2AS_denovo__spades'

include { getSingleInput } from '../functions/parameters.nf'

include { step_4AN_AMR__staramr } from '../steps/step_4AN_AMR__staramr'

// --- GLOBALS ---

// --- INLINE PROCESSES ---

// --- SUB WORKFLOWS ---

workflow module_surveillance {
    
    take:
        
        raw_reads
        
    
    main:
        trimmed = step_1PP_trimming__fastp(raw_reads)

        assembly = step_2AS_denovo__spades(trimmed.trimmed)

        step_4AN_AMR__staramr(assembly.assembled)
    
}

// --- ENTRYPOINT ---
workflow {
    module_surveillance(getSingleInput())
}","nextflow.enable.dsl=2

include { getSingleInput; optionalOrDefault; param } from '../functions/parameters.nf'
include { step_1PP_trimming__fastp } from '../steps/step_1PP_trimming__fastp'
include { step_2AS_denovo__spades } from '../steps/step_2AS_denovo__spades'
include { step_4AN_AMR__staramr } from '../steps/step_4AN_AMR__staramr'
include { step_4AN_genes__prokka } from '../steps/step_4AN_genes__prokka'
workflow {
    trimmed   = step_1PP_trimming__fastp(getSingleInput()).trimmed
    assembled = step_2AS_denovo__spades(trimmed).assembled
    step_4AN_AMR__staramr(assembled, param('genus_species'))
    step_4AN_genes__prokka(assembled)
}
"
"MOD_K29_add_flaA_to_mlst_cam_spades","1","add","(generated)","MOD_K29_add_flaA_to_mlst_cam_spades_t1","modification","mlst on Campylobacter jejuni from paired Illumina FASTQ (fastp + spades).","Y","Y","none","","7","7","Y","","","","step_1PP_trimming__fastp, step_2AS_denovo__spades, step_4TY_MLST__mlst","step_1PP_trimming__fastp, step_2AS_denovo__spades, step_4TY_MLST__mlst","step_1PP_trimming__fastp, step_2AS_denovo__spades, step_4TY_MLST__mlst","598","26","3","2","7.4","I can create a pipeline for MLST on Campylobacter jejuni using paired Illumina FASTQ files. The pipeline will include trimming with fastp, de novo assembly with SPAdes, and MLST typing.","nextflow.enable.dsl=2

// --- IMPORTS ---

include { step_4TY_MLST__mlst } from '../steps/step_4TY_MLST__mlst'

include { step_1PP_trimming__fastp } from '../steps/step_1PP_trimming__fastp'

include { getSingleInput } from '../functions/parameters.nf'

include { step_2AS_denovo__spades } from '../steps/step_2AS_denovo__spades'

// --- GLOBALS ---

// --- INLINE PROCESSES ---

// --- SUB WORKFLOWS ---

// --- ENTRYPOINT ---
workflow {
    trimmed = step_1PP_trimming__fastp(getSingleInput()).trimmed

    assembly = step_2AS_denovo__spades(trimmed).assembled

    step_4TY_MLST__mlst(assembly)
}","nextflow.enable.dsl=2

include { getSingleInput; optionalOrDefault; param } from '../functions/parameters.nf'
include { step_1PP_trimming__fastp } from '../steps/step_1PP_trimming__fastp'
include { step_2AS_denovo__spades } from '../steps/step_2AS_denovo__spades'
include { step_4TY_MLST__mlst } from '../steps/step_4TY_MLST__mlst'
workflow {
    trimmed   = step_1PP_trimming__fastp(getSingleInput()).trimmed
    assembled = step_2AS_denovo__spades(trimmed).assembled
    step_4TY_MLST__mlst(assembled)
}
"
"MOD_K29_add_flaA_to_mlst_cam_spades","2","add","(generated)","MOD_K29_add_flaA_to_mlst_cam_spades_t2","modification","Now also run flaA in parallel on the same assembly.","Y","Y","none","","8","8","Y","","","","step_1PP_trimming__fastp, step_2AS_denovo__spades, step_4TY_MLST__mlst, step_4TY_flaA__flaA","step_1PP_trimming__fastp, step_2AS_denovo__spades, step_4TY_MLST__mlst, step_4TY_flaA__flaA","step_1PP_trimming__fastp, step_2AS_denovo__spades, step_4TY_MLST__mlst, step_4TY_flaA__flaA","733","30","4","2","8.0","I can create a pipeline for MLST and flaA typing on Campylobacter jejuni using paired Illumina FASTQ files. The pipeline will include trimming with fastp, de novo assembly with SPAdes, and MLST typing. flaA typing will run in parallel on the same assembly.","nextflow.enable.dsl=2

// --- IMPORTS ---

include { step_4TY_flaA__flaA } from '../steps/step_4TY_flaA__flaA'

include { step_1PP_trimming__fastp } from '../steps/step_1PP_trimming__fastp'

include { step_4TY_MLST__mlst } from '../steps/step_4TY_MLST__mlst'

include { step_2AS_denovo__spades } from '../steps/step_2AS_denovo__spades'

include { getSingleInput; param } from '../functions/parameters.nf'

// --- GLOBALS ---

// --- INLINE PROCESSES ---

// --- SUB WORKFLOWS ---

// --- ENTRYPOINT ---
workflow {
    trimmed = step_1PP_trimming__fastp(getSingleInput()).trimmed

    assembly = step_2AS_denovo__spades(trimmed).assembled

    step_4TY_MLST__mlst(assembly)

    step_4TY_flaA__flaA(assembly, param('genus_species'))
}","nextflow.enable.dsl=2

include { getSingleInput; optionalOrDefault; param } from '../functions/parameters.nf'
include { step_1PP_trimming__fastp } from '../steps/step_1PP_trimming__fastp'
include { step_2AS_denovo__spades } from '../steps/step_2AS_denovo__spades'
include { step_4TY_MLST__mlst } from '../steps/step_4TY_MLST__mlst'
include { step_4TY_flaA__flaA } from '../steps/step_4TY_flaA__flaA'
workflow {
    trimmed   = step_1PP_trimming__fastp(getSingleInput()).trimmed
    assembled = step_2AS_denovo__spades(trimmed).assembled
    step_4TY_MLST__mlst(assembled)
    step_4TY_flaA__flaA(assembled, param('genus_species'))
}
"
"MOD_K30_add_staramr_to_mlst_cam_spades","1","add","(generated)","MOD_K30_add_staramr_to_mlst_cam_spades_t1","modification","mlst on Campylobacter jejuni from paired Illumina FASTQ (fastp + spades).","Y","Y","none","","7","7","Y","","","","step_1PP_trimming__fastp, step_2AS_denovo__spades, step_4TY_MLST__mlst","step_1PP_trimming__fastp, step_2AS_denovo__spades, step_4TY_MLST__mlst","step_1PP_trimming__fastp, step_2AS_denovo__spades, step_4TY_MLST__mlst","600","26","3","2","8.4","I will build a pipeline for MLST on Campylobacter jejuni using paired Illumina FASTQ files. The pipeline will include trimming with fastp, de novo assembly with SPAdes, and MLST typing.","nextflow.enable.dsl=2

// --- IMPORTS ---

include { step_4TY_MLST__mlst } from '../steps/step_4TY_MLST__mlst'

include { step_1PP_trimming__fastp } from '../steps/step_1PP_trimming__fastp'

include { getSingleInput } from '../functions/parameters.nf'

include { step_2AS_denovo__spades } from '../steps/step_2AS_denovo__spades'

// --- GLOBALS ---

// --- INLINE PROCESSES ---

// --- SUB WORKFLOWS ---

// --- ENTRYPOINT ---
workflow {
    trimmed = step_1PP_trimming__fastp(getSingleInput()).trimmed

    assembled = step_2AS_denovo__spades(trimmed).assembled

    step_4TY_MLST__mlst(assembled)
}","nextflow.enable.dsl=2

include { getSingleInput; optionalOrDefault; param } from '../functions/parameters.nf'
include { step_1PP_trimming__fastp } from '../steps/step_1PP_trimming__fastp'
include { step_2AS_denovo__spades } from '../steps/step_2AS_denovo__spades'
include { step_4TY_MLST__mlst } from '../steps/step_4TY_MLST__mlst'
workflow {
    trimmed   = step_1PP_trimming__fastp(getSingleInput()).trimmed
    assembled = step_2AS_denovo__spades(trimmed).assembled
    step_4TY_MLST__mlst(assembled)
}
"
"MOD_K30_add_staramr_to_mlst_cam_spades","2","add","(generated)","MOD_K30_add_staramr_to_mlst_cam_spades_t2","modification","Now also run staramr in parallel on the same assembly.","Y","Y","none","","8","8","Y","","","","step_1PP_trimming__fastp, step_2AS_denovo__spades, step_4AN_AMR__staramr, step_4TY_MLST__mlst","step_1PP_trimming__fastp, step_2AS_denovo__spades, step_4TY_MLST__mlst, step_4AN_AMR__staramr","step_1PP_trimming__fastp, step_2AS_denovo__spades, step_4AN_AMR__staramr, step_4TY_MLST__mlst","741","29","4","2","8.0","I can build a pipeline for MLST on Campylobacter jejuni using paired Illumina FASTQ files. The pipeline will include trimming with fastp, de novo assembly with SPAdes, and MLST typing. Staramr will run in parallel on the same assembly. Does this sound good?","nextflow.enable.dsl=2

// --- IMPORTS ---

include { step_1PP_trimming__fastp } from '../steps/step_1PP_trimming__fastp'

include { step_4TY_MLST__mlst } from '../steps/step_4TY_MLST__mlst'

include { step_2AS_denovo__spades } from '../steps/step_2AS_denovo__spades'

include { getSingleInput; param } from '../functions/parameters.nf'

include { step_4AN_AMR__staramr } from '../steps/step_4AN_AMR__staramr'

// --- GLOBALS ---

// --- INLINE PROCESSES ---

// --- SUB WORKFLOWS ---

// --- ENTRYPOINT ---
workflow {
    trimmed = step_1PP_trimming__fastp(getSingleInput()).trimmed

    assembled = step_2AS_denovo__spades(trimmed).assembled

    step_4TY_MLST__mlst(assembled)
    step_4AN_AMR__staramr(assembled, param('genus_species'))
}","nextflow.enable.dsl=2

include { getSingleInput; optionalOrDefault; param } from '../functions/parameters.nf'
include { step_1PP_trimming__fastp } from '../steps/step_1PP_trimming__fastp'
include { step_2AS_denovo__spades } from '../steps/step_2AS_denovo__spades'
include { step_4TY_MLST__mlst } from '../steps/step_4TY_MLST__mlst'
include { step_4AN_AMR__staramr } from '../steps/step_4AN_AMR__staramr'
workflow {
    trimmed   = step_1PP_trimming__fastp(getSingleInput()).trimmed
    assembled = step_2AS_denovo__spades(trimmed).assembled
    step_4TY_MLST__mlst(assembled)
    step_4AN_AMR__staramr(assembled, param('genus_species'))
}
"
"MOD_K31_add_abricate_to_mlst_lis_shovill","1","add","(generated)","MOD_K31_add_abricate_to_mlst_lis_shovill_t1","modification","mlst on Listeria monocytogenes from paired Illumina FASTQ (fastp + shovill).","Y","Y","none","","7","7","Y","","","","step_1PP_trimming__fastp, step_2AS_denovo__shovill, step_4TY_MLST__mlst","step_1PP_trimming__fastp, step_2AS_denovo__shovill, step_4TY_MLST__mlst","step_1PP_trimming__fastp, step_2AS_denovo__shovill, step_4TY_MLST__mlst","600","26","3","2","10.8","Great! I will proceed with the pipeline for MLST on Listeria monocytogenes using paired Illumina FASTQ files. The pipeline will include trimming with fastp and de novo assembly with shovill, followed by MLST typing.","nextflow.enable.dsl=2

// --- IMPORTS ---

include { step_4TY_MLST__mlst } from '../steps/step_4TY_MLST__mlst'

include { step_1PP_trimming__fastp } from '../steps/step_1PP_trimming__fastp'

include { step_2AS_denovo__shovill } from '../steps/step_2AS_denovo__shovill'

include { getSingleInput } from '../functions/parameters.nf'

// --- GLOBALS ---

// --- INLINE PROCESSES ---

// --- SUB WORKFLOWS ---

// --- ENTRYPOINT ---
workflow {
    trimmed = step_1PP_trimming__fastp(getSingleInput()).trimmed

    assembly = step_2AS_denovo__shovill(trimmed).assembly

    step_4TY_MLST__mlst(assembly)
}","nextflow.enable.dsl=2

include { getSingleInput; optionalOrDefault; param } from '../functions/parameters.nf'
include { step_1PP_trimming__fastp } from '../steps/step_1PP_trimming__fastp'
include { step_2AS_denovo__shovill } from '../steps/step_2AS_denovo__shovill'
include { step_4TY_MLST__mlst } from '../steps/step_4TY_MLST__mlst'
workflow {
    trimmed   = step_1PP_trimming__fastp(getSingleInput()).trimmed
    assembled = step_2AS_denovo__shovill(trimmed).assembly
    step_4TY_MLST__mlst(assembled)
}
"
"MOD_K31_add_abricate_to_mlst_lis_shovill","2","add","(generated)","MOD_K31_add_abricate_to_mlst_lis_shovill_t2","modification","Now also run abricate in parallel on the same assembly.","Y","Y","none","","8","8","Y","","","","step_1PP_trimming__fastp, step_2AS_denovo__shovill, step_4AN_AMR__abricate, step_4TY_MLST__mlst","step_2AS_denovo__shovill, step_4TY_MLST__mlst, step_4AN_AMR__abricate, step_1PP_trimming__fastp","step_1PP_trimming__fastp, step_2AS_denovo__shovill, step_4AN_AMR__abricate, step_4TY_MLST__mlst","918","44","4","2","12.8","Great! I will proceed with the pipeline for MLST on Listeria monocytogenes using paired Illumina FASTQ files. The pipeline will include trimming with fastp and de novo assembly with shovill, followed by MLST typing. I will also add abricate to the pipeline to run in parallel on the same assembly. Th","nextflow.enable.dsl=2

// --- IMPORTS ---

include { step_4AN_AMR__abricate } from '../steps/step_4AN_AMR__abricate'

include { step_1PP_trimming__fastp } from '../steps/step_1PP_trimming__fastp'

include { step_2AS_denovo__shovill } from '../steps/step_2AS_denovo__shovill'

include { step_4TY_MLST__mlst } from '../steps/step_4TY_MLST__mlst'

include { getSingleInput } from '../functions/parameters.nf'

// --- GLOBALS ---

// --- INLINE PROCESSES ---

// --- SUB WORKFLOWS ---

workflow wf_assembly_and_analysis {
    
    take:
        
        trimmed
        
    
    main:
        assembly = step_2AS_denovo__shovill(trimmed).assembly
        step_4TY_MLST__mlst(assembly)
        step_4AN_AMR__abricate(assembly)
    
    emit:
        
        assembly
        
    
}

// --- ENTRYPOINT ---
workflow {
    trimmed = step_1PP_trimming__fastp(getSingleInput()).trimmed
    wf_assembly_and_analysis(trimmed)
}","nextflow.enable.dsl=2

include { getSingleInput; optionalOrDefault; param } from '../functions/parameters.nf'
include { step_1PP_trimming__fastp } from '../steps/step_1PP_trimming__fastp'
include { step_2AS_denovo__shovill } from '../steps/step_2AS_denovo__shovill'
include { step_4TY_MLST__mlst } from '../steps/step_4TY_MLST__mlst'
include { step_4AN_AMR__abricate } from '../steps/step_4AN_AMR__abricate'
workflow {
    trimmed   = step_1PP_trimming__fastp(getSingleInput()).trimmed
    assembled = step_2AS_denovo__shovill(trimmed).assembly
    step_4TY_MLST__mlst(assembled)
    step_4AN_AMR__abricate(assembled)
}
"
"MOD_K32_add_prokka_to_mlst_sal_shovill","1","add","(generated)","MOD_K32_add_prokka_to_mlst_sal_shovill_t1","modification","mlst on Salmonella enterica from paired Illumina FASTQ (fastp + shovill).","Y","Y","none","","7","7","Y","","","","step_1PP_trimming__fastp, step_2AS_denovo__shovill, step_4TY_MLST__mlst","step_1PP_trimming__fastp, step_2AS_denovo__shovill, step_4TY_MLST__mlst","step_1PP_trimming__fastp, step_2AS_denovo__shovill, step_4TY_MLST__mlst","598","24","3","2","15.4","I'm ready to build the pipeline with the following steps:

1. Trimming with fastp
2. Assembly with Shovill
3. MLST typing with MLST","nextflow.enable.dsl=2

// --- IMPORTS ---

include { step_4TY_MLST__mlst } from '../steps/step_4TY_MLST__mlst'

include { step_1PP_trimming__fastp } from '../steps/step_1PP_trimming__fastp'

include { step_2AS_denovo__shovill } from '../steps/step_2AS_denovo__shovill'

include { getSingleInput } from '../functions/parameters.nf'

// --- GLOBALS ---

// --- INLINE PROCESSES ---

// --- SUB WORKFLOWS ---

// --- ENTRYPOINT ---
workflow {
    trimmed = step_1PP_trimming__fastp(getSingleInput()).trimmed
    assembly = step_2AS_denovo__shovill(trimmed).assembly
    step_4TY_MLST__mlst(assembly)
}","nextflow.enable.dsl=2

include { getSingleInput; optionalOrDefault; param } from '../functions/parameters.nf'
include { step_1PP_trimming__fastp } from '../steps/step_1PP_trimming__fastp'
include { step_2AS_denovo__shovill } from '../steps/step_2AS_denovo__shovill'
include { step_4TY_MLST__mlst } from '../steps/step_4TY_MLST__mlst'
workflow {
    trimmed   = step_1PP_trimming__fastp(getSingleInput()).trimmed
    assembled = step_2AS_denovo__shovill(trimmed).assembly
    step_4TY_MLST__mlst(assembled)
}
"
"MOD_K32_add_prokka_to_mlst_sal_shovill","2","add","(generated)","MOD_K32_add_prokka_to_mlst_sal_shovill_t2","modification","Now also run prokka in parallel on the same assembly.","Y","Y","none","","8","8","Y","","","","step_1PP_trimming__fastp, step_2AS_denovo__shovill, step_4AN_genes__prokka, step_4TY_MLST__mlst","step_1PP_trimming__fastp, step_2AS_denovo__shovill, step_4TY_MLST__mlst, step_4AN_genes__prokka","step_1PP_trimming__fastp, step_2AS_denovo__shovill, step_4AN_genes__prokka, step_4TY_MLST__mlst","821","29","4","2","14.4","I can build a pipeline for MLST on Salmonella enterica using paired Illumina FASTQ files with fastp for trimming, Shovill for assembly, and Prokka for annotation. This will use the following steps:

1. Trimming with fastp (`step_1PP_trimming__fastp`)
2. Assembly with Shovill (`step_2AS_denovo__shovi","nextflow.enable.dsl=2

// --- IMPORTS ---

include { step_2AS_denovo__shovill } from '../steps/step_2AS_denovo__shovill'

include { step_4TY_MLST__mlst } from '../steps/step_4TY_MLST__mlst'

include { getEmpty } from '../functions/common.nf'

include { step_1PP_trimming__fastp } from '../steps/step_1PP_trimming__fastp'

include { step_4AN_genes__prokka } from '../steps/step_4AN_genes__prokka'

include { getSingleInput } from '../functions/parameters.nf'

// --- GLOBALS ---

// --- INLINE PROCESSES ---

// --- SUB WORKFLOWS ---

// --- ENTRYPOINT ---
workflow {
    trimmed = step_1PP_trimming__fastp(getSingleInput()).trimmed
    assembly = step_2AS_denovo__shovill(trimmed).assembly
    step_4TY_MLST__mlst(assembly)
    step_4AN_genes__prokka(assembly.map { [ it[0], it[1], 'Bacteria', '-', '-', getEmpty() ] })
}","nextflow.enable.dsl=2

include { getSingleInput; optionalOrDefault; param } from '../functions/parameters.nf'
include { step_1PP_trimming__fastp } from '../steps/step_1PP_trimming__fastp'
include { step_2AS_denovo__shovill } from '../steps/step_2AS_denovo__shovill'
include { step_4TY_MLST__mlst } from '../steps/step_4TY_MLST__mlst'
include { step_4AN_genes__prokka } from '../steps/step_4AN_genes__prokka'
workflow {
    trimmed   = step_1PP_trimming__fastp(getSingleInput()).trimmed
    assembled = step_2AS_denovo__shovill(trimmed).assembly
    step_4TY_MLST__mlst(assembled)
    step_4AN_genes__prokka(assembled)
}
"
"MOD_K33_add_abricate_to_chewbbaca_lis_unicycler","1","add","(generated)","MOD_K33_add_abricate_to_chewbbaca_lis_unicycler_t1","modification","chewbbaca on Listeria monocytogenes from paired Illumina FASTQ (fastp + unicycler).","Y","Y","none","","9","9","Y","","","","step_1PP_trimming__fastp, step_2AS_denovo__unicycler, step_4TY_cgMLST__chewbbaca","step_1PP_trimming__fastp, step_2AS_denovo__unicycler, step_4TY_cgMLST__chewbbaca","step_1PP_trimming__fastp, step_2AS_denovo__unicycler, step_4TY_cgMLST__chewbbaca","685","26","3","2","8.7","Great! I will now proceed with the pipeline as we discussed.","nextflow.enable.dsl=2

// --- IMPORTS ---

include { step_1PP_trimming__fastp } from '../steps/step_1PP_trimming__fastp'

include { step_2AS_denovo__unicycler } from '../steps/step_2AS_denovo__unicycler'

include { getSingleInput } from '../functions/parameters.nf'

include { step_4TY_cgMLST__chewbbaca } from '../steps/step_4TY_cgMLST__chewbbaca'

// --- GLOBALS ---

// --- INLINE PROCESSES ---

// --- SUB WORKFLOWS ---

// --- ENTRYPOINT ---
workflow {
    trimmed = step_1PP_trimming__fastp(getSingleInput()).trimmed

    assembled = step_2AS_denovo__unicycler(trimmed).assembled

    step_4TY_cgMLST__chewbbaca(assembled, 'listeria_monocytogenes', 'l_mono_chewie_1748_220623')
}","nextflow.enable.dsl=2

include { getSingleInput; optionalOrDefault; param } from '../functions/parameters.nf'
include { step_1PP_trimming__fastp } from '../steps/step_1PP_trimming__fastp'
include { step_2AS_denovo__unicycler } from '../steps/step_2AS_denovo__unicycler'
include { step_4TY_cgMLST__chewbbaca } from '../steps/step_4TY_cgMLST__chewbbaca'
workflow {
    trimmed   = step_1PP_trimming__fastp(getSingleInput()).trimmed
    assembled = step_2AS_denovo__unicycler(trimmed).assembled
    step_4TY_cgMLST__chewbbaca(assembled, param('genus_species'), optionalOrDefault('schema', ''))
}
"
"MOD_K33_add_abricate_to_chewbbaca_lis_unicycler","2","add","(generated)","MOD_K33_add_abricate_to_chewbbaca_lis_unicycler_t2","modification","Now also run abricate in parallel on the same assembly.","Y","Y","none","","10","10","Y","","","","step_1PP_trimming__fastp, step_2AS_denovo__unicycler, step_4AN_AMR__abricate, step_4TY_cgMLST__chewbbaca","step_2AS_denovo__unicycler, step_4TY_cgMLST__chewbbaca, step_4AN_AMR__abricate, step_1PP_trimming__fastp","step_1PP_trimming__fastp, step_2AS_denovo__unicycler, step_4AN_AMR__abricate, step_4TY_cgMLST__chewbbaca","1329","75","4","2","10.6","Based on your requirements, I suggest the following pipeline:

1. **Trimming**: Use `step_1PP_trimming__fastp` to trim the paired Illumina FASTQ files.
2. **Assembly**: Use `step_2AS_denovo__unicycler` to assemble the trimmed reads.
3. **Typing**: Use `step_4TY_cgMLST__chewbbaca` to perform cgMLST t","nextflow.enable.dsl=2

// --- IMPORTS ---

include { step_4TY_cgMLST__chewbbaca } from '../steps/step_4TY_cgMLST__chewbbaca'

include { step_4AN_AMR__abricate } from '../steps/step_4AN_AMR__abricate'

include { step_1PP_trimming__fastp } from '../steps/step_1PP_trimming__fastp'

include { step_2AS_denovo__unicycler } from '../steps/step_2AS_denovo__unicycler'

include { getSingleInput } from '../functions/parameters.nf'

// --- GLOBALS ---

// --- INLINE PROCESSES ---

// --- SUB WORKFLOWS ---

workflow wf_assembly_and_typing {
    
    take:
        
        trimmed
        
    
    main:
        assembly = step_2AS_denovo__unicycler(trimmed).assembled
    
    emit:
        
        assembly
        
    
}

workflow wf_cgmlst {
    
    take:
        
        assembly
        
        genus_species
        
        schema
        
    
    main:
        step_4TY_cgMLST__chewbbaca(assembly, genus_species, schema)
    
}

workflow wf_abricate {
    
    take:
        
        assembly
        
    
    main:
        step_4AN_AMR__abricate(assembly)
    
}

// --- ENTRYPOINT ---
workflow {
    trimmed = step_1PP_trimming__fastp(getSingleInput()).trimmed

    assembly = wf_assembly_and_typing(trimmed)

    wf_cgmlst(assembly, 'listeria_monocytogenes', 'l_mono_chewie_1748_220623')

    wf_abricate(assembly)
}","nextflow.enable.dsl=2

include { getSingleInput; optionalOrDefault; param } from '../functions/parameters.nf'
include { step_1PP_trimming__fastp } from '../steps/step_1PP_trimming__fastp'
include { step_2AS_denovo__unicycler } from '../steps/step_2AS_denovo__unicycler'
include { step_4TY_cgMLST__chewbbaca } from '../steps/step_4TY_cgMLST__chewbbaca'
include { step_4AN_AMR__abricate } from '../steps/step_4AN_AMR__abricate'
workflow {
    trimmed   = step_1PP_trimming__fastp(getSingleInput()).trimmed
    assembled = step_2AS_denovo__unicycler(trimmed).assembled
    step_4TY_cgMLST__chewbbaca(assembled, param('genus_species'), optionalOrDefault('schema', ''))
    step_4AN_AMR__abricate(assembled)
}
"
"MOD_K34_add_abricate_to_chewbbaca_sal_unicycler","1","add","(generated)","MOD_K34_add_abricate_to_chewbbaca_sal_unicycler_t1","modification","chewbbaca on Salmonella enterica from paired Illumina FASTQ (fastp + unicycler).","Y","Y","none","","9","9","Y","","","","step_1PP_trimming__fastp, step_2AS_denovo__unicycler, step_4TY_cgMLST__chewbbaca","step_1PP_trimming__fastp, step_2AS_denovo__unicycler, step_4TY_cgMLST__chewbbaca","step_1PP_trimming__fastp, step_2AS_denovo__unicycler, step_4TY_cgMLST__chewbbaca","713","26","3","2","8.7","I'm glad you're happy with the plan! I will now proceed to build the pipeline.","nextflow.enable.dsl=2

// --- IMPORTS ---

include { step_1PP_trimming__fastp } from '../steps/step_1PP_trimming__fastp'

include { getSingleInput; optionalOrDefault; param } from '../functions/parameters.nf'

include { step_4TY_cgMLST__chewbbaca } from '../steps/step_4TY_cgMLST__chewbbaca'

include { step_2AS_denovo__unicycler } from '../steps/step_2AS_denovo__unicycler'

// --- GLOBALS ---

// --- INLINE PROCESSES ---

// --- SUB WORKFLOWS ---

// --- ENTRYPOINT ---
workflow {
    trimmed = step_1PP_trimming__fastp(getSingleInput()).trimmed

    assembled = step_2AS_denovo__unicycler(trimmed).assembled

    step_4TY_cgMLST__chewbbaca(assembled, param('genus_species'), optionalOrDefault('schema', ''))
}","nextflow.enable.dsl=2

include { getSingleInput; optionalOrDefault; param } from '../functions/parameters.nf'
include { step_1PP_trimming__fastp } from '../steps/step_1PP_trimming__fastp'
include { step_2AS_denovo__unicycler } from '../steps/step_2AS_denovo__unicycler'
include { step_4TY_cgMLST__chewbbaca } from '../steps/step_4TY_cgMLST__chewbbaca'
workflow {
    trimmed   = step_1PP_trimming__fastp(getSingleInput()).trimmed
    assembled = step_2AS_denovo__unicycler(trimmed).assembled
    step_4TY_cgMLST__chewbbaca(assembled, param('genus_species'), optionalOrDefault('schema', ''))
}
"
"MOD_K34_add_abricate_to_chewbbaca_sal_unicycler","2","add","(generated)","MOD_K34_add_abricate_to_chewbbaca_sal_unicycler_t2","modification","Now also run abricate in parallel on the same assembly.","Y","Y","none","","10","10","Y","","","","step_1PP_trimming__fastp, step_2AS_denovo__unicycler, step_4AN_AMR__abricate, step_4TY_cgMLST__chewbbaca","step_1PP_trimming__fastp, step_2AS_denovo__unicycler, step_4TY_cgMLST__chewbbaca, step_4AN_AMR__abricate","step_1PP_trimming__fastp, step_2AS_denovo__unicycler, step_4AN_AMR__abricate, step_4TY_cgMLST__chewbbaca","827","30","4","2","10.4","Based on the available tools, I can create a pipeline for you. It will include the following steps:

1. **Trimming**: Use `step_1PP_trimming__fastp` to trim the reads.
2. **Assembly**: Use `step_2AS_denovo__unicycler` to assemble the trimmed reads.
3. **Typing**: Use `step_4TY_cgMLST__chewbbaca` to ","nextflow.enable.dsl=2

// --- IMPORTS ---

include { step_1PP_trimming__fastp } from '../steps/step_1PP_trimming__fastp'

include { step_4AN_AMR__abricate } from '../steps/step_4AN_AMR__abricate'

include { getSingleInput; optionalOrDefault; param } from '../functions/parameters.nf'

include { step_4TY_cgMLST__chewbbaca } from '../steps/step_4TY_cgMLST__chewbbaca'

include { step_2AS_denovo__unicycler } from '../steps/step_2AS_denovo__unicycler'

// --- GLOBALS ---

// --- INLINE PROCESSES ---

// --- SUB WORKFLOWS ---

// --- ENTRYPOINT ---
workflow {
    trimmed = step_1PP_trimming__fastp(getSingleInput()).trimmed

    assembled = step_2AS_denovo__unicycler(trimmed).assembled

    step_4TY_cgMLST__chewbbaca(assembled, param('genus_species'), optionalOrDefault('schema', ''))

    step_4AN_AMR__abricate(assembled)
}","nextflow.enable.dsl=2

include { getSingleInput; optionalOrDefault; param } from '../functions/parameters.nf'
include { step_1PP_trimming__fastp } from '../steps/step_1PP_trimming__fastp'
include { step_2AS_denovo__unicycler } from '../steps/step_2AS_denovo__unicycler'
include { step_4TY_cgMLST__chewbbaca } from '../steps/step_4TY_cgMLST__chewbbaca'
include { step_4AN_AMR__abricate } from '../steps/step_4AN_AMR__abricate'
workflow {
    trimmed   = step_1PP_trimming__fastp(getSingleInput()).trimmed
    assembled = step_2AS_denovo__unicycler(trimmed).assembled
    step_4TY_cgMLST__chewbbaca(assembled, param('genus_species'), optionalOrDefault('schema', ''))
    step_4AN_AMR__abricate(assembled)
}
"
"MOD_K35_add_chewbbaca_to_mlst_eco_shovill","1","add","(generated)","MOD_K35_add_chewbbaca_to_mlst_eco_shovill_t1","modification","mlst on Escherichia coli from paired Illumina FASTQ (fastp + shovill).","Y","Y","none","","7","7","Y","","","","step_1PP_trimming__fastp, step_2AS_denovo__shovill, step_4TY_MLST__mlst","step_1PP_trimming__fastp, step_2AS_denovo__shovill, step_4TY_MLST__mlst","step_1PP_trimming__fastp, step_2AS_denovo__shovill, step_4TY_MLST__mlst","598","24","3","2","7.0","I'm glad you're satisfied with the plan! I will now proceed with creating the pipeline for MLST on Escherichia coli from paired Illumina FASTQ using fastp for trimming and shovill for assembly.","nextflow.enable.dsl=2

// --- IMPORTS ---

include { step_4TY_MLST__mlst } from '../steps/step_4TY_MLST__mlst'

include { step_1PP_trimming__fastp } from '../steps/step_1PP_trimming__fastp'

include { step_2AS_denovo__shovill } from '../steps/step_2AS_denovo__shovill'

include { getSingleInput } from '../functions/parameters.nf'

// --- GLOBALS ---

// --- INLINE PROCESSES ---

// --- SUB WORKFLOWS ---

// --- ENTRYPOINT ---
workflow {
    trimmed = step_1PP_trimming__fastp(getSingleInput()).trimmed
    assembly = step_2AS_denovo__shovill(trimmed).assembly
    step_4TY_MLST__mlst(assembly)
}","nextflow.enable.dsl=2

include { getSingleInput; optionalOrDefault; param } from '../functions/parameters.nf'
include { step_1PP_trimming__fastp } from '../steps/step_1PP_trimming__fastp'
include { step_2AS_denovo__shovill } from '../steps/step_2AS_denovo__shovill'
include { step_4TY_MLST__mlst } from '../steps/step_4TY_MLST__mlst'
workflow {
    trimmed   = step_1PP_trimming__fastp(getSingleInput()).trimmed
    assembled = step_2AS_denovo__shovill(trimmed).assembly
    step_4TY_MLST__mlst(assembled)
}
"
"MOD_K35_add_chewbbaca_to_mlst_eco_shovill","2","add","(generated)","MOD_K35_add_chewbbaca_to_mlst_eco_shovill_t2","modification","Now also run chewbbaca in parallel on the same assembly.","Y","Y","none","","10","10","Y","","","","step_1PP_trimming__fastp, step_2AS_denovo__shovill, step_4TY_MLST__mlst, step_4TY_cgMLST__chewbbaca","step_1PP_trimming__fastp, step_2AS_denovo__shovill, step_4TY_MLST__mlst, step_4TY_cgMLST__chewbbaca","step_1PP_trimming__fastp, step_2AS_denovo__shovill, step_4TY_MLST__mlst, step_4TY_cgMLST__chewbbaca","805","27","4","2","12.9","I can add chewbbaca to the pipeline to run in parallel with MLST on the same assembly. This will allow you to perform both typing methods simultaneously. The updated pipeline will include:

1. Trimming with fastp
2. Assembly with shovill
3. MLST typing
4. cgMLST typing with chewbbaca

Does this upda","nextflow.enable.dsl=2

// --- IMPORTS ---

include { step_1PP_trimming__fastp } from '../steps/step_1PP_trimming__fastp'

include { step_2AS_denovo__shovill } from '../steps/step_2AS_denovo__shovill'

include { step_4TY_MLST__mlst } from '../steps/step_4TY_MLST__mlst'

include { getSingleInput; optionalOrDefault; param } from '../functions/parameters.nf'

include { step_4TY_cgMLST__chewbbaca } from '../steps/step_4TY_cgMLST__chewbbaca'

// --- GLOBALS ---

// --- INLINE PROCESSES ---

// --- SUB WORKFLOWS ---

// --- ENTRYPOINT ---
workflow {
    trimmed = step_1PP_trimming__fastp(getSingleInput()).trimmed
    assembly = step_2AS_denovo__shovill(trimmed).assembly
    step_4TY_MLST__mlst(assembly)
    step_4TY_cgMLST__chewbbaca(assembly, param('genus_species'), optionalOrDefault('schema', ''))
}","nextflow.enable.dsl=2

include { getSingleInput; optionalOrDefault; param } from '../functions/parameters.nf'
include { step_1PP_trimming__fastp } from '../steps/step_1PP_trimming__fastp'
include { step_2AS_denovo__shovill } from '../steps/step_2AS_denovo__shovill'
include { step_4TY_MLST__mlst } from '../steps/step_4TY_MLST__mlst'
include { step_4TY_cgMLST__chewbbaca } from '../steps/step_4TY_cgMLST__chewbbaca'
workflow {
    trimmed   = step_1PP_trimming__fastp(getSingleInput()).trimmed
    assembled = step_2AS_denovo__shovill(trimmed).assembly
    step_4TY_MLST__mlst(assembled)
    step_4TY_cgMLST__chewbbaca(assembled, param('genus_species'), optionalOrDefault('schema', ''))
}
"
"MOD_K36_add_chewbbaca_to_mlst_sal_shovill","1","add","(generated)","MOD_K36_add_chewbbaca_to_mlst_sal_shovill_t1","modification","mlst on Salmonella enterica from paired Illumina FASTQ (fastp + shovill).","Y","Y","none","","7","7","Y","","","","step_1PP_trimming__fastp, step_2AS_denovo__shovill, step_4TY_MLST__mlst","step_1PP_trimming__fastp, step_2AS_denovo__shovill, step_4TY_MLST__mlst","step_1PP_trimming__fastp, step_2AS_denovo__shovill, step_4TY_MLST__mlst","598","24","3","2","8.5","I'm glad you're interested in the pipeline for MLST on Salmonella enterica using paired Illumina FASTQ files. The pipeline will include trimming with fastp, de novo assembly with Shovill, and MLST typing with MLST. I'll proceed with this plan.","nextflow.enable.dsl=2

// --- IMPORTS ---

include { step_4TY_MLST__mlst } from '../steps/step_4TY_MLST__mlst'

include { step_1PP_trimming__fastp } from '../steps/step_1PP_trimming__fastp'

include { step_2AS_denovo__shovill } from '../steps/step_2AS_denovo__shovill'

include { getSingleInput } from '../functions/parameters.nf'

// --- GLOBALS ---

// --- INLINE PROCESSES ---

// --- SUB WORKFLOWS ---

// --- ENTRYPOINT ---
workflow {
    trimmed = step_1PP_trimming__fastp(getSingleInput()).trimmed
    assembly = step_2AS_denovo__shovill(trimmed).assembly
    step_4TY_MLST__mlst(assembly)
}","nextflow.enable.dsl=2

include { getSingleInput; optionalOrDefault; param } from '../functions/parameters.nf'
include { step_1PP_trimming__fastp } from '../steps/step_1PP_trimming__fastp'
include { step_2AS_denovo__shovill } from '../steps/step_2AS_denovo__shovill'
include { step_4TY_MLST__mlst } from '../steps/step_4TY_MLST__mlst'
workflow {
    trimmed   = step_1PP_trimming__fastp(getSingleInput()).trimmed
    assembled = step_2AS_denovo__shovill(trimmed).assembly
    step_4TY_MLST__mlst(assembled)
}
"
"MOD_K36_add_chewbbaca_to_mlst_sal_shovill","2","add","(generated)","MOD_K36_add_chewbbaca_to_mlst_sal_shovill_t2","modification","Now also run chewbbaca in parallel on the same assembly.","Y","Y","none","","10","10","Y","","","","step_1PP_trimming__fastp, step_2AS_denovo__shovill, step_4TY_MLST__mlst, step_4TY_cgMLST__chewbbaca","step_1PP_trimming__fastp, step_2AS_denovo__shovill, step_4TY_MLST__mlst, step_4TY_cgMLST__chewbbaca","step_1PP_trimming__fastp, step_2AS_denovo__shovill, step_4TY_MLST__mlst, step_4TY_cgMLST__chewbbaca","805","27","4","2","10.1","Based on the available tools, I can create a pipeline for MLST and cgMLST on Salmonella enterica using paired Illumina FASTQ files. The pipeline will include the following steps:

1. Trimming with fastp
2. De novo assembly with Shovill
3. MLST typing with MLST
4. cgMLST typing with chewbbaca

Does t","nextflow.enable.dsl=2

// --- IMPORTS ---

include { step_1PP_trimming__fastp } from '../steps/step_1PP_trimming__fastp'

include { step_2AS_denovo__shovill } from '../steps/step_2AS_denovo__shovill'

include { step_4TY_MLST__mlst } from '../steps/step_4TY_MLST__mlst'

include { getSingleInput; optionalOrDefault; param } from '../functions/parameters.nf'

include { step_4TY_cgMLST__chewbbaca } from '../steps/step_4TY_cgMLST__chewbbaca'

// --- GLOBALS ---

// --- INLINE PROCESSES ---

// --- SUB WORKFLOWS ---

// --- ENTRYPOINT ---
workflow {
    trimmed = step_1PP_trimming__fastp(getSingleInput()).trimmed
    assembly = step_2AS_denovo__shovill(trimmed).assembly
    step_4TY_MLST__mlst(assembly)
    step_4TY_cgMLST__chewbbaca(assembly, param('genus_species'), optionalOrDefault('schema', ''))
}","nextflow.enable.dsl=2

include { getSingleInput; optionalOrDefault; param } from '../functions/parameters.nf'
include { step_1PP_trimming__fastp } from '../steps/step_1PP_trimming__fastp'
include { step_2AS_denovo__shovill } from '../steps/step_2AS_denovo__shovill'
include { step_4TY_MLST__mlst } from '../steps/step_4TY_MLST__mlst'
include { step_4TY_cgMLST__chewbbaca } from '../steps/step_4TY_cgMLST__chewbbaca'
workflow {
    trimmed   = step_1PP_trimming__fastp(getSingleInput()).trimmed
    assembled = step_2AS_denovo__shovill(trimmed).assembly
    step_4TY_MLST__mlst(assembled)
    step_4TY_cgMLST__chewbbaca(assembled, param('genus_species'), optionalOrDefault('schema', ''))
}
"
"MOD_K37_add_abricate_to_mlst_lis_spades","1","add","(generated)","MOD_K37_add_abricate_to_mlst_lis_spades_t1","modification","mlst on Listeria monocytogenes from paired Illumina FASTQ (trimmomatic + spades).","Y","Y","none","","7","7","Y","","","","step_1PP_trimming__trimmomatic, step_2AS_denovo__spades, step_4TY_MLST__mlst","step_1PP_trimming__trimmomatic, step_2AS_denovo__spades, step_4TY_MLST__mlst","step_1PP_trimming__trimmomatic, step_2AS_denovo__spades, step_4TY_MLST__mlst","616","24","3","2","8.6","Great! I will proceed with the pipeline for MLST on Listeria monocytogenes using paired Illumina FASTQ files. The pipeline will include trimming with Trimmomatic, de novo assembly with SPAdes, and MLST typing.","nextflow.enable.dsl=2

// --- IMPORTS ---

include { getSingleInput } from '../functions/parameters.nf'

include { step_2AS_denovo__spades } from '../steps/step_2AS_denovo__spades'

include { step_4TY_MLST__mlst } from '../steps/step_4TY_MLST__mlst'

include { step_1PP_trimming__trimmomatic } from '../steps/step_1PP_trimming__trimmomatic'

// --- GLOBALS ---

// --- INLINE PROCESSES ---

// --- SUB WORKFLOWS ---

// --- ENTRYPOINT ---
workflow {
    trimmed = step_1PP_trimming__trimmomatic(getSingleInput()).trimmed
    assembled = step_2AS_denovo__spades(trimmed).assembled
    step_4TY_MLST__mlst(assembled)
}","nextflow.enable.dsl=2

include { getSingleInput; optionalOrDefault; param } from '../functions/parameters.nf'
include { step_1PP_trimming__trimmomatic } from '../steps/step_1PP_trimming__trimmomatic'
include { step_2AS_denovo__spades } from '../steps/step_2AS_denovo__spades'
include { step_4TY_MLST__mlst } from '../steps/step_4TY_MLST__mlst'
workflow {
    trimmed   = step_1PP_trimming__trimmomatic(getSingleInput()).trimmed
    assembled = step_2AS_denovo__spades(trimmed).assembled
    step_4TY_MLST__mlst(assembled)
}
"
"MOD_K37_add_abricate_to_mlst_lis_spades","2","add","(generated)","MOD_K37_add_abricate_to_mlst_lis_spades_t2","modification","Now also run abricate in parallel on the same assembly.","Y","Y","none","","8","8","Y","","","","step_1PP_trimming__trimmomatic, step_2AS_denovo__spades, step_4AN_AMR__abricate, step_4TY_MLST__mlst","step_1PP_trimming__trimmomatic, step_2AS_denovo__spades, step_4TY_MLST__mlst, step_4AN_AMR__abricate","step_1PP_trimming__trimmomatic, step_2AS_denovo__spades, step_4AN_AMR__abricate, step_4TY_MLST__mlst","729","27","4","2","10.4","I will proceed with the pipeline for MLST on Listeria monocytogenes using paired Illumina FASTQ files. The pipeline will include trimming with Trimmomatic, de novo assembly with SPAdes, and MLST typing. I will also add Abricate to detect AMR genes on the assembled contigs.","nextflow.enable.dsl=2

// --- IMPORTS ---

include { step_4TY_MLST__mlst } from '../steps/step_4TY_MLST__mlst'

include { step_4AN_AMR__abricate } from '../steps/step_4AN_AMR__abricate'

include { step_1PP_trimming__trimmomatic } from '../steps/step_1PP_trimming__trimmomatic'

include { step_2AS_denovo__spades } from '../steps/step_2AS_denovo__spades'

include { getSingleInput } from '../functions/parameters.nf'

// --- GLOBALS ---

// --- INLINE PROCESSES ---

// --- SUB WORKFLOWS ---

// --- ENTRYPOINT ---
workflow {
    trimmed = step_1PP_trimming__trimmomatic(getSingleInput()).trimmed
    assembled = step_2AS_denovo__spades(trimmed).assembled
    step_4TY_MLST__mlst(assembled)
    step_4AN_AMR__abricate(assembled)
}","nextflow.enable.dsl=2

include { getSingleInput; optionalOrDefault; param } from '../functions/parameters.nf'
include { step_1PP_trimming__trimmomatic } from '../steps/step_1PP_trimming__trimmomatic'
include { step_2AS_denovo__spades } from '../steps/step_2AS_denovo__spades'
include { step_4TY_MLST__mlst } from '../steps/step_4TY_MLST__mlst'
include { step_4AN_AMR__abricate } from '../steps/step_4AN_AMR__abricate'
workflow {
    trimmed   = step_1PP_trimming__trimmomatic(getSingleInput()).trimmed
    assembled = step_2AS_denovo__spades(trimmed).assembled
    step_4TY_MLST__mlst(assembled)
    step_4AN_AMR__abricate(assembled)
}
"
"MOD_K38_add_prokka_to_mlst_eco_spades","1","add","(generated)","MOD_K38_add_prokka_to_mlst_eco_spades_t1","modification","mlst on Escherichia coli from paired Illumina FASTQ (trimmomatic + spades).","Y","Y","none","","7","7","Y","","","","step_1PP_trimming__trimmomatic, step_2AS_denovo__spades, step_4TY_MLST__mlst","step_1PP_trimming__trimmomatic, step_2AS_denovo__spades, step_4TY_MLST__mlst","step_1PP_trimming__trimmomatic, step_2AS_denovo__spades, step_4TY_MLST__mlst","614","24","3","2","9.4","I'm glad you're satisfied with the plan! I'll now proceed with the exact steps we discussed, including trimming with Trimmomatic, de novo assembly with SPAdes, and MLST typing for Escherichia coli. I'll ensure the pipeline is set up precisely as we've outlined.","nextflow.enable.dsl=2

// --- IMPORTS ---

include { getSingleInput } from '../functions/parameters.nf'

include { step_2AS_denovo__spades } from '../steps/step_2AS_denovo__spades'

include { step_4TY_MLST__mlst } from '../steps/step_4TY_MLST__mlst'

include { step_1PP_trimming__trimmomatic } from '../steps/step_1PP_trimming__trimmomatic'

// --- GLOBALS ---

// --- INLINE PROCESSES ---

// --- SUB WORKFLOWS ---

// --- ENTRYPOINT ---
workflow {
    trimmed = step_1PP_trimming__trimmomatic(getSingleInput())
    assembly = step_2AS_denovo__spades(trimmed.trimmed)
    step_4TY_MLST__mlst(assembly.assembled)
}","nextflow.enable.dsl=2

include { getSingleInput; optionalOrDefault; param } from '../functions/parameters.nf'
include { step_1PP_trimming__trimmomatic } from '../steps/step_1PP_trimming__trimmomatic'
include { step_2AS_denovo__spades } from '../steps/step_2AS_denovo__spades'
include { step_4TY_MLST__mlst } from '../steps/step_4TY_MLST__mlst'
workflow {
    trimmed   = step_1PP_trimming__trimmomatic(getSingleInput()).trimmed
    assembled = step_2AS_denovo__spades(trimmed).assembled
    step_4TY_MLST__mlst(assembled)
}
"
"MOD_K38_add_prokka_to_mlst_eco_spades","2","add","(generated)","MOD_K38_add_prokka_to_mlst_eco_spades_t2","modification","Now also run prokka in parallel on the same assembly.","Y","N","partial_dag","Only 7/8 expected processes appeared in the DAG","7","8","N","","step_4AN_genes__prokka","","step_1PP_trimming__trimmomatic, step_2AS_denovo__spades, step_4TY_MLST__mlst","step_2AS_denovo__spades, step_4TY_MLST__mlst, step_1PP_trimming__trimmomatic","step_1PP_trimming__trimmomatic, step_2AS_denovo__spades, step_4AN_genes__prokka, step_4TY_MLST__mlst","866","45","3","3","12.9","Based on the available tools, I can create a pipeline for MLST on Escherichia coli using paired Illumina FASTQ files with Trimmomatic and SPAdes. The pipeline will include the following steps:

1. Trimming with Trimmomatic
2. De novo assembly with SPAdes
3. MLST typing

Does this plan look good to y","nextflow.enable.dsl=2

// --- IMPORTS ---

include { getSingleInput } from '../functions/parameters.nf'

include { step_2AS_denovo__spades } from '../steps/step_2AS_denovo__spades'

include { step_4TY_MLST__mlst } from '../steps/step_4TY_MLST__mlst'

include { step_1PP_trimming__trimmomatic } from '../steps/step_1PP_trimming__trimmomatic'

// --- GLOBALS ---

// --- INLINE PROCESSES ---

// --- SUB WORKFLOWS ---

workflow module_surveillance {
    
    take:
        
        trimmed
        
    
    main:
        trimmedReads = trimmed

        spades_out = step_2AS_denovo__spades(trimmedReads)

        step_4TY_MLST__mlst(spades_out.assembled)
    
    emit:
        
        assembly = spades_out.assembled
        
    
}

// --- ENTRYPOINT ---
workflow {
    trimmed = step_1PP_trimming__trimmomatic(getSingleInput())

    module_surveillance(trimmed)
}","nextflow.enable.dsl=2

include { getSingleInput; optionalOrDefault; param } from '../functions/parameters.nf'
include { step_1PP_trimming__trimmomatic } from '../steps/step_1PP_trimming__trimmomatic'
include { step_2AS_denovo__spades } from '../steps/step_2AS_denovo__spades'
include { step_4TY_MLST__mlst } from '../steps/step_4TY_MLST__mlst'
include { step_4AN_genes__prokka } from '../steps/step_4AN_genes__prokka'
workflow {
    trimmed   = step_1PP_trimming__trimmomatic(getSingleInput()).trimmed
    assembled = step_2AS_denovo__spades(trimmed).assembled
    step_4TY_MLST__mlst(assembled)
    step_4AN_genes__prokka(assembled)
}
"
"MOD_R01_replace_asm_spades_to_shovill_lis","1","replace","(generated)","MOD_R01_replace_asm_spades_to_shovill_lis_t1","modification","Trim + assemble Listeria monocytogenes from paired Illumina FASTQ using fastp + spades.","Y","Y","none","","6","6","Y","","","","step_1PP_trimming__fastp, step_2AS_denovo__spades","step_1PP_trimming__fastp, step_2AS_denovo__spades","step_1PP_trimming__fastp, step_2AS_denovo__spades","495","22","2","2","10.9","I will build a pipeline for trimming and assembling Listeria monocytogenes from paired Illumina FASTQ using fastp and SPAdes.","nextflow.enable.dsl=2

// --- IMPORTS ---

include { step_1PP_trimming__fastp } from '../steps/step_1PP_trimming__fastp'

include { getSingleInput } from '../functions/parameters.nf'

include { step_2AS_denovo__spades } from '../steps/step_2AS_denovo__spades'

// --- GLOBALS ---

// --- INLINE PROCESSES ---

// --- SUB WORKFLOWS ---

// --- ENTRYPOINT ---
workflow {
    trimmed = step_1PP_trimming__fastp(getSingleInput()).trimmed

    assembled = step_2AS_denovo__spades(trimmed).assembled
}","nextflow.enable.dsl=2

include { getSingleInput; optionalOrDefault; param } from '../functions/parameters.nf'
include { step_1PP_trimming__fastp } from '../steps/step_1PP_trimming__fastp'
include { step_2AS_denovo__spades } from '../steps/step_2AS_denovo__spades'
workflow {
    trimmed   = step_1PP_trimming__fastp(getSingleInput()).trimmed
    assembled = step_2AS_denovo__spades(trimmed).assembled
}
"
"MOD_R01_replace_asm_spades_to_shovill_lis","2","replace","(generated)","MOD_R01_replace_asm_spades_to_shovill_lis_t2","modification","Replace spades with shovill.","Y","Y","none","","6","6","Y","","","","step_1PP_trimming__fastp, step_2AS_denovo__shovill","step_1PP_trimming__fastp, step_2AS_denovo__shovill","step_1PP_trimming__fastp, step_2AS_denovo__shovill","693","38","2","2","7.5","I can build a pipeline for trimming and assembling Listeria monocytogenes from paired Illumina FASTQ using fastp and Shovill. This will use the following steps: 1. Trimming with fastp (step_1PP_trimming__fastp) 2. De novo assembly with Shovill (step_2AS_denovo__shovill).","nextflow.enable.dsl=2

// --- IMPORTS ---

include { step_1PP_trimming__fastp } from '../steps/step_1PP_trimming__fastp'

include { step_2AS_denovo__shovill } from '../steps/step_2AS_denovo__shovill'

include { getSingleInput } from '../functions/parameters.nf'

// --- GLOBALS ---

// --- INLINE PROCESSES ---

// --- SUB WORKFLOWS ---

workflow wf_trim_and_assemble {
    
    take:
        
        rawreads
        
    
    main:
        trimmed = step_1PP_trimming__fastp(rawreads).trimmed
        assembly = step_2AS_denovo__shovill(trimmed).assembly
    
    emit:
        
        assembly
        
    
}

// --- ENTRYPOINT ---
workflow {
    wf_trim_and_assemble(getSingleInput())
}","nextflow.enable.dsl=2

include { getSingleInput; optionalOrDefault; param } from '../functions/parameters.nf'
include { step_1PP_trimming__fastp } from '../steps/step_1PP_trimming__fastp'
include { step_2AS_denovo__shovill } from '../steps/step_2AS_denovo__shovill'
workflow {
    trimmed   = step_1PP_trimming__fastp(getSingleInput()).trimmed
    assembled = step_2AS_denovo__shovill(trimmed).assembly
}
"
"MOD_R02_replace_asm_spades_to_shovill_sal","1","replace","(generated)","MOD_R02_replace_asm_spades_to_shovill_sal_t1","modification","Trim + assemble Salmonella enterica from paired Illumina FASTQ using fastp + spades.","Y","N","partial_dag","Only 5/6 expected processes appeared in the DAG","5","6","N","step_1PP_hostdepl__bowtie","step_1PP_trimming__fastp","","step_1PP_hostdepl__bowtie, step_2AS_denovo__spades","step_1PP_hostdepl__bowtie, step_2AS_denovo__spades","step_1PP_trimming__fastp, step_2AS_denovo__spades","1206","57","2","2","8.6","I will build a pipeline using fastp for trimming and SPAdes for assembly. This will use the module_denovo template.","nextflow.enable.dsl=2

// --- IMPORTS ---

include { getHost; getSingleInput } from '../functions/parameters.nf'

include { step_2AS_denovo__spades } from '../steps/step_2AS_denovo__spades'

include { step_1PP_hostdepl__bowtie } from '../steps/step_1PP_hostdepl__bowtie'

include { extractKey } from '../functions/common.nf'

// --- GLOBALS ---

// --- INLINE PROCESSES ---

// --- SUB WORKFLOWS ---

workflow module_denovo {
    
    take:
        
        trimmedReads
        
        host
        
    
    main:
        trimmedReads.cross(host) { extractKey(it) }
            .map { [ it[0][0], it[0][1], it[1][1] ] } //riscd, reads, host
            .branch {
                with_host: it[1][1]
                without_host: true
            }
        .set { branchedTrimmed }

        depleted = step_1PP_hostdepl__bowtie(branchedTrimmed.with_host)

        branchedTrimmed.without_host
            .mix(depleted)
            .map { it[0,1] }
            .set{ denovoInput }
        assembled = step_2AS_denovo__spades(denovoInput)
    
    emit:
        
        assembled
        
        depleted
        
    
}

// --- ENTRYPOINT ---
workflow {
    module_denovo(getSingleInput(), getHost())
}","nextflow.enable.dsl=2

include { getSingleInput; optionalOrDefault; param } from '../functions/parameters.nf'
include { step_1PP_trimming__fastp } from '../steps/step_1PP_trimming__fastp'
include { step_2AS_denovo__spades } from '../steps/step_2AS_denovo__spades'
workflow {
    trimmed   = step_1PP_trimming__fastp(getSingleInput()).trimmed
    assembled = step_2AS_denovo__spades(trimmed).assembled
}
"
"MOD_R02_replace_asm_spades_to_shovill_sal","2","replace","(generated)","MOD_R02_replace_asm_spades_to_shovill_sal_t2","modification","Replace spades with shovill.","Y","N","partial_dag","Only 5/6 expected processes appeared in the DAG","5","6","N","step_1PP_hostdepl__bowtie","step_1PP_trimming__fastp","","step_1PP_hostdepl__bowtie, step_2AS_denovo__shovill","step_1PP_hostdepl__bowtie, step_2AS_denovo__shovill","step_1PP_trimming__fastp, step_2AS_denovo__shovill","1206","58","2","2","8.7","I will build a pipeline using fastp for trimming and Shovill for assembly. This will use the module_denovo template.","nextflow.enable.dsl=2

// --- IMPORTS ---

include { getHost; getSingleInput } from '../functions/parameters.nf'

include { step_2AS_denovo__shovill } from '../steps/step_2AS_denovo__shovill'

include { step_1PP_hostdepl__bowtie } from '../steps/step_1PP_hostdepl__bowtie'

include { extractKey } from '../functions/common.nf'

// --- GLOBALS ---

// --- INLINE PROCESSES ---

// --- SUB WORKFLOWS ---

workflow module_denovo {
    
    take:
        
        trimmedReads
        
        host
        
    
    main:
        trimmedReads.cross(host) { extractKey(it) }
            .map { [ it[0][0], it[0][1], it[1][1] ] } //riscd, reads, host
            .branch {
                with_host: it[1][1]
                without_host: true
            }
        .set { branchedTrimmed }

        depleted = step_1PP_hostdepl__bowtie(branchedTrimmed.with_host)

        branchedTrimmed.without_host
            .mix(depleted)
            .map { it[0,1] }
        .set{ denovoInput }

        assembled = step_2AS_denovo__shovill(denovoInput)
    
    emit:
        
        assembled
        
        depleted
        
    
}

// --- ENTRYPOINT ---
workflow {
    module_denovo(getSingleInput(), getHost())
}","nextflow.enable.dsl=2

include { getSingleInput; optionalOrDefault; param } from '../functions/parameters.nf'
include { step_1PP_trimming__fastp } from '../steps/step_1PP_trimming__fastp'
include { step_2AS_denovo__shovill } from '../steps/step_2AS_denovo__shovill'
workflow {
    trimmed   = step_1PP_trimming__fastp(getSingleInput()).trimmed
    assembled = step_2AS_denovo__shovill(trimmed).assembly
}
"
"MOD_R03_replace_asm_spades_to_shovill_eco","1","replace","(generated)","MOD_R03_replace_asm_spades_to_shovill_eco_t1","modification","Trim + assemble Escherichia coli from paired Illumina FASTQ using fastp + spades.","Y","Y","none","","6","6","Y","","","","step_1PP_trimming__fastp, step_2AS_denovo__spades","step_1PP_trimming__fastp, step_2AS_denovo__spades","step_1PP_trimming__fastp, step_2AS_denovo__spades","495","22","2","2","7.8","I will create a pipeline for trimming and assembling Escherichia coli from paired Illumina FASTQ using fastp and SPAdes. This will use the following steps:

1. Trimming with fastp (step_1PP_trimming__fastp)
2. De novo assembly with SPAdes (step_2AS_denovo__spades)

I will now proceed with this plan.","nextflow.enable.dsl=2

// --- IMPORTS ---

include { step_1PP_trimming__fastp } from '../steps/step_1PP_trimming__fastp'

include { getSingleInput } from '../functions/parameters.nf'

include { step_2AS_denovo__spades } from '../steps/step_2AS_denovo__spades'

// --- GLOBALS ---

// --- INLINE PROCESSES ---

// --- SUB WORKFLOWS ---

// --- ENTRYPOINT ---
workflow {
    trimmed = step_1PP_trimming__fastp(getSingleInput()).trimmed

    assembled = step_2AS_denovo__spades(trimmed).assembled
}","nextflow.enable.dsl=2

include { getSingleInput; optionalOrDefault; param } from '../functions/parameters.nf'
include { step_1PP_trimming__fastp } from '../steps/step_1PP_trimming__fastp'
include { step_2AS_denovo__spades } from '../steps/step_2AS_denovo__spades'
workflow {
    trimmed   = step_1PP_trimming__fastp(getSingleInput()).trimmed
    assembled = step_2AS_denovo__spades(trimmed).assembled
}
"
"MOD_R03_replace_asm_spades_to_shovill_eco","2","replace","(generated)","MOD_R03_replace_asm_spades_to_shovill_eco_t2","modification","Replace spades with shovill.","Y","Y","none","","6","6","Y","","","","step_1PP_trimming__fastp, step_2AS_denovo__shovill","step_2AS_denovo__shovill, step_1PP_trimming__fastp","step_1PP_trimming__fastp, step_2AS_denovo__shovill","659","38","2","2","10.0","I can create a pipeline for trimming and assembling Escherichia coli from paired Illumina FASTQ using fastp and Shovill. This will use the following steps:

1. Trimming with fastp (step_1PP_trimming__fastp)
2. De novo assembly with Shovill (step_2AS_denovo__shovill)

I will now proceed with this pla","nextflow.enable.dsl=2

// --- IMPORTS ---

include { step_1PP_trimming__fastp } from '../steps/step_1PP_trimming__fastp'

include { step_2AS_denovo__shovill } from '../steps/step_2AS_denovo__shovill'

include { getSingleInput } from '../functions/parameters.nf'

// --- GLOBALS ---

// --- INLINE PROCESSES ---

// --- SUB WORKFLOWS ---

workflow wf_denovo {
    
    take:
        
        trimmed
        
    
    main:
        assembly = step_2AS_denovo__shovill(trimmed)
    
    emit:
        
        assembly
        
    
}

// --- ENTRYPOINT ---
workflow {
    trimmed = step_1PP_trimming__fastp(getSingleInput())
    assembly = wf_denovo(trimmed)
}","nextflow.enable.dsl=2

include { getSingleInput; optionalOrDefault; param } from '../functions/parameters.nf'
include { step_1PP_trimming__fastp } from '../steps/step_1PP_trimming__fastp'
include { step_2AS_denovo__shovill } from '../steps/step_2AS_denovo__shovill'
workflow {
    trimmed   = step_1PP_trimming__fastp(getSingleInput()).trimmed
    assembled = step_2AS_denovo__shovill(trimmed).assembly
}
"
"MOD_R04_replace_asm_spades_to_shovill_cam","1","replace","(generated)","MOD_R04_replace_asm_spades_to_shovill_cam_t1","modification","Trim + assemble Campylobacter jejuni from paired Illumina FASTQ using fastp + spades.","Y","N","partial_dag","Only 5/6 expected processes appeared in the DAG","5","6","N","step_1PP_hostdepl__bowtie","step_1PP_trimming__fastp","","step_1PP_hostdepl__bowtie, step_2AS_denovo__spades","step_1PP_hostdepl__bowtie, step_2AS_denovo__spades","step_1PP_trimming__fastp, step_2AS_denovo__spades","1206","57","2","2","10.1","I will build a pipeline using the `module_denovo` template, which includes host depletion with Bowtie2 and de novo assembly with SPAdes. This will process paired Illumina FASTQ files for Campylobacter jejuni.","nextflow.enable.dsl=2

// --- IMPORTS ---

include { getHost; getSingleInput } from '../functions/parameters.nf'

include { step_2AS_denovo__spades } from '../steps/step_2AS_denovo__spades'

include { step_1PP_hostdepl__bowtie } from '../steps/step_1PP_hostdepl__bowtie'

include { extractKey } from '../functions/common.nf'

// --- GLOBALS ---

// --- INLINE PROCESSES ---

// --- SUB WORKFLOWS ---

workflow module_denovo {
    
    take:
        
        trimmedReads
        
        host
        
    
    main:
        trimmedReads.cross(host) { extractKey(it) }
            .map { [ it[0][0], it[0][1], it[1][1] ] } //riscd, reads, host
            .branch {
                with_host: it[1][1]
                without_host: true
            }
        .set { branchedTrimmed }

        depleted = step_1PP_hostdepl__bowtie(branchedTrimmed.with_host)

        branchedTrimmed.without_host
            .mix(depleted)
            .map { it[0,1] }
            .set{ denovoInput }
        assembled = step_2AS_denovo__spades(denovoInput)
    
    emit:
        
        assembled
        
        depleted
        
    
}

// --- ENTRYPOINT ---
workflow {
    module_denovo(getSingleInput(), getHost())
}","nextflow.enable.dsl=2

include { getSingleInput; optionalOrDefault; param } from '../functions/parameters.nf'
include { step_1PP_trimming__fastp } from '../steps/step_1PP_trimming__fastp'
include { step_2AS_denovo__spades } from '../steps/step_2AS_denovo__spades'
workflow {
    trimmed   = step_1PP_trimming__fastp(getSingleInput()).trimmed
    assembled = step_2AS_denovo__spades(trimmed).assembled
}
"
"MOD_R04_replace_asm_spades_to_shovill_cam","2","replace","(generated)","MOD_R04_replace_asm_spades_to_shovill_cam_t2","modification","Replace spades with shovill.","Y","N","partial_dag","Only 5/6 expected processes appeared in the DAG","5","6","N","step_1PP_hostdepl__bowtie","step_1PP_trimming__fastp","","step_1PP_hostdepl__bowtie, step_2AS_denovo__shovill","step_1PP_hostdepl__bowtie, step_2AS_denovo__shovill","step_1PP_trimming__fastp, step_2AS_denovo__shovill","1193","56","2","2","8.0","I will build a pipeline using the `module_denovo` template, which includes host depletion with Bowtie2 and de novo assembly with Shovill. This will process paired Illumina FASTQ files for Campylobacter jejuni.","nextflow.enable.dsl=2

// --- IMPORTS ---

include { getHost; getSingleInput } from '../functions/parameters.nf'

include { step_2AS_denovo__shovill } from '../steps/step_2AS_denovo__shovill'

include { step_1PP_hostdepl__bowtie } from '../steps/step_1PP_hostdepl__bowtie'

include { extractKey } from '../functions/common.nf'

// --- GLOBALS ---

// --- INLINE PROCESSES ---

// --- SUB WORKFLOWS ---

workflow module_denovo {
    
    take:
        
        trimmedReads
        
        host
        
    
    main:
        trimmedReads.cross(host) { extractKey(it) }
            .map { [ it[0][0], it[0][1], it[1][1] ] }
            .branch {
                with_host: it[1][1]
                without_host: true
            }
            .set { branchedTrimmed }

        depleted = step_1PP_hostdepl__bowtie(branchedTrimmed.with_host)

        branchedTrimmed.without_host
            .mix(depleted)
            .map { it[0,1] }
            .set { denovoInput }

        shovill_out = step_2AS_denovo__shovill(denovoInput)
    
    emit:
        
        assembled = shovill_out.assembly
        
    
}

// --- ENTRYPOINT ---
workflow {
    module_denovo(getSingleInput(), getHost())
}","nextflow.enable.dsl=2

include { getSingleInput; optionalOrDefault; param } from '../functions/parameters.nf'
include { step_1PP_trimming__fastp } from '../steps/step_1PP_trimming__fastp'
include { step_2AS_denovo__shovill } from '../steps/step_2AS_denovo__shovill'
workflow {
    trimmed   = step_1PP_trimming__fastp(getSingleInput()).trimmed
    assembled = step_2AS_denovo__shovill(trimmed).assembly
}
"
"MOD_R05_replace_asm_spades_to_unicycler_lis","1","replace","(generated)","MOD_R05_replace_asm_spades_to_unicycler_lis_t1","modification","Trim + assemble Listeria monocytogenes from paired Illumina FASTQ using fastp + spades.","Y","N","silent_no_op","No process placeholders appeared. when: clause filtered everything?","0","6","N","step_1PP_filtering__bowtie","step_1PP_trimming__fastp","","step_1PP_filtering__bowtie, step_2AS_denovo__spades","step_1PP_filtering__bowtie, step_2AS_denovo__spades","step_1PP_trimming__fastp, step_2AS_denovo__spades","1021","49","2","2","13.7","I will build a pipeline with the following steps:

1. Trimming with fastp (`step_1PP_trimming__fastp`)
2. De novo assembly with SPAdes (`step_2AS_denovo__spades`)

This will use the `module_filtered_denovo` template (`module_filtered_denovo`).","nextflow.enable.dsl=2

// --- IMPORTS ---

include { step_2AS_denovo__spades } from '../steps/step_2AS_denovo__spades'

include { getReference; getSingleInput } from '../functions/parameters.nf'

include { step_1PP_filtering__bowtie } from '../steps/step_1PP_filtering__bowtie'

include { extractKey } from '../functions/common.nf'

// --- GLOBALS ---

// --- INLINE PROCESSES ---

// --- SUB WORKFLOWS ---

workflow module_filtered_denovo {
    
    take:
        
        reads
        
        reference
        
    
    main:
        reads.cross(reference) { extractKey(it) }.multiMap {
            reads: it[0]
            refs:  it[1][1..3]
        }.set { readsAndReferences }

        filtered = step_1PP_filtering__bowtie(readsAndReferences.reads, readsAndReferences.refs)
        assembled = step_2AS_denovo__spades(filtered)
    
    emit:
        
        assembled
        
        filtered
        
    
}

// --- ENTRYPOINT ---
workflow {
    module_filtered_denovo(getSingleInput(), getReference('fa'))
}","nextflow.enable.dsl=2

include { getSingleInput; optionalOrDefault; param } from '../functions/parameters.nf'
include { step_1PP_trimming__fastp } from '../steps/step_1PP_trimming__fastp'
include { step_2AS_denovo__spades } from '../steps/step_2AS_denovo__spades'
workflow {
    trimmed   = step_1PP_trimming__fastp(getSingleInput()).trimmed
    assembled = step_2AS_denovo__spades(trimmed).assembled
}
"
"MOD_R05_replace_asm_spades_to_unicycler_lis","2","replace","(generated)","MOD_R05_replace_asm_spades_to_unicycler_lis_t2","modification","Replace spades with unicycler.","Y","Y","none","","6","6","Y","","","","step_1PP_trimming__fastp, step_2AS_denovo__unicycler","step_2AS_denovo__unicycler, step_1PP_trimming__fastp","step_1PP_trimming__fastp, step_2AS_denovo__unicycler","772","39","2","1","130.1","I can replace SPAdes with Unicycler (`step_2AS_denovo__unicycler`) for hybrid assembly. This will use the `module_enterotoxin_saureus_finder` template (`module_enterotoxin_saureus_finder`).","nextflow.enable.dsl=2

// --- IMPORTS ---

include { step_1PP_trimming__fastp } from '../steps/step_1PP_trimming__fastp'

include { step_2AS_denovo__unicycler } from '../steps/step_2AS_denovo__unicycler'

include { getSingleInput } from '../functions/parameters.nf'

// --- GLOBALS ---

// --- INLINE PROCESSES ---

// --- SUB WORKFLOWS ---

workflow module_enterotoxin_saureus_finder {
    
    take:
        
        trimmed
        
    
    main:
        assembly = step_2AS_denovo__unicycler(trimmed)
        assembled = assembly.assembled
    
    emit:
        
        assembled
        
    
}

// --- ENTRYPOINT ---
workflow {
    trimmed = step_1PP_trimming__fastp(getSingleInput()).trimmed
    assembled = module_enterotoxin_saureus_finder(trimmed).assembled
}","nextflow.enable.dsl=2

include { getSingleInput; optionalOrDefault; param } from '../functions/parameters.nf'
include { step_1PP_trimming__fastp } from '../steps/step_1PP_trimming__fastp'
include { step_2AS_denovo__unicycler } from '../steps/step_2AS_denovo__unicycler'
workflow {
    trimmed   = step_1PP_trimming__fastp(getSingleInput()).trimmed
    assembled = step_2AS_denovo__unicycler(trimmed).assembled
}
"
"MOD_R06_replace_asm_spades_to_unicycler_sal","1","replace","(generated)","MOD_R06_replace_asm_spades_to_unicycler_sal_t1","modification","Trim + assemble Salmonella enterica from paired Illumina FASTQ using fastp + spades.","N","N","partial_dag","Only 5/6 expected processes appeared in the DAG","5","6","N","step_1PP_hostdepl__bowtie","step_1PP_trimming__fastp","","step_1PP_hostdepl__bowtie, step_2AS_denovo__spades","step_1PP_hostdepl__bowtie, step_2AS_denovo__spades","step_1PP_trimming__fastp, step_2AS_denovo__spades","1206","57","2","2","12.5","I will build a pipeline using fastp for trimming and SPAdes for assembly. This will use the module_denovo template.","nextflow.enable.dsl=2

// --- IMPORTS ---

include { getHost; getSingleInput } from '../functions/parameters.nf'

include { step_2AS_denovo__spades } from '../steps/step_2AS_denovo__spades'

include { step_1PP_hostdepl__bowtie } from '../steps/step_1PP_hostdepl__bowtie'

include { extractKey } from '../functions/common.nf'

// --- GLOBALS ---

// --- INLINE PROCESSES ---

// --- SUB WORKFLOWS ---

workflow module_denovo {
    
    take:
        
        trimmedReads
        
        host
        
    
    main:
        trimmedReads.cross(host) { extractKey(it) }
            .map { [ it[0][0], it[0][1], it[1][1] ] } //riscd, reads, host
            .branch {
                with_host: it[1][1]
                without_host: true
            }
        .set { branchedTrimmed }

        depleted = step_1PP_hostdepl__bowtie(branchedTrimmed.with_host)

        branchedTrimmed.without_host
            .mix(depleted)
            .map { it[0,1] }
            .set{ denovoInput }
        assembled = step_2AS_denovo__spades(denovoInput)
    
    emit:
        
        assembled
        
        depleted
        
    
}

// --- ENTRYPOINT ---
workflow {
    module_denovo(getSingleInput(), getHost())
}","nextflow.enable.dsl=2

include { getSingleInput; optionalOrDefault; param } from '../functions/parameters.nf'
include { step_1PP_trimming__fastp } from '../steps/step_1PP_trimming__fastp'
include { step_2AS_denovo__spades } from '../steps/step_2AS_denovo__spades'
workflow {
    trimmed   = step_1PP_trimming__fastp(getSingleInput()).trimmed
    assembled = step_2AS_denovo__spades(trimmed).assembled
}
"
"MOD_R06_replace_asm_spades_to_unicycler_sal","2","replace","(generated)","MOD_R06_replace_asm_spades_to_unicycler_sal_t2","modification","Replace spades with unicycler.","Y","Y","none","","6","6","Y","","","","step_1PP_trimming__fastp, step_2AS_denovo__unicycler","step_1PP_trimming__fastp, step_2AS_denovo__unicycler","step_1PP_trimming__fastp, step_2AS_denovo__unicycler","502","21","2","2","6.5","I can replace SPAdes with Unicycler. This will use the module_enterotoxin_saureus_finder template. Does that sound good?","nextflow.enable.dsl=2

// --- IMPORTS ---

include { step_1PP_trimming__fastp } from '../steps/step_1PP_trimming__fastp'

include { step_2AS_denovo__unicycler } from '../steps/step_2AS_denovo__unicycler'

include { getSingleInput } from '../functions/parameters.nf'

// --- GLOBALS ---

// --- INLINE PROCESSES ---

// --- SUB WORKFLOWS ---

// --- ENTRYPOINT ---
workflow {
    trimmed = step_1PP_trimming__fastp(getSingleInput()).trimmed
    assembly = step_2AS_denovo__unicycler(trimmed).assembled
}","nextflow.enable.dsl=2

include { getSingleInput; optionalOrDefault; param } from '../functions/parameters.nf'
include { step_1PP_trimming__fastp } from '../steps/step_1PP_trimming__fastp'
include { step_2AS_denovo__unicycler } from '../steps/step_2AS_denovo__unicycler'
workflow {
    trimmed   = step_1PP_trimming__fastp(getSingleInput()).trimmed
    assembled = step_2AS_denovo__unicycler(trimmed).assembled
}
"
"MOD_R07_replace_asm_spades_to_unicycler_cam","1","replace","(generated)","MOD_R07_replace_asm_spades_to_unicycler_cam_t1","modification","Trim + assemble Campylobacter jejuni from paired Illumina FASTQ using fastp + spades.","Y","Y","none","","6","6","Y","","","","step_1PP_trimming__fastp, step_2AS_denovo__spades","step_1PP_trimming__fastp, step_2AS_denovo__spades","step_1PP_trimming__fastp, step_2AS_denovo__spades","472","21","2","2","8.0","I will build a pipeline with fastp for trimming and SPAdes for de novo assembly. I'll use the exact steps you specified.","nextflow.enable.dsl=2

// --- IMPORTS ---

include { step_1PP_trimming__fastp } from '../steps/step_1PP_trimming__fastp'

include { getSingleInput } from '../functions/parameters.nf'

include { step_2AS_denovo__spades } from '../steps/step_2AS_denovo__spades'

// --- GLOBALS ---

// --- INLINE PROCESSES ---

// --- SUB WORKFLOWS ---

// --- ENTRYPOINT ---
workflow {
    trimmed = step_1PP_trimming__fastp(getSingleInput()).trimmed
    step_2AS_denovo__spades(trimmed)
}","nextflow.enable.dsl=2

include { getSingleInput; optionalOrDefault; param } from '../functions/parameters.nf'
include { step_1PP_trimming__fastp } from '../steps/step_1PP_trimming__fastp'
include { step_2AS_denovo__spades } from '../steps/step_2AS_denovo__spades'
workflow {
    trimmed   = step_1PP_trimming__fastp(getSingleInput()).trimmed
    assembled = step_2AS_denovo__spades(trimmed).assembled
}
"
"MOD_R07_replace_asm_spades_to_unicycler_cam","2","replace","(generated)","MOD_R07_replace_asm_spades_to_unicycler_cam_t2","modification","Replace spades with unicycler.","Y","Y","none","","6","6","Y","","","","step_1PP_trimming__fastp, step_2AS_denovo__unicycler","step_1PP_trimming__fastp, step_2AS_denovo__unicycler","step_1PP_trimming__fastp, step_2AS_denovo__unicycler","728","41","2","1","5.1","I can replace SPAdes with Unicycler for de novo assembly. This will use the following steps:

1. Trimming with fastp (`step_1PP_trimming__fastp`)
2. De novo assembly with Unicycler (`step_2AS_denovo__unicycler`)","nextflow.enable.dsl=2

// --- IMPORTS ---

include { step_1PP_trimming__fastp } from '../steps/step_1PP_trimming__fastp'

include { step_2AS_denovo__unicycler } from '../steps/step_2AS_denovo__unicycler'

include { getSingleInput } from '../functions/parameters.nf'

// --- GLOBALS ---

// --- INLINE PROCESSES ---

// --- SUB WORKFLOWS ---

workflow wf_trim_and_assemble {
    
    take:
        
        rawreads
        
    
    main:
        trimmed = step_1PP_trimming__fastp(rawreads).trimmed

        assembled = step_2AS_denovo__unicycler(trimmed).assembled
    
    emit:
        
        trimmed
        
        assembled
        
    
}

// --- ENTRYPOINT ---
workflow {
    wf_trim_and_assemble(getSingleInput())
}","nextflow.enable.dsl=2

include { getSingleInput; optionalOrDefault; param } from '../functions/parameters.nf'
include { step_1PP_trimming__fastp } from '../steps/step_1PP_trimming__fastp'
include { step_2AS_denovo__unicycler } from '../steps/step_2AS_denovo__unicycler'
workflow {
    trimmed   = step_1PP_trimming__fastp(getSingleInput()).trimmed
    assembled = step_2AS_denovo__unicycler(trimmed).assembled
}
"
"MOD_R08_replace_asm_shovill_to_spades_lis","1","replace","(generated)","MOD_R08_replace_asm_shovill_to_spades_lis_t1","modification","Trim + assemble Listeria monocytogenes from paired Illumina FASTQ using fastp + shovill.","Y","Y","none","","6","6","Y","","","","step_1PP_trimming__fastp, step_2AS_denovo__shovill","step_1PP_trimming__fastp, step_2AS_denovo__shovill","step_1PP_trimming__fastp, step_2AS_denovo__shovill","495","21","2","2","7.8","I'm ready to proceed with building the pipeline for trimming and assembling Listeria monocytogenes from paired Illumina FASTQ files using fastp and shovill.","nextflow.enable.dsl=2

// --- IMPORTS ---

include { step_1PP_trimming__fastp } from '../steps/step_1PP_trimming__fastp'

include { step_2AS_denovo__shovill } from '../steps/step_2AS_denovo__shovill'

include { getSingleInput } from '../functions/parameters.nf'

// --- GLOBALS ---

// --- INLINE PROCESSES ---

// --- SUB WORKFLOWS ---

// --- ENTRYPOINT ---
workflow {
    trimmed = step_1PP_trimming__fastp(getSingleInput()).trimmed
    assembly = step_2AS_denovo__shovill(trimmed).assembly
}","nextflow.enable.dsl=2

include { getSingleInput; optionalOrDefault; param } from '../functions/parameters.nf'
include { step_1PP_trimming__fastp } from '../steps/step_1PP_trimming__fastp'
include { step_2AS_denovo__shovill } from '../steps/step_2AS_denovo__shovill'
workflow {
    trimmed   = step_1PP_trimming__fastp(getSingleInput()).trimmed
    assembled = step_2AS_denovo__shovill(trimmed).assembly
}
"
"MOD_R08_replace_asm_shovill_to_spades_lis","2","replace","(generated)","MOD_R08_replace_asm_shovill_to_spades_lis_t2","modification","Replace shovill with spades.","Y","Y","none","","6","6","Y","","","","step_1PP_trimming__fastp, step_2AS_denovo__spades","step_2AS_denovo__spades, step_1PP_trimming__fastp","step_1PP_trimming__fastp, step_2AS_denovo__spades","713","39","2","2","13.5","I can help you build a pipeline for trimming and assembling Listeria monocytogenes from paired Illumina FASTQ files using fastp and spades. Here's the plan:

1. Use fastp for trimming the reads.
2. Use spades for assembling the trimmed reads.

Does this plan look good to you?","nextflow.enable.dsl=2

// --- IMPORTS ---

include { step_1PP_trimming__fastp } from '../steps/step_1PP_trimming__fastp'

include { getSingleInput } from '../functions/parameters.nf'

include { step_2AS_denovo__spades } from '../steps/step_2AS_denovo__spades'

// --- GLOBALS ---

// --- INLINE PROCESSES ---

// --- SUB WORKFLOWS ---

workflow module_denovo {
    
    take:
        
        trimmedReads
        
    
    main:
        trimmedReads.set { denovoInput }
        assembled = step_2AS_denovo__spades(denovoInput)
    
    emit:
        
        assembled
        
    
}

// --- ENTRYPOINT ---
workflow {
    trimmed = step_1PP_trimming__fastp(getSingleInput()).trimmed
    module_denovo(trimmed)
}","nextflow.enable.dsl=2

include { getSingleInput; optionalOrDefault; param } from '../functions/parameters.nf'
include { step_1PP_trimming__fastp } from '../steps/step_1PP_trimming__fastp'
include { step_2AS_denovo__spades } from '../steps/step_2AS_denovo__spades'
workflow {
    trimmed   = step_1PP_trimming__fastp(getSingleInput()).trimmed
    assembled = step_2AS_denovo__spades(trimmed).assembled
}
"
"MOD_R09_replace_asm_shovill_to_spades_eco","1","replace","(generated)","MOD_R09_replace_asm_shovill_to_spades_eco_t1","modification","Trim + assemble Escherichia coli from paired Illumina FASTQ using fastp + shovill.","Y","Y","none","","6","6","Y","","","","step_1PP_trimming__fastp, step_2AS_denovo__shovill","step_1PP_trimming__fastp, step_2AS_denovo__shovill","step_1PP_trimming__fastp, step_2AS_denovo__shovill","495","21","2","2","7.1","I can build a pipeline for trimming and assembling Escherichia coli from paired Illumina FASTQ using fastp and shovill. Does that sound good?","nextflow.enable.dsl=2

// --- IMPORTS ---

include { step_1PP_trimming__fastp } from '../steps/step_1PP_trimming__fastp'

include { step_2AS_denovo__shovill } from '../steps/step_2AS_denovo__shovill'

include { getSingleInput } from '../functions/parameters.nf'

// --- GLOBALS ---

// --- INLINE PROCESSES ---

// --- SUB WORKFLOWS ---

// --- ENTRYPOINT ---
workflow {
    trimmed = step_1PP_trimming__fastp(getSingleInput()).trimmed
    assembly = step_2AS_denovo__shovill(trimmed).assembly
}","nextflow.enable.dsl=2

include { getSingleInput; optionalOrDefault; param } from '../functions/parameters.nf'
include { step_1PP_trimming__fastp } from '../steps/step_1PP_trimming__fastp'
include { step_2AS_denovo__shovill } from '../steps/step_2AS_denovo__shovill'
workflow {
    trimmed   = step_1PP_trimming__fastp(getSingleInput()).trimmed
    assembled = step_2AS_denovo__shovill(trimmed).assembly
}
"
"MOD_R09_replace_asm_shovill_to_spades_eco","2","replace","(generated)","MOD_R09_replace_asm_shovill_to_spades_eco_t2","modification","Replace shovill with spades.","Y","Y","none","","6","6","Y","","","","step_1PP_trimming__fastp, step_2AS_denovo__spades","step_1PP_trimming__fastp, step_2AS_denovo__spades","step_1PP_trimming__fastp, step_2AS_denovo__spades","694","39","2","1","10.1","I can build a pipeline for trimming and assembling Escherichia coli from paired Illumina FASTQ using fastp and spades. Does that sound good?","nextflow.enable.dsl=2

// --- IMPORTS ---

include { step_1PP_trimming__fastp } from '../steps/step_1PP_trimming__fastp'

include { getSingleInput } from '../functions/parameters.nf'

include { step_2AS_denovo__spades } from '../steps/step_2AS_denovo__spades'

// --- GLOBALS ---

// --- INLINE PROCESSES ---

// --- SUB WORKFLOWS ---

workflow wf_trim_and_assemble {
    
    take:
        
        rawreads
        
    
    main:
        trimmed = step_1PP_trimming__fastp(rawreads).trimmed

        assembled = step_2AS_denovo__spades(trimmed).assembled
    
    emit:
        
        assembled
        
    
}

// --- ENTRYPOINT ---
workflow {
    wf_trim_and_assemble(getSingleInput())
}","nextflow.enable.dsl=2

include { getSingleInput; optionalOrDefault; param } from '../functions/parameters.nf'
include { step_1PP_trimming__fastp } from '../steps/step_1PP_trimming__fastp'
include { step_2AS_denovo__spades } from '../steps/step_2AS_denovo__spades'
workflow {
    trimmed   = step_1PP_trimming__fastp(getSingleInput()).trimmed
    assembled = step_2AS_denovo__spades(trimmed).assembled
}
"
"MOD_R10_replace_asm_shovill_to_unicycler_lis","1","replace","(generated)","MOD_R10_replace_asm_shovill_to_unicycler_lis_t1","modification","Trim + assemble Listeria monocytogenes from paired Illumina FASTQ using fastp + shovill.","Y","Y","none","","6","6","N","step_2AS_denovo__spades","step_2AS_denovo__shovill","","step_1PP_trimming__fastp, step_2AS_denovo__spades","step_1PP_trimming__fastp, step_2AS_denovo__spades","step_1PP_trimming__fastp, step_2AS_denovo__shovill","495","22","2","2","9.1","I'm glad you're ready to proceed! I'll now create a detailed plan for your pipeline.","nextflow.enable.dsl=2

// --- IMPORTS ---

include { step_1PP_trimming__fastp } from '../steps/step_1PP_trimming__fastp'

include { getSingleInput } from '../functions/parameters.nf'

include { step_2AS_denovo__spades } from '../steps/step_2AS_denovo__spades'

// --- GLOBALS ---

// --- INLINE PROCESSES ---

// --- SUB WORKFLOWS ---

// --- ENTRYPOINT ---
workflow {
    trimmed = step_1PP_trimming__fastp(getSingleInput()).trimmed

    assembled = step_2AS_denovo__spades(trimmed).assembled
}","nextflow.enable.dsl=2

include { getSingleInput; optionalOrDefault; param } from '../functions/parameters.nf'
include { step_1PP_trimming__fastp } from '../steps/step_1PP_trimming__fastp'
include { step_2AS_denovo__shovill } from '../steps/step_2AS_denovo__shovill'
workflow {
    trimmed   = step_1PP_trimming__fastp(getSingleInput()).trimmed
    assembled = step_2AS_denovo__shovill(trimmed).assembly
}
"
"MOD_R10_replace_asm_shovill_to_unicycler_lis","2","replace","(generated)","MOD_R10_replace_asm_shovill_to_unicycler_lis_t2","modification","Replace shovill with unicycler.","Y","Y","none","","6","6","Y","","","","step_1PP_trimming__fastp, step_2AS_denovo__unicycler","step_1PP_trimming__fastp, step_2AS_denovo__unicycler","step_1PP_trimming__fastp, step_2AS_denovo__unicycler","681","39","2","1","4.3","I'm glad you're ready to proceed! I'll now create a detailed plan for your pipeline.","nextflow.enable.dsl=2

// --- IMPORTS ---

include { step_1PP_trimming__fastp } from '../steps/step_1PP_trimming__fastp'

include { step_2AS_denovo__unicycler } from '../steps/step_2AS_denovo__unicycler'

include { getSingleInput } from '../functions/parameters.nf'

// --- GLOBALS ---

// --- INLINE PROCESSES ---

// --- SUB WORKFLOWS ---

workflow wf_denovo {
    
    take:
        
        rawreads
        
    
    main:
        trimmed = step_1PP_trimming__fastp(rawreads).trimmed

        assembled = step_2AS_denovo__unicycler(trimmed).assembled
    
    emit:
        
        assembled
        
    
}

// --- ENTRYPOINT ---
workflow {
    wf_denovo(getSingleInput())
}","nextflow.enable.dsl=2

include { getSingleInput; optionalOrDefault; param } from '../functions/parameters.nf'
include { step_1PP_trimming__fastp } from '../steps/step_1PP_trimming__fastp'
include { step_2AS_denovo__unicycler } from '../steps/step_2AS_denovo__unicycler'
workflow {
    trimmed   = step_1PP_trimming__fastp(getSingleInput()).trimmed
    assembled = step_2AS_denovo__unicycler(trimmed).assembled
}
"
"MOD_R11_replace_asm_unicycler_to_spades_sal","1","replace","(generated)","MOD_R11_replace_asm_unicycler_to_spades_sal_t1","modification","Trim + assemble Salmonella enterica from paired Illumina FASTQ using fastp + unicycler.","Y","Y","none","","6","6","Y","","","","step_1PP_trimming__fastp, step_2AS_denovo__unicycler","step_1PP_trimming__fastp, step_2AS_denovo__unicycler","step_1PP_trimming__fastp, step_2AS_denovo__unicycler","503","21","2","2","7.5","I will build a pipeline for trimming and assembling Salmonella enterica from paired Illumina FASTQ using fastp and unicycler.","nextflow.enable.dsl=2

// --- IMPORTS ---

include { step_1PP_trimming__fastp } from '../steps/step_1PP_trimming__fastp'

include { step_2AS_denovo__unicycler } from '../steps/step_2AS_denovo__unicycler'

include { getSingleInput } from '../functions/parameters.nf'

// --- GLOBALS ---

// --- INLINE PROCESSES ---

// --- SUB WORKFLOWS ---

// --- ENTRYPOINT ---
workflow {
    trimmed = step_1PP_trimming__fastp(getSingleInput()).trimmed
    assembled = step_2AS_denovo__unicycler(trimmed).assembled
}","nextflow.enable.dsl=2

include { getSingleInput; optionalOrDefault; param } from '../functions/parameters.nf'
include { step_1PP_trimming__fastp } from '../steps/step_1PP_trimming__fastp'
include { step_2AS_denovo__unicycler } from '../steps/step_2AS_denovo__unicycler'
workflow {
    trimmed   = step_1PP_trimming__fastp(getSingleInput()).trimmed
    assembled = step_2AS_denovo__unicycler(trimmed).assembled
}
"
"MOD_R11_replace_asm_unicycler_to_spades_sal","2","replace","(generated)","MOD_R11_replace_asm_unicycler_to_spades_sal_t2","modification","Replace unicycler with spades.","Y","Y","none","","6","6","Y","","","","step_1PP_trimming__fastp, step_2AS_denovo__spades","step_2AS_denovo__spades, step_1PP_trimming__fastp","step_1PP_trimming__fastp, step_2AS_denovo__spades","705","39","2","2","6.9","I will build a pipeline for trimming and assembling Salmonella enterica from paired Illumina FASTQ using fastp and spades.","nextflow.enable.dsl=2

// --- IMPORTS ---

include { step_1PP_trimming__fastp } from '../steps/step_1PP_trimming__fastp'

include { getSingleInput } from '../functions/parameters.nf'

include { step_2AS_denovo__spades } from '../steps/step_2AS_denovo__spades'

// --- GLOBALS ---

// --- INLINE PROCESSES ---

// --- SUB WORKFLOWS ---

workflow module_denovo {
    
    take:
        
        trimmedReads
        
    
    main:
        trimmedReads.set { denovoInput }
        assembled = step_2AS_denovo__spades(denovoInput)
    
    emit:
        
        assembled
        
    
}

// --- ENTRYPOINT ---
workflow {
    trimmed = step_1PP_trimming__fastp(getSingleInput())
    module_denovo(trimmed)
}","nextflow.enable.dsl=2

include { getSingleInput; optionalOrDefault; param } from '../functions/parameters.nf'
include { step_1PP_trimming__fastp } from '../steps/step_1PP_trimming__fastp'
include { step_2AS_denovo__spades } from '../steps/step_2AS_denovo__spades'
workflow {
    trimmed   = step_1PP_trimming__fastp(getSingleInput()).trimmed
    assembled = step_2AS_denovo__spades(trimmed).assembled
}
"
"MOD_R12_replace_asm_unicycler_to_shovill_eco","1","replace","(generated)","MOD_R12_replace_asm_unicycler_to_shovill_eco_t1","modification","Trim + assemble Escherichia coli from paired Illumina FASTQ using fastp + unicycler.","Y","Y","none","","6","6","Y","","","","step_1PP_trimming__fastp, step_2AS_denovo__unicycler","step_1PP_trimming__fastp, step_2AS_denovo__unicycler","step_1PP_trimming__fastp, step_2AS_denovo__unicycler","503","21","2","2","6.7","I will build a pipeline for trimming and assembling Escherichia coli from paired Illumina FASTQ using fastp and unicycler.","nextflow.enable.dsl=2

// --- IMPORTS ---

include { step_1PP_trimming__fastp } from '../steps/step_1PP_trimming__fastp'

include { step_2AS_denovo__unicycler } from '../steps/step_2AS_denovo__unicycler'

include { getSingleInput } from '../functions/parameters.nf'

// --- GLOBALS ---

// --- INLINE PROCESSES ---

// --- SUB WORKFLOWS ---

// --- ENTRYPOINT ---
workflow {
    trimmed = step_1PP_trimming__fastp(getSingleInput()).trimmed
    assembled = step_2AS_denovo__unicycler(trimmed).assembled
}","nextflow.enable.dsl=2

include { getSingleInput; optionalOrDefault; param } from '../functions/parameters.nf'
include { step_1PP_trimming__fastp } from '../steps/step_1PP_trimming__fastp'
include { step_2AS_denovo__unicycler } from '../steps/step_2AS_denovo__unicycler'
workflow {
    trimmed   = step_1PP_trimming__fastp(getSingleInput()).trimmed
    assembled = step_2AS_denovo__unicycler(trimmed).assembled
}
"
"MOD_R12_replace_asm_unicycler_to_shovill_eco","2","replace","(generated)","MOD_R12_replace_asm_unicycler_to_shovill_eco_t2","modification","Replace unicycler with shovill.","Y","Y","none","","6","6","Y","","","","step_1PP_trimming__fastp, step_2AS_denovo__shovill","step_1PP_trimming__fastp, step_2AS_denovo__shovill","step_1PP_trimming__fastp, step_2AS_denovo__shovill","694","39","2","1","4.2","I will build a pipeline for trimming and assembling Escherichia coli from paired Illumina FASTQ using fastp and shovill.","nextflow.enable.dsl=2

// --- IMPORTS ---

include { step_1PP_trimming__fastp } from '../steps/step_1PP_trimming__fastp'

include { step_2AS_denovo__shovill } from '../steps/step_2AS_denovo__shovill'

include { getSingleInput } from '../functions/parameters.nf'

// --- GLOBALS ---

// --- INLINE PROCESSES ---

// --- SUB WORKFLOWS ---

workflow wf_trim_and_assemble {
    
    take:
        
        rawreads
        
    
    main:
        trimmed = step_1PP_trimming__fastp(rawreads).trimmed

        assembly = step_2AS_denovo__shovill(trimmed).assembly
    
    emit:
        
        assembly
        
    
}

// --- ENTRYPOINT ---
workflow {
    wf_trim_and_assemble(getSingleInput())
}","nextflow.enable.dsl=2

include { getSingleInput; optionalOrDefault; param } from '../functions/parameters.nf'
include { step_1PP_trimming__fastp } from '../steps/step_1PP_trimming__fastp'
include { step_2AS_denovo__shovill } from '../steps/step_2AS_denovo__shovill'
workflow {
    trimmed   = step_1PP_trimming__fastp(getSingleInput()).trimmed
    assembled = step_2AS_denovo__shovill(trimmed).assembly
}
"
"MOD_RT01_replace_trim_fastp_to_trimmomatic_lis","1","replace","(generated)","MOD_RT01_replace_trim_fastp_to_trimmomatic_lis_t1","modification","Trim + assemble Listeria monocytogenes from paired Illumina FASTQ using fastp + SPAdes.","Y","Y","none","","6","6","Y","","","","step_1PP_trimming__fastp, step_2AS_denovo__spades","step_1PP_trimming__fastp, step_2AS_denovo__spades","step_1PP_trimming__fastp, step_2AS_denovo__spades","494","21","2","2","7.0","Great! I'll create a pipeline with fastp for trimming and SPAdes for assembly.","nextflow.enable.dsl=2

// --- IMPORTS ---

include { step_1PP_trimming__fastp } from '../steps/step_1PP_trimming__fastp'

include { getSingleInput } from '../functions/parameters.nf'

include { step_2AS_denovo__spades } from '../steps/step_2AS_denovo__spades'

// --- GLOBALS ---

// --- INLINE PROCESSES ---

// --- SUB WORKFLOWS ---

// --- ENTRYPOINT ---
workflow {
    trimmed = step_1PP_trimming__fastp(getSingleInput()).trimmed
    assembled = step_2AS_denovo__spades(trimmed).assembled
}","nextflow.enable.dsl=2

include { getSingleInput; optionalOrDefault; param } from '../functions/parameters.nf'
include { step_1PP_trimming__fastp } from '../steps/step_1PP_trimming__fastp'
include { step_2AS_denovo__spades } from '../steps/step_2AS_denovo__spades'
workflow {
    trimmed   = step_1PP_trimming__fastp(getSingleInput()).trimmed
    assembled = step_2AS_denovo__spades(trimmed).assembled
}
"
"MOD_RT01_replace_trim_fastp_to_trimmomatic_lis","2","replace","(generated)","MOD_RT01_replace_trim_fastp_to_trimmomatic_lis_t2","modification","Replace fastp with trimmomatic.","Y","Y","none","","6","6","Y","","","","step_1PP_trimming__trimmomatic, step_2AS_denovo__spades","step_1PP_trimming__trimmomatic, step_2AS_denovo__spades","step_1PP_trimming__trimmomatic, step_2AS_denovo__spades","512","21","2","2","5.9","I can build a pipeline with trimmomatic for trimming and SPAdes for assembly. I'll use the following components: step_1PP_trimming__trimmomatic and step_2AS_denovo__spades.","nextflow.enable.dsl=2

// --- IMPORTS ---

include { getSingleInput } from '../functions/parameters.nf'

include { step_2AS_denovo__spades } from '../steps/step_2AS_denovo__spades'

include { step_1PP_trimming__trimmomatic } from '../steps/step_1PP_trimming__trimmomatic'

// --- GLOBALS ---

// --- INLINE PROCESSES ---

// --- SUB WORKFLOWS ---

// --- ENTRYPOINT ---
workflow {
    trimmed = step_1PP_trimming__trimmomatic(getSingleInput()).trimmed
    assembled = step_2AS_denovo__spades(trimmed).assembled
}","nextflow.enable.dsl=2

include { getSingleInput; optionalOrDefault; param } from '../functions/parameters.nf'
include { step_1PP_trimming__trimmomatic } from '../steps/step_1PP_trimming__trimmomatic'
include { step_2AS_denovo__spades } from '../steps/step_2AS_denovo__spades'
workflow {
    trimmed   = step_1PP_trimming__trimmomatic(getSingleInput()).trimmed
    assembled = step_2AS_denovo__spades(trimmed).assembled
}
"
"MOD_RT02_replace_trim_fastp_to_trimmomatic_eco","1","replace","(generated)","MOD_RT02_replace_trim_fastp_to_trimmomatic_eco_t1","modification","Trim + assemble Escherichia coli from paired Illumina FASTQ using fastp + SPAdes.","Y","Y","none","","6","6","Y","","","","step_1PP_trimming__fastp, step_2AS_denovo__spades","step_1PP_trimming__fastp, step_2AS_denovo__spades","step_1PP_trimming__fastp, step_2AS_denovo__spades","495","22","2","2","9.2","Great! I will now proceed with building the pipeline using fastp for trimming and SPAdes for assembly.","nextflow.enable.dsl=2

// --- IMPORTS ---

include { step_1PP_trimming__fastp } from '../steps/step_1PP_trimming__fastp'

include { getSingleInput } from '../functions/parameters.nf'

include { step_2AS_denovo__spades } from '../steps/step_2AS_denovo__spades'

// --- GLOBALS ---

// --- INLINE PROCESSES ---

// --- SUB WORKFLOWS ---

// --- ENTRYPOINT ---
workflow {
    trimmed = step_1PP_trimming__fastp(getSingleInput()).trimmed

    assembled = step_2AS_denovo__spades(trimmed).assembled
}","nextflow.enable.dsl=2

include { getSingleInput; optionalOrDefault; param } from '../functions/parameters.nf'
include { step_1PP_trimming__fastp } from '../steps/step_1PP_trimming__fastp'
include { step_2AS_denovo__spades } from '../steps/step_2AS_denovo__spades'
workflow {
    trimmed   = step_1PP_trimming__fastp(getSingleInput()).trimmed
    assembled = step_2AS_denovo__spades(trimmed).assembled
}
"
"MOD_RT02_replace_trim_fastp_to_trimmomatic_eco","2","replace","(generated)","MOD_RT02_replace_trim_fastp_to_trimmomatic_eco_t2","modification","Replace fastp with trimmomatic.","Y","Y","none","","6","6","Y","","","","step_1PP_trimming__trimmomatic, step_2AS_denovo__spades","step_2AS_denovo__spades, step_1PP_trimming__trimmomatic","step_1PP_trimming__trimmomatic, step_2AS_denovo__spades","723","39","2","2","8.3","I will now proceed with building the pipeline using trimmomatic for trimming and SPAdes for assembly.","nextflow.enable.dsl=2

// --- IMPORTS ---

include { getSingleInput } from '../functions/parameters.nf'

include { step_2AS_denovo__spades } from '../steps/step_2AS_denovo__spades'

include { step_1PP_trimming__trimmomatic } from '../steps/step_1PP_trimming__trimmomatic'

// --- GLOBALS ---

// --- INLINE PROCESSES ---

// --- SUB WORKFLOWS ---

workflow module_denovo {
    
    take:
        
        trimmedReads
        
    
    main:
        trimmedReads.set { denovoInput }
        assembled = step_2AS_denovo__spades(denovoInput)
    
    emit:
        
        assembled
        
    
}

// --- ENTRYPOINT ---
workflow {
    trimmed = step_1PP_trimming__trimmomatic(getSingleInput())
    module_denovo(trimmed)
}","nextflow.enable.dsl=2

include { getSingleInput; optionalOrDefault; param } from '../functions/parameters.nf'
include { step_1PP_trimming__trimmomatic } from '../steps/step_1PP_trimming__trimmomatic'
include { step_2AS_denovo__spades } from '../steps/step_2AS_denovo__spades'
workflow {
    trimmed   = step_1PP_trimming__trimmomatic(getSingleInput()).trimmed
    assembled = step_2AS_denovo__spades(trimmed).assembled
}
"
"MOD_RT03_replace_trim_fastp_to_trimmomatic_sal","1","replace","(generated)","MOD_RT03_replace_trim_fastp_to_trimmomatic_sal_t1","modification","Trim + assemble Salmonella enterica from paired Illumina FASTQ using fastp + SPAdes.","Y","Y","none","","6","6","Y","","","","step_1PP_trimming__fastp, step_2AS_denovo__spades","step_1PP_trimming__fastp, step_2AS_denovo__spades","step_1PP_trimming__fastp, step_2AS_denovo__spades","495","22","2","2","10.2","I'm ready to build your pipeline. I'll use fastp for trimming and SPAdes for assembly. Let's proceed with the plan.","nextflow.enable.dsl=2

// --- IMPORTS ---

include { step_1PP_trimming__fastp } from '../steps/step_1PP_trimming__fastp'

include { getSingleInput } from '../functions/parameters.nf'

include { step_2AS_denovo__spades } from '../steps/step_2AS_denovo__spades'

// --- GLOBALS ---

// --- INLINE PROCESSES ---

// --- SUB WORKFLOWS ---

// --- ENTRYPOINT ---
workflow {
    trimmed = step_1PP_trimming__fastp(getSingleInput()).trimmed

    assembled = step_2AS_denovo__spades(trimmed).assembled
}","nextflow.enable.dsl=2

include { getSingleInput; optionalOrDefault; param } from '../functions/parameters.nf'
include { step_1PP_trimming__fastp } from '../steps/step_1PP_trimming__fastp'
include { step_2AS_denovo__spades } from '../steps/step_2AS_denovo__spades'
workflow {
    trimmed   = step_1PP_trimming__fastp(getSingleInput()).trimmed
    assembled = step_2AS_denovo__spades(trimmed).assembled
}
"
"MOD_RT03_replace_trim_fastp_to_trimmomatic_sal","2","replace","(generated)","MOD_RT03_replace_trim_fastp_to_trimmomatic_sal_t2","modification","Replace fastp with trimmomatic.","Y","Y","none","","6","6","Y","","","","step_1PP_trimming__trimmomatic, step_2AS_denovo__spades","step_1PP_trimming__trimmomatic, step_2AS_denovo__spades","step_1PP_trimming__trimmomatic, step_2AS_denovo__spades","711","38","2","2","6.0","I'm ready to build your pipeline. I'll use trimmomatic for trimming and SPAdes for assembly. Let's proceed with the plan.","nextflow.enable.dsl=2

// --- IMPORTS ---

include { getSingleInput } from '../functions/parameters.nf'

include { step_2AS_denovo__spades } from '../steps/step_2AS_denovo__spades'

include { step_1PP_trimming__trimmomatic } from '../steps/step_1PP_trimming__trimmomatic'

// --- GLOBALS ---

// --- INLINE PROCESSES ---

// --- SUB WORKFLOWS ---

workflow wf_trim_and_assemble {
    
    take:
        
        rawreads
        
    
    main:
        trimmed = step_1PP_trimming__trimmomatic(rawreads).trimmed
        assembled = step_2AS_denovo__spades(trimmed).assembled
    
    emit:
        
        assembled
        
    
}

// --- ENTRYPOINT ---
workflow {
    wf_trim_and_assemble(getSingleInput())
}","nextflow.enable.dsl=2

include { getSingleInput; optionalOrDefault; param } from '../functions/parameters.nf'
include { step_1PP_trimming__trimmomatic } from '../steps/step_1PP_trimming__trimmomatic'
include { step_2AS_denovo__spades } from '../steps/step_2AS_denovo__spades'
workflow {
    trimmed   = step_1PP_trimming__trimmomatic(getSingleInput()).trimmed
    assembled = step_2AS_denovo__spades(trimmed).assembled
}
"
"MOD_RT04_replace_trim_fastp_to_trimmomatic_cam","1","replace","(generated)","MOD_RT04_replace_trim_fastp_to_trimmomatic_cam_t1","modification","Trim + assemble Campylobacter jejuni from paired Illumina FASTQ using fastp + SPAdes.","Y","Y","none","","6","6","Y","","","","step_1PP_trimming__fastp, step_2AS_denovo__spades","step_1PP_trimming__fastp, step_2AS_denovo__spades","step_1PP_trimming__fastp, step_2AS_denovo__spades","495","22","2","2","11.5","I'll build a pipeline using fastp for trimming and SPAdes for de novo assembly. I'll use the exact components you specified.","nextflow.enable.dsl=2

// --- IMPORTS ---

include { step_1PP_trimming__fastp } from '../steps/step_1PP_trimming__fastp'

include { getSingleInput } from '../functions/parameters.nf'

include { step_2AS_denovo__spades } from '../steps/step_2AS_denovo__spades'

// --- GLOBALS ---

// --- INLINE PROCESSES ---

// --- SUB WORKFLOWS ---

// --- ENTRYPOINT ---
workflow {
    trimmed = step_1PP_trimming__fastp(getSingleInput()).trimmed

    assembled = step_2AS_denovo__spades(trimmed).assembled
}","nextflow.enable.dsl=2

include { getSingleInput; optionalOrDefault; param } from '../functions/parameters.nf'
include { step_1PP_trimming__fastp } from '../steps/step_1PP_trimming__fastp'
include { step_2AS_denovo__spades } from '../steps/step_2AS_denovo__spades'
workflow {
    trimmed   = step_1PP_trimming__fastp(getSingleInput()).trimmed
    assembled = step_2AS_denovo__spades(trimmed).assembled
}
"
"MOD_RT04_replace_trim_fastp_to_trimmomatic_cam","2","replace","(generated)","MOD_RT04_replace_trim_fastp_to_trimmomatic_cam_t2","modification","Replace fastp with trimmomatic.","Y","Y","none","","6","6","Y","","","","step_1PP_trimming__trimmomatic, step_2AS_denovo__spades","step_2AS_denovo__spades, step_1PP_trimming__trimmomatic","step_1PP_trimming__trimmomatic, step_2AS_denovo__spades","735","39","2","2","10.6","I'll build a pipeline using trimmomatic for trimming and SPAdes for de novo assembly. I'll use the exact components you specified.","nextflow.enable.dsl=2

// --- IMPORTS ---

include { getSingleInput } from '../functions/parameters.nf'

include { step_2AS_denovo__spades } from '../steps/step_2AS_denovo__spades'

include { step_1PP_trimming__trimmomatic } from '../steps/step_1PP_trimming__trimmomatic'

// --- GLOBALS ---

// --- INLINE PROCESSES ---

// --- SUB WORKFLOWS ---

workflow module_denovo {
    
    take:
        
        trimmedReads
        
    
    main:
        trimmedReads.set { denovoInput }
        assembled = step_2AS_denovo__spades(denovoInput)
    
    emit:
        
        assembled
        
    
}

// --- ENTRYPOINT ---
workflow {
    trimmed = step_1PP_trimming__trimmomatic(getSingleInput())
    assembled = module_denovo(trimmed)
}","nextflow.enable.dsl=2

include { getSingleInput; optionalOrDefault; param } from '../functions/parameters.nf'
include { step_1PP_trimming__trimmomatic } from '../steps/step_1PP_trimming__trimmomatic'
include { step_2AS_denovo__spades } from '../steps/step_2AS_denovo__spades'
workflow {
    trimmed   = step_1PP_trimming__trimmomatic(getSingleInput()).trimmed
    assembled = step_2AS_denovo__spades(trimmed).assembled
}
"
"MOD_RT05_replace_trim_trimmomatic_to_fastp_lis","1","replace","(generated)","MOD_RT05_replace_trim_trimmomatic_to_fastp_lis_t1","modification","Trim + assemble Listeria monocytogenes from paired Illumina FASTQ using trimmomatic + SPAdes.","Y","Y","none","","6","6","Y","","","","step_1PP_trimming__trimmomatic, step_2AS_denovo__spades","step_1PP_trimming__trimmomatic, step_2AS_denovo__spades","step_1PP_trimming__trimmomatic, step_2AS_denovo__spades","512","21","2","2","18.7","I will build a pipeline for trimming and assembling Listeria monocytogenes from paired Illumina FASTQ using Trimmomatic and SPAdes.","nextflow.enable.dsl=2

// --- IMPORTS ---

include { getSingleInput } from '../functions/parameters.nf'

include { step_2AS_denovo__spades } from '../steps/step_2AS_denovo__spades'

include { step_1PP_trimming__trimmomatic } from '../steps/step_1PP_trimming__trimmomatic'

// --- GLOBALS ---

// --- INLINE PROCESSES ---

// --- SUB WORKFLOWS ---

// --- ENTRYPOINT ---
workflow {
    trimmed = step_1PP_trimming__trimmomatic(getSingleInput()).trimmed
    assembled = step_2AS_denovo__spades(trimmed).assembled
}","nextflow.enable.dsl=2

include { getSingleInput; optionalOrDefault; param } from '../functions/parameters.nf'
include { step_1PP_trimming__trimmomatic } from '../steps/step_1PP_trimming__trimmomatic'
include { step_2AS_denovo__spades } from '../steps/step_2AS_denovo__spades'
workflow {
    trimmed   = step_1PP_trimming__trimmomatic(getSingleInput()).trimmed
    assembled = step_2AS_denovo__spades(trimmed).assembled
}
"
"MOD_RT05_replace_trim_trimmomatic_to_fastp_lis","2","replace","(generated)","MOD_RT05_replace_trim_trimmomatic_to_fastp_lis_t2","modification","Replace trimmomatic with fastp.","Y","Y","none","","6","6","Y","","","","step_1PP_trimming__fastp, step_2AS_denovo__spades","step_1PP_trimming__fastp, step_2AS_denovo__spades","step_1PP_trimming__fastp, step_2AS_denovo__spades","760","41","2","2","6.5","I can build a pipeline for trimming and assembling Listeria monocytogenes from paired Illumina FASTQ using Fastp and SPAdes. This will use the following steps:

1. Trimming with Fastp (`step_1PP_trimming__fastp`)
2. De novo assembly with SPAdes (`step_2AS_denovo__spades`)","nextflow.enable.dsl=2

// --- IMPORTS ---

include { step_1PP_trimming__fastp } from '../steps/step_1PP_trimming__fastp'

include { getSingleInput } from '../functions/parameters.nf'

include { step_2AS_denovo__spades } from '../steps/step_2AS_denovo__spades'

// --- GLOBALS ---

// --- INLINE PROCESSES ---

// --- SUB WORKFLOWS ---

workflow wf_trim_and_assemble {
    
    take:
        
        rawreads
        
    
    main:
        trimmed = step_1PP_trimming__fastp(rawreads).trimmed

        trimmed.map { [ it[0], it[1] ] }.set { denovoInput }

        assembled = step_2AS_denovo__spades(denovoInput).assembled
    
    emit:
        
        assembled
        
    
}

// --- ENTRYPOINT ---
workflow {
    wf_trim_and_assemble(getSingleInput())
}","nextflow.enable.dsl=2

include { getSingleInput; optionalOrDefault; param } from '../functions/parameters.nf'
include { step_1PP_trimming__fastp } from '../steps/step_1PP_trimming__fastp'
include { step_2AS_denovo__spades } from '../steps/step_2AS_denovo__spades'
workflow {
    trimmed   = step_1PP_trimming__fastp(getSingleInput()).trimmed
    assembled = step_2AS_denovo__spades(trimmed).assembled
}
"
"MOD_RT06_replace_trim_trimmomatic_to_fastp_sal","1","replace","(generated)","MOD_RT06_replace_trim_trimmomatic_to_fastp_sal_t1","modification","Trim + assemble Salmonella enterica from paired Illumina FASTQ using trimmomatic + SPAdes.","Y","N","silent_no_op","No process placeholders appeared. when: clause filtered everything?","0","6","N","step_1PP_filtering__bowtie","step_1PP_trimming__trimmomatic","","step_1PP_filtering__bowtie, step_2AS_denovo__spades","step_1PP_filtering__bowtie, step_2AS_denovo__spades","step_1PP_trimming__trimmomatic, step_2AS_denovo__spades","1021","49","2","2","10.0","I'm ready to build your pipeline. I'll use the module_filtered_denovo template with Trimmomatic for trimming and SPAdes for assembly.","nextflow.enable.dsl=2

// --- IMPORTS ---

include { step_2AS_denovo__spades } from '../steps/step_2AS_denovo__spades'

include { getReference; getSingleInput } from '../functions/parameters.nf'

include { step_1PP_filtering__bowtie } from '../steps/step_1PP_filtering__bowtie'

include { extractKey } from '../functions/common.nf'

// --- GLOBALS ---

// --- INLINE PROCESSES ---

// --- SUB WORKFLOWS ---

workflow module_filtered_denovo {
    
    take:
        
        reads
        
        reference
        
    
    main:
        reads.cross(reference) { extractKey(it) }.multiMap {
            reads: it[0]
            refs:  it[1][1..3]
        }.set { readsAndReferences }

        filtered = step_1PP_filtering__bowtie(readsAndReferences.reads, readsAndReferences.refs)
        assembled = step_2AS_denovo__spades(filtered)
    
    emit:
        
        assembled
        
        filtered
        
    
}

// --- ENTRYPOINT ---
workflow {
    module_filtered_denovo(getSingleInput(), getReference('fa'))
}","nextflow.enable.dsl=2

include { getSingleInput; optionalOrDefault; param } from '../functions/parameters.nf'
include { step_1PP_trimming__trimmomatic } from '../steps/step_1PP_trimming__trimmomatic'
include { step_2AS_denovo__spades } from '../steps/step_2AS_denovo__spades'
workflow {
    trimmed   = step_1PP_trimming__trimmomatic(getSingleInput()).trimmed
    assembled = step_2AS_denovo__spades(trimmed).assembled
}
"
"MOD_RT06_replace_trim_trimmomatic_to_fastp_sal","2","replace","(generated)","MOD_RT06_replace_trim_trimmomatic_to_fastp_sal_t2","modification","Replace trimmomatic with fastp.","Y","Y","none","","6","6","Y","","","","step_1PP_trimming__fastp, step_2AS_denovo__spades","step_1PP_trimming__fastp, step_2AS_denovo__spades","step_1PP_trimming__fastp, step_2AS_denovo__spades","495","22","2","2","18.2","I'll build your pipeline with Fastp for trimming and SPAdes for assembly. I'll use the module_filtered_denovo template.","nextflow.enable.dsl=2

// --- IMPORTS ---

include { step_1PP_trimming__fastp } from '../steps/step_1PP_trimming__fastp'

include { getSingleInput } from '../functions/parameters.nf'

include { step_2AS_denovo__spades } from '../steps/step_2AS_denovo__spades'

// --- GLOBALS ---

// --- INLINE PROCESSES ---

// --- SUB WORKFLOWS ---

// --- ENTRYPOINT ---
workflow {
    trimmed = step_1PP_trimming__fastp(getSingleInput()).trimmed

    assembled = step_2AS_denovo__spades(trimmed).assembled
}","nextflow.enable.dsl=2

include { getSingleInput; optionalOrDefault; param } from '../functions/parameters.nf'
include { step_1PP_trimming__fastp } from '../steps/step_1PP_trimming__fastp'
include { step_2AS_denovo__spades } from '../steps/step_2AS_denovo__spades'
workflow {
    trimmed   = step_1PP_trimming__fastp(getSingleInput()).trimmed
    assembled = step_2AS_denovo__spades(trimmed).assembled
}
"
"MOD_RTY01_replace_typing_mlst_to_chewbbaca_lis","1","replace","(generated)","MOD_RTY01_replace_typing_mlst_to_chewbbaca_lis_t1","modification","mlst on Listeria monocytogenes from paired Illumina FASTQ (fastp + SPAdes + mlst).","Y","Y","none","","7","7","Y","","","","step_1PP_trimming__fastp, step_2AS_denovo__spades, step_4TY_MLST__mlst","step_1PP_trimming__fastp, step_2AS_denovo__spades, step_4TY_MLST__mlst","step_1PP_trimming__fastp, step_2AS_denovo__spades, step_4TY_MLST__mlst","746","36","3","2","10.9","I'm glad you're satisfied with the plan! I'll now proceed with the exact steps we discussed. The pipeline will include trimming with fastp, de novo assembly with SPAdes, and MLST typing. I'll use the following components: fastp for trimming, SPAdes for assembly, and MLST for typing. The data channel","nextflow.enable.dsl=2

// --- IMPORTS ---

include { step_1PP_trimming__fastp } from '../steps/step_1PP_trimming__fastp'

include { step_2AS_denovo__spades } from '../steps/step_2AS_denovo__spades'

include { getSingleInput } from '../functions/parameters.nf'

include { step_4TY_MLST__mlst } from '../steps/step_4TY_MLST__mlst'

// --- GLOBALS ---

// --- INLINE PROCESSES ---

// --- SUB WORKFLOWS ---

workflow module_surveillance {
    
    take:
        
        rawreads
        
    
    main:
        trimmed = step_1PP_trimming__fastp(rawreads).trimmed
        assembly = step_2AS_denovo__spades(trimmed).assembled
        step_4TY_MLST__mlst(assembly)
    
}

// --- ENTRYPOINT ---
workflow {
    module_surveillance(getSingleInput())
}","nextflow.enable.dsl=2

include { getSingleInput; optionalOrDefault; param } from '../functions/parameters.nf'
include { step_1PP_trimming__fastp } from '../steps/step_1PP_trimming__fastp'
include { step_2AS_denovo__spades } from '../steps/step_2AS_denovo__spades'
include { step_4TY_MLST__mlst } from '../steps/step_4TY_MLST__mlst'
workflow {
    trimmed   = step_1PP_trimming__fastp(getSingleInput()).trimmed
    assembled = step_2AS_denovo__spades(trimmed).assembled
    step_4TY_MLST__mlst(assembled)
}
"
"MOD_RTY01_replace_typing_mlst_to_chewbbaca_lis","2","replace","(generated)","MOD_RTY01_replace_typing_mlst_to_chewbbaca_lis_t2","modification","Switch the downstream step from mlst to chewbbaca.","Y","N","file_not_found","WARN: file not found: '/mnt/data/cohesive_bench/scratch/llm_full_multi_turn/_shared_inputdir/2026/2026.LIS.216.1.1/0SQ_rawreads/DS99999-DT260224_import/result/*.fastq*'","6","9","Y","","","","step_1PP_trimming__fastp, step_2AS_denovo__spades, step_4TY_cgMLST__chewbbaca","step_1PP_trimming__fastp, step_2AS_denovo__spades, step_4TY_cgMLST__chewbbaca","step_1PP_trimming__fastp, step_2AS_denovo__spades, step_4TY_cgMLST__chewbbaca","816","38","3","2","15.4","I can switch the downstream step from MLST to cgMLST using chewbbaca. This will involve changing the typing step to use chewbbaca instead of MLST. The assembled contigs from SPAdes will be used as input for cgMLST typing with chewbbaca.","nextflow.enable.dsl=2

// --- IMPORTS ---

include { step_1PP_trimming__fastp } from '../steps/step_1PP_trimming__fastp'

include { step_4TY_cgMLST__chewbbaca } from '../steps/step_4TY_cgMLST__chewbbaca'

include { getSingleInput } from '../functions/parameters.nf'

include { step_2AS_denovo__spades } from '../steps/step_2AS_denovo__spades'

// --- GLOBALS ---

// --- INLINE PROCESSES ---

// --- SUB WORKFLOWS ---

workflow wf_trim_assemble_cgmlst {
    
    take:
        
        rawreads
        
    
    main:
        trimmed = step_1PP_trimming__fastp(rawreads).trimmed

        assembled = step_2AS_denovo__spades(trimmed).assembled

        step_4TY_cgMLST__chewbbaca(assembled, params.genus_species, params.schema)
    
}

// --- ENTRYPOINT ---
workflow {
    wf_trim_assemble_cgmlst(getSingleInput())
}","nextflow.enable.dsl=2

include { getSingleInput; optionalOrDefault; param } from '../functions/parameters.nf'
include { step_1PP_trimming__fastp } from '../steps/step_1PP_trimming__fastp'
include { step_2AS_denovo__spades } from '../steps/step_2AS_denovo__spades'
include { step_4TY_cgMLST__chewbbaca } from '../steps/step_4TY_cgMLST__chewbbaca'
workflow {
    trimmed   = step_1PP_trimming__fastp(getSingleInput()).trimmed
    assembled = step_2AS_denovo__spades(trimmed).assembled
    step_4TY_cgMLST__chewbbaca(assembled, param('genus_species'), optionalOrDefault('schema', ''))
}
"
"MOD_RTY02_replace_typing_mlst_to_chewbbaca_sal","1","replace","(generated)","MOD_RTY02_replace_typing_mlst_to_chewbbaca_sal_t1","modification","mlst on Salmonella enterica from paired Illumina FASTQ (fastp + SPAdes + mlst).","Y","Y","none","","7","7","Y","","","","step_1PP_trimming__fastp, step_2AS_denovo__spades, step_4TY_MLST__mlst","step_1PP_trimming__fastp, step_2AS_denovo__spades, step_4TY_MLST__mlst","step_1PP_trimming__fastp, step_2AS_denovo__spades, step_4TY_MLST__mlst","600","26","3","2","9.1","I will build a pipeline with the following steps:

1. Trimming with fastp
2. De novo assembly with SPAdes
3. MLST typing with mlst

I will use the following components:

- step_1PP_trimming__fastp
- step_2AS_denovo__spades
- step_4TY_MLST__mlst","nextflow.enable.dsl=2

// --- IMPORTS ---

include { step_4TY_MLST__mlst } from '../steps/step_4TY_MLST__mlst'

include { step_1PP_trimming__fastp } from '../steps/step_1PP_trimming__fastp'

include { getSingleInput } from '../functions/parameters.nf'

include { step_2AS_denovo__spades } from '../steps/step_2AS_denovo__spades'

// --- GLOBALS ---

// --- INLINE PROCESSES ---

// --- SUB WORKFLOWS ---

// --- ENTRYPOINT ---
workflow {
    trimmed = step_1PP_trimming__fastp(getSingleInput()).trimmed

    assembled = step_2AS_denovo__spades(trimmed).assembled

    step_4TY_MLST__mlst(assembled)
}","nextflow.enable.dsl=2

include { getSingleInput; optionalOrDefault; param } from '../functions/parameters.nf'
include { step_1PP_trimming__fastp } from '../steps/step_1PP_trimming__fastp'
include { step_2AS_denovo__spades } from '../steps/step_2AS_denovo__spades'
include { step_4TY_MLST__mlst } from '../steps/step_4TY_MLST__mlst'
workflow {
    trimmed   = step_1PP_trimming__fastp(getSingleInput()).trimmed
    assembled = step_2AS_denovo__spades(trimmed).assembled
    step_4TY_MLST__mlst(assembled)
}
"
"MOD_RTY02_replace_typing_mlst_to_chewbbaca_sal","2","replace","(generated)","MOD_RTY02_replace_typing_mlst_to_chewbbaca_sal_t2","modification","Switch the downstream step from mlst to chewbbaca.","Y","N","file_not_found","WARN: file not found: '/mnt/data/cohesive_bench/scratch/llm_full_multi_turn/_shared_inputdir/2026/2026.SAL.214.1.1/0SQ_rawreads/DS99999-DT260224_import/result/*.fastq*'","6","9","Y","","","","step_1PP_trimming__fastp, step_2AS_denovo__spades, step_4TY_cgMLST__chewbbaca","step_1PP_trimming__fastp, step_2AS_denovo__spades, step_4TY_cgMLST__chewbbaca","step_1PP_trimming__fastp, step_2AS_denovo__spades, step_4TY_cgMLST__chewbbaca","658","26","3","2","9.4","I can build a pipeline for you using the following steps:

1. Trimming with fastp
2. De novo assembly with SPAdes
3. cgMLST typing with chewbbaca

I will use the following components:

- step_1PP_trimming__fastp
- step_2AS_denovo__spades
- step_4TY_cgMLST__chewbbaca","nextflow.enable.dsl=2

// --- IMPORTS ---

include { step_1PP_trimming__fastp } from '../steps/step_1PP_trimming__fastp'

include { step_4TY_cgMLST__chewbbaca } from '../steps/step_4TY_cgMLST__chewbbaca'

include { getSingleInput } from '../functions/parameters.nf'

include { step_2AS_denovo__spades } from '../steps/step_2AS_denovo__spades'

// --- GLOBALS ---

// --- INLINE PROCESSES ---

// --- SUB WORKFLOWS ---

// --- ENTRYPOINT ---
workflow {
    trimmed = step_1PP_trimming__fastp(getSingleInput()).trimmed

    assembled = step_2AS_denovo__spades(trimmed).assembled

    step_4TY_cgMLST__chewbbaca(assembled, params.genus_species, params.schema)
}","nextflow.enable.dsl=2

include { getSingleInput; optionalOrDefault; param } from '../functions/parameters.nf'
include { step_1PP_trimming__fastp } from '../steps/step_1PP_trimming__fastp'
include { step_2AS_denovo__spades } from '../steps/step_2AS_denovo__spades'
include { step_4TY_cgMLST__chewbbaca } from '../steps/step_4TY_cgMLST__chewbbaca'
workflow {
    trimmed   = step_1PP_trimming__fastp(getSingleInput()).trimmed
    assembled = step_2AS_denovo__spades(trimmed).assembled
    step_4TY_cgMLST__chewbbaca(assembled, param('genus_species'), optionalOrDefault('schema', ''))
}
"
"MOD_RTY03_replace_typing_mlst_to_abricate_lis","1","replace","(generated)","MOD_RTY03_replace_typing_mlst_to_abricate_lis_t1","modification","mlst on Listeria monocytogenes from paired Illumina FASTQ (fastp + SPAdes + mlst).","Y","Y","none","","7","7","Y","","","","step_1PP_trimming__fastp, step_2AS_denovo__spades, step_4TY_MLST__mlst","step_1PP_trimming__fastp, step_2AS_denovo__spades, step_4TY_MLST__mlst","step_1PP_trimming__fastp, step_2AS_denovo__spades, step_4TY_MLST__mlst","600","26","3","2","8.2","I can build a pipeline for MLST on Listeria monocytogenes using paired Illumina FASTQ data. The pipeline will include trimming with fastp, de novo assembly with SPAdes, and MLST typing. Does that sound good?","nextflow.enable.dsl=2

// --- IMPORTS ---

include { step_4TY_MLST__mlst } from '../steps/step_4TY_MLST__mlst'

include { step_1PP_trimming__fastp } from '../steps/step_1PP_trimming__fastp'

include { getSingleInput } from '../functions/parameters.nf'

include { step_2AS_denovo__spades } from '../steps/step_2AS_denovo__spades'

// --- GLOBALS ---

// --- INLINE PROCESSES ---

// --- SUB WORKFLOWS ---

// --- ENTRYPOINT ---
workflow {
    trimmed = step_1PP_trimming__fastp(getSingleInput()).trimmed

    assembled = step_2AS_denovo__spades(trimmed).assembled

    step_4TY_MLST__mlst(assembled)
}","nextflow.enable.dsl=2

include { getSingleInput; optionalOrDefault; param } from '../functions/parameters.nf'
include { step_1PP_trimming__fastp } from '../steps/step_1PP_trimming__fastp'
include { step_2AS_denovo__spades } from '../steps/step_2AS_denovo__spades'
include { step_4TY_MLST__mlst } from '../steps/step_4TY_MLST__mlst'
workflow {
    trimmed   = step_1PP_trimming__fastp(getSingleInput()).trimmed
    assembled = step_2AS_denovo__spades(trimmed).assembled
    step_4TY_MLST__mlst(assembled)
}
"
"MOD_RTY03_replace_typing_mlst_to_abricate_lis","2","replace","(generated)","MOD_RTY03_replace_typing_mlst_to_abricate_lis_t2","modification","Switch the downstream step from mlst to abricate.","Y","Y","none","","7","7","Y","","","","step_1PP_trimming__fastp, step_2AS_denovo__spades, step_4AN_AMR__abricate","step_1PP_trimming__fastp, step_2AS_denovo__spades, step_4AN_AMR__abricate","step_1PP_trimming__fastp, step_2AS_denovo__spades, step_4AN_AMR__abricate","609","26","3","1","6.2","I can build a pipeline for MLST on Listeria monocytogenes using paired Illumina FASTQ data. The pipeline will include trimming with fastp, de novo assembly with SPAdes, and MLST typing. Does that sound good?","nextflow.enable.dsl=2

// --- IMPORTS ---

include { step_4AN_AMR__abricate } from '../steps/step_4AN_AMR__abricate'

include { step_1PP_trimming__fastp } from '../steps/step_1PP_trimming__fastp'

include { getSingleInput } from '../functions/parameters.nf'

include { step_2AS_denovo__spades } from '../steps/step_2AS_denovo__spades'

// --- GLOBALS ---

// --- INLINE PROCESSES ---

// --- SUB WORKFLOWS ---

// --- ENTRYPOINT ---
workflow {
    trimmed = step_1PP_trimming__fastp(getSingleInput()).trimmed

    assembled = step_2AS_denovo__spades(trimmed).assembled

    step_4AN_AMR__abricate(assembled)
}","nextflow.enable.dsl=2

include { getSingleInput; optionalOrDefault; param } from '../functions/parameters.nf'
include { step_1PP_trimming__fastp } from '../steps/step_1PP_trimming__fastp'
include { step_2AS_denovo__spades } from '../steps/step_2AS_denovo__spades'
include { step_4AN_AMR__abricate } from '../steps/step_4AN_AMR__abricate'
workflow {
    trimmed   = step_1PP_trimming__fastp(getSingleInput()).trimmed
    assembled = step_2AS_denovo__spades(trimmed).assembled
    step_4AN_AMR__abricate(assembled)
}
"
"MOD_RTY04_replace_typing_mlst_to_abricate_sal","1","replace","(generated)","MOD_RTY04_replace_typing_mlst_to_abricate_sal_t1","modification","mlst on Salmonella enterica from paired Illumina FASTQ (fastp + SPAdes + mlst).","Y","Y","none","","7","7","Y","","","","step_1PP_trimming__fastp, step_2AS_denovo__spades, step_4TY_MLST__mlst","step_1PP_trimming__fastp, step_2AS_denovo__spades, step_4TY_MLST__mlst","step_1PP_trimming__fastp, step_2AS_denovo__spades, step_4TY_MLST__mlst","600","26","3","2","12.2","I will build a pipeline with fastp for trimming, SPAdes for assembly, and MLST for typing. I will use the following components: step_1PP_trimming__fastp, step_2AS_denovo__spades, and step_4TY_MLST__mlst.","nextflow.enable.dsl=2

// --- IMPORTS ---

include { step_4TY_MLST__mlst } from '../steps/step_4TY_MLST__mlst'

include { step_1PP_trimming__fastp } from '../steps/step_1PP_trimming__fastp'

include { getSingleInput } from '../functions/parameters.nf'

include { step_2AS_denovo__spades } from '../steps/step_2AS_denovo__spades'

// --- GLOBALS ---

// --- INLINE PROCESSES ---

// --- SUB WORKFLOWS ---

// --- ENTRYPOINT ---
workflow {
    trimmed = step_1PP_trimming__fastp(getSingleInput()).trimmed

    assembled = step_2AS_denovo__spades(trimmed).assembled

    step_4TY_MLST__mlst(assembled)
}","nextflow.enable.dsl=2

include { getSingleInput; optionalOrDefault; param } from '../functions/parameters.nf'
include { step_1PP_trimming__fastp } from '../steps/step_1PP_trimming__fastp'
include { step_2AS_denovo__spades } from '../steps/step_2AS_denovo__spades'
include { step_4TY_MLST__mlst } from '../steps/step_4TY_MLST__mlst'
workflow {
    trimmed   = step_1PP_trimming__fastp(getSingleInput()).trimmed
    assembled = step_2AS_denovo__spades(trimmed).assembled
    step_4TY_MLST__mlst(assembled)
}
"
"MOD_RTY04_replace_typing_mlst_to_abricate_sal","2","replace","(generated)","MOD_RTY04_replace_typing_mlst_to_abricate_sal_t2","modification","Switch the downstream step from mlst to abricate.","Y","Y","none","","7","7","Y","","","","step_1PP_trimming__fastp, step_2AS_denovo__spades, step_4AN_AMR__abricate","step_1PP_trimming__fastp, step_2AS_denovo__spades, step_4AN_AMR__abricate","step_1PP_trimming__fastp, step_2AS_denovo__spades, step_4AN_AMR__abricate","609","26","3","2","8.0","I will build a pipeline with fastp for trimming, SPAdes for assembly, and abricate for annotation & AMR. I will use the following components: step_1PP_trimming__fastp, step_2AS_denovo__spades, and step_4AN_AMR__abricate.","nextflow.enable.dsl=2

// --- IMPORTS ---

include { step_4AN_AMR__abricate } from '../steps/step_4AN_AMR__abricate'

include { step_1PP_trimming__fastp } from '../steps/step_1PP_trimming__fastp'

include { getSingleInput } from '../functions/parameters.nf'

include { step_2AS_denovo__spades } from '../steps/step_2AS_denovo__spades'

// --- GLOBALS ---

// --- INLINE PROCESSES ---

// --- SUB WORKFLOWS ---

// --- ENTRYPOINT ---
workflow {
    trimmed = step_1PP_trimming__fastp(getSingleInput()).trimmed

    assembled = step_2AS_denovo__spades(trimmed).assembled

    step_4AN_AMR__abricate(assembled)
}","nextflow.enable.dsl=2

include { getSingleInput; optionalOrDefault; param } from '../functions/parameters.nf'
include { step_1PP_trimming__fastp } from '../steps/step_1PP_trimming__fastp'
include { step_2AS_denovo__spades } from '../steps/step_2AS_denovo__spades'
include { step_4AN_AMR__abricate } from '../steps/step_4AN_AMR__abricate'
workflow {
    trimmed   = step_1PP_trimming__fastp(getSingleInput()).trimmed
    assembled = step_2AS_denovo__spades(trimmed).assembled
    step_4AN_AMR__abricate(assembled)
}
"
"MOD_RTY05_replace_typing_mlst_to_prokka_lis","1","replace","(generated)","MOD_RTY05_replace_typing_mlst_to_prokka_lis_t1","modification","mlst on Listeria monocytogenes from paired Illumina FASTQ (fastp + SPAdes + mlst).","Y","Y","none","","7","7","Y","","","","step_1PP_trimming__fastp, step_2AS_denovo__spades, step_4TY_MLST__mlst","step_1PP_trimming__fastp, step_2AS_denovo__spades, step_4TY_MLST__mlst","step_1PP_trimming__fastp, step_2AS_denovo__spades, step_4TY_MLST__mlst","600","26","3","2","7.2","I'm glad you're satisfied with the plan! I will now proceed with the creation of the pipeline.","nextflow.enable.dsl=2

// --- IMPORTS ---

include { step_4TY_MLST__mlst } from '../steps/step_4TY_MLST__mlst'

include { step_1PP_trimming__fastp } from '../steps/step_1PP_trimming__fastp'

include { getSingleInput } from '../functions/parameters.nf'

include { step_2AS_denovo__spades } from '../steps/step_2AS_denovo__spades'

// --- GLOBALS ---

// --- INLINE PROCESSES ---

// --- SUB WORKFLOWS ---

// --- ENTRYPOINT ---
workflow {
    trimmed = step_1PP_trimming__fastp(getSingleInput()).trimmed

    assembled = step_2AS_denovo__spades(trimmed).assembled

    step_4TY_MLST__mlst(assembled)
}","nextflow.enable.dsl=2

include { getSingleInput; optionalOrDefault; param } from '../functions/parameters.nf'
include { step_1PP_trimming__fastp } from '../steps/step_1PP_trimming__fastp'
include { step_2AS_denovo__spades } from '../steps/step_2AS_denovo__spades'
include { step_4TY_MLST__mlst } from '../steps/step_4TY_MLST__mlst'
workflow {
    trimmed   = step_1PP_trimming__fastp(getSingleInput()).trimmed
    assembled = step_2AS_denovo__spades(trimmed).assembled
    step_4TY_MLST__mlst(assembled)
}
"
"MOD_RTY05_replace_typing_mlst_to_prokka_lis","2","replace","(generated)","MOD_RTY05_replace_typing_mlst_to_prokka_lis_t2","modification","Switch the downstream step from mlst to prokka.","Y","Y","none","","7","7","Y","","","","step_1PP_trimming__fastp, step_2AS_denovo__spades, step_4AN_genes__prokka","step_1PP_trimming__fastp, step_2AS_denovo__spades, step_4AN_genes__prokka","step_1PP_trimming__fastp, step_2AS_denovo__spades, step_4AN_genes__prokka","882","40","3","2","20.5","Based on the available tools, I can create a pipeline for MLST on Listeria monocytogenes using paired Illumina FASTQ files. The pipeline will include the following steps: 1. Trimming with fastp, 2. De novo assembly with SPAdes, and 3. Prokka for annotation. Does this look good to you?","nextflow.enable.dsl=2

// --- IMPORTS ---

include { getEmpty } from '../functions/common.nf'

include { step_4AN_genes__prokka } from '../steps/step_4AN_genes__prokka'

include { step_2AS_denovo__spades } from '../steps/step_2AS_denovo__spades'

include { step_1PP_trimming__fastp } from '../steps/step_1PP_trimming__fastp'

include { getSingleInput } from '../functions/parameters.nf'

// --- GLOBALS ---

// --- INLINE PROCESSES ---

// --- SUB WORKFLOWS ---

workflow wf_trim_assemble_annotate {
    
    take:
        
        rawreads
        
    
    main:
        trimmed = step_1PP_trimming__fastp(rawreads).trimmed

        assembled = step_2AS_denovo__spades(trimmed).assembled

        step_4AN_genes__prokka(assembled.map { [ it[0], it[1], 'Bacteria', '-', '-', getEmpty() ] })
    
}

// --- ENTRYPOINT ---
workflow {
    wf_trim_assemble_annotate(getSingleInput())
}","nextflow.enable.dsl=2

include { getSingleInput; optionalOrDefault; param } from '../functions/parameters.nf'
include { step_1PP_trimming__fastp } from '../steps/step_1PP_trimming__fastp'
include { step_2AS_denovo__spades } from '../steps/step_2AS_denovo__spades'
include { step_4AN_genes__prokka } from '../steps/step_4AN_genes__prokka'
workflow {
    trimmed   = step_1PP_trimming__fastp(getSingleInput()).trimmed
    assembled = step_2AS_denovo__spades(trimmed).assembled
    step_4AN_genes__prokka(assembled)
}
"
"MOD_RTY06_replace_typing_mlst_to_prokka_eco","1","replace","(generated)","MOD_RTY06_replace_typing_mlst_to_prokka_eco_t1","modification","mlst on Escherichia coli from paired Illumina FASTQ (fastp + SPAdes + mlst).","Y","Y","none","","7","7","Y","","","","step_1PP_trimming__fastp, step_2AS_denovo__spades, step_4TY_MLST__mlst","step_1PP_trimming__fastp, step_2AS_denovo__spades, step_4TY_MLST__mlst","step_1PP_trimming__fastp, step_2AS_denovo__spades, step_4TY_MLST__mlst","598","26","3","2","10.2","I will create a pipeline for MLST on Escherichia coli using paired Illumina FASTQ files. The pipeline will include the following steps: 1. Trimming with fastp, 2. De novo assembly with SPAdes, and 3. MLST typing with MLST.","nextflow.enable.dsl=2

// --- IMPORTS ---

include { step_4TY_MLST__mlst } from '../steps/step_4TY_MLST__mlst'

include { step_1PP_trimming__fastp } from '../steps/step_1PP_trimming__fastp'

include { getSingleInput } from '../functions/parameters.nf'

include { step_2AS_denovo__spades } from '../steps/step_2AS_denovo__spades'

// --- GLOBALS ---

// --- INLINE PROCESSES ---

// --- SUB WORKFLOWS ---

// --- ENTRYPOINT ---
workflow {
    trimmed = step_1PP_trimming__fastp(getSingleInput()).trimmed

    assembly = step_2AS_denovo__spades(trimmed).assembled

    step_4TY_MLST__mlst(assembly)
}","nextflow.enable.dsl=2

include { getSingleInput; optionalOrDefault; param } from '../functions/parameters.nf'
include { step_1PP_trimming__fastp } from '../steps/step_1PP_trimming__fastp'
include { step_2AS_denovo__spades } from '../steps/step_2AS_denovo__spades'
include { step_4TY_MLST__mlst } from '../steps/step_4TY_MLST__mlst'
workflow {
    trimmed   = step_1PP_trimming__fastp(getSingleInput()).trimmed
    assembled = step_2AS_denovo__spades(trimmed).assembled
    step_4TY_MLST__mlst(assembled)
}
"
"MOD_RTY06_replace_typing_mlst_to_prokka_eco","2","replace","(generated)","MOD_RTY06_replace_typing_mlst_to_prokka_eco_t2","modification","Switch the downstream step from mlst to prokka.","Y","Y","none","","7","7","N","step_4TY_MLST__mlst","step_4AN_genes__prokka","","step_1PP_trimming__fastp, step_2AS_denovo__spades, step_4TY_MLST__mlst","step_1PP_trimming__fastp, step_2AS_denovo__spades, step_4TY_MLST__mlst","step_1PP_trimming__fastp, step_2AS_denovo__spades, step_4AN_genes__prokka","600","26","3","1","5.8","I will create a pipeline for MLST on Escherichia coli using paired Illumina FASTQ files. The pipeline will include the following steps: 1. Trimming with fastp, 2. De novo assembly with SPAdes, and 3. MLST typing with MLST.","nextflow.enable.dsl=2

// --- IMPORTS ---

include { step_4TY_MLST__mlst } from '../steps/step_4TY_MLST__mlst'

include { step_1PP_trimming__fastp } from '../steps/step_1PP_trimming__fastp'

include { getSingleInput } from '../functions/parameters.nf'

include { step_2AS_denovo__spades } from '../steps/step_2AS_denovo__spades'

// --- GLOBALS ---

// --- INLINE PROCESSES ---

// --- SUB WORKFLOWS ---

// --- ENTRYPOINT ---
workflow {
    trimmed = step_1PP_trimming__fastp(getSingleInput()).trimmed

    assembled = step_2AS_denovo__spades(trimmed).assembled

    step_4TY_MLST__mlst(assembled)
}","nextflow.enable.dsl=2

include { getSingleInput; optionalOrDefault; param } from '../functions/parameters.nf'
include { step_1PP_trimming__fastp } from '../steps/step_1PP_trimming__fastp'
include { step_2AS_denovo__spades } from '../steps/step_2AS_denovo__spades'
include { step_4AN_genes__prokka } from '../steps/step_4AN_genes__prokka'
workflow {
    trimmed   = step_1PP_trimming__fastp(getSingleInput()).trimmed
    assembled = step_2AS_denovo__spades(trimmed).assembled
    step_4AN_genes__prokka(assembled)
}
"
"MOD_RTY07_replace_typing_chewbbaca_to_prokka_lis","1","replace","(generated)","MOD_RTY07_replace_typing_chewbbaca_to_prokka_lis_t1","modification","chewbbaca on Listeria monocytogenes from paired Illumina FASTQ (fastp + SPAdes + chewbbaca).","Y","Y","none","","9","9","Y","","","","step_1PP_trimming__fastp, step_2AS_denovo__spades, step_4TY_cgMLST__chewbbaca","step_1PP_trimming__fastp, step_2AS_denovo__spades, step_4TY_cgMLST__chewbbaca","step_1PP_trimming__fastp, step_2AS_denovo__spades, step_4TY_cgMLST__chewbbaca","676","26","3","2","11.8","I'm glad you're satisfied with the plan! I will now proceed with the exact steps we discussed.","nextflow.enable.dsl=2

// --- IMPORTS ---

include { step_1PP_trimming__fastp } from '../steps/step_1PP_trimming__fastp'

include { step_4TY_cgMLST__chewbbaca } from '../steps/step_4TY_cgMLST__chewbbaca'

include { getSingleInput } from '../functions/parameters.nf'

include { step_2AS_denovo__spades } from '../steps/step_2AS_denovo__spades'

// --- GLOBALS ---

// --- INLINE PROCESSES ---

// --- SUB WORKFLOWS ---

// --- ENTRYPOINT ---
workflow {
    trimmed = step_1PP_trimming__fastp(getSingleInput()).trimmed

    assembled = step_2AS_denovo__spades(trimmed).assembled

    step_4TY_cgMLST__chewbbaca(assembled, 'listeria_monocytogenes', 'l_mono_chewie_1748_220623')
}","nextflow.enable.dsl=2

include { getSingleInput; optionalOrDefault; param } from '../functions/parameters.nf'
include { step_1PP_trimming__fastp } from '../steps/step_1PP_trimming__fastp'
include { step_2AS_denovo__spades } from '../steps/step_2AS_denovo__spades'
include { step_4TY_cgMLST__chewbbaca } from '../steps/step_4TY_cgMLST__chewbbaca'
workflow {
    trimmed   = step_1PP_trimming__fastp(getSingleInput()).trimmed
    assembled = step_2AS_denovo__spades(trimmed).assembled
    step_4TY_cgMLST__chewbbaca(assembled, param('genus_species'), optionalOrDefault('schema', ''))
}
"
"MOD_RTY07_replace_typing_chewbbaca_to_prokka_lis","2","replace","(generated)","MOD_RTY07_replace_typing_chewbbaca_to_prokka_lis_t2","modification","Switch the downstream step from chewbbaca to prokka.","Y","Y","none","","7","7","Y","","","","step_1PP_trimming__fastp, step_2AS_denovo__spades, step_4AN_genes__prokka","step_1PP_trimming__fastp, step_2AS_denovo__spades, step_4AN_genes__prokka","step_1PP_trimming__fastp, step_2AS_denovo__spades, step_4AN_genes__prokka","933","45","3","2","14.1","I will now proceed with the exact steps we discussed.","nextflow.enable.dsl=2

// --- IMPORTS ---

include { getEmpty } from '../functions/common.nf'

include { step_4AN_genes__prokka } from '../steps/step_4AN_genes__prokka'

include { step_2AS_denovo__spades } from '../steps/step_2AS_denovo__spades'

include { step_1PP_trimming__fastp } from '../steps/step_1PP_trimming__fastp'

include { getSingleInput } from '../functions/parameters.nf'

// --- GLOBALS ---

// --- INLINE PROCESSES ---

// --- SUB WORKFLOWS ---

workflow wf_trim_assemble_annotate {
    
    take:
        
        rawreads
        
    
    main:
        trimmed = step_1PP_trimming__fastp(rawreads).trimmed

        assembled = step_2AS_denovo__spades(trimmed).assembled

        step_4AN_genes__prokka(assembled.map { [ it[0], it[1], 'Bacteria', '-', '-', getEmpty() ] })
    
    emit:
        
        assembled
        
    
}

// --- ENTRYPOINT ---
workflow {
    wf_trim_assemble_annotate(getSingleInput())
}","nextflow.enable.dsl=2

include { getSingleInput; optionalOrDefault; param } from '../functions/parameters.nf'
include { step_1PP_trimming__fastp } from '../steps/step_1PP_trimming__fastp'
include { step_2AS_denovo__spades } from '../steps/step_2AS_denovo__spades'
include { step_4AN_genes__prokka } from '../steps/step_4AN_genes__prokka'
workflow {
    trimmed   = step_1PP_trimming__fastp(getSingleInput()).trimmed
    assembled = step_2AS_denovo__spades(trimmed).assembled
    step_4AN_genes__prokka(assembled)
}
"
"MOD_RTY08_replace_typing_chewbbaca_to_abricate_sal","1","replace","(generated)","MOD_RTY08_replace_typing_chewbbaca_to_abricate_sal_t1","modification","chewbbaca on Salmonella enterica from paired Illumina FASTQ (fastp + SPAdes + chewbbaca).","Y","Y","none","","9","9","Y","","","","step_1PP_trimming__fastp, step_2AS_denovo__spades, step_4TY_cgMLST__chewbbaca","step_1PP_trimming__fastp, step_2AS_denovo__spades, step_4TY_cgMLST__chewbbaca","step_1PP_trimming__fastp, step_2AS_denovo__spades, step_4TY_cgMLST__chewbbaca","677","26","3","2","10.5","Great! I will now approve the pipeline and provide the detailed plan for the Architect.","nextflow.enable.dsl=2

// --- IMPORTS ---

include { step_1PP_trimming__fastp } from '../steps/step_1PP_trimming__fastp'

include { step_4TY_cgMLST__chewbbaca } from '../steps/step_4TY_cgMLST__chewbbaca'

include { getSingleInput } from '../functions/parameters.nf'

include { step_2AS_denovo__spades } from '../steps/step_2AS_denovo__spades'

// --- GLOBALS ---

// --- INLINE PROCESSES ---

// --- SUB WORKFLOWS ---

// --- ENTRYPOINT ---
workflow {
    trimmed = step_1PP_trimming__fastp(getSingleInput()).trimmed

    assembled = step_2AS_denovo__spades(trimmed).assembled

    step_4TY_cgMLST__chewbbaca(assembled, 'salmonella_enterica', 's_enterica_chewie_3255_210531')
}","nextflow.enable.dsl=2

include { getSingleInput; optionalOrDefault; param } from '../functions/parameters.nf'
include { step_1PP_trimming__fastp } from '../steps/step_1PP_trimming__fastp'
include { step_2AS_denovo__spades } from '../steps/step_2AS_denovo__spades'
include { step_4TY_cgMLST__chewbbaca } from '../steps/step_4TY_cgMLST__chewbbaca'
workflow {
    trimmed   = step_1PP_trimming__fastp(getSingleInput()).trimmed
    assembled = step_2AS_denovo__spades(trimmed).assembled
    step_4TY_cgMLST__chewbbaca(assembled, param('genus_species'), optionalOrDefault('schema', ''))
}
"
"MOD_RTY08_replace_typing_chewbbaca_to_abricate_sal","2","replace","(generated)","MOD_RTY08_replace_typing_chewbbaca_to_abricate_sal_t2","modification","Switch the downstream step from chewbbaca to abricate.","Y","Y","none","","7","7","Y","","","","step_1PP_trimming__fastp, step_2AS_denovo__spades, step_4AN_AMR__abricate","step_1PP_trimming__fastp, step_2AS_denovo__spades, step_4AN_AMR__abricate","step_1PP_trimming__fastp, step_2AS_denovo__spades, step_4AN_AMR__abricate","609","26","3","2","7.8","I will now approve the pipeline and provide the detailed plan for the Architect.","nextflow.enable.dsl=2

// --- IMPORTS ---

include { step_4AN_AMR__abricate } from '../steps/step_4AN_AMR__abricate'

include { step_1PP_trimming__fastp } from '../steps/step_1PP_trimming__fastp'

include { getSingleInput } from '../functions/parameters.nf'

include { step_2AS_denovo__spades } from '../steps/step_2AS_denovo__spades'

// --- GLOBALS ---

// --- INLINE PROCESSES ---

// --- SUB WORKFLOWS ---

// --- ENTRYPOINT ---
workflow {
    trimmed = step_1PP_trimming__fastp(getSingleInput()).trimmed

    assembled = step_2AS_denovo__spades(trimmed).assembled

    step_4AN_AMR__abricate(assembled)
}","nextflow.enable.dsl=2

include { getSingleInput; optionalOrDefault; param } from '../functions/parameters.nf'
include { step_1PP_trimming__fastp } from '../steps/step_1PP_trimming__fastp'
include { step_2AS_denovo__spades } from '../steps/step_2AS_denovo__spades'
include { step_4AN_AMR__abricate } from '../steps/step_4AN_AMR__abricate'
workflow {
    trimmed   = step_1PP_trimming__fastp(getSingleInput()).trimmed
    assembled = step_2AS_denovo__spades(trimmed).assembled
    step_4AN_AMR__abricate(assembled)
}
"
"MOD_RTY09_replace_typing_abricate_to_prokka_eco","1","replace","(generated)","MOD_RTY09_replace_typing_abricate_to_prokka_eco_t1","modification","abricate on Escherichia coli from paired Illumina FASTQ (fastp + SPAdes + abricate).","Y","Y","none","","7","7","Y","","","","step_1PP_trimming__fastp, step_2AS_denovo__spades, step_4AN_AMR__abricate","step_1PP_trimming__fastp, step_2AS_denovo__spades, step_4AN_AMR__abricate","step_1PP_trimming__fastp, step_2AS_denovo__spades, step_4AN_AMR__abricate","609","26","3","2","7.2","I'm ready to build the pipeline. I'll use the exact components you suggested.","nextflow.enable.dsl=2

// --- IMPORTS ---

include { step_4AN_AMR__abricate } from '../steps/step_4AN_AMR__abricate'

include { step_1PP_trimming__fastp } from '../steps/step_1PP_trimming__fastp'

include { getSingleInput } from '../functions/parameters.nf'

include { step_2AS_denovo__spades } from '../steps/step_2AS_denovo__spades'

// --- GLOBALS ---

// --- INLINE PROCESSES ---

// --- SUB WORKFLOWS ---

// --- ENTRYPOINT ---
workflow {
    trimmed = step_1PP_trimming__fastp(getSingleInput()).trimmed

    assembled = step_2AS_denovo__spades(trimmed).assembled

    step_4AN_AMR__abricate(assembled)
}","nextflow.enable.dsl=2

include { getSingleInput; optionalOrDefault; param } from '../functions/parameters.nf'
include { step_1PP_trimming__fastp } from '../steps/step_1PP_trimming__fastp'
include { step_2AS_denovo__spades } from '../steps/step_2AS_denovo__spades'
include { step_4AN_AMR__abricate } from '../steps/step_4AN_AMR__abricate'
workflow {
    trimmed   = step_1PP_trimming__fastp(getSingleInput()).trimmed
    assembled = step_2AS_denovo__spades(trimmed).assembled
    step_4AN_AMR__abricate(assembled)
}
"
"MOD_RTY09_replace_typing_abricate_to_prokka_eco","2","replace","(generated)","MOD_RTY09_replace_typing_abricate_to_prokka_eco_t2","modification","Switch the downstream step from abricate to prokka.","Y","Y","none","","7","7","Y","","","","step_1PP_trimming__fastp, step_2AS_denovo__spades, step_4AN_genes__prokka","step_1PP_trimming__fastp, step_2AS_denovo__spades, step_4AN_genes__prokka","step_1PP_trimming__fastp, step_2AS_denovo__spades, step_4AN_genes__prokka","720","28","3","1","5.9","I can switch the downstream step from abricate to prokka. The pipeline will use the following components:

- step_1PP_trimming__fastp
- step_2AS_denovo__spades
- step_4AN_genes__prokka","nextflow.enable.dsl=2

// --- IMPORTS ---

include { step_1PP_trimming__fastp } from '../steps/step_1PP_trimming__fastp'

include { getEmpty } from '../functions/common.nf'

include { step_2AS_denovo__spades } from '../steps/step_2AS_denovo__spades'

include { step_4AN_genes__prokka } from '../steps/step_4AN_genes__prokka'

include { getSingleInput } from '../functions/parameters.nf'

// --- GLOBALS ---

// --- INLINE PROCESSES ---

// --- SUB WORKFLOWS ---

// --- ENTRYPOINT ---
workflow {
    trimmed = step_1PP_trimming__fastp(getSingleInput()).trimmed

    assembled = step_2AS_denovo__spades(trimmed).assembled

    step_4AN_genes__prokka(assembled.map { [ it[0], it[1], 'Bacteria', '-', '-', getEmpty() ] })
}","nextflow.enable.dsl=2

include { getSingleInput; optionalOrDefault; param } from '../functions/parameters.nf'
include { step_1PP_trimming__fastp } from '../steps/step_1PP_trimming__fastp'
include { step_2AS_denovo__spades } from '../steps/step_2AS_denovo__spades'
include { step_4AN_genes__prokka } from '../steps/step_4AN_genes__prokka'
workflow {
    trimmed   = step_1PP_trimming__fastp(getSingleInput()).trimmed
    assembled = step_2AS_denovo__spades(trimmed).assembled
    step_4AN_genes__prokka(assembled)
}
"
"MOD_RTY10_replace_typing_prokka_to_abricate_sal","1","replace","(generated)","MOD_RTY10_replace_typing_prokka_to_abricate_sal_t1","modification","prokka on Salmonella enterica from paired Illumina FASTQ (fastp + SPAdes + prokka).","Y","Y","none","","7","7","Y","","","","step_1PP_trimming__fastp, step_2AS_denovo__spades, step_4AN_genes__prokka","step_1PP_trimming__fastp, step_2AS_denovo__spades, step_4AN_genes__prokka","step_1PP_trimming__fastp, step_2AS_denovo__spades, step_4AN_genes__prokka","720","28","3","2","8.7","I'm glad you're satisfied with the plan. I will now proceed with the exact steps you suggested.","nextflow.enable.dsl=2

// --- IMPORTS ---

include { step_1PP_trimming__fastp } from '../steps/step_1PP_trimming__fastp'

include { getEmpty } from '../functions/common.nf'

include { step_2AS_denovo__spades } from '../steps/step_2AS_denovo__spades'

include { step_4AN_genes__prokka } from '../steps/step_4AN_genes__prokka'

include { getSingleInput } from '../functions/parameters.nf'

// --- GLOBALS ---

// --- INLINE PROCESSES ---

// --- SUB WORKFLOWS ---

// --- ENTRYPOINT ---
workflow {
    trimmed = step_1PP_trimming__fastp(getSingleInput()).trimmed

    assembled = step_2AS_denovo__spades(trimmed).assembled

    step_4AN_genes__prokka(assembled.map { [ it[0], it[1], 'Bacteria', '-', '-', getEmpty() ] })
}","nextflow.enable.dsl=2

include { getSingleInput; optionalOrDefault; param } from '../functions/parameters.nf'
include { step_1PP_trimming__fastp } from '../steps/step_1PP_trimming__fastp'
include { step_2AS_denovo__spades } from '../steps/step_2AS_denovo__spades'
include { step_4AN_genes__prokka } from '../steps/step_4AN_genes__prokka'
workflow {
    trimmed   = step_1PP_trimming__fastp(getSingleInput()).trimmed
    assembled = step_2AS_denovo__spades(trimmed).assembled
    step_4AN_genes__prokka(assembled)
}
"
"MOD_RTY10_replace_typing_prokka_to_abricate_sal","2","replace","(generated)","MOD_RTY10_replace_typing_prokka_to_abricate_sal_t2","modification","Switch the downstream step from prokka to abricate.","Y","Y","none","","7","7","Y","","","","step_1PP_trimming__fastp, step_2AS_denovo__spades, step_4AN_AMR__abricate","step_1PP_trimming__fastp, step_2AS_denovo__spades, step_4AN_AMR__abricate","step_1PP_trimming__fastp, step_2AS_denovo__spades, step_4AN_AMR__abricate","749","36","3","3","9.6","Based on your requirements, I suggest the following pipeline:

1. **Trimming**: Use `step_1PP_trimming__fastp` to trim the paired Illumina FASTQ files.
2. **Assembly**: Use `step_2AS_denovo__spades` to assemble the trimmed reads.
3. **Annotation**: Use `step_4AN_AMR__abricate` to annotate the assemb","nextflow.enable.dsl=2

// --- IMPORTS ---

include { step_1PP_trimming__fastp } from '../steps/step_1PP_trimming__fastp'

include { step_2AS_denovo__spades } from '../steps/step_2AS_denovo__spades'

include { getSingleInput } from '../functions/parameters.nf'

include { step_4AN_AMR__abricate } from '../steps/step_4AN_AMR__abricate'

// --- GLOBALS ---

// --- INLINE PROCESSES ---

// --- SUB WORKFLOWS ---

workflow module_surveillance {
    
    take:
        
        reads
        
    
    main:
        trimmed = step_1PP_trimming__fastp(reads).trimmed
        assembly = step_2AS_denovo__spades(trimmed).assembled
        step_4AN_AMR__abricate(assembly)
    
}

// --- ENTRYPOINT ---
workflow {
    module_surveillance(getSingleInput())
}","nextflow.enable.dsl=2

include { getSingleInput; optionalOrDefault; param } from '../functions/parameters.nf'
include { step_1PP_trimming__fastp } from '../steps/step_1PP_trimming__fastp'
include { step_2AS_denovo__spades } from '../steps/step_2AS_denovo__spades'
include { step_4AN_AMR__abricate } from '../steps/step_4AN_AMR__abricate'
workflow {
    trimmed   = step_1PP_trimming__fastp(getSingleInput()).trimmed
    assembled = step_2AS_denovo__spades(trimmed).assembled
    step_4AN_AMR__abricate(assembled)
}
"
"MOD_RTY11_replace_typing_flaA_to_mlst_cam","1","replace","(generated)","MOD_RTY11_replace_typing_flaA_to_mlst_cam_t1","modification","flaA on Campylobacter jejuni from paired Illumina FASTQ (fastp + SPAdes + flaA).","Y","Y","none","","7","7","Y","","","","step_1PP_trimming__fastp, step_2AS_denovo__spades, step_4TY_flaA__flaA","step_1PP_trimming__fastp, step_2AS_denovo__spades, step_4TY_flaA__flaA","step_1PP_trimming__fastp, step_2AS_denovo__spades, step_4TY_flaA__flaA","631","26","3","2","8.3","Great! I will now proceed with the pipeline you approved.","nextflow.enable.dsl=2

// --- IMPORTS ---

include { step_4TY_flaA__flaA } from '../steps/step_4TY_flaA__flaA'

include { step_1PP_trimming__fastp } from '../steps/step_1PP_trimming__fastp'

include { step_2AS_denovo__spades } from '../steps/step_2AS_denovo__spades'

include { getSingleInput; param } from '../functions/parameters.nf'

// --- GLOBALS ---

// --- INLINE PROCESSES ---

// --- SUB WORKFLOWS ---

// --- ENTRYPOINT ---
workflow {
    trimmed = step_1PP_trimming__fastp(getSingleInput()).trimmed

    assembled = step_2AS_denovo__spades(trimmed).assembled

    step_4TY_flaA__flaA(assembled, param('genus_species'))
}","nextflow.enable.dsl=2

include { getSingleInput; optionalOrDefault; param } from '../functions/parameters.nf'
include { step_1PP_trimming__fastp } from '../steps/step_1PP_trimming__fastp'
include { step_2AS_denovo__spades } from '../steps/step_2AS_denovo__spades'
include { step_4TY_flaA__flaA } from '../steps/step_4TY_flaA__flaA'
workflow {
    trimmed   = step_1PP_trimming__fastp(getSingleInput()).trimmed
    assembled = step_2AS_denovo__spades(trimmed).assembled
    step_4TY_flaA__flaA(assembled, param('genus_species'))
}
"
"MOD_RTY11_replace_typing_flaA_to_mlst_cam","2","replace","(generated)","MOD_RTY11_replace_typing_flaA_to_mlst_cam_t2","modification","Switch the downstream step from flaA to mlst.","Y","Y","none","","7","7","Y","","","","step_1PP_trimming__fastp, step_2AS_denovo__spades, step_4TY_MLST__mlst","step_1PP_trimming__fastp, step_2AS_denovo__spades, step_4TY_MLST__mlst","step_1PP_trimming__fastp, step_2AS_denovo__spades, step_4TY_MLST__mlst","600","26","3","3","9.4","Based on your requirements, I suggest the following pipeline:

1. **Trimming**: Use `step_1PP_trimming__fastp` to trim the paired Illumina FASTQ files.
2. **Assembly**: Use `step_2AS_denovo__spades` to assemble the trimmed reads.
3. **MLST Typing**: Use `step_4TY_MLST__mlst` to perform MLST typing o","nextflow.enable.dsl=2

// --- IMPORTS ---

include { step_4TY_MLST__mlst } from '../steps/step_4TY_MLST__mlst'

include { step_1PP_trimming__fastp } from '../steps/step_1PP_trimming__fastp'

include { getSingleInput } from '../functions/parameters.nf'

include { step_2AS_denovo__spades } from '../steps/step_2AS_denovo__spades'

// --- GLOBALS ---

// --- INLINE PROCESSES ---

// --- SUB WORKFLOWS ---

// --- ENTRYPOINT ---
workflow {
    trimmed = step_1PP_trimming__fastp(getSingleInput()).trimmed

    assembled = step_2AS_denovo__spades(trimmed).assembled

    step_4TY_MLST__mlst(assembled)
}","nextflow.enable.dsl=2

include { getSingleInput; optionalOrDefault; param } from '../functions/parameters.nf'
include { step_1PP_trimming__fastp } from '../steps/step_1PP_trimming__fastp'
include { step_2AS_denovo__spades } from '../steps/step_2AS_denovo__spades'
include { step_4TY_MLST__mlst } from '../steps/step_4TY_MLST__mlst'
workflow {
    trimmed   = step_1PP_trimming__fastp(getSingleInput()).trimmed
    assembled = step_2AS_denovo__spades(trimmed).assembled
    step_4TY_MLST__mlst(assembled)
}
"
"MOD_RTY12_replace_typing_staramr_to_abricate_cam","1","replace","(generated)","MOD_RTY12_replace_typing_staramr_to_abricate_cam_t1","modification","staramr on Campylobacter jejuni from paired Illumina FASTQ (fastp + SPAdes + staramr).","Y","Y","none","","7","7","Y","","","","step_1PP_trimming__fastp, step_2AS_denovo__spades, step_4AN_AMR__staramr","step_1PP_trimming__fastp, step_2AS_denovo__spades, step_4AN_AMR__staramr","step_1PP_trimming__fastp, step_2AS_denovo__spades, step_4AN_AMR__staramr","630","26","3","2","9.1","Great! I will now generate the pipeline plan.","nextflow.enable.dsl=2

// --- IMPORTS ---

include { step_1PP_trimming__fastp } from '../steps/step_1PP_trimming__fastp'

include { getSingleInput } from '../functions/parameters.nf'

include { step_4AN_AMR__staramr } from '../steps/step_4AN_AMR__staramr'

include { step_2AS_denovo__spades } from '../steps/step_2AS_denovo__spades'

// --- GLOBALS ---

// --- INLINE PROCESSES ---

// --- SUB WORKFLOWS ---

// --- ENTRYPOINT ---
workflow {
    trimmed = step_1PP_trimming__fastp(getSingleInput()).trimmed

    assembled = step_2AS_denovo__spades(trimmed).assembled

    step_4AN_AMR__staramr(assembled, 'campylobacter_jejuni')
}","nextflow.enable.dsl=2

include { getSingleInput; optionalOrDefault; param } from '../functions/parameters.nf'
include { step_1PP_trimming__fastp } from '../steps/step_1PP_trimming__fastp'
include { step_2AS_denovo__spades } from '../steps/step_2AS_denovo__spades'
include { step_4AN_AMR__staramr } from '../steps/step_4AN_AMR__staramr'
workflow {
    trimmed   = step_1PP_trimming__fastp(getSingleInput()).trimmed
    assembled = step_2AS_denovo__spades(trimmed).assembled
    step_4AN_AMR__staramr(assembled, param('genus_species'))
}
"
"MOD_RTY12_replace_typing_staramr_to_abricate_cam","2","replace","(generated)","MOD_RTY12_replace_typing_staramr_to_abricate_cam_t2","modification","Switch the downstream step from staramr to abricate.","Y","Y","none","","7","7","Y","","","","step_1PP_trimming__fastp, step_2AS_denovo__spades, step_4AN_AMR__abricate","step_1PP_trimming__fastp, step_2AS_denovo__spades, step_4AN_AMR__abricate","step_1PP_trimming__fastp, step_2AS_denovo__spades, step_4AN_AMR__abricate","609","26","3","2","6.5","I will now generate the pipeline plan.","nextflow.enable.dsl=2

// --- IMPORTS ---

include { step_4AN_AMR__abricate } from '../steps/step_4AN_AMR__abricate'

include { step_1PP_trimming__fastp } from '../steps/step_1PP_trimming__fastp'

include { getSingleInput } from '../functions/parameters.nf'

include { step_2AS_denovo__spades } from '../steps/step_2AS_denovo__spades'

// --- GLOBALS ---

// --- INLINE PROCESSES ---

// --- SUB WORKFLOWS ---

// --- ENTRYPOINT ---
workflow {
    trimmed = step_1PP_trimming__fastp(getSingleInput()).trimmed

    assembled = step_2AS_denovo__spades(trimmed).assembled

    step_4AN_AMR__abricate(assembled)
}","nextflow.enable.dsl=2

include { getSingleInput; optionalOrDefault; param } from '../functions/parameters.nf'
include { step_1PP_trimming__fastp } from '../steps/step_1PP_trimming__fastp'
include { step_2AS_denovo__spades } from '../steps/step_2AS_denovo__spades'
include { step_4AN_AMR__abricate } from '../steps/step_4AN_AMR__abricate'
workflow {
    trimmed   = step_1PP_trimming__fastp(getSingleInput()).trimmed
    assembled = step_2AS_denovo__spades(trimmed).assembled
    step_4AN_AMR__abricate(assembled)
}
"
"MOD_RM01_replace_mono_mlst_to_chewbbaca_sal","1","replace","(generated)","MOD_RM01_replace_mono_mlst_to_chewbbaca_sal_t1","modification","Run mlst on a pre-existing Salmonella enterica assembly.","Y","Y","none","","1","1","Y","","","","step_4TY_MLST__mlst","step_4TY_MLST__mlst","step_4TY_MLST__mlst","461","30","1","2","6.9","I will run MLST on your pre-existing Salmonella enterica assembly using the `step_4TY_MLST__mlst` component. The pipeline will be executed as planned.","nextflow.enable.dsl=2

// --- IMPORTS ---

include { step_4TY_MLST__mlst } from '../steps/step_4TY_MLST__mlst'

include { getAssembly } from '../functions/parameters.nf'

// --- GLOBALS ---

// --- INLINE PROCESSES ---

// --- SUB WORKFLOWS ---

workflow module_surveillance {
    
    take:
        
        assembly
        
    
    main:
        step_4TY_MLST__mlst(assembly)
    
}

// --- ENTRYPOINT ---
workflow {
    module_surveillance(getAssembly())
}","nextflow.enable.dsl=2

include { getInput; optionalOrDefault; param } from '../functions/parameters.nf'
include { step_4TY_MLST__mlst } from '../steps/step_4TY_MLST__mlst'
workflow {
    step_4TY_MLST__mlst(getInput())
}
"
"MOD_RM01_replace_mono_mlst_to_chewbbaca_sal","2","replace","(generated)","MOD_RM01_replace_mono_mlst_to_chewbbaca_sal_t2","modification","Use chewbbaca on that same assembly instead.","Y","Y","none","","3","3","Y","","","","step_4TY_cgMLST__chewbbaca","step_4TY_cgMLST__chewbbaca","step_4TY_cgMLST__chewbbaca","396","18","1","2","7.3","I will use chewbbaca on your pre-existing Salmonella enterica assembly. I will use the `step_4TY_cgMLST__chewbbaca` component.","nextflow.enable.dsl=2

// --- IMPORTS ---

include { step_4TY_cgMLST__chewbbaca } from '../steps/step_4TY_cgMLST__chewbbaca'

include { getAssembly } from '../functions/parameters.nf'

// --- GLOBALS ---

// --- INLINE PROCESSES ---

// --- SUB WORKFLOWS ---

// --- ENTRYPOINT ---
workflow {
    step_4TY_cgMLST__chewbbaca(getAssembly(), 'salmonella_enterica', 's_enterica_chewie_3255_210531')
}","nextflow.enable.dsl=2

include { getInput; optionalOrDefault; param } from '../functions/parameters.nf'
include { step_4TY_cgMLST__chewbbaca } from '../steps/step_4TY_cgMLST__chewbbaca'
workflow {
    step_4TY_cgMLST__chewbbaca(getInput(), param('genus_species'), optionalOrDefault('schema', ''))
}
"
"MOD_RM02_replace_mono_mlst_to_chewbbaca_lis","1","replace","(generated)","MOD_RM02_replace_mono_mlst_to_chewbbaca_lis_t1","modification","Run mlst on a pre-existing Listeria monocytogenes assembly.","Y","Y","none","","1","1","Y","","","","step_4TY_MLST__mlst","step_4TY_MLST__mlst","step_4TY_MLST__mlst","319","18","1","2","7.9","I will run MLST on your Listeria monocytogenes assembly. This will determine the sequence type of your assembly. I will use the MLST tool for this purpose.","nextflow.enable.dsl=2

// --- IMPORTS ---

include { step_4TY_MLST__mlst } from '../steps/step_4TY_MLST__mlst'

include { getAssembly } from '../functions/parameters.nf'

// --- GLOBALS ---

// --- INLINE PROCESSES ---

// --- SUB WORKFLOWS ---

// --- ENTRYPOINT ---
workflow {
    step_4TY_MLST__mlst(getAssembly())
}","nextflow.enable.dsl=2

include { getInput; optionalOrDefault; param } from '../functions/parameters.nf'
include { step_4TY_MLST__mlst } from '../steps/step_4TY_MLST__mlst'
workflow {
    step_4TY_MLST__mlst(getInput())
}
"
"MOD_RM02_replace_mono_mlst_to_chewbbaca_lis","2","replace","(generated)","MOD_RM02_replace_mono_mlst_to_chewbbaca_lis_t2","modification","Use chewbbaca on that same assembly instead.","Y","Y","none","","3","3","Y","","","","step_4TY_cgMLST__chewbbaca","step_4TY_cgMLST__chewbbaca","step_4TY_cgMLST__chewbbaca","395","18","1","2","6.9","I will use chewbbaca on your Listeria monocytogenes assembly. This will involve using the chewbbaca tool to analyze your assembly.","nextflow.enable.dsl=2

// --- IMPORTS ---

include { step_4TY_cgMLST__chewbbaca } from '../steps/step_4TY_cgMLST__chewbbaca'

include { getAssembly } from '../functions/parameters.nf'

// --- GLOBALS ---

// --- INLINE PROCESSES ---

// --- SUB WORKFLOWS ---

// --- ENTRYPOINT ---
workflow {
    step_4TY_cgMLST__chewbbaca(getAssembly(), 'listeria_monocytogenes', 'l_mono_chewie_1748_220623')
}","nextflow.enable.dsl=2

include { getInput; optionalOrDefault; param } from '../functions/parameters.nf'
include { step_4TY_cgMLST__chewbbaca } from '../steps/step_4TY_cgMLST__chewbbaca'
workflow {
    step_4TY_cgMLST__chewbbaca(getInput(), param('genus_species'), optionalOrDefault('schema', ''))
}
"
"MOD_RM03_replace_mono_chewbbaca_to_mlst_lis","1","replace","(generated)","MOD_RM03_replace_mono_chewbbaca_to_mlst_lis_t1","modification","Run chewbbaca on a pre-existing Listeria monocytogenes assembly.","Y","Y","none","","3","3","Y","","","","step_4TY_cgMLST__chewbbaca","step_4TY_cgMLST__chewbbaca","step_4TY_cgMLST__chewbbaca","423","18","1","2","6.3","I will run chewbbaca on your Listeria monocytogenes assembly. This will perform cgMLST typing.","nextflow.enable.dsl=2

// --- IMPORTS ---

include { step_4TY_cgMLST__chewbbaca } from '../steps/step_4TY_cgMLST__chewbbaca'

include { getAssembly; optionalOrDefault; param } from '../functions/parameters.nf'

// --- GLOBALS ---

// --- INLINE PROCESSES ---

// --- SUB WORKFLOWS ---

// --- ENTRYPOINT ---
workflow {
    step_4TY_cgMLST__chewbbaca(getAssembly(), param('genus_species'), optionalOrDefault('schema', ''))
}","nextflow.enable.dsl=2

include { getInput; optionalOrDefault; param } from '../functions/parameters.nf'
include { step_4TY_cgMLST__chewbbaca } from '../steps/step_4TY_cgMLST__chewbbaca'
workflow {
    step_4TY_cgMLST__chewbbaca(getInput(), param('genus_species'), optionalOrDefault('schema', ''))
}
"
"MOD_RM03_replace_mono_chewbbaca_to_mlst_lis","2","replace","(generated)","MOD_RM03_replace_mono_chewbbaca_to_mlst_lis_t2","modification","Use mlst on that same assembly instead.","Y","Y","none","","1","1","Y","","","","step_4TY_MLST__mlst","step_4TY_MLST__mlst","step_4TY_MLST__mlst","319","18","1","2","5.6","I can run MLST on your Listeria monocytogenes assembly. This will perform MLST typing.","nextflow.enable.dsl=2

// --- IMPORTS ---

include { step_4TY_MLST__mlst } from '../steps/step_4TY_MLST__mlst'

include { getAssembly } from '../functions/parameters.nf'

// --- GLOBALS ---

// --- INLINE PROCESSES ---

// --- SUB WORKFLOWS ---

// --- ENTRYPOINT ---
workflow {
    step_4TY_MLST__mlst(getAssembly())
}","nextflow.enable.dsl=2

include { getInput; optionalOrDefault; param } from '../functions/parameters.nf'
include { step_4TY_MLST__mlst } from '../steps/step_4TY_MLST__mlst'
workflow {
    step_4TY_MLST__mlst(getInput())
}
"
"MOD_RM04_replace_mono_chewbbaca_to_mlst_sal","1","replace","(generated)","MOD_RM04_replace_mono_chewbbaca_to_mlst_sal_t1","modification","Run chewbbaca on a pre-existing Salmonella enterica assembly.","Y","Y","none","","3","3","Y","","","","step_4TY_cgMLST__chewbbaca","step_4TY_cgMLST__chewbbaca","step_4TY_cgMLST__chewbbaca","396","18","1","2","6.7","I will run chewbbaca on your pre-existing Salmonella enterica assembly to perform cgMLST typing. This will be done using the chewbbaca tool.","nextflow.enable.dsl=2

// --- IMPORTS ---

include { step_4TY_cgMLST__chewbbaca } from '../steps/step_4TY_cgMLST__chewbbaca'

include { getAssembly } from '../functions/parameters.nf'

// --- GLOBALS ---

// --- INLINE PROCESSES ---

// --- SUB WORKFLOWS ---

// --- ENTRYPOINT ---
workflow {
    step_4TY_cgMLST__chewbbaca(getAssembly(), 'salmonella_enterica', 's_enterica_chewie_3255_210531')
}","nextflow.enable.dsl=2

include { getInput; optionalOrDefault; param } from '../functions/parameters.nf'
include { step_4TY_cgMLST__chewbbaca } from '../steps/step_4TY_cgMLST__chewbbaca'
workflow {
    step_4TY_cgMLST__chewbbaca(getInput(), param('genus_species'), optionalOrDefault('schema', ''))
}
"
"MOD_RM04_replace_mono_chewbbaca_to_mlst_sal","2","replace","(generated)","MOD_RM04_replace_mono_chewbbaca_to_mlst_sal_t2","modification","Use mlst on that same assembly instead.","Y","Y","none","","1","1","Y","","","","step_4TY_MLST__mlst","step_4TY_MLST__mlst","step_4TY_MLST__mlst","325","18","1","2","6.5","I will run MLST on your pre-existing Salmonella enterica assembly to perform MLST typing. This will be done using the MLST tool.","nextflow.enable.dsl=2

// --- IMPORTS ---

include { getSingleInput } from '../functions/parameters.nf'

include { step_4TY_MLST__mlst } from '../steps/step_4TY_MLST__mlst'

// --- GLOBALS ---

// --- INLINE PROCESSES ---

// --- SUB WORKFLOWS ---

// --- ENTRYPOINT ---
workflow {
    step_4TY_MLST__mlst(getSingleInput())
}","nextflow.enable.dsl=2

include { getInput; optionalOrDefault; param } from '../functions/parameters.nf'
include { step_4TY_MLST__mlst } from '../steps/step_4TY_MLST__mlst'
workflow {
    step_4TY_MLST__mlst(getInput())
}
"
"MOD_RM05_replace_mono_chewbbaca_to_abricate_lis","1","replace","(generated)","MOD_RM05_replace_mono_chewbbaca_to_abricate_lis_t1","modification","Run chewbbaca on a pre-existing Listeria monocytogenes assembly.","Y","Y","none","","3","3","Y","","","","step_4TY_cgMLST__chewbbaca","step_4TY_cgMLST__chewbbaca","step_4TY_cgMLST__chewbbaca","423","18","1","2","14.6","I will run chewbbaca on your Listeria monocytogenes assembly to perform cgMLST typing. This will be done using the `step_4TY_cgMLST__chewbbaca` component. The pipeline will use your pre-existing assembly as input.","nextflow.enable.dsl=2

// --- IMPORTS ---

include { step_4TY_cgMLST__chewbbaca } from '../steps/step_4TY_cgMLST__chewbbaca'

include { getAssembly; optionalOrDefault; param } from '../functions/parameters.nf'

// --- GLOBALS ---

// --- INLINE PROCESSES ---

// --- SUB WORKFLOWS ---

// --- ENTRYPOINT ---
workflow {
    step_4TY_cgMLST__chewbbaca(getAssembly(), param('genus_species'), optionalOrDefault('schema', ''))
}","nextflow.enable.dsl=2

include { getInput; optionalOrDefault; param } from '../functions/parameters.nf'
include { step_4TY_cgMLST__chewbbaca } from '../steps/step_4TY_cgMLST__chewbbaca'
workflow {
    step_4TY_cgMLST__chewbbaca(getInput(), param('genus_species'), optionalOrDefault('schema', ''))
}
"
"MOD_RM05_replace_mono_chewbbaca_to_abricate_lis","2","replace","(generated)","MOD_RM05_replace_mono_chewbbaca_to_abricate_lis_t2","modification","Use abricate on that same assembly instead.","Y","Y","none","","1","1","Y","","","","step_4AN_AMR__abricate","step_4AN_AMR__abricate","step_4AN_AMR__abricate","328","18","1","2","7.0","I will use abricate on your Listeria monocytogenes assembly to perform AMR gene detection. This will be done using the `step_4AN_AMR__abricate` component. The pipeline will use your pre-existing assembly as input.","nextflow.enable.dsl=2

// --- IMPORTS ---

include { getAssembly } from '../functions/parameters.nf'

include { step_4AN_AMR__abricate } from '../steps/step_4AN_AMR__abricate'

// --- GLOBALS ---

// --- INLINE PROCESSES ---

// --- SUB WORKFLOWS ---

// --- ENTRYPOINT ---
workflow {
    step_4AN_AMR__abricate(getAssembly())
}","nextflow.enable.dsl=2

include { getInput; optionalOrDefault; param } from '../functions/parameters.nf'
include { step_4AN_AMR__abricate } from '../steps/step_4AN_AMR__abricate'
workflow {
    step_4AN_AMR__abricate(getInput())
}
"
"MOD_RM06_replace_mono_abricate_to_prokka_eco","1","replace","(generated)","MOD_RM06_replace_mono_abricate_to_prokka_eco_t1","modification","Run abricate on a pre-existing Escherichia coli assembly.","Y","N","missing_param","ERROR ~ missing required param: step_3TX_species__kmerfinder__db","0","1","N","step_2AS_mapping__bowtie, step_3TX_species__kmerfinder, step_4AN_AMR__staramr, step_4AN_genes__prokka, step_4TY_MLST__mlst, step_4TY_cgMLST__chewbbaca, step_4TY_flaA__flaA","","","step_2AS_mapping__bowtie, step_3TX_species__kmerfinder, step_4AN_AMR__abricate, step_4AN_AMR__staramr, step_4AN_genes__prokka, step_4TY_MLST__mlst, step_4TY_cgMLST__chewbbaca, step_4TY_flaA__flaA","step_3TX_species__kmerfinder, step_2AS_mapping__bowtie, step_4AN_AMR__abricate, step_4AN_genes__prokka, step_4AN_AMR__staramr, step_4TY_MLST__mlst, step_4TY_flaA__flaA, step_4TY_cgMLST__chewbbaca","step_4AN_AMR__abricate","2240","76","8","2","15.3","I will proceed with the module_typing_bacteria template, which includes abricate and other tools like bowtie, prokka, staramr, chewbbaca, mlst, and flaA. This template is designed for typing bacteria and includes the necessary steps for your pre-existing Escherichia coli assembly.","nextflow.enable.dsl=2

// --- IMPORTS ---

include { step_4TY_cgMLST__chewbbaca } from '../steps/step_4TY_cgMLST__chewbbaca'

include { step_4AN_AMR__abricate } from '../steps/step_4AN_AMR__abricate'

include { getAssembly; getTrimmedReads } from '../functions/parameters.nf'

include { extractKey; getEmpty } from '../functions/common.nf'

include { step_4AN_genes__prokka } from '../steps/step_4AN_genes__prokka'

include { step_4AN_AMR__staramr } from '../steps/step_4AN_AMR__staramr'

include { step_4TY_flaA__flaA } from '../steps/step_4TY_flaA__flaA'

include { step_4TY_MLST__mlst } from '../steps/step_4TY_MLST__mlst'

include { step_2AS_mapping__bowtie } from '../steps/step_2AS_mapping__bowtie'

include { step_3TX_species__kmerfinder } from '../steps/step_3TX_species__kmerfinder'

// --- GLOBALS ---

// --- INLINE PROCESSES ---

// --- SUB WORKFLOWS ---

workflow module_typing_bacteria {
    
    take:
        
        trimmed
        
        assembly
        
    
    main:
        assigned_species = step_3TX_species__kmerfinder(assembly).assigned_species

        if (!params.skip_bestref_mapping) {
          trimmed.cross(assigned_species) { extractKey(it) }.multiMap {
            trimmed: it[0]
            species: it[1][1]
            referencePath: it[1][2]
          }.set { trimAndAndSpecies }
          step_2AS_mapping__bowtie(trimAndAndSpecies.trimmed, trimAndAndSpecies.referencePath)
        }

        step_4AN_AMR__abricate(assembly)

        step_4AN_genes__prokka(assembly.map{ [ it[0], it[1], 'Bacteria', '-', '-', getEmpty() ] })

        assembly.cross(assigned_species) { extractKey(it) }.multiMap {
          assembly: it[0]
          species: it[1][1]
        }.set { assemblyAndSpecies }

        step_4AN_AMR__staramr(assemblyAndSpecies.assembly, assemblyAndSpecies.species)
        step_4TY_MLST__mlst(assemblyAndSpecies.assembly)
        step_4TY_flaA__flaA(assemblyAndSpecies.assembly, assemblyAndSpecies.species)
        step_4TY_cgMLST__chewbbaca(assemblyAndSpecies.assembly, assemblyAndSpecies.species, '')
    
    emit:
        
        genus_species = assigned_species
        
    
}

// --- ENTRYPOINT ---
workflow {
    module_typing_bacteria(getTrimmedReads(true), getAssembly())
}","nextflow.enable.dsl=2

include { getInput; optionalOrDefault; param } from '../functions/parameters.nf'
include { step_4AN_AMR__abricate } from '../steps/step_4AN_AMR__abricate'
workflow {
    step_4AN_AMR__abricate(getInput())
}
"
"MOD_RM06_replace_mono_abricate_to_prokka_eco","2","replace","(generated)","MOD_RM06_replace_mono_abricate_to_prokka_eco_t2","modification","Use prokka on that same assembly instead.","Y","N","missing_param","ERROR ~ missing required param: step_3TX_species__kmerfinder__db","0","1","N","step_2AS_mapping__bowtie, step_3TX_species__kmerfinder, step_4AN_AMR__abricate, step_4AN_AMR__staramr, step_4TY_MLST__mlst, step_4TY_cgMLST__chewbbaca, step_4TY_flaA__flaA","","","step_2AS_mapping__bowtie, step_3TX_species__kmerfinder, step_4AN_AMR__abricate, step_4AN_AMR__staramr, step_4AN_genes__prokka, step_4TY_MLST__mlst, step_4TY_cgMLST__chewbbaca, step_4TY_flaA__flaA","step_3TX_species__kmerfinder, step_2AS_mapping__bowtie, step_4AN_AMR__abricate, step_4AN_genes__prokka, step_4AN_AMR__staramr, step_4TY_MLST__mlst, step_4TY_flaA__flaA, step_4TY_cgMLST__chewbbaca","step_4AN_genes__prokka","2240","76","8","2","11.3","I will proceed with the module_typing_bacteria template, which includes prokka and other tools like bowtie, abricate, staramr, chewbbaca, mlst, and flaA. This template is designed for typing bacteria and includes the necessary steps for your pre-existing Escherichia coli assembly.","nextflow.enable.dsl=2

// --- IMPORTS ---

include { step_4TY_cgMLST__chewbbaca } from '../steps/step_4TY_cgMLST__chewbbaca'

include { step_4AN_AMR__abricate } from '../steps/step_4AN_AMR__abricate'

include { getAssembly; getTrimmedReads } from '../functions/parameters.nf'

include { extractKey; getEmpty } from '../functions/common.nf'

include { step_4AN_genes__prokka } from '../steps/step_4AN_genes__prokka'

include { step_4AN_AMR__staramr } from '../steps/step_4AN_AMR__staramr'

include { step_4TY_flaA__flaA } from '../steps/step_4TY_flaA__flaA'

include { step_4TY_MLST__mlst } from '../steps/step_4TY_MLST__mlst'

include { step_2AS_mapping__bowtie } from '../steps/step_2AS_mapping__bowtie'

include { step_3TX_species__kmerfinder } from '../steps/step_3TX_species__kmerfinder'

// --- GLOBALS ---

// --- INLINE PROCESSES ---

// --- SUB WORKFLOWS ---

workflow module_typing_bacteria {
    
    take:
        
        trimmed
        
        assembly
        
    
    main:
        assigned_species = step_3TX_species__kmerfinder(assembly).assigned_species

        if (!params.skip_bestref_mapping) {
          trimmed.cross(assigned_species) { extractKey(it) }.multiMap {
            trimmed: it[0]
            species: it[1][1]
            referencePath: it[1][2]
          }.set { trimAndAndSpecies }
          step_2AS_mapping__bowtie(trimAndAndSpecies.trimmed, trimAndAndSpecies.referencePath)
        }

        step_4AN_AMR__abricate(assembly)

        step_4AN_genes__prokka(assembly.map{ [ it[0], it[1], 'Bacteria', '-', '-', getEmpty() ] })

        assembly.cross(assigned_species) { extractKey(it) }.multiMap {
          assembly: it[0]
          species: it[1][1]
        }.set { assemblyAndSpecies }

        step_4AN_AMR__staramr(assemblyAndSpecies.assembly, assemblyAndSpecies.species)
        step_4TY_MLST__mlst(assemblyAndSpecies.assembly)
        step_4TY_flaA__flaA(assemblyAndSpecies.assembly, assemblyAndSpecies.species)
        step_4TY_cgMLST__chewbbaca(assemblyAndSpecies.assembly, assemblyAndSpecies.species, '')
    
    emit:
        
        genus_species = assigned_species
        
    
}

// --- ENTRYPOINT ---
workflow {
    module_typing_bacteria(getTrimmedReads(true), getAssembly())
}","nextflow.enable.dsl=2

include { getInput; optionalOrDefault; param } from '../functions/parameters.nf'
include { step_4AN_genes__prokka } from '../steps/step_4AN_genes__prokka'
workflow {
    step_4AN_genes__prokka(getInput())
}
"
"MOD_RM07_replace_mono_abricate_to_mlst_sal","1","replace","(generated)","MOD_RM07_replace_mono_abricate_to_mlst_sal_t1","modification","Run abricate on a pre-existing Salmonella enterica assembly.","Y","Y","none","","1","1","Y","","","","step_4AN_AMR__abricate","step_4AN_AMR__abricate","step_4AN_AMR__abricate","328","18","1","2","6.2","I will run abricate on your pre-existing Salmonella enterica assembly to identify AMR genes and other functional elements. The pipeline will be executed as described.","nextflow.enable.dsl=2

// --- IMPORTS ---

include { getAssembly } from '../functions/parameters.nf'

include { step_4AN_AMR__abricate } from '../steps/step_4AN_AMR__abricate'

// --- GLOBALS ---

// --- INLINE PROCESSES ---

// --- SUB WORKFLOWS ---

// --- ENTRYPOINT ---
workflow {
    step_4AN_AMR__abricate(getAssembly())
}","nextflow.enable.dsl=2

include { getInput; optionalOrDefault; param } from '../functions/parameters.nf'
include { step_4AN_AMR__abricate } from '../steps/step_4AN_AMR__abricate'
workflow {
    step_4AN_AMR__abricate(getInput())
}
"
"MOD_RM07_replace_mono_abricate_to_mlst_sal","2","replace","(generated)","MOD_RM07_replace_mono_abricate_to_mlst_sal_t2","modification","Use mlst on that same assembly instead.","Y","Y","none","","1","1","Y","","","","step_4TY_MLST__mlst","step_4TY_MLST__mlst","step_4TY_MLST__mlst","461","30","1","2","6.6","I will use MLST on your Salmonella enterica assembly to determine the sequence type. This will provide additional typing information alongside the AMR results. The pipeline will be executed as described.","nextflow.enable.dsl=2

// --- IMPORTS ---

include { step_4TY_MLST__mlst } from '../steps/step_4TY_MLST__mlst'

include { getAssembly } from '../functions/parameters.nf'

// --- GLOBALS ---

// --- INLINE PROCESSES ---

// --- SUB WORKFLOWS ---

workflow module_surveillance {
    
    take:
        
        assembly
        
    
    main:
        step_4TY_MLST__mlst(assembly)
    
}

// --- ENTRYPOINT ---
workflow {
    module_surveillance(getAssembly())
}","nextflow.enable.dsl=2

include { getInput; optionalOrDefault; param } from '../functions/parameters.nf'
include { step_4TY_MLST__mlst } from '../steps/step_4TY_MLST__mlst'
workflow {
    step_4TY_MLST__mlst(getInput())
}
"
"MOD_RM08_replace_mono_flaA_to_staramr_cam","1","replace","(generated)","MOD_RM08_replace_mono_flaA_to_staramr_cam_t1","modification","Run flaA on a pre-existing Campylobacter jejuni assembly.","Y","Y","none","","1","1","Y","","","","step_4TY_flaA__flaA","step_4TY_flaA__flaA","step_4TY_flaA__flaA","343","18","1","2","7.1","I will run flaA on your Campylobacter jejuni assembly. This will identify the flaA gene, which is important for adhesion and invasion.","nextflow.enable.dsl=2

// --- IMPORTS ---

include { step_4TY_flaA__flaA } from '../steps/step_4TY_flaA__flaA'

include { getAssembly } from '../functions/parameters.nf'

// --- GLOBALS ---

// --- INLINE PROCESSES ---

// --- SUB WORKFLOWS ---

// --- ENTRYPOINT ---
workflow {
    step_4TY_flaA__flaA(getAssembly(), 'campylobacter jejuni')
}","nextflow.enable.dsl=2

include { getInput; optionalOrDefault; param } from '../functions/parameters.nf'
include { step_4TY_flaA__flaA } from '../steps/step_4TY_flaA__flaA'
workflow {
    step_4TY_flaA__flaA(getInput(), param('genus_species'))
}
"
"MOD_RM08_replace_mono_flaA_to_staramr_cam","2","replace","(generated)","MOD_RM08_replace_mono_flaA_to_staramr_cam_t2","modification","Use staramr on that same assembly instead.","Y","Y","none","","1","1","N","step_4AN_AMR__abricate","step_4AN_AMR__staramr","","step_4AN_AMR__abricate","step_4AN_AMR__abricate","step_4AN_AMR__staramr","328","18","1","2","6.5","I will run Abricate on your Campylobacter jejuni assembly to identify AMR genes. This will help determine the antibiotic resistance profile of your sample.","nextflow.enable.dsl=2

// --- IMPORTS ---

include { getAssembly } from '../functions/parameters.nf'

include { step_4AN_AMR__abricate } from '../steps/step_4AN_AMR__abricate'

// --- GLOBALS ---

// --- INLINE PROCESSES ---

// --- SUB WORKFLOWS ---

// --- ENTRYPOINT ---
workflow {
    step_4AN_AMR__abricate(getAssembly())
}","nextflow.enable.dsl=2

include { getInput; optionalOrDefault; param } from '../functions/parameters.nf'
include { step_4AN_AMR__staramr } from '../steps/step_4AN_AMR__staramr'
workflow {
    step_4AN_AMR__staramr(getInput(), param('genus_species'))
}
"
"MOD_RM09_replace_mono_staramr_to_flaA_cam","1","replace","(generated)","MOD_RM09_replace_mono_staramr_to_flaA_cam_t1","modification","Run staramr on a pre-existing Campylobacter jejuni assembly.","Y","Y","none","","1","1","Y","","","","step_4AN_AMR__staramr","step_4AN_AMR__staramr","step_4AN_AMR__staramr","356","18","1","2","6.8","I will run staramr on your Campylobacter jejuni assembly to identify antimicrobial resistance genes. I will use the `step_4AN_AMR__staramr` component. The pipeline is ready to be built.","nextflow.enable.dsl=2

// --- IMPORTS ---

include { getAssembly; param } from '../functions/parameters.nf'

include { step_4AN_AMR__staramr } from '../steps/step_4AN_AMR__staramr'

// --- GLOBALS ---

// --- INLINE PROCESSES ---

// --- SUB WORKFLOWS ---

// --- ENTRYPOINT ---
workflow {
    step_4AN_AMR__staramr(getAssembly(), param('genus_species'))
}","nextflow.enable.dsl=2

include { getInput; optionalOrDefault; param } from '../functions/parameters.nf'
include { step_4AN_AMR__staramr } from '../steps/step_4AN_AMR__staramr'
workflow {
    step_4AN_AMR__staramr(getInput(), param('genus_species'))
}
"
"MOD_RM09_replace_mono_staramr_to_flaA_cam","2","replace","(generated)","MOD_RM09_replace_mono_staramr_to_flaA_cam_t2","modification","Use flaA on that same assembly instead.","Y","Y","none","","1","1","Y","","","","step_4TY_flaA__flaA","step_4TY_flaA__flaA","step_4TY_flaA__flaA","343","18","1","2","6.4","I will use flaA on your Campylobacter jejuni assembly to identify the flaA gene. I will use the `step_4TY_flaA__flaA` component. The pipeline is ready to be built.","nextflow.enable.dsl=2

// --- IMPORTS ---

include { step_4TY_flaA__flaA } from '../steps/step_4TY_flaA__flaA'

include { getAssembly } from '../functions/parameters.nf'

// --- GLOBALS ---

// --- INLINE PROCESSES ---

// --- SUB WORKFLOWS ---

// --- ENTRYPOINT ---
workflow {
    step_4TY_flaA__flaA(getAssembly(), 'campylobacter jejuni')
}","nextflow.enable.dsl=2

include { getInput; optionalOrDefault; param } from '../functions/parameters.nf'
include { step_4TY_flaA__flaA } from '../steps/step_4TY_flaA__flaA'
workflow {
    step_4TY_flaA__flaA(getInput(), param('genus_species'))
}
"
"MOD_RM10_replace_mono_staramr_to_mlst_cam","1","replace","(generated)","MOD_RM10_replace_mono_staramr_to_mlst_cam_t1","modification","Run staramr on a pre-existing Campylobacter jejuni assembly.","Y","Y","none","","1","1","Y","","","","step_4AN_AMR__staramr","step_4AN_AMR__staramr","step_4AN_AMR__staramr","362","18","1","2","6.6","I will run Staramr on your pre-existing Campylobacter jejuni assembly to identify antimicrobial resistance genes. I will use the `step_4AN_AMR__staramr` component. The pipeline is approved and ready to proceed.","nextflow.enable.dsl=2

// --- IMPORTS ---

include { getSingleInput; param } from '../functions/parameters.nf'

include { step_4AN_AMR__staramr } from '../steps/step_4AN_AMR__staramr'

// --- GLOBALS ---

// --- INLINE PROCESSES ---

// --- SUB WORKFLOWS ---

// --- ENTRYPOINT ---
workflow {
    step_4AN_AMR__staramr(getSingleInput(), param('genus_species'))
}","nextflow.enable.dsl=2

include { getInput; optionalOrDefault; param } from '../functions/parameters.nf'
include { step_4AN_AMR__staramr } from '../steps/step_4AN_AMR__staramr'
workflow {
    step_4AN_AMR__staramr(getInput(), param('genus_species'))
}
"
"MOD_RM10_replace_mono_staramr_to_mlst_cam","2","replace","(generated)","MOD_RM10_replace_mono_staramr_to_mlst_cam_t2","modification","Use mlst on that same assembly instead.","Y","Y","none","","1","1","Y","","","","step_4TY_MLST__mlst","step_4TY_MLST__mlst","step_4TY_MLST__mlst","319","18","1","2","6.7","I will use MLST on your pre-existing Campylobacter jejuni assembly. I will use the `step_4TY_MLST__mlst` component. The pipeline is approved and ready to proceed.","nextflow.enable.dsl=2

// --- IMPORTS ---

include { step_4TY_MLST__mlst } from '../steps/step_4TY_MLST__mlst'

include { getAssembly } from '../functions/parameters.nf'

// --- GLOBALS ---

// --- INLINE PROCESSES ---

// --- SUB WORKFLOWS ---

// --- ENTRYPOINT ---
workflow {
    step_4TY_MLST__mlst(getAssembly())
}","nextflow.enable.dsl=2

include { getInput; optionalOrDefault; param } from '../functions/parameters.nf'
include { step_4TY_MLST__mlst } from '../steps/step_4TY_MLST__mlst'
workflow {
    step_4TY_MLST__mlst(getInput())
}
"
"MOD_D01_drop_chewbbaca_keep_mlst_lis","1","drop","(generated)","MOD_D01_drop_chewbbaca_keep_mlst_lis_t1","modification","Run both chewbbaca and mlst on Listeria monocytogenes from paired Illumina FASTQ.","Y","N","partial_dag","Only 3/10 expected processes appeared in the DAG","3","10","N","step_2AS_mapping__bowtie","step_2AS_denovo__spades","","step_1PP_trimming__fastp, step_2AS_mapping__bowtie, step_4TY_MLST__mlst, step_4TY_cgMLST__chewbbaca","step_1PP_trimming__fastp, step_2AS_mapping__bowtie, step_4TY_cgMLST__chewbbaca, step_4TY_MLST__mlst","step_1PP_trimming__fastp, step_2AS_denovo__spades, step_4TY_MLST__mlst, step_4TY_cgMLST__chewbbaca","982","37","4","2","21.0","I'm ready to build the pipeline. I'll use the following steps:
1. Trimming reads with Fastp
2. Mapping reads to a reference genome with Bowtie
3. Running Chewbbaca for cgMLST typing
4. Running MLST for MLST typing","nextflow.enable.dsl=2

// --- IMPORTS ---

include { step_1PP_trimming__fastp } from '../steps/step_1PP_trimming__fastp'

include { getReference; getSingleInput } from '../functions/parameters.nf'

include { step_4TY_MLST__mlst } from '../steps/step_4TY_MLST__mlst'

include { step_2AS_mapping__bowtie } from '../steps/step_2AS_mapping__bowtie'

include { step_4TY_cgMLST__chewbbaca } from '../steps/step_4TY_cgMLST__chewbbaca'

include { extractKey } from '../functions/common.nf'

// --- GLOBALS ---

// --- INLINE PROCESSES ---

// --- SUB WORKFLOWS ---

// --- ENTRYPOINT ---
workflow {
    trimmed = step_1PP_trimming__fastp(getSingleInput()).trimmed

    trimmed.cross(getReference('fa')) { extractKey(it) }.multiMap {
        reads: it[0]
        refs:  it[1][1..3]
    }.set { input }

    consensus = step_2AS_mapping__bowtie(input.reads, input.refs).consensus

    step_4TY_cgMLST__chewbbaca(consensus, 'listeria_monocytogenes', null)

    step_4TY_MLST__mlst(consensus)
}","nextflow.enable.dsl=2

include { getSingleInput; optionalOrDefault; param } from '../functions/parameters.nf'
include { step_1PP_trimming__fastp } from '../steps/step_1PP_trimming__fastp'
include { step_2AS_denovo__spades } from '../steps/step_2AS_denovo__spades'
include { step_4TY_cgMLST__chewbbaca } from '../steps/step_4TY_cgMLST__chewbbaca'
include { step_4TY_MLST__mlst } from '../steps/step_4TY_MLST__mlst'
workflow {
    trimmed   = step_1PP_trimming__fastp(getSingleInput()).trimmed
    assembled = step_2AS_denovo__spades(trimmed).assembled
    step_4TY_cgMLST__chewbbaca(assembled, param('genus_species'), optionalOrDefault('schema', ''))
    step_4TY_MLST__mlst(assembled)
}
"
"MOD_D01_drop_chewbbaca_keep_mlst_lis","2","drop","(generated)","MOD_D01_drop_chewbbaca_keep_mlst_lis_t2","modification","Drop chewbbaca, keep only mlst.","Y","N","silent_no_op","No process placeholders appeared. when: clause filtered everything?","0","7","N","step_2AS_mapping__bowtie","step_2AS_denovo__spades","","step_1PP_trimming__fastp, step_2AS_mapping__bowtie, step_4TY_MLST__mlst","step_1PP_trimming__fastp, step_2AS_mapping__bowtie, step_4TY_MLST__mlst","step_1PP_trimming__fastp, step_2AS_denovo__spades, step_4TY_MLST__mlst","820","33","3","2","7.5","I can build a pipeline for Listeria monocytogenes using MLST. This will include: 1. Trimming reads with Fastp 2. Mapping reads to a reference genome with Bowtie 3. Running MLST for MLST typing","nextflow.enable.dsl=2

// --- IMPORTS ---

include { step_1PP_trimming__fastp } from '../steps/step_1PP_trimming__fastp'

include { getReference; getSingleInput } from '../functions/parameters.nf'

include { step_4TY_MLST__mlst } from '../steps/step_4TY_MLST__mlst'

include { step_2AS_mapping__bowtie } from '../steps/step_2AS_mapping__bowtie'

include { extractKey } from '../functions/common.nf'

// --- GLOBALS ---

// --- INLINE PROCESSES ---

// --- SUB WORKFLOWS ---

// --- ENTRYPOINT ---
workflow {
    trimmed = step_1PP_trimming__fastp(getSingleInput()).trimmed

    trimmed.cross(getReference('fa')) { extractKey(it) }.multiMap {
        reads: it[0]
        refs: it[1][1..3]
    }.set { sync }

    consensus = step_2AS_mapping__bowtie(sync.reads, sync.refs).consensus

    step_4TY_MLST__mlst(consensus)
}","nextflow.enable.dsl=2

include { getSingleInput; optionalOrDefault; param } from '../functions/parameters.nf'
include { step_1PP_trimming__fastp } from '../steps/step_1PP_trimming__fastp'
include { step_2AS_denovo__spades } from '../steps/step_2AS_denovo__spades'
include { step_4TY_MLST__mlst } from '../steps/step_4TY_MLST__mlst'
workflow {
    trimmed   = step_1PP_trimming__fastp(getSingleInput()).trimmed
    assembled = step_2AS_denovo__spades(trimmed).assembled
    step_4TY_MLST__mlst(assembled)
}
"
"MOD_D02_drop_chewbbaca_keep_mlst_sal","1","drop","(generated)","MOD_D02_drop_chewbbaca_keep_mlst_sal_t1","modification","Run both chewbbaca and mlst on Salmonella enterica from paired Illumina FASTQ.","Y","N","silent_no_op","No process placeholders appeared. when: clause filtered everything?","0","10","N","step_2AS_mapping__bowtie, step_4AN_AMR__abricate, step_4AN_AMR__staramr, step_4AN_genes__prokka","step_2AS_denovo__spades","","step_1PP_trimming__fastp, step_2AS_mapping__bowtie, step_4AN_AMR__abricate, step_4AN_AMR__staramr, step_4AN_genes__prokka, step_4TY_MLST__mlst, step_4TY_cgMLST__chewbbaca","step_1PP_trimming__fastp, step_2AS_mapping__bowtie, step_4TY_MLST__mlst, step_4TY_cgMLST__chewbbaca, step_4AN_AMR__abricate, step_4AN_AMR__staramr, step_4AN_genes__prokka","step_1PP_trimming__fastp, step_2AS_denovo__spades, step_4TY_MLST__mlst, step_4TY_cgMLST__chewbbaca","2201","105","7","2","13.5","I will build a pipeline for Salmonella enterica using paired Illumina FASTQ files. The pipeline will include the following steps: 1. Trimming with Fastp, 2. Mapping with Bowtie, 3. Running MLST and cgMLST with Chewbbaca, 4. Running AMR with Abricate and StarAMR, 5. Running Prokka for gene annotation","nextflow.enable.dsl=2

// --- IMPORTS ---

include { step_4AN_AMR__abricate } from '../steps/step_4AN_AMR__abricate'

include { extractKey; getEmpty } from '../functions/common.nf'

include { step_4AN_genes__prokka } from '../steps/step_4AN_genes__prokka'

include { step_4AN_AMR__staramr } from '../steps/step_4AN_AMR__staramr'

include { step_1PP_trimming__fastp } from '../steps/step_1PP_trimming__fastp'

include { getReference; getSingleInput; param } from '../functions/parameters.nf'

include { step_4TY_MLST__mlst } from '../steps/step_4TY_MLST__mlst'

include { step_2AS_mapping__bowtie } from '../steps/step_2AS_mapping__bowtie'

include { step_4TY_cgMLST__chewbbaca } from '../steps/step_4TY_cgMLST__chewbbaca'

// --- GLOBALS ---

// --- INLINE PROCESSES ---

// --- SUB WORKFLOWS ---

workflow wf_trim_and_map {
    
    take:
        
        rawreads
        
        reference
        
    
    main:
        trimmed = step_1PP_trimming__fastp(rawreads).trimmed

        trimmed.cross(reference) { extractKey(it) }
            .multiMap {
                reads: it[0]
                refs: it[1][1..3]
            }.set { input }

        consensus = step_2AS_mapping__bowtie(input.reads, input.refs).consensus
    
    emit:
        
        consensus
        
    
}

workflow wf_mlst_and_cgmlst {
    
    take:
        
        assembly
        
        genus_species
        
    
    main:
        step_4TY_MLST__mlst(assembly)
        step_4TY_cgMLST__chewbbaca(assembly, genus_species, '')
    
}

workflow wf_amr {
    
    take:
        
        assembly
        
        genus_species
        
    
    main:
        step_4AN_AMR__abricate(assembly)
        step_4AN_AMR__staramr(assembly, genus_species)
    
}

workflow wf_prokka {
    
    take:
        
        assembly
        
    
    main:
        assembly.map { [ it[0], it[1], 'Bacteria', '-', '-', getEmpty() ] }.set { prokkaIn }
        step_4AN_genes__prokka(prokkaIn)
    
}

// --- ENTRYPOINT ---
workflow {
    consensus = wf_trim_and_map(getSingleInput(), getReference('fa'))
    wf_mlst_and_cgmlst(consensus, param('genus_species'))
    wf_amr(consensus, param('genus_species'))
    wf_prokka(consensus)
}","nextflow.enable.dsl=2

include { getSingleInput; optionalOrDefault; param } from '../functions/parameters.nf'
include { step_1PP_trimming__fastp } from '../steps/step_1PP_trimming__fastp'
include { step_2AS_denovo__spades } from '../steps/step_2AS_denovo__spades'
include { step_4TY_cgMLST__chewbbaca } from '../steps/step_4TY_cgMLST__chewbbaca'
include { step_4TY_MLST__mlst } from '../steps/step_4TY_MLST__mlst'
workflow {
    trimmed   = step_1PP_trimming__fastp(getSingleInput()).trimmed
    assembled = step_2AS_denovo__spades(trimmed).assembled
    step_4TY_cgMLST__chewbbaca(assembled, param('genus_species'), optionalOrDefault('schema', ''))
    step_4TY_MLST__mlst(assembled)
}
"
"MOD_D02_drop_chewbbaca_keep_mlst_sal","2","drop","(generated)","MOD_D02_drop_chewbbaca_keep_mlst_sal_t2","modification","Drop chewbbaca, keep only mlst.","Y","N","file_not_found","WARN: file not found: '/mnt/data/cohesive_bench/scratch/llm_full_multi_turn/_shared_inputdir/2026/2026.SAL.221.1.1/0SQ_rawreads/DS99999-DT260224_import/result/*.fastq*'","3","7","N","step_2AS_mapping__bowtie, step_4AN_AMR__abricate, step_4AN_AMR__staramr, step_4AN_genes__prokka","step_2AS_denovo__spades","","step_1PP_trimming__fastp, step_2AS_mapping__bowtie, step_4AN_AMR__abricate, step_4AN_AMR__staramr, step_4AN_genes__prokka, step_4TY_MLST__mlst","step_1PP_trimming__fastp, step_2AS_mapping__bowtie, step_4TY_MLST__mlst, step_4AN_AMR__abricate, step_4AN_AMR__staramr, step_4AN_genes__prokka","step_1PP_trimming__fastp, step_2AS_denovo__spades, step_4TY_MLST__mlst","1491","59","6","1","27.5","I will build a pipeline for Salmonella enterica using paired Illumina FASTQ files. The pipeline will include the following steps: 1. Trimming with Fastp, 2. Mapping with Bowtie, 3. Running MLST, 4. Running AMR with Abricate and StarAMR, 5. Running Prokka for gene annotation.","nextflow.enable.dsl=2

// --- IMPORTS ---

include { step_4AN_AMR__abricate } from '../steps/step_4AN_AMR__abricate'

include { extractKey; getEmpty } from '../functions/common.nf'

include { step_4AN_genes__prokka } from '../steps/step_4AN_genes__prokka'

include { step_4AN_AMR__staramr } from '../steps/step_4AN_AMR__staramr'

include { step_1PP_trimming__fastp } from '../steps/step_1PP_trimming__fastp'

include { step_4TY_MLST__mlst } from '../steps/step_4TY_MLST__mlst'

include { step_2AS_mapping__bowtie } from '../steps/step_2AS_mapping__bowtie'

include { getSingleInput } from '../functions/parameters.nf'

// --- GLOBALS ---

// --- INLINE PROCESSES ---

// --- SUB WORKFLOWS ---

workflow wf_trim_and_map {
    
    take:
        
        rawreads
        
    
    main:
        trimmed = step_1PP_trimming__fastp(rawreads).trimmed

        trimmed.cross(reference) { extractKey(it) }.multiMap {
            reads: it[0]
            refs:  it[1][1..3]
        }.set { input }

        consensus = step_2AS_mapping__bowtie(input.reads, input.refs).consensus
    
    emit:
        
        consensus
        
    
}

// --- ENTRYPOINT ---
workflow {
    wf_trim_and_map(getSingleInput()).set { mapping_out }

    step_4TY_MLST__mlst(mapping_out.consensus)
    step_4AN_AMR__abricate(mapping_out.consensus)
    step_4AN_AMR__staramr(mapping_out.consensus, 'bacteria')
    step_4AN_genes__prokka(mapping_out.consensus.map { [ it[0], it[1], 'Bacteria', '-', '-', getEmpty() ] })
}","nextflow.enable.dsl=2

include { getSingleInput; optionalOrDefault; param } from '../functions/parameters.nf'
include { step_1PP_trimming__fastp } from '../steps/step_1PP_trimming__fastp'
include { step_2AS_denovo__spades } from '../steps/step_2AS_denovo__spades'
include { step_4TY_MLST__mlst } from '../steps/step_4TY_MLST__mlst'
workflow {
    trimmed   = step_1PP_trimming__fastp(getSingleInput()).trimmed
    assembled = step_2AS_denovo__spades(trimmed).assembled
    step_4TY_MLST__mlst(assembled)
}
"
"MOD_D03_drop_chewbbaca_keep_mlst_eco","1","drop","(generated)","MOD_D03_drop_chewbbaca_keep_mlst_eco_t1","modification","Run both chewbbaca and mlst on Escherichia coli from paired Illumina FASTQ.","Y","N","partial_dag","Only 3/10 expected processes appeared in the DAG","3","10","N","step_2AS_mapping__bowtie","step_2AS_denovo__spades","","step_1PP_trimming__fastp, step_2AS_mapping__bowtie, step_4TY_MLST__mlst, step_4TY_cgMLST__chewbbaca","step_1PP_trimming__fastp, step_2AS_mapping__bowtie, step_4TY_cgMLST__chewbbaca, step_4TY_MLST__mlst","step_1PP_trimming__fastp, step_2AS_denovo__spades, step_4TY_MLST__mlst, step_4TY_cgMLST__chewbbaca","1053","37","4","2","8.7","Great! I will now build the pipeline with the following steps:

1. **Trimming**: Use `step_1PP_trimming__fastp` to trim the reads.
2. **Mapping**: Use `step_2AS_mapping__bowtie` to map the reads to the reference genome.
3. **Typing**: Use `step_4TY_cgMLST__chewbbaca` and `step_4TY_MLST__mlst` to run","nextflow.enable.dsl=2

// --- IMPORTS ---

include { step_4TY_cgMLST__chewbbaca } from '../steps/step_4TY_cgMLST__chewbbaca'

include { getReference; getSingleInput; optionalOrDefault; param } from '../functions/parameters.nf'

include { step_4TY_MLST__mlst } from '../steps/step_4TY_MLST__mlst'

include { step_2AS_mapping__bowtie } from '../steps/step_2AS_mapping__bowtie'

include { step_1PP_trimming__fastp } from '../steps/step_1PP_trimming__fastp'

include { extractKey } from '../functions/common.nf'

// --- GLOBALS ---

// --- INLINE PROCESSES ---

// --- SUB WORKFLOWS ---

// --- ENTRYPOINT ---
workflow {
    trimmed = step_1PP_trimming__fastp(getSingleInput()).trimmed

    trimmed.cross(getReference('fa')) { extractKey(it) }
        .multiMap {
            reads: it[0]
            refs:  it[1][1..3]
        }.set { input }

    consensus = step_2AS_mapping__bowtie(input.reads, input.refs).consensus

    step_4TY_cgMLST__chewbbaca(consensus, param('genus_species'), optionalOrDefault('schema', ''))
    step_4TY_MLST__mlst(consensus)
}","nextflow.enable.dsl=2

include { getSingleInput; optionalOrDefault; param } from '../functions/parameters.nf'
include { step_1PP_trimming__fastp } from '../steps/step_1PP_trimming__fastp'
include { step_2AS_denovo__spades } from '../steps/step_2AS_denovo__spades'
include { step_4TY_cgMLST__chewbbaca } from '../steps/step_4TY_cgMLST__chewbbaca'
include { step_4TY_MLST__mlst } from '../steps/step_4TY_MLST__mlst'
workflow {
    trimmed   = step_1PP_trimming__fastp(getSingleInput()).trimmed
    assembled = step_2AS_denovo__spades(trimmed).assembled
    step_4TY_cgMLST__chewbbaca(assembled, param('genus_species'), optionalOrDefault('schema', ''))
    step_4TY_MLST__mlst(assembled)
}
"
"MOD_D03_drop_chewbbaca_keep_mlst_eco","2","drop","(generated)","MOD_D03_drop_chewbbaca_keep_mlst_eco_t2","modification","Drop chewbbaca, keep only mlst.","Y","N","silent_no_op","No process placeholders appeared. when: clause filtered everything?","0","7","N","step_2AS_mapping__bowtie","step_2AS_denovo__spades","","step_1PP_trimming__fastp, step_2AS_mapping__bowtie, step_4TY_MLST__mlst","step_1PP_trimming__fastp, step_2AS_mapping__bowtie, step_4TY_MLST__mlst","step_1PP_trimming__fastp, step_2AS_denovo__spades, step_4TY_MLST__mlst","632","26","3","1","5.7","I will now build the pipeline with the following steps:

1. **Trimming**: Use `step_1PP_trimming__fastp` to trim the reads.
2. **Mapping**: Use `step_2AS_mapping__bowtie` to map the reads to the reference genome.
3. **Typing**: Use `step_4TY_MLST__mlst` to run MLST on the assembly.","nextflow.enable.dsl=2

// --- IMPORTS ---

include { step_1PP_trimming__fastp } from '../steps/step_1PP_trimming__fastp'

include { step_4TY_MLST__mlst } from '../steps/step_4TY_MLST__mlst'

include { getAssembly; getReference; getSingleInput } from '../functions/parameters.nf'

include { step_2AS_mapping__bowtie } from '../steps/step_2AS_mapping__bowtie'

// --- GLOBALS ---

// --- INLINE PROCESSES ---

// --- SUB WORKFLOWS ---

// --- ENTRYPOINT ---
workflow {
    trimmed = step_1PP_trimming__fastp(getSingleInput()).trimmed

    step_2AS_mapping__bowtie(trimmed, getReference('fa'))

    step_4TY_MLST__mlst(getAssembly())
}","nextflow.enable.dsl=2

include { getSingleInput; optionalOrDefault; param } from '../functions/parameters.nf'
include { step_1PP_trimming__fastp } from '../steps/step_1PP_trimming__fastp'
include { step_2AS_denovo__spades } from '../steps/step_2AS_denovo__spades'
include { step_4TY_MLST__mlst } from '../steps/step_4TY_MLST__mlst'
workflow {
    trimmed   = step_1PP_trimming__fastp(getSingleInput()).trimmed
    assembled = step_2AS_denovo__spades(trimmed).assembled
    step_4TY_MLST__mlst(assembled)
}
"
"MOD_D04_drop_mlst_keep_chewbbaca_lis","1","drop","(generated)","MOD_D04_drop_mlst_keep_chewbbaca_lis_t1","modification","Run both mlst and chewbbaca on Listeria monocytogenes from paired Illumina FASTQ.","Y","Y","none","","10","10","Y","","","","step_1PP_trimming__fastp, step_2AS_denovo__spades, step_4TY_MLST__mlst, step_4TY_cgMLST__chewbbaca","step_1PP_trimming__fastp, step_2AS_denovo__spades, step_4TY_MLST__mlst, step_4TY_cgMLST__chewbbaca","step_1PP_trimming__fastp, step_2AS_denovo__spades, step_4TY_MLST__mlst, step_4TY_cgMLST__chewbbaca","809","30","4","2","9.2","Great! I will now proceed with the pipeline design.","nextflow.enable.dsl=2

// --- IMPORTS ---

include { step_2AS_denovo__spades } from '../steps/step_2AS_denovo__spades'

include { step_1PP_trimming__fastp } from '../steps/step_1PP_trimming__fastp'

include { step_4TY_MLST__mlst } from '../steps/step_4TY_MLST__mlst'

include { getSingleInput; optionalOrDefault; param } from '../functions/parameters.nf'

include { step_4TY_cgMLST__chewbbaca } from '../steps/step_4TY_cgMLST__chewbbaca'

// --- GLOBALS ---

// --- INLINE PROCESSES ---

// --- SUB WORKFLOWS ---

// --- ENTRYPOINT ---
workflow {
    trimmed = step_1PP_trimming__fastp(getSingleInput()).trimmed

    assembled = step_2AS_denovo__spades(trimmed).assembled

    step_4TY_MLST__mlst(assembled)

    step_4TY_cgMLST__chewbbaca(assembled, param('genus_species'), optionalOrDefault('schema', ''))
}","nextflow.enable.dsl=2

include { getSingleInput; optionalOrDefault; param } from '../functions/parameters.nf'
include { step_1PP_trimming__fastp } from '../steps/step_1PP_trimming__fastp'
include { step_2AS_denovo__spades } from '../steps/step_2AS_denovo__spades'
include { step_4TY_MLST__mlst } from '../steps/step_4TY_MLST__mlst'
include { step_4TY_cgMLST__chewbbaca } from '../steps/step_4TY_cgMLST__chewbbaca'
workflow {
    trimmed   = step_1PP_trimming__fastp(getSingleInput()).trimmed
    assembled = step_2AS_denovo__spades(trimmed).assembled
    step_4TY_MLST__mlst(assembled)
    step_4TY_cgMLST__chewbbaca(assembled, param('genus_species'), optionalOrDefault('schema', ''))
}
"
"MOD_D04_drop_mlst_keep_chewbbaca_lis","2","drop","(generated)","MOD_D04_drop_mlst_keep_chewbbaca_lis_t2","modification","Drop mlst, keep only chewbbaca.","Y","N","missing_param","ERROR ~ missing required param: step_3TX_species__kmerfinder__db","0","9","N","step_3TX_species__kmerfinder","","","step_1PP_trimming__fastp, step_2AS_denovo__spades, step_3TX_species__kmerfinder, step_4TY_cgMLST__chewbbaca","step_2AS_denovo__spades, step_4TY_cgMLST__chewbbaca, step_1PP_trimming__fastp, step_3TX_species__kmerfinder","step_1PP_trimming__fastp, step_2AS_denovo__spades, step_4TY_cgMLST__chewbbaca","1201","49","4","1","8.2","I will update the pipeline to include only ChewBBaCa for cgMLST analysis. The pipeline will include the following steps:

1. **Trimming**: Use Fastp to trim the reads.
2. **Assembly**: Use SPAdes to assemble the trimmed reads.
3. **cgMLST**: Use ChewBBaCa to determine the cgMLST profile.","nextflow.enable.dsl=2

// --- IMPORTS ---

include { step_4TY_cgMLST__chewbbaca } from '../steps/step_4TY_cgMLST__chewbbaca'

include { step_2AS_denovo__spades } from '../steps/step_2AS_denovo__spades'

include { step_1PP_trimming__fastp } from '../steps/step_1PP_trimming__fastp'

include { getSingleInput } from '../functions/parameters.nf'

include { step_3TX_species__kmerfinder } from '../steps/step_3TX_species__kmerfinder'

include { extractKey } from '../functions/common.nf'

// --- GLOBALS ---

// --- INLINE PROCESSES ---

// --- SUB WORKFLOWS ---

workflow wf_assembly_and_cgmlst {
    
    take:
        
        trimmed
        
    
    main:
        spades_out = step_2AS_denovo__spades(trimmed)

        assemblyAndSpecies = spades_out.assembled.cross(assigned_species) { extractKey(it) }.multiMap {
          assembly: it[0]
          species: it[1][1]
        }

        step_4TY_cgMLST__chewbbaca(assemblyAndSpecies.assembly, assemblyAndSpecies.species, '')
    
}

// --- ENTRYPOINT ---
workflow {
    trimmed = step_1PP_trimming__fastp(getSingleInput()).trimmed

    assigned_species = step_3TX_species__kmerfinder(trimmed).assigned_species

    wf_assembly_and_cgmlst(trimmed)
}","nextflow.enable.dsl=2

include { getSingleInput; optionalOrDefault; param } from '../functions/parameters.nf'
include { step_1PP_trimming__fastp } from '../steps/step_1PP_trimming__fastp'
include { step_2AS_denovo__spades } from '../steps/step_2AS_denovo__spades'
include { step_4TY_cgMLST__chewbbaca } from '../steps/step_4TY_cgMLST__chewbbaca'
workflow {
    trimmed   = step_1PP_trimming__fastp(getSingleInput()).trimmed
    assembled = step_2AS_denovo__spades(trimmed).assembled
    step_4TY_cgMLST__chewbbaca(assembled, param('genus_species'), optionalOrDefault('schema', ''))
}
"
"MOD_D05_drop_mlst_keep_chewbbaca_sal","1","drop","(generated)","MOD_D05_drop_mlst_keep_chewbbaca_sal_t1","modification","Run both mlst and chewbbaca on Salmonella enterica from paired Illumina FASTQ.","Y","N","partial_dag","Only 3/10 expected processes appeared in the DAG","3","10","N","step_2AS_mapping__bowtie","step_2AS_denovo__spades","","step_1PP_trimming__fastp, step_2AS_mapping__bowtie, step_4TY_MLST__mlst, step_4TY_cgMLST__chewbbaca","step_1PP_trimming__fastp, step_2AS_mapping__bowtie, step_4TY_MLST__mlst, step_4TY_cgMLST__chewbbaca","step_1PP_trimming__fastp, step_2AS_denovo__spades, step_4TY_MLST__mlst, step_4TY_cgMLST__chewbbaca","791","30","4","2","8.2","I'm ready to build the pipeline. I'll use the following steps: 1. Trimming with Fastp, 2. Mapping with Bowtie, 3. MLST typing, and 4. cgMLST typing with Chewbbaca.","nextflow.enable.dsl=2

// --- IMPORTS ---

include { step_1PP_trimming__fastp } from '../steps/step_1PP_trimming__fastp'

include { step_4TY_MLST__mlst } from '../steps/step_4TY_MLST__mlst'

include { getReference; getSingleInput } from '../functions/parameters.nf'

include { step_2AS_mapping__bowtie } from '../steps/step_2AS_mapping__bowtie'

include { step_4TY_cgMLST__chewbbaca } from '../steps/step_4TY_cgMLST__chewbbaca'

// --- GLOBALS ---

// --- INLINE PROCESSES ---

// --- SUB WORKFLOWS ---

// --- ENTRYPOINT ---
workflow {
    trimmed = step_1PP_trimming__fastp(getSingleInput()).trimmed

    mapped = step_2AS_mapping__bowtie(trimmed, getReference('fa')).consensus

    step_4TY_MLST__mlst(mapped)

    step_4TY_cgMLST__chewbbaca(mapped, params.genus_species, params.schema)
}","nextflow.enable.dsl=2

include { getSingleInput; optionalOrDefault; param } from '../functions/parameters.nf'
include { step_1PP_trimming__fastp } from '../steps/step_1PP_trimming__fastp'
include { step_2AS_denovo__spades } from '../steps/step_2AS_denovo__spades'
include { step_4TY_MLST__mlst } from '../steps/step_4TY_MLST__mlst'
include { step_4TY_cgMLST__chewbbaca } from '../steps/step_4TY_cgMLST__chewbbaca'
workflow {
    trimmed   = step_1PP_trimming__fastp(getSingleInput()).trimmed
    assembled = step_2AS_denovo__spades(trimmed).assembled
    step_4TY_MLST__mlst(assembled)
    step_4TY_cgMLST__chewbbaca(assembled, param('genus_species'), optionalOrDefault('schema', ''))
}
"
"MOD_D05_drop_mlst_keep_chewbbaca_sal","2","drop","(generated)","MOD_D05_drop_mlst_keep_chewbbaca_sal_t2","modification","Drop mlst, keep only chewbbaca.","Y","N","partial_dag","Only 3/9 expected processes appeared in the DAG","3","9","N","step_2AS_mapping__bowtie","step_2AS_denovo__spades","","step_1PP_trimming__fastp, step_2AS_mapping__bowtie, step_4TY_cgMLST__chewbbaca","step_1PP_trimming__fastp, step_2AS_mapping__bowtie, step_4TY_cgMLST__chewbbaca","step_1PP_trimming__fastp, step_2AS_denovo__spades, step_4TY_cgMLST__chewbbaca","928","33","3","1","7.8","I will build a pipeline for Salmonella enterica using paired Illumina FASTQ files. The pipeline will include the following steps: 1. Trimming with Fastp, 2. Mapping with Bowtie, and 3. cgMLST typing with Chewbbaca.","nextflow.enable.dsl=2

// --- IMPORTS ---

include { step_4TY_cgMLST__chewbbaca } from '../steps/step_4TY_cgMLST__chewbbaca'

include { getReference; getSingleInput; optionalOrDefault; param } from '../functions/parameters.nf'

include { step_2AS_mapping__bowtie } from '../steps/step_2AS_mapping__bowtie'

include { step_1PP_trimming__fastp } from '../steps/step_1PP_trimming__fastp'

include { extractKey } from '../functions/common.nf'

// --- GLOBALS ---

// --- INLINE PROCESSES ---

// --- SUB WORKFLOWS ---

// --- ENTRYPOINT ---
workflow {
    trimmed = step_1PP_trimming__fastp(getSingleInput()).trimmed

    trimmed.cross(getReference('fa')) { extractKey(it) }.multiMap {
        reads: it[0]
        refs:  it[1][1..3]
    }.set { input }

    consensus = step_2AS_mapping__bowtie(input.reads, input.refs).consensus

    step_4TY_cgMLST__chewbbaca(consensus, param('genus_species'), optionalOrDefault('schema', ''))
}","nextflow.enable.dsl=2

include { getSingleInput; optionalOrDefault; param } from '../functions/parameters.nf'
include { step_1PP_trimming__fastp } from '../steps/step_1PP_trimming__fastp'
include { step_2AS_denovo__spades } from '../steps/step_2AS_denovo__spades'
include { step_4TY_cgMLST__chewbbaca } from '../steps/step_4TY_cgMLST__chewbbaca'
workflow {
    trimmed   = step_1PP_trimming__fastp(getSingleInput()).trimmed
    assembled = step_2AS_denovo__spades(trimmed).assembled
    step_4TY_cgMLST__chewbbaca(assembled, param('genus_species'), optionalOrDefault('schema', ''))
}
"
"MOD_D06_drop_abricate_keep_mlst_lis","1","drop","(generated)","MOD_D06_drop_abricate_keep_mlst_lis_t1","modification","Run both abricate and mlst on Listeria monocytogenes from paired Illumina FASTQ.","Y","N","silent_no_op","No process placeholders appeared. when: clause filtered everything?","0","8","N","step_2AS_mapping__bowtie, step_4AN_genes__prokka","step_2AS_denovo__spades","","step_1PP_trimming__fastp, step_2AS_mapping__bowtie, step_4AN_AMR__abricate, step_4AN_genes__prokka, step_4TY_MLST__mlst","step_1PP_trimming__fastp, step_2AS_mapping__bowtie, step_4AN_genes__prokka, step_4AN_AMR__abricate, step_4TY_MLST__mlst","step_1PP_trimming__fastp, step_2AS_denovo__spades, step_4AN_AMR__abricate, step_4TY_MLST__mlst","1142","42","5","2","9.2","I'm ready to build the pipeline. I'll use the following steps:

1. Trimming with Fastp
2. Mapping with Bowtie
3. Annotating with Prokka
4. AMR detection with Abricate
5. MLST typing with MLST","nextflow.enable.dsl=2

// --- IMPORTS ---

include { step_4AN_AMR__abricate } from '../steps/step_4AN_AMR__abricate'

include { extractKey; getEmpty } from '../functions/common.nf'

include { step_4AN_genes__prokka } from '../steps/step_4AN_genes__prokka'

include { getReference; getSingleInput } from '../functions/parameters.nf'

include { step_4TY_MLST__mlst } from '../steps/step_4TY_MLST__mlst'

include { step_2AS_mapping__bowtie } from '../steps/step_2AS_mapping__bowtie'

include { step_1PP_trimming__fastp } from '../steps/step_1PP_trimming__fastp'

// --- GLOBALS ---

// --- INLINE PROCESSES ---

// --- SUB WORKFLOWS ---

// --- ENTRYPOINT ---
workflow {
    trimmed = step_1PP_trimming__fastp(getSingleInput()).trimmed

    trimmed.cross(getReference('fa')) { extractKey(it) }
        .multiMap {
            reads: it[0]
            refs:  it[1][1..3]
        }.set { input }

    consensus = step_2AS_mapping__bowtie(input.reads, input.refs).consensus

    step_4AN_genes__prokka(consensus.map { [ it[0], it[1], 'Bacteria', '-', '-', getEmpty() ] })

    step_4AN_AMR__abricate(consensus)

    step_4TY_MLST__mlst(consensus)
}","nextflow.enable.dsl=2

include { getSingleInput; optionalOrDefault; param } from '../functions/parameters.nf'
include { step_1PP_trimming__fastp } from '../steps/step_1PP_trimming__fastp'
include { step_2AS_denovo__spades } from '../steps/step_2AS_denovo__spades'
include { step_4AN_AMR__abricate } from '../steps/step_4AN_AMR__abricate'
include { step_4TY_MLST__mlst } from '../steps/step_4TY_MLST__mlst'
workflow {
    trimmed   = step_1PP_trimming__fastp(getSingleInput()).trimmed
    assembled = step_2AS_denovo__spades(trimmed).assembled
    step_4AN_AMR__abricate(assembled)
    step_4TY_MLST__mlst(assembled)
}
"
"MOD_D06_drop_abricate_keep_mlst_lis","2","drop","(generated)","MOD_D06_drop_abricate_keep_mlst_lis_t2","modification","Drop abricate, keep only mlst.","Y","N","silent_no_op","No process placeholders appeared. when: clause filtered everything?","0","7","N","step_2AS_mapping__bowtie, step_4AN_genes__prokka","step_2AS_denovo__spades","","step_1PP_trimming__fastp, step_2AS_mapping__bowtie, step_4AN_genes__prokka, step_4TY_MLST__mlst","step_1PP_trimming__fastp, step_2AS_mapping__bowtie, step_4AN_genes__prokka, step_4TY_MLST__mlst","step_1PP_trimming__fastp, step_2AS_denovo__spades, step_4TY_MLST__mlst","1006","37","4","1","5.8","I can design a pipeline for you. It will use the following steps:

1. Trimming with Fastp
2. Mapping with Bowtie
3. Annotating with Prokka
4. MLST typing with MLST

Does this look good to you?","nextflow.enable.dsl=2

// --- IMPORTS ---

include { extractKey; getEmpty } from '../functions/common.nf'

include { step_4AN_genes__prokka } from '../steps/step_4AN_genes__prokka'

include { getReference; getSingleInput } from '../functions/parameters.nf'

include { step_4TY_MLST__mlst } from '../steps/step_4TY_MLST__mlst'

include { step_2AS_mapping__bowtie } from '../steps/step_2AS_mapping__bowtie'

include { step_1PP_trimming__fastp } from '../steps/step_1PP_trimming__fastp'

// --- GLOBALS ---

// --- INLINE PROCESSES ---

// --- SUB WORKFLOWS ---

// --- ENTRYPOINT ---
workflow {
    trimmed = step_1PP_trimming__fastp(getSingleInput()).trimmed

    trimmed.cross(getReference('fa')) { extractKey(it) }.multiMap {
        reads: it[0]
        refs: it[1][1..3]
    }.set { input }

    consensus = step_2AS_mapping__bowtie(input.reads, input.refs).consensus

    step_4AN_genes__prokka(consensus.map { [ it[0], it[1], 'Bacteria', '-', '-', getEmpty() ] })

    step_4TY_MLST__mlst(consensus)
}","nextflow.enable.dsl=2

include { getSingleInput; optionalOrDefault; param } from '../functions/parameters.nf'
include { step_1PP_trimming__fastp } from '../steps/step_1PP_trimming__fastp'
include { step_2AS_denovo__spades } from '../steps/step_2AS_denovo__spades'
include { step_4TY_MLST__mlst } from '../steps/step_4TY_MLST__mlst'
workflow {
    trimmed   = step_1PP_trimming__fastp(getSingleInput()).trimmed
    assembled = step_2AS_denovo__spades(trimmed).assembled
    step_4TY_MLST__mlst(assembled)
}
"
"MOD_D07_drop_abricate_keep_mlst_eco","1","drop","(generated)","MOD_D07_drop_abricate_keep_mlst_eco_t1","modification","Run both abricate and mlst on Escherichia coli from paired Illumina FASTQ.","Y","N","partial_dag","Only 3/8 expected processes appeared in the DAG","3","8","N","step_2AS_mapping__bowtie","step_2AS_denovo__spades","","step_1PP_trimming__fastp, step_2AS_mapping__bowtie, step_4AN_AMR__abricate, step_4TY_MLST__mlst","step_1PP_trimming__fastp, step_2AS_mapping__bowtie, step_4AN_AMR__abricate, step_4TY_MLST__mlst","step_1PP_trimming__fastp, step_2AS_denovo__spades, step_4AN_AMR__abricate, step_4TY_MLST__mlst","763","30","4","2","8.1","Great! I will now build the pipeline with the exact steps you approved.","nextflow.enable.dsl=2

// --- IMPORTS ---

include { step_1PP_trimming__fastp } from '../steps/step_1PP_trimming__fastp'

include { getReference; getSingleInput } from '../functions/parameters.nf'

include { step_4TY_MLST__mlst } from '../steps/step_4TY_MLST__mlst'

include { step_4AN_AMR__abricate } from '../steps/step_4AN_AMR__abricate'

include { step_2AS_mapping__bowtie } from '../steps/step_2AS_mapping__bowtie'

// --- GLOBALS ---

// --- INLINE PROCESSES ---

// --- SUB WORKFLOWS ---

// --- ENTRYPOINT ---
workflow {
    trimmed = step_1PP_trimming__fastp(getSingleInput()).trimmed

    bowtie_out = step_2AS_mapping__bowtie(trimmed, getReference('fa'))

    step_4AN_AMR__abricate(bowtie_out.consensus)

    step_4TY_MLST__mlst(bowtie_out.assembly)
}","nextflow.enable.dsl=2

include { getSingleInput; optionalOrDefault; param } from '../functions/parameters.nf'
include { step_1PP_trimming__fastp } from '../steps/step_1PP_trimming__fastp'
include { step_2AS_denovo__spades } from '../steps/step_2AS_denovo__spades'
include { step_4AN_AMR__abricate } from '../steps/step_4AN_AMR__abricate'
include { step_4TY_MLST__mlst } from '../steps/step_4TY_MLST__mlst'
workflow {
    trimmed   = step_1PP_trimming__fastp(getSingleInput()).trimmed
    assembled = step_2AS_denovo__spades(trimmed).assembled
    step_4AN_AMR__abricate(assembled)
    step_4TY_MLST__mlst(assembled)
}
"
"MOD_D07_drop_abricate_keep_mlst_eco","2","drop","(generated)","MOD_D07_drop_abricate_keep_mlst_eco_t2","modification","Drop abricate, keep only mlst.","Y","N","partial_dag","Only 3/7 expected processes appeared in the DAG","3","7","N","step_2AS_mapping__bowtie","step_2AS_denovo__spades","","step_1PP_trimming__fastp, step_2AS_mapping__bowtie, step_4TY_MLST__mlst","step_1PP_trimming__fastp, step_2AS_mapping__bowtie, step_4TY_MLST__mlst","step_1PP_trimming__fastp, step_2AS_denovo__spades, step_4TY_MLST__mlst","824","33","3","1","5.8","I will now build the pipeline with the following steps:

1. Trim reads with Fastp (step_1PP_trimming__fastp)
2. Map reads to a reference genome with Bowtie (step_2AS_mapping__bowtie)
3. Run MLST (step_4TY_MLST__mlst)","nextflow.enable.dsl=2

// --- IMPORTS ---

include { step_1PP_trimming__fastp } from '../steps/step_1PP_trimming__fastp'

include { getReference; getSingleInput } from '../functions/parameters.nf'

include { step_4TY_MLST__mlst } from '../steps/step_4TY_MLST__mlst'

include { step_2AS_mapping__bowtie } from '../steps/step_2AS_mapping__bowtie'

include { extractKey } from '../functions/common.nf'

// --- GLOBALS ---

// --- INLINE PROCESSES ---

// --- SUB WORKFLOWS ---

// --- ENTRYPOINT ---
workflow {
    trimmed = step_1PP_trimming__fastp(getSingleInput()).trimmed

    trimmed.cross(getReference('fa')) { extractKey(it) }.multiMap {
        reads: it[0]
        refs:  it[1][1..3]
    }.set { input }

    consensus = step_2AS_mapping__bowtie(input.reads, input.refs).consensus

    step_4TY_MLST__mlst(consensus)
}","nextflow.enable.dsl=2

include { getSingleInput; optionalOrDefault; param } from '../functions/parameters.nf'
include { step_1PP_trimming__fastp } from '../steps/step_1PP_trimming__fastp'
include { step_2AS_denovo__spades } from '../steps/step_2AS_denovo__spades'
include { step_4TY_MLST__mlst } from '../steps/step_4TY_MLST__mlst'
workflow {
    trimmed   = step_1PP_trimming__fastp(getSingleInput()).trimmed
    assembled = step_2AS_denovo__spades(trimmed).assembled
    step_4TY_MLST__mlst(assembled)
}
"
"MOD_D08_drop_abricate_keep_mlst_sal","1","drop","(generated)","MOD_D08_drop_abricate_keep_mlst_sal_t1","modification","Run both abricate and mlst on Salmonella enterica from paired Illumina FASTQ.","Y","N","missing_param","ERROR ~ missing required param: multi_clustering__reportree__summary_columns","0","8","N","step_4AN_genes__prokka","","","step_1PP_trimming__fastp, step_2AS_denovo__spades, step_4AN_AMR__abricate, step_4AN_genes__prokka, step_4TY_MLST__mlst","step_1PP_trimming__fastp, step_2AS_denovo__spades, step_4AN_genes__prokka, step_4AN_AMR__abricate, step_4TY_MLST__mlst","step_1PP_trimming__fastp, step_2AS_denovo__spades, step_4AN_AMR__abricate, step_4TY_MLST__mlst","1348","52","5","2","9.2","I'm ready to build the pipeline. I'll use the exact steps you approved.","nextflow.enable.dsl=2

// --- IMPORTS ---

include { step_4AN_AMR__abricate } from '../steps/step_4AN_AMR__abricate'

include { getEmpty } from '../functions/common.nf'

include { getSingleInput; getVCFs; optionalOrDefault; param } from '../functions/parameters.nf'

include { step_4AN_genes__prokka } from '../steps/step_4AN_genes__prokka'

include { step_2AS_denovo__spades } from '../steps/step_2AS_denovo__spades'

include { step_4TY_MLST__mlst } from '../steps/step_4TY_MLST__mlst'

include { step_1PP_trimming__fastp } from '../steps/step_1PP_trimming__fastp'

include { multi_clustering__reportree } from '../multi/multi_clustering__reportree'

// --- GLOBALS ---

// --- INLINE PROCESSES ---

// --- SUB WORKFLOWS ---

workflow module_surveillance {
    
    take:
        
        input
        
    
    main:
        multi_clustering__reportree(input, param('metadata'), param('geodata'), optionalOrDefault('multi_clustering__reportree__nomenclature', getEmpty()))
    
}

// --- ENTRYPOINT ---
workflow {
    trimmed = step_1PP_trimming__fastp(getSingleInput()).trimmed

    assembly = step_2AS_denovo__spades(trimmed).assembled

    step_4AN_genes__prokka(assembly.map { [ it[0], it[1], 'Bacteria', '-', '-', getEmpty() ] })

    step_4AN_AMR__abricate(assembly)

    step_4TY_MLST__mlst(assembly)

    module_surveillance(getVCFs())
}","nextflow.enable.dsl=2

include { getSingleInput; optionalOrDefault; param } from '../functions/parameters.nf'
include { step_1PP_trimming__fastp } from '../steps/step_1PP_trimming__fastp'
include { step_2AS_denovo__spades } from '../steps/step_2AS_denovo__spades'
include { step_4AN_AMR__abricate } from '../steps/step_4AN_AMR__abricate'
include { step_4TY_MLST__mlst } from '../steps/step_4TY_MLST__mlst'
workflow {
    trimmed   = step_1PP_trimming__fastp(getSingleInput()).trimmed
    assembled = step_2AS_denovo__spades(trimmed).assembled
    step_4AN_AMR__abricate(assembled)
    step_4TY_MLST__mlst(assembled)
}
"
"MOD_D08_drop_abricate_keep_mlst_sal","2","drop","(generated)","MOD_D08_drop_abricate_keep_mlst_sal_t2","modification","Drop abricate, keep only mlst.","Y","Y","none","","8","7","N","step_4AN_genes__prokka","","","step_1PP_trimming__fastp, step_2AS_denovo__spades, step_4AN_genes__prokka, step_4TY_MLST__mlst","step_1PP_trimming__fastp, step_2AS_denovo__spades, step_4AN_genes__prokka, step_4TY_MLST__mlst","step_1PP_trimming__fastp, step_2AS_denovo__spades, step_4TY_MLST__mlst","822","32","4","1","9.3","I can build a pipeline for you using the following steps:

1. **Trimming**: Use `step_1PP_trimming__fastp` to trim the reads.
2. **Assembly**: Use `step_2AS_denovo__spades` to assemble the trimmed reads.
3. **Annotation**: Use `step_4AN_genes__prokka` to annotate the assembly.
4. **MLST**: Use `step","nextflow.enable.dsl=2

// --- IMPORTS ---

include { step_1PP_trimming__fastp } from '../steps/step_1PP_trimming__fastp'

include { step_4TY_MLST__mlst } from '../steps/step_4TY_MLST__mlst'

include { getEmpty } from '../functions/common.nf'

include { step_2AS_denovo__spades } from '../steps/step_2AS_denovo__spades'

include { step_4AN_genes__prokka } from '../steps/step_4AN_genes__prokka'

include { getSingleInput } from '../functions/parameters.nf'

// --- GLOBALS ---

// --- INLINE PROCESSES ---

// --- SUB WORKFLOWS ---

// --- ENTRYPOINT ---
workflow {
    trimmed = step_1PP_trimming__fastp(getSingleInput()).trimmed

    assembly = step_2AS_denovo__spades(trimmed).assembled

    step_4AN_genes__prokka(assembly.map { [ it[0], it[1], 'Bacteria', '-', '-', getEmpty() ] })

    step_4TY_MLST__mlst(assembly)
}","nextflow.enable.dsl=2

include { getSingleInput; optionalOrDefault; param } from '../functions/parameters.nf'
include { step_1PP_trimming__fastp } from '../steps/step_1PP_trimming__fastp'
include { step_2AS_denovo__spades } from '../steps/step_2AS_denovo__spades'
include { step_4TY_MLST__mlst } from '../steps/step_4TY_MLST__mlst'
workflow {
    trimmed   = step_1PP_trimming__fastp(getSingleInput()).trimmed
    assembled = step_2AS_denovo__spades(trimmed).assembled
    step_4TY_MLST__mlst(assembled)
}
"
"MOD_D09_drop_prokka_keep_mlst_sal","1","drop","(generated)","MOD_D09_drop_prokka_keep_mlst_sal_t1","modification","Run both prokka and mlst on Salmonella enterica from paired Illumina FASTQ.","Y","N","silent_no_op","No process placeholders appeared. when: clause filtered everything?","0","8","N","step_2AS_mapping__bowtie","step_1PP_trimming__fastp, step_2AS_denovo__spades","","step_2AS_mapping__bowtie, step_4AN_genes__prokka, step_4TY_MLST__mlst","step_2AS_mapping__bowtie, step_4AN_genes__prokka, step_4TY_MLST__mlst","step_1PP_trimming__fastp, step_2AS_denovo__spades, step_4AN_genes__prokka, step_4TY_MLST__mlst","784","29","3","2","7.5","Great! I will now proceed with building the pipeline for Salmonella enterica using Prokka and MLST.","nextflow.enable.dsl=2

// --- IMPORTS ---

include { getReference; getSingleInput } from '../functions/parameters.nf'

include { step_4TY_MLST__mlst } from '../steps/step_4TY_MLST__mlst'

include { getEmpty } from '../functions/common.nf'

include { step_2AS_mapping__bowtie } from '../steps/step_2AS_mapping__bowtie'

include { step_4AN_genes__prokka } from '../steps/step_4AN_genes__prokka'

// --- GLOBALS ---

// --- INLINE PROCESSES ---

// --- SUB WORKFLOWS ---

// --- ENTRYPOINT ---
workflow {
    reads = getSingleInput()
    reference = getReference('fa')

    mapped = step_2AS_mapping__bowtie(reads, reference)
    step_4AN_genes__prokka(mapped.consensus.map { [ it[0], it[1], 'Bacteria', '-', '-', getEmpty() ] })
    step_4TY_MLST__mlst(mapped.consensus.map { it[1] })
}","nextflow.enable.dsl=2

include { getSingleInput; optionalOrDefault; param } from '../functions/parameters.nf'
include { step_1PP_trimming__fastp } from '../steps/step_1PP_trimming__fastp'
include { step_2AS_denovo__spades } from '../steps/step_2AS_denovo__spades'
include { step_4AN_genes__prokka } from '../steps/step_4AN_genes__prokka'
include { step_4TY_MLST__mlst } from '../steps/step_4TY_MLST__mlst'
workflow {
    trimmed   = step_1PP_trimming__fastp(getSingleInput()).trimmed
    assembled = step_2AS_denovo__spades(trimmed).assembled
    step_4AN_genes__prokka(assembled)
    step_4TY_MLST__mlst(assembled)
}
"
"MOD_D09_drop_prokka_keep_mlst_sal","2","drop","(generated)","MOD_D09_drop_prokka_keep_mlst_sal_t2","modification","Drop prokka, keep only mlst.","N","N","no_code","http exception: HTTPConnectionPool(host='127.0.0.1', port=8765): Read timed out. (read timeout=180)","0","7","N","","step_1PP_trimming__fastp, step_2AS_denovo__spades, step_4TY_MLST__mlst","","","","step_1PP_trimming__fastp, step_2AS_denovo__spades, step_4TY_MLST__mlst","0","0","0","1","180.1","","","nextflow.enable.dsl=2

include { getSingleInput; optionalOrDefault; param } from '../functions/parameters.nf'
include { step_1PP_trimming__fastp } from '../steps/step_1PP_trimming__fastp'
include { step_2AS_denovo__spades } from '../steps/step_2AS_denovo__spades'
include { step_4TY_MLST__mlst } from '../steps/step_4TY_MLST__mlst'
workflow {
    trimmed   = step_1PP_trimming__fastp(getSingleInput()).trimmed
    assembled = step_2AS_denovo__spades(trimmed).assembled
    step_4TY_MLST__mlst(assembled)
}
"
"MOD_D10_drop_prokka_keep_abricate_lis","1","drop","(generated)","MOD_D10_drop_prokka_keep_abricate_lis_t1","modification","Run both prokka and abricate on Listeria monocytogenes from paired Illumina FASTQ.","Y","N","silent_no_op","No process placeholders appeared. when: clause filtered everything?","0","8","N","step_2AS_mapping__bowtie","step_2AS_denovo__spades","","step_1PP_trimming__fastp, step_2AS_mapping__bowtie, step_4AN_AMR__abricate, step_4AN_genes__prokka","step_1PP_trimming__fastp, step_2AS_mapping__bowtie, step_4AN_genes__prokka, step_4AN_AMR__abricate","step_1PP_trimming__fastp, step_2AS_denovo__spades, step_4AN_AMR__abricate, step_4AN_genes__prokka","1414","66","4","2","10.1","I'm ready to build the pipeline. I'll use the following tools: Fastp, Bowtie, Prokka, and Abricate. The pipeline will be built using the following steps: 1. Trimming with Fastp, 2. Mapping with Bowtie, 3. Annotation with Prokka, and 4. AMR identification with Abricate.","nextflow.enable.dsl=2

// --- IMPORTS ---

include { step_4AN_AMR__abricate } from '../steps/step_4AN_AMR__abricate'

include { extractKey; getEmpty } from '../functions/common.nf'

include { step_4AN_genes__prokka } from '../steps/step_4AN_genes__prokka'

include { step_1PP_trimming__fastp } from '../steps/step_1PP_trimming__fastp'

include { getReference; getSingleInput } from '../functions/parameters.nf'

include { step_2AS_mapping__bowtie } from '../steps/step_2AS_mapping__bowtie'

// --- GLOBALS ---

// --- INLINE PROCESSES ---

// --- SUB WORKFLOWS ---

workflow wf_trim_and_map {
    
    take:
        
        rawreads
        
        reference
        
    
    main:
        trimmed = step_1PP_trimming__fastp(rawreads).trimmed

        trimmed.cross(reference) { extractKey(it) }.multiMap {
            reads: it[0]
            refs:  it[1][1..3]
        }.set { input }

        consensus = step_2AS_mapping__bowtie(input.reads, input.refs).consensus
    
    emit:
        
        consensus
        
    
}

workflow wf_annotate_and_amr {
    
    take:
        
        assembly
        
    
    main:
        step_4AN_genes__prokka(assembly.map { [ it[0], it[1], 'Bacteria', '-', '-', getEmpty() ] })
        step_4AN_AMR__abricate(assembly)
    
}

// --- ENTRYPOINT ---
workflow {
    consensus = wf_trim_and_map(getSingleInput(), getReference('fa'))
    wf_annotate_and_amr(consensus)
}","nextflow.enable.dsl=2

include { getSingleInput; optionalOrDefault; param } from '../functions/parameters.nf'
include { step_1PP_trimming__fastp } from '../steps/step_1PP_trimming__fastp'
include { step_2AS_denovo__spades } from '../steps/step_2AS_denovo__spades'
include { step_4AN_genes__prokka } from '../steps/step_4AN_genes__prokka'
include { step_4AN_AMR__abricate } from '../steps/step_4AN_AMR__abricate'
workflow {
    trimmed   = step_1PP_trimming__fastp(getSingleInput()).trimmed
    assembled = step_2AS_denovo__spades(trimmed).assembled
    step_4AN_genes__prokka(assembled)
    step_4AN_AMR__abricate(assembled)
}
"
"MOD_D10_drop_prokka_keep_abricate_lis","2","drop","(generated)","MOD_D10_drop_prokka_keep_abricate_lis_t2","modification","Drop prokka, keep only abricate.","Y","N","partial_dag","Only 3/7 expected processes appeared in the DAG","3","7","N","step_2AS_mapping__bowtie","step_2AS_denovo__spades","","step_1PP_trimming__fastp, step_2AS_mapping__bowtie, step_4AN_AMR__abricate","step_1PP_trimming__fastp, step_2AS_mapping__bowtie, step_4AN_AMR__abricate","step_1PP_trimming__fastp, step_2AS_denovo__spades, step_4AN_AMR__abricate","640","26","3","2","7.4","I can build a pipeline for Listeria monocytogenes using Abricate. The pipeline will include the following steps:

1. **Trimming**: Use Fastp to trim the reads.
2. **Mapping**: Use Bowtie to map the reads to the reference genome.
3. **AMR**: Use Abricate to identify AMR genes.","nextflow.enable.dsl=2

// --- IMPORTS ---

include { step_1PP_trimming__fastp } from '../steps/step_1PP_trimming__fastp'

include { getReference; getSingleInput } from '../functions/parameters.nf'

include { step_4AN_AMR__abricate } from '../steps/step_4AN_AMR__abricate'

include { step_2AS_mapping__bowtie } from '../steps/step_2AS_mapping__bowtie'

// --- GLOBALS ---

// --- INLINE PROCESSES ---

// --- SUB WORKFLOWS ---

// --- ENTRYPOINT ---
workflow {
    trimmed = step_1PP_trimming__fastp(getSingleInput()).trimmed

    mapped = step_2AS_mapping__bowtie(trimmed, getReference('fa')).consensus

    step_4AN_AMR__abricate(mapped)
}","nextflow.enable.dsl=2

include { getSingleInput; optionalOrDefault; param } from '../functions/parameters.nf'
include { step_1PP_trimming__fastp } from '../steps/step_1PP_trimming__fastp'
include { step_2AS_denovo__spades } from '../steps/step_2AS_denovo__spades'
include { step_4AN_AMR__abricate } from '../steps/step_4AN_AMR__abricate'
workflow {
    trimmed   = step_1PP_trimming__fastp(getSingleInput()).trimmed
    assembled = step_2AS_denovo__spades(trimmed).assembled
    step_4AN_AMR__abricate(assembled)
}
"
"MOD_D11_drop_flaA_keep_mlst_cam","1","drop","(generated)","MOD_D11_drop_flaA_keep_mlst_cam_t1","modification","Run both flaA and mlst on Campylobacter jejuni from paired Illumina FASTQ.","Y","N","partial_dag","Only 5/8 expected processes appeared in the DAG","5","8","N","step_1PP_hostdepl__bowtie","step_1PP_trimming__fastp, step_4TY_MLST__mlst, step_4TY_flaA__flaA","","step_1PP_hostdepl__bowtie, step_2AS_denovo__spades","step_1PP_hostdepl__bowtie, step_2AS_denovo__spades","step_1PP_trimming__fastp, step_2AS_denovo__spades, step_4TY_MLST__mlst, step_4TY_flaA__flaA","1206","57","2","2","10.2","I'm glad you're satisfied with the plan! I will now proceed with building the pipeline as we discussed. The pipeline will include trimming, host depletion, de novo assembly, and running both flaA and MLST on the assembly. I will use the following tools: Fastp for trimming, Bowtie for host depletion,","nextflow.enable.dsl=2

// --- IMPORTS ---

include { getHost; getSingleInput } from '../functions/parameters.nf'

include { step_2AS_denovo__spades } from '../steps/step_2AS_denovo__spades'

include { step_1PP_hostdepl__bowtie } from '../steps/step_1PP_hostdepl__bowtie'

include { extractKey } from '../functions/common.nf'

// --- GLOBALS ---

// --- INLINE PROCESSES ---

// --- SUB WORKFLOWS ---

workflow module_denovo {
    
    take:
        
        trimmedReads
        
        host
        
    
    main:
        trimmedReads.cross(host) { extractKey(it) }
            .map { [ it[0][0], it[0][1], it[1][1] ] } //riscd, reads, host
            .branch {
                with_host: it[1][1]
                without_host: true
            }
        .set { branchedTrimmed }

        depleted = step_1PP_hostdepl__bowtie(branchedTrimmed.with_host)

        branchedTrimmed.without_host
            .mix(depleted)
            .map { it[0,1] }
            .set{ denovoInput }
        assembled = step_2AS_denovo__spades(denovoInput)
    
    emit:
        
        assembled
        
        depleted
        
    
}

// --- ENTRYPOINT ---
workflow {
    module_denovo(getSingleInput(), getHost())
}","nextflow.enable.dsl=2

include { getSingleInput; optionalOrDefault; param } from '../functions/parameters.nf'
include { step_1PP_trimming__fastp } from '../steps/step_1PP_trimming__fastp'
include { step_2AS_denovo__spades } from '../steps/step_2AS_denovo__spades'
include { step_4TY_flaA__flaA } from '../steps/step_4TY_flaA__flaA'
include { step_4TY_MLST__mlst } from '../steps/step_4TY_MLST__mlst'
workflow {
    trimmed   = step_1PP_trimming__fastp(getSingleInput()).trimmed
    assembled = step_2AS_denovo__spades(trimmed).assembled
    step_4TY_flaA__flaA(assembled, param('genus_species'))
    step_4TY_MLST__mlst(assembled)
}
"
"MOD_D11_drop_flaA_keep_mlst_cam","2","drop","(generated)","MOD_D11_drop_flaA_keep_mlst_cam_t2","modification","Drop flaA, keep only mlst.","Y","N","partial_dag","Only 5/7 expected processes appeared in the DAG","5","7","N","step_1PP_hostdepl__bowtie","step_1PP_trimming__fastp, step_4TY_MLST__mlst","","step_1PP_hostdepl__bowtie, step_2AS_denovo__spades","step_1PP_hostdepl__bowtie, step_2AS_denovo__spades","step_1PP_trimming__fastp, step_2AS_denovo__spades, step_4TY_MLST__mlst","1206","57","2","2","19.1","I will update the pipeline to include only MLST. The pipeline will include trimming, host depletion, de novo assembly, and MLST.","nextflow.enable.dsl=2

// --- IMPORTS ---

include { getHost; getSingleInput } from '../functions/parameters.nf'

include { step_2AS_denovo__spades } from '../steps/step_2AS_denovo__spades'

include { step_1PP_hostdepl__bowtie } from '../steps/step_1PP_hostdepl__bowtie'

include { extractKey } from '../functions/common.nf'

// --- GLOBALS ---

// --- INLINE PROCESSES ---

// --- SUB WORKFLOWS ---

workflow module_denovo {
    
    take:
        
        trimmedReads
        
        host
        
    
    main:
        trimmedReads.cross(host) { extractKey(it) }
            .map { [ it[0][0], it[0][1], it[1][1] ] } //riscd, reads, host
            .branch {
                with_host: it[1][1]
                without_host: true
            }
        .set { branchedTrimmed }

        depleted = step_1PP_hostdepl__bowtie(branchedTrimmed.with_host)

        branchedTrimmed.without_host
            .mix(depleted)
            .map { it[0,1] }
            .set{ denovoInput }
        assembled = step_2AS_denovo__spades(denovoInput)
    
    emit:
        
        assembled
        
        depleted
        
    
}

// --- ENTRYPOINT ---
workflow {
    module_denovo(getSingleInput(), getHost())
}","nextflow.enable.dsl=2

include { getSingleInput; optionalOrDefault; param } from '../functions/parameters.nf'
include { step_1PP_trimming__fastp } from '../steps/step_1PP_trimming__fastp'
include { step_2AS_denovo__spades } from '../steps/step_2AS_denovo__spades'
include { step_4TY_MLST__mlst } from '../steps/step_4TY_MLST__mlst'
workflow {
    trimmed   = step_1PP_trimming__fastp(getSingleInput()).trimmed
    assembled = step_2AS_denovo__spades(trimmed).assembled
    step_4TY_MLST__mlst(assembled)
}
"
"MOD_D12_drop_staramr_keep_mlst_cam","1","drop","(generated)","MOD_D12_drop_staramr_keep_mlst_cam_t1","modification","Run both staramr and mlst on Campylobacter jejuni from paired Illumina FASTQ.","Y","N","missing_param","ERROR ~ missing required param: step_3TX_species__kmerfinder__db","0","8","N","step_2AS_mapping__bowtie, step_3TX_species__kmerfinder","step_2AS_denovo__spades","","step_1PP_trimming__fastp, step_2AS_mapping__bowtie, step_3TX_species__kmerfinder, step_4AN_AMR__staramr, step_4TY_MLST__mlst","step_1PP_trimming__fastp, step_2AS_mapping__bowtie, step_3TX_species__kmerfinder, step_4AN_AMR__staramr, step_4TY_MLST__mlst","step_1PP_trimming__fastp, step_2AS_denovo__spades, step_4AN_AMR__staramr, step_4TY_MLST__mlst","907","34","5","2","9.4","I'm ready to build the pipeline. I'll use the following components:

1. Trimming with Fastp
2. Mapping with Bowtie
3. Species identification with KmerFinder
4. AMR detection with Staramr
5. MLST typing","nextflow.enable.dsl=2

// --- IMPORTS ---

include { step_1PP_trimming__fastp } from '../steps/step_1PP_trimming__fastp'

include { getReference; getSingleInput } from '../functions/parameters.nf'

include { step_4TY_MLST__mlst } from '../steps/step_4TY_MLST__mlst'

include { step_2AS_mapping__bowtie } from '../steps/step_2AS_mapping__bowtie'

include { step_4AN_AMR__staramr } from '../steps/step_4AN_AMR__staramr'

include { step_3TX_species__kmerfinder } from '../steps/step_3TX_species__kmerfinder'

// --- GLOBALS ---

// --- INLINE PROCESSES ---

// --- SUB WORKFLOWS ---

// --- ENTRYPOINT ---
workflow {
    trimmed = step_1PP_trimming__fastp(getSingleInput()).trimmed

    mapped = step_2AS_mapping__bowtie(trimmed, getReference('fa')).consensus

    species = step_3TX_species__kmerfinder(mapped).assigned_species

    step_4AN_AMR__staramr(mapped, species[1])

    step_4TY_MLST__mlst(mapped)
}","nextflow.enable.dsl=2

include { getSingleInput; optionalOrDefault; param } from '../functions/parameters.nf'
include { step_1PP_trimming__fastp } from '../steps/step_1PP_trimming__fastp'
include { step_2AS_denovo__spades } from '../steps/step_2AS_denovo__spades'
include { step_4AN_AMR__staramr } from '../steps/step_4AN_AMR__staramr'
include { step_4TY_MLST__mlst } from '../steps/step_4TY_MLST__mlst'
workflow {
    trimmed   = step_1PP_trimming__fastp(getSingleInput()).trimmed
    assembled = step_2AS_denovo__spades(trimmed).assembled
    step_4AN_AMR__staramr(assembled, param('genus_species'))
    step_4TY_MLST__mlst(assembled)
}
"
"MOD_D12_drop_staramr_keep_mlst_cam","2","drop","(generated)","MOD_D12_drop_staramr_keep_mlst_cam_t2","modification","Drop staramr, keep only mlst.","Y","N","missing_param","ERROR ~ missing required param: step_3TX_species__kmerfinder__db","0","7","N","step_2AS_mapping__bowtie, step_3TX_species__kmerfinder","step_2AS_denovo__spades","","step_1PP_trimming__fastp, step_2AS_mapping__bowtie, step_3TX_species__kmerfinder, step_4TY_MLST__mlst","step_1PP_trimming__fastp, step_2AS_mapping__bowtie, step_3TX_species__kmerfinder, step_4TY_MLST__mlst","step_1PP_trimming__fastp, step_2AS_denovo__spades, step_4TY_MLST__mlst","812","30","4","2","16.1","I'm ready to build the pipeline. I'll use the following components:

1. Trimming with Fastp
2. Mapping with Bowtie
3. Species identification with KmerFinder
4. MLST typing","nextflow.enable.dsl=2

// --- IMPORTS ---

include { step_1PP_trimming__fastp } from '../steps/step_1PP_trimming__fastp'

include { getReference; getSingleInput } from '../functions/parameters.nf'

include { step_4TY_MLST__mlst } from '../steps/step_4TY_MLST__mlst'

include { step_2AS_mapping__bowtie } from '../steps/step_2AS_mapping__bowtie'

include { step_3TX_species__kmerfinder } from '../steps/step_3TX_species__kmerfinder'

// --- GLOBALS ---

// --- INLINE PROCESSES ---

// --- SUB WORKFLOWS ---

// --- ENTRYPOINT ---
workflow {
    trimmed = step_1PP_trimming__fastp(getSingleInput()).trimmed

    consensus = step_2AS_mapping__bowtie(trimmed, getReference('fa')).consensus

    assigned_species = step_3TX_species__kmerfinder(consensus).assigned_species

    step_4TY_MLST__mlst(assigned_species)
}","nextflow.enable.dsl=2

include { getSingleInput; optionalOrDefault; param } from '../functions/parameters.nf'
include { step_1PP_trimming__fastp } from '../steps/step_1PP_trimming__fastp'
include { step_2AS_denovo__spades } from '../steps/step_2AS_denovo__spades'
include { step_4TY_MLST__mlst } from '../steps/step_4TY_MLST__mlst'
workflow {
    trimmed   = step_1PP_trimming__fastp(getSingleInput()).trimmed
    assembled = step_2AS_denovo__spades(trimmed).assembled
    step_4TY_MLST__mlst(assembled)
}
"
"MOD_DA01_drop_assembly_lis","1","drop","(generated)","MOD_DA01_drop_assembly_lis_t1","modification","Trim + assemble Listeria monocytogenes from paired Illumina FASTQ (fastp + SPAdes).","Y","Y","none","","6","6","Y","","","","step_1PP_trimming__fastp, step_2AS_denovo__spades","step_1PP_trimming__fastp, step_2AS_denovo__spades","step_1PP_trimming__fastp, step_2AS_denovo__spades","495","22","2","2","7.1","I'm glad you're satisfied with the plan. I'll proceed with the following steps:

1. Trimming: Use `step_1PP_trimming__fastp` to trim the paired Illumina FASTQ files.
2. Assembly: Use `step_2AS_denovo__spades` to assemble the trimmed reads.","nextflow.enable.dsl=2

// --- IMPORTS ---

include { step_1PP_trimming__fastp } from '../steps/step_1PP_trimming__fastp'

include { getSingleInput } from '../functions/parameters.nf'

include { step_2AS_denovo__spades } from '../steps/step_2AS_denovo__spades'

// --- GLOBALS ---

// --- INLINE PROCESSES ---

// --- SUB WORKFLOWS ---

// --- ENTRYPOINT ---
workflow {
    trimmed = step_1PP_trimming__fastp(getSingleInput()).trimmed

    assembled = step_2AS_denovo__spades(trimmed).assembled
}","nextflow.enable.dsl=2

include { getSingleInput; optionalOrDefault; param } from '../functions/parameters.nf'
include { step_1PP_trimming__fastp } from '../steps/step_1PP_trimming__fastp'
include { step_2AS_denovo__spades } from '../steps/step_2AS_denovo__spades'
workflow {
    trimmed   = step_1PP_trimming__fastp(getSingleInput()).trimmed
    assembled = step_2AS_denovo__spades(trimmed).assembled
}
"
"MOD_DA01_drop_assembly_lis","2","drop","(generated)","MOD_DA01_drop_assembly_lis_t2","modification","Drop the assembly step and just trim the reads.","Y","Y","none","","3","3","Y","","","","step_1PP_trimming__fastp","step_1PP_trimming__fastp","step_1PP_trimming__fastp","1677","68","1","1","7.0","I will remove the assembly step and only trim the reads using `step_1PP_trimming__fastp`.","nextflow.enable.dsl=2

// --- IMPORTS ---

include { getInput; hasEnoughFastqData; hasFastqData; isIlluminaPaired; isIonTorrent; isNanopore } from '../functions/parameters.nf'

include { isBacterium } from '../functions/sampletypes.nf'

include { step_1PP_trimming__fastp } from '../steps/step_1PP_trimming__fastp'

// --- GLOBALS ---

// --- INLINE PROCESSES ---

// --- SUB WORKFLOWS ---

workflow module_reads_processing {
    
    take:
        
        rawReads
        
    
    main:
        rawReads.branch {
            with_data: hasFastqData(it[1])
            no_reads: true
        }
        .set { rawreads_branched }

        rawreads_branched.with_data.branch {
            illumina: isIlluminaPaired(it[1])
            ion: isIonTorrent(it[1])
            nanopore: isNanopore(it[1])
            other: true // won't be processed
        }
        .set { trimming_by_seqtype }

        trimming_by_seqtype.illumina.branch {
            bacteria: isBacterium(it)
            other: true
        }
        .set { trimming_illumina }

        // fastp
        trimmed_by_fastp = step_1PP_trimming__fastp(trimming_by_seqtype.ion.mix(trimming_illumina.bacteria)).trimmed

        trimmed_by_fastp.branch {
            with_data: hasEnoughFastqData(it[1])
            insufficient_number_of_reads: true
        }
        .set { trimmed_branched }
    
    emit:
        
        no_reads = rawreads_branched.no_reads
        
        trimmed_with_data = trimmed_branched.with_data
        
        insufficient_number_of_reads = trimmed_branched.insufficient_number_of_reads
        
    
}

// --- ENTRYPOINT ---
workflow {
    module_reads_processing(getInput())
}","nextflow.enable.dsl=2

include { getSingleInput; optionalOrDefault; param } from '../functions/parameters.nf'
include { step_1PP_trimming__fastp } from '../steps/step_1PP_trimming__fastp'
workflow {
    step_1PP_trimming__fastp(getSingleInput())
}
"
"MOD_DA02_drop_assembly_eco","1","drop","(generated)","MOD_DA02_drop_assembly_eco_t1","modification","Trim + assemble Escherichia coli from paired Illumina FASTQ (fastp + SPAdes).","Y","N","partial_dag","Only 5/6 expected processes appeared in the DAG","5","6","N","step_1PP_hostdepl__bowtie","step_1PP_trimming__fastp","","step_1PP_hostdepl__bowtie, step_2AS_denovo__spades","step_1PP_hostdepl__bowtie, step_2AS_denovo__spades","step_1PP_trimming__fastp, step_2AS_denovo__spades","1206","57","2","2","7.7","I will build a pipeline for trimming and assembling Escherichia coli from paired Illumina FASTQ using fastp and SPAdes. This will use the module_denovo template, which includes host depletion with bowtie and SPAdes assembly.","nextflow.enable.dsl=2

// --- IMPORTS ---

include { getHost; getSingleInput } from '../functions/parameters.nf'

include { step_2AS_denovo__spades } from '../steps/step_2AS_denovo__spades'

include { step_1PP_hostdepl__bowtie } from '../steps/step_1PP_hostdepl__bowtie'

include { extractKey } from '../functions/common.nf'

// --- GLOBALS ---

// --- INLINE PROCESSES ---

// --- SUB WORKFLOWS ---

workflow module_denovo {
    
    take:
        
        trimmedReads
        
        host
        
    
    main:
        trimmedReads.cross(host) { extractKey(it) }
            .map { [ it[0][0], it[0][1], it[1][1] ] } //riscd, reads, host
            .branch {
                with_host: it[1][1]
                without_host: true
            }
        .set { branchedTrimmed }

        depleted = step_1PP_hostdepl__bowtie(branchedTrimmed.with_host)

        branchedTrimmed.without_host
            .mix(depleted)
            .map { it[0,1] }
            .set{ denovoInput }
        assembled = step_2AS_denovo__spades(denovoInput)
    
    emit:
        
        assembled
        
        depleted
        
    
}

// --- ENTRYPOINT ---
workflow {
    module_denovo(getSingleInput(), getHost())
}","nextflow.enable.dsl=2

include { getSingleInput; optionalOrDefault; param } from '../functions/parameters.nf'
include { step_1PP_trimming__fastp } from '../steps/step_1PP_trimming__fastp'
include { step_2AS_denovo__spades } from '../steps/step_2AS_denovo__spades'
workflow {
    trimmed   = step_1PP_trimming__fastp(getSingleInput()).trimmed
    assembled = step_2AS_denovo__spades(trimmed).assembled
}
"
"MOD_DA02_drop_assembly_eco","2","drop","(generated)","MOD_DA02_drop_assembly_eco_t2","modification","Drop the assembly step and just trim the reads.","Y","N","missing_param","ERROR ~ missing required param: step_3TX_class__kraken__db_kraken","0","3","N","","step_1PP_trimming__fastp","","","","step_1PP_trimming__fastp","327","18","0","2","10.9","I can build a pipeline for trimming Escherichia coli from paired Illumina FASTQ using fastp. This will use the module_reads_processing template, which includes trimming with fastp and kraken classification.","nextflow.enable.dsl=2

// --- IMPORTS ---

include { module_reads_processing } from '../modules/module_reads_processing'

include { getInput } from '../functions/parameters.nf'

// --- GLOBALS ---

// --- INLINE PROCESSES ---

// --- SUB WORKFLOWS ---

// --- ENTRYPOINT ---
workflow {
    module_reads_processing(getInput())
}","nextflow.enable.dsl=2

include { getSingleInput; optionalOrDefault; param } from '../functions/parameters.nf'
include { step_1PP_trimming__fastp } from '../steps/step_1PP_trimming__fastp'
workflow {
    step_1PP_trimming__fastp(getSingleInput())
}
"
"MOD_DA03_drop_assembly_sal","1","drop","(generated)","MOD_DA03_drop_assembly_sal_t1","modification","Trim + assemble Salmonella enterica from paired Illumina FASTQ (fastp + SPAdes).","Y","Y","none","","6","6","Y","","","","step_1PP_trimming__fastp, step_2AS_denovo__spades","step_1PP_trimming__fastp, step_2AS_denovo__spades","step_1PP_trimming__fastp, step_2AS_denovo__spades","495","22","2","2","8.1","I can build a pipeline for trimming and assembling Salmonella enterica from paired Illumina FASTQ using fastp and SPAdes. This will use the following steps:

1. Trimming with fastp (`step_1PP_trimming__fastp`)
2. De novo assembly with SPAdes (`step_2AS_denovo__spades`)

Should I proceed with this pl","nextflow.enable.dsl=2

// --- IMPORTS ---

include { step_1PP_trimming__fastp } from '../steps/step_1PP_trimming__fastp'

include { getSingleInput } from '../functions/parameters.nf'

include { step_2AS_denovo__spades } from '../steps/step_2AS_denovo__spades'

// --- GLOBALS ---

// --- INLINE PROCESSES ---

// --- SUB WORKFLOWS ---

// --- ENTRYPOINT ---
workflow {
    trimmed = step_1PP_trimming__fastp(getSingleInput()).trimmed

    assembled = step_2AS_denovo__spades(trimmed).assembled
}","nextflow.enable.dsl=2

include { getSingleInput; optionalOrDefault; param } from '../functions/parameters.nf'
include { step_1PP_trimming__fastp } from '../steps/step_1PP_trimming__fastp'
include { step_2AS_denovo__spades } from '../steps/step_2AS_denovo__spades'
workflow {
    trimmed   = step_1PP_trimming__fastp(getSingleInput()).trimmed
    assembled = step_2AS_denovo__spades(trimmed).assembled
}
"
"MOD_DA03_drop_assembly_sal","2","drop","(generated)","MOD_DA03_drop_assembly_sal_t2","modification","Drop the assembly step and just trim the reads.","Y","Y","none","","3","3","Y","","","","step_1PP_trimming__fastp","step_1PP_trimming__fastp","step_1PP_trimming__fastp","350","18","1","2","6.8","I can build a pipeline for trimming Salmonella enterica from paired Illumina FASTQ using fastp. This will use the following step:

1. Trimming with fastp (`step_1PP_trimming__fastp`)

Should I proceed with this plan?","nextflow.enable.dsl=2

// --- IMPORTS ---

include { step_1PP_trimming__fastp } from '../steps/step_1PP_trimming__fastp'

include { getSingleInput } from '../functions/parameters.nf'

// --- GLOBALS ---

// --- INLINE PROCESSES ---

// --- SUB WORKFLOWS ---

// --- ENTRYPOINT ---
workflow {
    trimmed = step_1PP_trimming__fastp(getSingleInput())
}","nextflow.enable.dsl=2

include { getSingleInput; optionalOrDefault; param } from '../functions/parameters.nf'
include { step_1PP_trimming__fastp } from '../steps/step_1PP_trimming__fastp'
workflow {
    step_1PP_trimming__fastp(getSingleInput())
}
"
"MOD_DA04_drop_assembly_cam","1","drop","(generated)","MOD_DA04_drop_assembly_cam_t1","modification","Trim + assemble Campylobacter jejuni from paired Illumina FASTQ (fastp + SPAdes).","Y","Y","none","","6","6","Y","","","","step_1PP_trimming__fastp, step_2AS_denovo__spades","step_1PP_trimming__fastp, step_2AS_denovo__spades","step_1PP_trimming__fastp, step_2AS_denovo__spades","495","22","2","2","6.8","I will build a pipeline with fastp for trimming and SPAdes for de novo assembly.","nextflow.enable.dsl=2

// --- IMPORTS ---

include { step_1PP_trimming__fastp } from '../steps/step_1PP_trimming__fastp'

include { getSingleInput } from '../functions/parameters.nf'

include { step_2AS_denovo__spades } from '../steps/step_2AS_denovo__spades'

// --- GLOBALS ---

// --- INLINE PROCESSES ---

// --- SUB WORKFLOWS ---

// --- ENTRYPOINT ---
workflow {
    trimmed = step_1PP_trimming__fastp(getSingleInput()).trimmed

    assembled = step_2AS_denovo__spades(trimmed).assembled
}","nextflow.enable.dsl=2

include { getSingleInput; optionalOrDefault; param } from '../functions/parameters.nf'
include { step_1PP_trimming__fastp } from '../steps/step_1PP_trimming__fastp'
include { step_2AS_denovo__spades } from '../steps/step_2AS_denovo__spades'
workflow {
    trimmed   = step_1PP_trimming__fastp(getSingleInput()).trimmed
    assembled = step_2AS_denovo__spades(trimmed).assembled
}
"
"MOD_DA04_drop_assembly_cam","2","drop","(generated)","MOD_DA04_drop_assembly_cam_t2","modification","Drop the assembly step and just trim the reads.","Y","Y","none","","3","3","Y","","","","step_1PP_trimming__fastp","step_1PP_trimming__fastp","step_1PP_trimming__fastp","340","18","1","2","6.1","I will build a pipeline that just trims the reads using fastp.","nextflow.enable.dsl=2

// --- IMPORTS ---

include { step_1PP_trimming__fastp } from '../steps/step_1PP_trimming__fastp'

include { getSingleInput } from '../functions/parameters.nf'

// --- GLOBALS ---

// --- INLINE PROCESSES ---

// --- SUB WORKFLOWS ---

// --- ENTRYPOINT ---
workflow {
    step_1PP_trimming__fastp(getSingleInput())
}","nextflow.enable.dsl=2

include { getSingleInput; optionalOrDefault; param } from '../functions/parameters.nf'
include { step_1PP_trimming__fastp } from '../steps/step_1PP_trimming__fastp'
workflow {
    step_1PP_trimming__fastp(getSingleInput())
}
"
"MOD_DM01_drop_mono_chewbbaca_keep_mlst_lis","1","drop","(generated)","MOD_DM01_drop_mono_chewbbaca_keep_mlst_lis_t1","modification","Run both chewbbaca and mlst on a pre-existing Listeria monocytogenes assembly.","Y","Y","none","","4","4","Y","","","","step_4TY_MLST__mlst, step_4TY_cgMLST__chewbbaca","step_4TY_cgMLST__chewbbaca, step_4TY_MLST__mlst","step_4TY_MLST__mlst, step_4TY_cgMLST__chewbbaca","503","21","2","2","7.1","I will create a pipeline to run both chewbbaca and mlst on your Listeria monocytogenes assembly. This will use the following steps: 1. chewbbaca for cgMLST typing, and 2. mlst for MLST typing.","nextflow.enable.dsl=2

// --- IMPORTS ---

include { step_4TY_cgMLST__chewbbaca } from '../steps/step_4TY_cgMLST__chewbbaca'

include { step_4TY_MLST__mlst } from '../steps/step_4TY_MLST__mlst'

include { getAssembly } from '../functions/parameters.nf'

// --- GLOBALS ---

// --- INLINE PROCESSES ---

// --- SUB WORKFLOWS ---

// --- ENTRYPOINT ---
workflow {
    step_4TY_cgMLST__chewbbaca(getAssembly(), 'listeria_monocytogenes', 'l_mono_chewie_1748_220623')
    step_4TY_MLST__mlst(getAssembly())
}","nextflow.enable.dsl=2

include { getInput; optionalOrDefault; param } from '../functions/parameters.nf'
include { step_4TY_cgMLST__chewbbaca } from '../steps/step_4TY_cgMLST__chewbbaca'
include { step_4TY_MLST__mlst } from '../steps/step_4TY_MLST__mlst'
workflow {
    asm = getInput()
    step_4TY_cgMLST__chewbbaca(asm, param('genus_species'), optionalOrDefault('schema', ''))
    step_4TY_MLST__mlst(asm)
}
"
"MOD_DM01_drop_mono_chewbbaca_keep_mlst_lis","2","drop","(generated)","MOD_DM01_drop_mono_chewbbaca_keep_mlst_lis_t2","modification","Drop chewbbaca, keep only mlst.","Y","Y","none","","1","1","Y","","","","step_4TY_MLST__mlst","step_4TY_MLST__mlst","step_4TY_MLST__mlst","319","18","1","1","4.1","I will create a pipeline to run mlst on your Listeria monocytogenes assembly. This will use the following step: 1. mlst for MLST typing.","nextflow.enable.dsl=2

// --- IMPORTS ---

include { step_4TY_MLST__mlst } from '../steps/step_4TY_MLST__mlst'

include { getAssembly } from '../functions/parameters.nf'

// --- GLOBALS ---

// --- INLINE PROCESSES ---

// --- SUB WORKFLOWS ---

// --- ENTRYPOINT ---
workflow {
    step_4TY_MLST__mlst(getAssembly())
}","nextflow.enable.dsl=2

include { getInput; optionalOrDefault; param } from '../functions/parameters.nf'
include { step_4TY_MLST__mlst } from '../steps/step_4TY_MLST__mlst'
workflow {
    step_4TY_MLST__mlst(getInput())
}
"
"MOD_DM02_drop_mono_chewbbaca_keep_mlst_sal","1","drop","(generated)","MOD_DM02_drop_mono_chewbbaca_keep_mlst_sal_t1","modification","Run both chewbbaca and mlst on a pre-existing Salmonella enterica assembly.","Y","N","missing_param","ERROR ~ missing required param: step_3TX_species__kmerfinder__db","0","4","N","step_2AS_mapping__bowtie, step_3TX_species__kmerfinder, step_4AN_AMR__abricate, step_4AN_AMR__staramr, step_4AN_genes__prokka, step_4TY_flaA__flaA","","","step_2AS_mapping__bowtie, step_3TX_species__kmerfinder, step_4AN_AMR__abricate, step_4AN_AMR__staramr, step_4AN_genes__prokka, step_4TY_MLST__mlst, step_4TY_cgMLST__chewbbaca, step_4TY_flaA__flaA","step_3TX_species__kmerfinder, step_2AS_mapping__bowtie, step_4AN_AMR__abricate, step_4AN_genes__prokka, step_4AN_AMR__staramr, step_4TY_MLST__mlst, step_4TY_flaA__flaA, step_4TY_cgMLST__chewbbaca","step_4TY_MLST__mlst, step_4TY_cgMLST__chewbbaca","2240","76","8","2","35.0","I will create a pipeline to run both chewbbaca and mlst on a pre-existing Salmonella enterica assembly. This will use the module_typing_bacteria template, which includes these steps: step_2AS_mapping__bowtie, step_4AN_genes__prokka, step_4AN_AMR__abricate, step_4AN_AMR__staramr, step_4TY_cgMLST__che","nextflow.enable.dsl=2

// --- IMPORTS ---

include { step_4TY_cgMLST__chewbbaca } from '../steps/step_4TY_cgMLST__chewbbaca'

include { step_4AN_AMR__abricate } from '../steps/step_4AN_AMR__abricate'

include { getAssembly; getTrimmedReads } from '../functions/parameters.nf'

include { extractKey; getEmpty } from '../functions/common.nf'

include { step_4AN_genes__prokka } from '../steps/step_4AN_genes__prokka'

include { step_4AN_AMR__staramr } from '../steps/step_4AN_AMR__staramr'

include { step_4TY_flaA__flaA } from '../steps/step_4TY_flaA__flaA'

include { step_4TY_MLST__mlst } from '../steps/step_4TY_MLST__mlst'

include { step_2AS_mapping__bowtie } from '../steps/step_2AS_mapping__bowtie'

include { step_3TX_species__kmerfinder } from '../steps/step_3TX_species__kmerfinder'

// --- GLOBALS ---

// --- INLINE PROCESSES ---

// --- SUB WORKFLOWS ---

workflow module_typing_bacteria {
    
    take:
        
        trimmed
        
        assembly
        
    
    main:
        assigned_species = step_3TX_species__kmerfinder(assembly).assigned_species

        if (!params.skip_bestref_mapping) {
          trimmed.cross(assigned_species) { extractKey(it) }.multiMap {
            trimmed: it[0]
            species: it[1][1]
            referencePath: it[1][2]
          }.set { trimAndAndSpecies }
          step_2AS_mapping__bowtie(trimAndAndSpecies.trimmed, trimAndAndSpecies.referencePath)
        }

        step_4AN_AMR__abricate(assembly)

        step_4AN_genes__prokka(assembly.map{ [ it[0], it[1], 'Bacteria', '-', '-', getEmpty() ] })

        assembly.cross(assigned_species) { extractKey(it) }.multiMap {
          assembly: it[0]
          species: it[1][1]
        }.set { assemblyAndSpecies }

        step_4AN_AMR__staramr(assemblyAndSpecies.assembly, assemblyAndSpecies.species)
        step_4TY_MLST__mlst(assemblyAndSpecies.assembly)
        step_4TY_flaA__flaA(assemblyAndSpecies.assembly, assemblyAndSpecies.species)
        step_4TY_cgMLST__chewbbaca(assemblyAndSpecies.assembly, assemblyAndSpecies.species, '')
    
    emit:
        
        genus_species = assigned_species
        
    
}

// --- ENTRYPOINT ---
workflow {
    module_typing_bacteria(getTrimmedReads(true), getAssembly())
}","nextflow.enable.dsl=2

include { getInput; optionalOrDefault; param } from '../functions/parameters.nf'
include { step_4TY_cgMLST__chewbbaca } from '../steps/step_4TY_cgMLST__chewbbaca'
include { step_4TY_MLST__mlst } from '../steps/step_4TY_MLST__mlst'
workflow {
    asm = getInput()
    step_4TY_cgMLST__chewbbaca(asm, param('genus_species'), optionalOrDefault('schema', ''))
    step_4TY_MLST__mlst(asm)
}
"
"MOD_DM02_drop_mono_chewbbaca_keep_mlst_sal","2","drop","(generated)","MOD_DM02_drop_mono_chewbbaca_keep_mlst_sal_t2","modification","Drop chewbbaca, keep only mlst.","Y","N","silent_no_op","No process placeholders appeared. when: clause filtered everything?","0","1","N","step_2AS_mapping__bowtie, step_4AN_AMR__abricate, step_4AN_AMR__staramr, step_4AN_genes__prokka, step_4TY_flaA__flaA","","","step_2AS_mapping__bowtie, step_4AN_AMR__abricate, step_4AN_AMR__staramr, step_4AN_genes__prokka, step_4TY_MLST__mlst, step_4TY_flaA__flaA","step_2AS_mapping__bowtie, step_4AN_genes__prokka, step_4AN_AMR__abricate, step_4AN_AMR__staramr, step_4TY_MLST__mlst, step_4TY_flaA__flaA","step_4TY_MLST__mlst","1122","35","6","1","6.5","I will create a pipeline to run only mlst on a pre-existing Salmonella enterica assembly. This will use the module_typing_bacteria template, which includes these steps: step_2AS_mapping__bowtie, step_4AN_genes__prokka, step_4AN_AMR__abricate, step_4AN_AMR__staramr, step_4TY_MLST__mlst, step_4TY_flaA","nextflow.enable.dsl=2

// --- IMPORTS ---

include { step_4AN_AMR__abricate } from '../steps/step_4AN_AMR__abricate'

include { getAssembly; getReference; getTrimmedReads; param } from '../functions/parameters.nf'

include { getEmpty } from '../functions/common.nf'

include { step_4AN_genes__prokka } from '../steps/step_4AN_genes__prokka'

include { step_4AN_AMR__staramr } from '../steps/step_4AN_AMR__staramr'

include { step_4TY_flaA__flaA } from '../steps/step_4TY_flaA__flaA'

include { step_4TY_MLST__mlst } from '../steps/step_4TY_MLST__mlst'

include { step_2AS_mapping__bowtie } from '../steps/step_2AS_mapping__bowtie'

// --- GLOBALS ---

// --- INLINE PROCESSES ---

// --- SUB WORKFLOWS ---

// --- ENTRYPOINT ---
workflow {
    step_2AS_mapping__bowtie(getTrimmedReads(true), getReference('fa'))
    step_4AN_genes__prokka(getAssembly().map{ [ it[0], it[1], 'Bacteria', '-', '-', getEmpty() ] })
    step_4AN_AMR__abricate(getAssembly())
    step_4AN_AMR__staramr(getAssembly(), param('genus_species'))
    step_4TY_MLST__mlst(getAssembly())
    step_4TY_flaA__flaA(getAssembly(), param('genus_species'))
}","nextflow.enable.dsl=2

include { getInput; optionalOrDefault; param } from '../functions/parameters.nf'
include { step_4TY_MLST__mlst } from '../steps/step_4TY_MLST__mlst'
workflow {
    step_4TY_MLST__mlst(getInput())
}
"
"MOD_DM03_drop_mono_mlst_keep_chewbbaca_lis","1","drop","(generated)","MOD_DM03_drop_mono_mlst_keep_chewbbaca_lis_t1","modification","Run both mlst and chewbbaca on a pre-existing Listeria monocytogenes assembly.","Y","Y","none","","4","4","Y","","","","step_4TY_MLST__mlst, step_4TY_cgMLST__chewbbaca","step_4TY_MLST__mlst, step_4TY_cgMLST__chewbbaca","step_4TY_MLST__mlst, step_4TY_cgMLST__chewbbaca","503","21","2","2","7.6","I will build a pipeline to run MLST and cgMLST on your Listeria monocytogenes assembly. This will use the following tools: MLST (`step_4TY_MLST__mlst`) and cgMLST (`step_4TY_cgMLST__chewbbaca`).","nextflow.enable.dsl=2

// --- IMPORTS ---

include { step_4TY_cgMLST__chewbbaca } from '../steps/step_4TY_cgMLST__chewbbaca'

include { step_4TY_MLST__mlst } from '../steps/step_4TY_MLST__mlst'

include { getAssembly } from '../functions/parameters.nf'

// --- GLOBALS ---

// --- INLINE PROCESSES ---

// --- SUB WORKFLOWS ---

// --- ENTRYPOINT ---
workflow {
    step_4TY_MLST__mlst(getAssembly())
    step_4TY_cgMLST__chewbbaca(getAssembly(), 'listeria_monocytogenes', 'l_mono_chewie_1748_220623')
}","nextflow.enable.dsl=2

include { getInput; optionalOrDefault; param } from '../functions/parameters.nf'
include { step_4TY_MLST__mlst } from '../steps/step_4TY_MLST__mlst'
include { step_4TY_cgMLST__chewbbaca } from '../steps/step_4TY_cgMLST__chewbbaca'
workflow {
    asm = getInput()
    step_4TY_MLST__mlst(asm)
    step_4TY_cgMLST__chewbbaca(asm, param('genus_species'), optionalOrDefault('schema', ''))
}
"
"MOD_DM03_drop_mono_mlst_keep_chewbbaca_lis","2","drop","(generated)","MOD_DM03_drop_mono_mlst_keep_chewbbaca_lis_t2","modification","Drop mlst, keep only chewbbaca.","Y","Y","none","","3","3","Y","","","","step_4TY_cgMLST__chewbbaca","step_4TY_cgMLST__chewbbaca","step_4TY_cgMLST__chewbbaca","370","18","1","1","4.5","I will build a pipeline to run cgMLST on your Listeria monocytogenes assembly. This will use the following tool: cgMLST (`step_4TY_cgMLST__chewbbaca`).","nextflow.enable.dsl=2

// --- IMPORTS ---

include { step_4TY_cgMLST__chewbbaca } from '../steps/step_4TY_cgMLST__chewbbaca'

include { getAssembly } from '../functions/parameters.nf'

// --- GLOBALS ---

// --- INLINE PROCESSES ---

// --- SUB WORKFLOWS ---

// --- ENTRYPOINT ---
workflow {
    step_4TY_cgMLST__chewbbaca(getAssembly(), 'listeria_monocytogenes', '')
}","nextflow.enable.dsl=2

include { getInput; optionalOrDefault; param } from '../functions/parameters.nf'
include { step_4TY_cgMLST__chewbbaca } from '../steps/step_4TY_cgMLST__chewbbaca'
workflow {
    step_4TY_cgMLST__chewbbaca(getInput(), param('genus_species'), optionalOrDefault('schema', ''))
}
"
"MOD_DM04_drop_mono_mlst_keep_chewbbaca_eco","1","drop","(generated)","MOD_DM04_drop_mono_mlst_keep_chewbbaca_eco_t1","modification","Run both mlst and chewbbaca on a pre-existing Escherichia coli assembly.","Y","N","missing_param","ERROR ~ missing required param: step_3TX_species__kmerfinder__db","0","4","N","step_2AS_mapping__bowtie, step_3TX_species__kmerfinder, step_4AN_AMR__abricate, step_4AN_AMR__staramr, step_4AN_genes__prokka, step_4TY_flaA__flaA","","","step_2AS_mapping__bowtie, step_3TX_species__kmerfinder, step_4AN_AMR__abricate, step_4AN_AMR__staramr, step_4AN_genes__prokka, step_4TY_MLST__mlst, step_4TY_cgMLST__chewbbaca, step_4TY_flaA__flaA","step_3TX_species__kmerfinder, step_2AS_mapping__bowtie, step_4AN_AMR__abricate, step_4AN_genes__prokka, step_4AN_AMR__staramr, step_4TY_MLST__mlst, step_4TY_flaA__flaA, step_4TY_cgMLST__chewbbaca","step_4TY_MLST__mlst, step_4TY_cgMLST__chewbbaca","2240","76","8","2","35.2","I will use the module_typing_bacteria template to run both MLST and chewbbaca on your pre-existing Escherichia coli assembly. This template includes steps for mapping, AMR detection, gene annotation, and typing.","nextflow.enable.dsl=2

// --- IMPORTS ---

include { step_4TY_cgMLST__chewbbaca } from '../steps/step_4TY_cgMLST__chewbbaca'

include { step_4AN_AMR__abricate } from '../steps/step_4AN_AMR__abricate'

include { getAssembly; getTrimmedReads } from '../functions/parameters.nf'

include { extractKey; getEmpty } from '../functions/common.nf'

include { step_4AN_genes__prokka } from '../steps/step_4AN_genes__prokka'

include { step_4AN_AMR__staramr } from '../steps/step_4AN_AMR__staramr'

include { step_4TY_flaA__flaA } from '../steps/step_4TY_flaA__flaA'

include { step_4TY_MLST__mlst } from '../steps/step_4TY_MLST__mlst'

include { step_2AS_mapping__bowtie } from '../steps/step_2AS_mapping__bowtie'

include { step_3TX_species__kmerfinder } from '../steps/step_3TX_species__kmerfinder'

// --- GLOBALS ---

// --- INLINE PROCESSES ---

// --- SUB WORKFLOWS ---

workflow module_typing_bacteria {
    
    take:
        
        trimmed
        
        assembly
        
    
    main:
        assigned_species = step_3TX_species__kmerfinder(assembly).assigned_species

        if (!params.skip_bestref_mapping) {
          trimmed.cross(assigned_species) { extractKey(it) }.multiMap {
            trimmed: it[0]
            species: it[1][1]
            referencePath: it[1][2]
          }.set { trimAndAndSpecies }
          step_2AS_mapping__bowtie(trimAndAndSpecies.trimmed, trimAndAndSpecies.referencePath)
        }

        step_4AN_AMR__abricate(assembly)

        step_4AN_genes__prokka(assembly.map{ [ it[0], it[1], 'Bacteria', '-', '-', getEmpty() ] })

        assembly.cross(assigned_species) { extractKey(it) }.multiMap {
          assembly: it[0]
          species: it[1][1]
        }.set { assemblyAndSpecies }

        step_4AN_AMR__staramr(assemblyAndSpecies.assembly, assemblyAndSpecies.species)
        step_4TY_MLST__mlst(assemblyAndSpecies.assembly)
        step_4TY_flaA__flaA(assemblyAndSpecies.assembly, assemblyAndSpecies.species)
        step_4TY_cgMLST__chewbbaca(assemblyAndSpecies.assembly, assemblyAndSpecies.species, '')
    
    emit:
        
        genus_species = assigned_species
        
    
}

// --- ENTRYPOINT ---
workflow {
    module_typing_bacteria(getTrimmedReads(true), getAssembly())
}","nextflow.enable.dsl=2

include { getInput; optionalOrDefault; param } from '../functions/parameters.nf'
include { step_4TY_MLST__mlst } from '../steps/step_4TY_MLST__mlst'
include { step_4TY_cgMLST__chewbbaca } from '../steps/step_4TY_cgMLST__chewbbaca'
workflow {
    asm = getInput()
    step_4TY_MLST__mlst(asm)
    step_4TY_cgMLST__chewbbaca(asm, param('genus_species'), optionalOrDefault('schema', ''))
}
"
"MOD_DM04_drop_mono_mlst_keep_chewbbaca_eco","2","drop","(generated)","MOD_DM04_drop_mono_mlst_keep_chewbbaca_eco_t2","modification","Drop mlst, keep only chewbbaca.","Y","Y","none","","3","3","Y","","","","step_4TY_cgMLST__chewbbaca","step_4TY_cgMLST__chewbbaca","step_4TY_cgMLST__chewbbaca","364","18","1","1","13.5","I will use the module_typing_bacteria template to run chewbbaca on your pre-existing Escherichia coli assembly. This template includes steps for mapping, AMR detection, gene annotation, and typing.","nextflow.enable.dsl=2

// --- IMPORTS ---

include { step_4TY_cgMLST__chewbbaca } from '../steps/step_4TY_cgMLST__chewbbaca'

include { getAssembly } from '../functions/parameters.nf'

// --- GLOBALS ---

// --- INLINE PROCESSES ---

// --- SUB WORKFLOWS ---

// --- ENTRYPOINT ---
workflow {
    step_4TY_cgMLST__chewbbaca(getAssembly(), 'escherichia_coli', '')
}","nextflow.enable.dsl=2

include { getInput; optionalOrDefault; param } from '../functions/parameters.nf'
include { step_4TY_cgMLST__chewbbaca } from '../steps/step_4TY_cgMLST__chewbbaca'
workflow {
    step_4TY_cgMLST__chewbbaca(getInput(), param('genus_species'), optionalOrDefault('schema', ''))
}
"
"MOD_DM05_drop_mono_abricate_keep_mlst_sal","1","drop","(generated)","MOD_DM05_drop_mono_abricate_keep_mlst_sal_t1","modification","Run both abricate and mlst on a pre-existing Salmonella enterica assembly.","Y","Y","none","","2","2","Y","","","","step_4AN_AMR__abricate, step_4TY_MLST__mlst","step_4AN_AMR__abricate, step_4TY_MLST__mlst","step_4AN_AMR__abricate, step_4TY_MLST__mlst","445","21","2","2","7.2","I will build a pipeline to run both abricate and MLST on your pre-existing Salmonella enterica assembly. This will use the following steps:

1. Run abricate on the assembly
2. Run MLST on the assembly

This will use the following components:

- step_4AN_AMR__abricate
- step_4TY_MLST__mlst","nextflow.enable.dsl=2

// --- IMPORTS ---

include { getSingleInput } from '../functions/parameters.nf'

include { step_4TY_MLST__mlst } from '../steps/step_4TY_MLST__mlst'

include { step_4AN_AMR__abricate } from '../steps/step_4AN_AMR__abricate'

// --- GLOBALS ---

// --- INLINE PROCESSES ---

// --- SUB WORKFLOWS ---

// --- ENTRYPOINT ---
workflow {
    step_4AN_AMR__abricate(getSingleInput())
    step_4TY_MLST__mlst(getSingleInput())
}","nextflow.enable.dsl=2

include { getInput; optionalOrDefault; param } from '../functions/parameters.nf'
include { step_4AN_AMR__abricate } from '../steps/step_4AN_AMR__abricate'
include { step_4TY_MLST__mlst } from '../steps/step_4TY_MLST__mlst'
workflow {
    asm = getInput()
    step_4AN_AMR__abricate(asm)
    step_4TY_MLST__mlst(asm)
}
"
"MOD_DM05_drop_mono_abricate_keep_mlst_sal","2","drop","(generated)","MOD_DM05_drop_mono_abricate_keep_mlst_sal_t2","modification","Drop abricate, keep only mlst.","Y","Y","none","","1","1","Y","","","","step_4TY_MLST__mlst","step_4TY_MLST__mlst","step_4TY_MLST__mlst","319","18","1","2","8.1","I will build a pipeline to run MLST on your pre-existing Salmonella enterica assembly. This will use the following step:

- step_4TY_MLST__mlst","nextflow.enable.dsl=2

// --- IMPORTS ---

include { step_4TY_MLST__mlst } from '../steps/step_4TY_MLST__mlst'

include { getAssembly } from '../functions/parameters.nf'

// --- GLOBALS ---

// --- INLINE PROCESSES ---

// --- SUB WORKFLOWS ---

// --- ENTRYPOINT ---
workflow {
    step_4TY_MLST__mlst(getAssembly())
}","nextflow.enable.dsl=2

include { getInput; optionalOrDefault; param } from '../functions/parameters.nf'
include { step_4TY_MLST__mlst } from '../steps/step_4TY_MLST__mlst'
workflow {
    step_4TY_MLST__mlst(getInput())
}
"
"MOD_DM06_drop_mono_prokka_keep_mlst_lis","1","drop","(generated)","MOD_DM06_drop_mono_prokka_keep_mlst_lis_t1","modification","Run both prokka and mlst on a pre-existing Listeria monocytogenes assembly.","Y","Y","none","","2","2","Y","","","","step_4AN_genes__prokka, step_4TY_MLST__mlst","step_4AN_genes__prokka, step_4TY_MLST__mlst","step_4AN_genes__prokka, step_4TY_MLST__mlst","595","26","2","2","7.5","I will create a pipeline to run Prokka and MLST on your Listeria monocytogenes assembly. This will use the following tools:

- Prokka (step_4AN_genes__prokka) for annotation
- MLST (step_4TY_MLST__mlst) for Multi-Locus Sequence Typing","nextflow.enable.dsl=2

// --- IMPORTS ---

include { getSingleInput } from '../functions/parameters.nf'

include { step_4AN_genes__prokka } from '../steps/step_4AN_genes__prokka'

include { step_4TY_MLST__mlst } from '../steps/step_4TY_MLST__mlst'

include { getEmpty } from '../functions/common.nf'

// --- GLOBALS ---

def kingdom = 'Bacteria'

// --- INLINE PROCESSES ---

// --- SUB WORKFLOWS ---

// --- ENTRYPOINT ---
workflow {
    assembly = getSingleInput()
    step_4AN_genes__prokka(assembly.map { [ it[0], it[1], kingdom, '-', '-', getEmpty() ] })
    step_4TY_MLST__mlst(assembly)
}","nextflow.enable.dsl=2

include { getInput; optionalOrDefault; param } from '../functions/parameters.nf'
include { step_4AN_genes__prokka } from '../steps/step_4AN_genes__prokka'
include { step_4TY_MLST__mlst } from '../steps/step_4TY_MLST__mlst'
workflow {
    asm = getInput()
    step_4AN_genes__prokka(asm)
    step_4TY_MLST__mlst(asm)
}
"
"MOD_DM06_drop_mono_prokka_keep_mlst_lis","2","drop","(generated)","MOD_DM06_drop_mono_prokka_keep_mlst_lis_t2","modification","Drop prokka, keep only mlst.","Y","Y","none","","1","1","Y","","","","step_4TY_MLST__mlst","step_4TY_MLST__mlst","step_4TY_MLST__mlst","319","18","1","1","17.8","I will create a pipeline to run MLST on your Listeria monocytogenes assembly. This will use the following tool:

- MLST (step_4TY_MLST__mlst) for Multi-Locus Sequence Typing","nextflow.enable.dsl=2

// --- IMPORTS ---

include { step_4TY_MLST__mlst } from '../steps/step_4TY_MLST__mlst'

include { getAssembly } from '../functions/parameters.nf'

// --- GLOBALS ---

// --- INLINE PROCESSES ---

// --- SUB WORKFLOWS ---

// --- ENTRYPOINT ---
workflow {
    step_4TY_MLST__mlst(getAssembly())
}","nextflow.enable.dsl=2

include { getInput; optionalOrDefault; param } from '../functions/parameters.nf'
include { step_4TY_MLST__mlst } from '../steps/step_4TY_MLST__mlst'
workflow {
    step_4TY_MLST__mlst(getInput())
}
"
"MOD_DM07_drop_mono_staramr_keep_mlst_cam","1","drop","(generated)","MOD_DM07_drop_mono_staramr_keep_mlst_cam_t1","modification","Run both staramr and mlst on a pre-existing Campylobacter jejuni assembly.","Y","Y","none","","2","2","Y","","","","step_4AN_AMR__staramr, step_4TY_MLST__mlst","step_4AN_AMR__staramr, step_4TY_MLST__mlst","step_4AN_AMR__staramr, step_4TY_MLST__mlst","473","21","2","2","7.4","I will create a pipeline to run both STAR and MLST on your pre-existing Campylobacter jejuni assembly. I will use the following tools:  
- STAR (`step_4AN_AMR__staramr`) for AMR gene detection
- MLST (`step_4TY_MLST__mlst`) for Multi-Locus Sequence Typing","nextflow.enable.dsl=2

// --- IMPORTS ---

include { getSingleInput; param } from '../functions/parameters.nf'

include { step_4TY_MLST__mlst } from '../steps/step_4TY_MLST__mlst'

include { step_4AN_AMR__staramr } from '../steps/step_4AN_AMR__staramr'

// --- GLOBALS ---

// --- INLINE PROCESSES ---

// --- SUB WORKFLOWS ---

// --- ENTRYPOINT ---
workflow {
    step_4AN_AMR__staramr(getSingleInput(), param('genus_species'))
    step_4TY_MLST__mlst(getSingleInput())
}","nextflow.enable.dsl=2

include { getInput; optionalOrDefault; param } from '../functions/parameters.nf'
include { step_4AN_AMR__staramr } from '../steps/step_4AN_AMR__staramr'
include { step_4TY_MLST__mlst } from '../steps/step_4TY_MLST__mlst'
workflow {
    asm = getInput()
    step_4AN_AMR__staramr(asm, param('genus_species'))
    step_4TY_MLST__mlst(asm)
}
"
"MOD_DM07_drop_mono_staramr_keep_mlst_cam","2","drop","(generated)","MOD_DM07_drop_mono_staramr_keep_mlst_cam_t2","modification","Drop staramr, keep only mlst.","Y","Y","none","","1","1","Y","","","","step_4TY_MLST__mlst","step_4TY_MLST__mlst","step_4TY_MLST__mlst","319","18","1","1","4.5","I will create a pipeline to run MLST on your pre-existing Campylobacter jejuni assembly. I will use the following tool:  - MLST (`step_4TY_MLST__mlst`) for Multi-Locus Sequence Typing","nextflow.enable.dsl=2

// --- IMPORTS ---

include { step_4TY_MLST__mlst } from '../steps/step_4TY_MLST__mlst'

include { getAssembly } from '../functions/parameters.nf'

// --- GLOBALS ---

// --- INLINE PROCESSES ---

// --- SUB WORKFLOWS ---

// --- ENTRYPOINT ---
workflow {
    step_4TY_MLST__mlst(getAssembly())
}","nextflow.enable.dsl=2

include { getInput; optionalOrDefault; param } from '../functions/parameters.nf'
include { step_4TY_MLST__mlst } from '../steps/step_4TY_MLST__mlst'
workflow {
    step_4TY_MLST__mlst(getInput())
}
"
"MOD_DM08_drop_mono_staramr_keep_flaA_cam","1","drop","(generated)","MOD_DM08_drop_mono_staramr_keep_flaA_cam_t1","modification","Run both staramr and flaA on a pre-existing Campylobacter jejuni assembly.","Y","Y","none","","2","2","Y","","","","step_4AN_AMR__staramr, step_4TY_flaA__flaA","step_4AN_AMR__staramr, step_4TY_flaA__flaA","step_4AN_AMR__staramr, step_4TY_flaA__flaA","497","21","2","2","7.1","I will run both staramr and flaA on a pre-existing Campylobacter jejuni assembly. I will use the following steps:

1. Run staramr on the assembly
2. Run flaA on the assembly","nextflow.enable.dsl=2

// --- IMPORTS ---

include { step_4TY_flaA__flaA } from '../steps/step_4TY_flaA__flaA'

include { getSingleInput; param } from '../functions/parameters.nf'

include { step_4AN_AMR__staramr } from '../steps/step_4AN_AMR__staramr'

// --- GLOBALS ---

// --- INLINE PROCESSES ---

// --- SUB WORKFLOWS ---

// --- ENTRYPOINT ---
workflow {
    step_4AN_AMR__staramr(getSingleInput(), param('genus_species'))
    step_4TY_flaA__flaA(getSingleInput(), param('genus_species'))
}","nextflow.enable.dsl=2

include { getInput; optionalOrDefault; param } from '../functions/parameters.nf'
include { step_4AN_AMR__staramr } from '../steps/step_4AN_AMR__staramr'
include { step_4TY_flaA__flaA } from '../steps/step_4TY_flaA__flaA'
workflow {
    asm = getInput()
    step_4AN_AMR__staramr(asm, param('genus_species'))
    step_4TY_flaA__flaA(asm, param('genus_species'))
}
"
"MOD_DM08_drop_mono_staramr_keep_flaA_cam","2","drop","(generated)","MOD_DM08_drop_mono_staramr_keep_flaA_cam_t2","modification","Drop staramr, keep only flaA.","Y","Y","none","","1","1","Y","","","","step_4TY_flaA__flaA","step_4TY_flaA__flaA","step_4TY_flaA__flaA","336","18","1","1","4.9","I will run flaA on the assembly.","nextflow.enable.dsl=2

// --- IMPORTS ---

include { step_4TY_flaA__flaA } from '../steps/step_4TY_flaA__flaA'

include { getAssembly } from '../functions/parameters.nf'

// --- GLOBALS ---

// --- INLINE PROCESSES ---

// --- SUB WORKFLOWS ---

// --- ENTRYPOINT ---
workflow {
    step_4TY_flaA__flaA(getAssembly(), 'campylobacter')
}","nextflow.enable.dsl=2

include { getInput; optionalOrDefault; param } from '../functions/parameters.nf'
include { step_4TY_flaA__flaA } from '../steps/step_4TY_flaA__flaA'
workflow {
    step_4TY_flaA__flaA(getInput(), param('genus_species'))
}
"
"MOD_DM09_drop_mono_flaA_keep_staramr_cam","1","drop","(generated)","MOD_DM09_drop_mono_flaA_keep_staramr_cam_t1","modification","Run both flaA and staramr on a pre-existing Campylobacter jejuni assembly.","Y","Y","none","","2","2","Y","","","","step_4AN_AMR__staramr, step_4TY_flaA__flaA","step_4TY_flaA__flaA, step_4AN_AMR__staramr","step_4AN_AMR__staramr, step_4TY_flaA__flaA","497","21","2","2","7.2","I will create a pipeline to run both flaA and staramr on a pre-existing Campylobacter jejuni assembly. This will use the following steps: 1. Run flaA on the assembly. 2. Run staramr on the assembly.","nextflow.enable.dsl=2

// --- IMPORTS ---

include { step_4TY_flaA__flaA } from '../steps/step_4TY_flaA__flaA'

include { getSingleInput; param } from '../functions/parameters.nf'

include { step_4AN_AMR__staramr } from '../steps/step_4AN_AMR__staramr'

// --- GLOBALS ---

// --- INLINE PROCESSES ---

// --- SUB WORKFLOWS ---

// --- ENTRYPOINT ---
workflow {
    step_4TY_flaA__flaA(getSingleInput(), param('genus_species'))
    step_4AN_AMR__staramr(getSingleInput(), param('genus_species'))
}","nextflow.enable.dsl=2

include { getInput; optionalOrDefault; param } from '../functions/parameters.nf'
include { step_4TY_flaA__flaA } from '../steps/step_4TY_flaA__flaA'
include { step_4AN_AMR__staramr } from '../steps/step_4AN_AMR__staramr'
workflow {
    asm = getInput()
    step_4TY_flaA__flaA(asm, param('genus_species'))
    step_4AN_AMR__staramr(asm, param('genus_species'))
}
"
"MOD_DM09_drop_mono_flaA_keep_staramr_cam","2","drop","(generated)","MOD_DM09_drop_mono_flaA_keep_staramr_cam_t2","modification","Drop flaA, keep only staramr.","Y","Y","none","","1","1","Y","","","","step_4AN_AMR__staramr","step_4AN_AMR__staramr","step_4AN_AMR__staramr","362","18","1","1","4.8","I will create a pipeline to run staramr on a pre-existing Campylobacter jejuni assembly.","nextflow.enable.dsl=2

// --- IMPORTS ---

include { getSingleInput; param } from '../functions/parameters.nf'

include { step_4AN_AMR__staramr } from '../steps/step_4AN_AMR__staramr'

// --- GLOBALS ---

// --- INLINE PROCESSES ---

// --- SUB WORKFLOWS ---

// --- ENTRYPOINT ---
workflow {
    step_4AN_AMR__staramr(getSingleInput(), param('genus_species'))
}","nextflow.enable.dsl=2

include { getInput; optionalOrDefault; param } from '../functions/parameters.nf'
include { step_4AN_AMR__staramr } from '../steps/step_4AN_AMR__staramr'
workflow {
    step_4AN_AMR__staramr(getInput(), param('genus_species'))
}
"
"MOD_DM10_drop_mono_flaA_keep_mlst_cam","1","drop","(generated)","MOD_DM10_drop_mono_flaA_keep_mlst_cam_t1","modification","Run both flaA and mlst on a pre-existing Campylobacter jejuni assembly.","Y","Y","none","","2","2","Y","","","","step_4TY_MLST__mlst, step_4TY_flaA__flaA","step_4TY_flaA__flaA, step_4TY_MLST__mlst","step_4TY_MLST__mlst, step_4TY_flaA__flaA","444","21","2","2","7.8","I will run both flaA and mlst on a pre-existing Campylobacter jejuni assembly. I will use the following tools: flaA (`step_4TY_flaA__flaA`) and mlst (`step_4TY_MLST__mlst`).","nextflow.enable.dsl=2

// --- IMPORTS ---

include { step_4TY_flaA__flaA } from '../steps/step_4TY_flaA__flaA'

include { step_4TY_MLST__mlst } from '../steps/step_4TY_MLST__mlst'

include { getAssembly } from '../functions/parameters.nf'

// --- GLOBALS ---

// --- INLINE PROCESSES ---

// --- SUB WORKFLOWS ---

// --- ENTRYPOINT ---
workflow {
    step_4TY_flaA__flaA(getAssembly(), 'campylobacter')
    step_4TY_MLST__mlst(getAssembly())
}","nextflow.enable.dsl=2

include { getInput; optionalOrDefault; param } from '../functions/parameters.nf'
include { step_4TY_flaA__flaA } from '../steps/step_4TY_flaA__flaA'
include { step_4TY_MLST__mlst } from '../steps/step_4TY_MLST__mlst'
workflow {
    asm = getInput()
    step_4TY_flaA__flaA(asm, param('genus_species'))
    step_4TY_MLST__mlst(asm)
}
"
"MOD_DM10_drop_mono_flaA_keep_mlst_cam","2","drop","(generated)","MOD_DM10_drop_mono_flaA_keep_mlst_cam_t2","modification","Drop flaA, keep only mlst.","Y","Y","none","","1","1","Y","","","","step_4TY_MLST__mlst","step_4TY_MLST__mlst","step_4TY_MLST__mlst","319","18","1","1","4.3","I will run mlst on a pre-existing Campylobacter jejuni assembly. I will use the following tool: mlst (`step_4TY_MLST__mlst`).","nextflow.enable.dsl=2

// --- IMPORTS ---

include { step_4TY_MLST__mlst } from '../steps/step_4TY_MLST__mlst'

include { getAssembly } from '../functions/parameters.nf'

// --- GLOBALS ---

// --- INLINE PROCESSES ---

// --- SUB WORKFLOWS ---

// --- ENTRYPOINT ---
workflow {
    step_4TY_MLST__mlst(getAssembly())
}","nextflow.enable.dsl=2

include { getInput; optionalOrDefault; param } from '../functions/parameters.nf'
include { step_4TY_MLST__mlst } from '../steps/step_4TY_MLST__mlst'
workflow {
    step_4TY_MLST__mlst(getInput())
}
"
"MOD_DM11_drop_mono_abricate_keep_prokka_eco","1","drop","(generated)","MOD_DM11_drop_mono_abricate_keep_prokka_eco_t1","modification","Run both abricate and prokka on a pre-existing Escherichia coli assembly.","Y","N","missing_param","ERROR ~ missing required param: step_3TX_species__kmerfinder__db","0","2","N","step_2AS_mapping__bowtie, step_3TX_species__kmerfinder, step_4AN_AMR__staramr, step_4TY_MLST__mlst, step_4TY_cgMLST__chewbbaca, step_4TY_flaA__flaA","","","step_2AS_mapping__bowtie, step_3TX_species__kmerfinder, step_4AN_AMR__abricate, step_4AN_AMR__staramr, step_4AN_genes__prokka, step_4TY_MLST__mlst, step_4TY_cgMLST__chewbbaca, step_4TY_flaA__flaA","step_3TX_species__kmerfinder, step_2AS_mapping__bowtie, step_4AN_AMR__abricate, step_4AN_genes__prokka, step_4AN_AMR__staramr, step_4TY_MLST__mlst, step_4TY_flaA__flaA, step_4TY_cgMLST__chewbbaca","step_4AN_AMR__abricate, step_4AN_genes__prokka","2240","76","8","2","13.2","I will proceed with the module_typing_bacteria template to run both abricate and prokka on a pre-existing Escherichia coli assembly.","nextflow.enable.dsl=2

// --- IMPORTS ---

include { step_4TY_cgMLST__chewbbaca } from '../steps/step_4TY_cgMLST__chewbbaca'

include { step_4AN_AMR__abricate } from '../steps/step_4AN_AMR__abricate'

include { getAssembly; getTrimmedReads } from '../functions/parameters.nf'

include { extractKey; getEmpty } from '../functions/common.nf'

include { step_4AN_genes__prokka } from '../steps/step_4AN_genes__prokka'

include { step_4AN_AMR__staramr } from '../steps/step_4AN_AMR__staramr'

include { step_4TY_flaA__flaA } from '../steps/step_4TY_flaA__flaA'

include { step_4TY_MLST__mlst } from '../steps/step_4TY_MLST__mlst'

include { step_2AS_mapping__bowtie } from '../steps/step_2AS_mapping__bowtie'

include { step_3TX_species__kmerfinder } from '../steps/step_3TX_species__kmerfinder'

// --- GLOBALS ---

// --- INLINE PROCESSES ---

// --- SUB WORKFLOWS ---

workflow module_typing_bacteria {
    
    take:
        
        trimmed
        
        assembly
        
    
    main:
        assigned_species = step_3TX_species__kmerfinder(assembly).assigned_species

        if (!params.skip_bestref_mapping) {
          trimmed.cross(assigned_species) { extractKey(it) }.multiMap {
            trimmed: it[0]
            species: it[1][1]
            referencePath: it[1][2]
          }.set { trimAndAndSpecies }
          step_2AS_mapping__bowtie(trimAndAndSpecies.trimmed, trimAndAndSpecies.referencePath)
        }

        step_4AN_AMR__abricate(assembly)

        step_4AN_genes__prokka(assembly.map{ [ it[0], it[1], 'Bacteria', '-', '-', getEmpty() ] })

        assembly.cross(assigned_species) { extractKey(it) }.multiMap {
          assembly: it[0]
          species: it[1][1]
        }.set { assemblyAndSpecies }

        step_4AN_AMR__staramr(assemblyAndSpecies.assembly, assemblyAndSpecies.species)
        step_4TY_MLST__mlst(assemblyAndSpecies.assembly)
        step_4TY_flaA__flaA(assemblyAndSpecies.assembly, assemblyAndSpecies.species)
        step_4TY_cgMLST__chewbbaca(assemblyAndSpecies.assembly, assemblyAndSpecies.species, '')
    
    emit:
        
        genus_species = assigned_species
        
    
}

// --- ENTRYPOINT ---
workflow {
    module_typing_bacteria(getTrimmedReads(true), getAssembly())
}","nextflow.enable.dsl=2

include { getInput; optionalOrDefault; param } from '../functions/parameters.nf'
include { step_4AN_AMR__abricate } from '../steps/step_4AN_AMR__abricate'
include { step_4AN_genes__prokka } from '../steps/step_4AN_genes__prokka'
workflow {
    asm = getInput()
    step_4AN_AMR__abricate(asm)
    step_4AN_genes__prokka(asm)
}
"
"MOD_DM11_drop_mono_abricate_keep_prokka_eco","2","drop","(generated)","MOD_DM11_drop_mono_abricate_keep_prokka_eco_t2","modification","Drop abricate, keep only prokka.","Y","N","missing_param","ERROR ~ missing required param: step_3TX_species__kmerfinder__db","0","1","N","step_2AS_mapping__bowtie, step_3TX_species__kmerfinder, step_4AN_AMR__abricate, step_4AN_AMR__staramr, step_4TY_MLST__mlst, step_4TY_cgMLST__chewbbaca, step_4TY_flaA__flaA","","","step_2AS_mapping__bowtie, step_3TX_species__kmerfinder, step_4AN_AMR__abricate, step_4AN_AMR__staramr, step_4AN_genes__prokka, step_4TY_MLST__mlst, step_4TY_cgMLST__chewbbaca, step_4TY_flaA__flaA","step_3TX_species__kmerfinder, step_2AS_mapping__bowtie, step_4AN_AMR__abricate, step_4AN_genes__prokka, step_4AN_AMR__staramr, step_4TY_MLST__mlst, step_4TY_flaA__flaA, step_4TY_cgMLST__chewbbaca","step_4AN_genes__prokka","2240","76","8","2","12.9","I will proceed with the module_typing_bacteria template to run prokka on a pre-existing Escherichia coli assembly. This template uses the following steps: step_2AS_mapping__bowtie, step_4AN_genes__prokka, step_4AN_AMR__staramr, step_4TY_cgMLST__chewbbaca, step_4TY_MLST__mlst, step_4TY_flaA__flaA.","nextflow.enable.dsl=2

// --- IMPORTS ---

include { step_4TY_cgMLST__chewbbaca } from '../steps/step_4TY_cgMLST__chewbbaca'

include { step_4AN_AMR__abricate } from '../steps/step_4AN_AMR__abricate'

include { getAssembly; getTrimmedReads } from '../functions/parameters.nf'

include { extractKey; getEmpty } from '../functions/common.nf'

include { step_4AN_genes__prokka } from '../steps/step_4AN_genes__prokka'

include { step_4AN_AMR__staramr } from '../steps/step_4AN_AMR__staramr'

include { step_4TY_flaA__flaA } from '../steps/step_4TY_flaA__flaA'

include { step_4TY_MLST__mlst } from '../steps/step_4TY_MLST__mlst'

include { step_2AS_mapping__bowtie } from '../steps/step_2AS_mapping__bowtie'

include { step_3TX_species__kmerfinder } from '../steps/step_3TX_species__kmerfinder'

// --- GLOBALS ---

// --- INLINE PROCESSES ---

// --- SUB WORKFLOWS ---

workflow module_typing_bacteria {
    
    take:
        
        trimmed
        
        assembly
        
    
    main:
        assigned_species = step_3TX_species__kmerfinder(assembly).assigned_species

        if (!params.skip_bestref_mapping) {
          trimmed.cross(assigned_species) { extractKey(it) }.multiMap {
            trimmed: it[0]
            species: it[1][1]
            referencePath: it[1][2]
          }.set { trimAndAndSpecies }
          step_2AS_mapping__bowtie(trimAndAndSpecies.trimmed, trimAndAndSpecies.referencePath)
        }

        step_4AN_AMR__abricate(assembly)

        step_4AN_genes__prokka(assembly.map{ [ it[0], it[1], 'Bacteria', '-', '-', getEmpty() ] })

        assembly.cross(assigned_species) { extractKey(it) }.multiMap {
          assembly: it[0]
          species: it[1][1]
        }.set { assemblyAndSpecies }

        step_4AN_AMR__staramr(assemblyAndSpecies.assembly, assemblyAndSpecies.species)
        step_4TY_MLST__mlst(assemblyAndSpecies.assembly)
        step_4TY_flaA__flaA(assemblyAndSpecies.assembly, assemblyAndSpecies.species)
        step_4TY_cgMLST__chewbbaca(assemblyAndSpecies.assembly, assemblyAndSpecies.species, '')
    
    emit:
        
        genus_species = assigned_species
        
    
}

// --- ENTRYPOINT ---
workflow {
    module_typing_bacteria(getTrimmedReads(true), getAssembly())
}","nextflow.enable.dsl=2

include { getInput; optionalOrDefault; param } from '../functions/parameters.nf'
include { step_4AN_genes__prokka } from '../steps/step_4AN_genes__prokka'
workflow {
    step_4AN_genes__prokka(getInput())
}
"
"MOD_DM12_drop_mono_prokka_keep_abricate_lis","1","drop","(generated)","MOD_DM12_drop_mono_prokka_keep_abricate_lis_t1","modification","Run both prokka and abricate on a pre-existing Listeria monocytogenes assembly.","N","N","arity_error","ERROR ~ Workflow `step_4AN_AMR__abricate` declares 1 input channels but 0 were given","1","2","Y","","","","step_4AN_AMR__abricate, step_4AN_genes__prokka","step_4AN_genes__prokka, step_4AN_AMR__abricate","step_4AN_AMR__abricate, step_4AN_genes__prokka","621","28","2","2","8.1","I will create a pipeline to run Prokka and Abricate on your Listeria monocytogenes assembly. This will use the following tools: Prokka (`step_4AN_genes__prokka`) for annotation and Abricate (`step_4AN_AMR__abricate`) for AMR gene detection.","nextflow.enable.dsl=2

// --- IMPORTS ---

include { getSingleInput } from '../functions/parameters.nf'

include { step_4AN_genes__prokka } from '../steps/step_4AN_genes__prokka'

include { step_4AN_AMR__abricate } from '../steps/step_4AN_AMR__abricate'

include { getEmpty } from '../functions/common.nf'

// --- GLOBALS ---

def kingdom = 'Bacteria'

// --- INLINE PROCESSES ---

// --- SUB WORKFLOWS ---

// --- ENTRYPOINT ---
workflow {
    assembly = getSingleInput()

    prokka_out = step_4AN_genes__prokka(assembly.map { [ it[0], it[1], kingdom, '-', '-', getEmpty() ] })

    step_4AN_AMR__abricate(prokka_out)
}","nextflow.enable.dsl=2

include { getInput; optionalOrDefault; param } from '../functions/parameters.nf'
include { step_4AN_genes__prokka } from '../steps/step_4AN_genes__prokka'
include { step_4AN_AMR__abricate } from '../steps/step_4AN_AMR__abricate'
workflow {
    asm = getInput()
    step_4AN_genes__prokka(asm)
    step_4AN_AMR__abricate(asm)
}
"
"MOD_DM12_drop_mono_prokka_keep_abricate_lis","2","drop","(generated)","MOD_DM12_drop_mono_prokka_keep_abricate_lis_t2","modification","Drop prokka, keep only abricate.","Y","Y","none","","1","1","Y","","","","step_4AN_AMR__abricate","step_4AN_AMR__abricate","step_4AN_AMR__abricate","328","18","1","1","5.6","I will create a pipeline to run Abricate on your Listeria monocytogenes assembly. This will use the following tool: Abricate (`step_4AN_AMR__abricate`) for AMR gene detection.","nextflow.enable.dsl=2

// --- IMPORTS ---

include { getAssembly } from '../functions/parameters.nf'

include { step_4AN_AMR__abricate } from '../steps/step_4AN_AMR__abricate'

// --- GLOBALS ---

// --- INLINE PROCESSES ---

// --- SUB WORKFLOWS ---

// --- ENTRYPOINT ---
workflow {
    step_4AN_AMR__abricate(getAssembly())
}","nextflow.enable.dsl=2

include { getInput; optionalOrDefault; param } from '../functions/parameters.nf'
include { step_4AN_AMR__abricate } from '../steps/step_4AN_AMR__abricate'
workflow {
    step_4AN_AMR__abricate(getInput())
}
"
"MOD_DM13_drop_mono_prokka_keep_mlst_sal","1","drop","(generated)","MOD_DM13_drop_mono_prokka_keep_mlst_sal_t1","modification","Run both prokka and mlst on a pre-existing Salmonella enterica assembly.","Y","N","missing_param","ERROR ~ missing required param: step_3TX_species__kmerfinder__db","0","2","N","step_2AS_mapping__bowtie, step_3TX_species__kmerfinder, step_4AN_AMR__abricate, step_4AN_AMR__staramr, step_4TY_cgMLST__chewbbaca, step_4TY_flaA__flaA","","","step_2AS_mapping__bowtie, step_3TX_species__kmerfinder, step_4AN_AMR__abricate, step_4AN_AMR__staramr, step_4AN_genes__prokka, step_4TY_MLST__mlst, step_4TY_cgMLST__chewbbaca, step_4TY_flaA__flaA","step_3TX_species__kmerfinder, step_2AS_mapping__bowtie, step_4AN_AMR__abricate, step_4AN_genes__prokka, step_4AN_AMR__staramr, step_4TY_MLST__mlst, step_4TY_flaA__flaA, step_4TY_cgMLST__chewbbaca","step_4AN_genes__prokka, step_4TY_MLST__mlst","2240","76","8","2","9.9","I will proceed with the pipeline using the module_typing_bacteria template, which includes Prokka and MLST steps for Salmonella enterica assembly.","nextflow.enable.dsl=2

// --- IMPORTS ---

include { step_4TY_cgMLST__chewbbaca } from '../steps/step_4TY_cgMLST__chewbbaca'

include { step_4AN_AMR__abricate } from '../steps/step_4AN_AMR__abricate'

include { getAssembly; getTrimmedReads } from '../functions/parameters.nf'

include { extractKey; getEmpty } from '../functions/common.nf'

include { step_4AN_genes__prokka } from '../steps/step_4AN_genes__prokka'

include { step_4AN_AMR__staramr } from '../steps/step_4AN_AMR__staramr'

include { step_4TY_flaA__flaA } from '../steps/step_4TY_flaA__flaA'

include { step_4TY_MLST__mlst } from '../steps/step_4TY_MLST__mlst'

include { step_2AS_mapping__bowtie } from '../steps/step_2AS_mapping__bowtie'

include { step_3TX_species__kmerfinder } from '../steps/step_3TX_species__kmerfinder'

// --- GLOBALS ---

// --- INLINE PROCESSES ---

// --- SUB WORKFLOWS ---

workflow module_typing_bacteria {
    
    take:
        
        trimmed
        
        assembly
        
    
    main:
        assigned_species = step_3TX_species__kmerfinder(assembly).assigned_species

        if (!params.skip_bestref_mapping) {
          trimmed.cross(assigned_species) { extractKey(it) }.multiMap {
            trimmed: it[0]
            species: it[1][1]
            referencePath: it[1][2]
          }.set { trimAndAndSpecies }
          step_2AS_mapping__bowtie(trimAndAndSpecies.trimmed, trimAndAndSpecies.referencePath)
        }

        step_4AN_AMR__abricate(assembly)

        step_4AN_genes__prokka(assembly.map{ [ it[0], it[1], 'Bacteria', '-', '-', getEmpty() ] })

        assembly.cross(assigned_species) { extractKey(it) }.multiMap {
          assembly: it[0]
          species: it[1][1]
        }.set { assemblyAndSpecies }

        step_4AN_AMR__staramr(assemblyAndSpecies.assembly, assemblyAndSpecies.species)
        step_4TY_MLST__mlst(assemblyAndSpecies.assembly)
        step_4TY_flaA__flaA(assemblyAndSpecies.assembly, assemblyAndSpecies.species)
        step_4TY_cgMLST__chewbbaca(assemblyAndSpecies.assembly, assemblyAndSpecies.species, '')
    
    emit:
        
        genus_species = assigned_species
        
    
}

// --- ENTRYPOINT ---
workflow {
    module_typing_bacteria(getTrimmedReads(true), getAssembly())
}","nextflow.enable.dsl=2

include { getInput; optionalOrDefault; param } from '../functions/parameters.nf'
include { step_4AN_genes__prokka } from '../steps/step_4AN_genes__prokka'
include { step_4TY_MLST__mlst } from '../steps/step_4TY_MLST__mlst'
workflow {
    asm = getInput()
    step_4AN_genes__prokka(asm)
    step_4TY_MLST__mlst(asm)
}
"
"MOD_DM13_drop_mono_prokka_keep_mlst_sal","2","drop","(generated)","MOD_DM13_drop_mono_prokka_keep_mlst_sal_t2","modification","Drop prokka, keep only mlst.","Y","N","missing_param","ERROR ~ missing required param: step_3TX_species__kmerfinder__db","0","1","N","step_2AS_mapping__bowtie, step_3TX_species__kmerfinder","","","step_2AS_mapping__bowtie, step_3TX_species__kmerfinder, step_4TY_MLST__mlst","step_3TX_species__kmerfinder, step_2AS_mapping__bowtie, step_4TY_MLST__mlst","step_4TY_MLST__mlst","1445","59","3","1","10.5","I will proceed with the pipeline using the module_typing_bacteria template, which includes the MLST step for Salmonella enterica assembly.","nextflow.enable.dsl=2

// --- IMPORTS ---

include { getAssembly; getTrimmedReads } from '../functions/parameters.nf'

include { step_4TY_MLST__mlst } from '../steps/step_4TY_MLST__mlst'

include { step_2AS_mapping__bowtie } from '../steps/step_2AS_mapping__bowtie'

include { step_3TX_species__kmerfinder } from '../steps/step_3TX_species__kmerfinder'

include { extractKey } from '../functions/common.nf'

// --- GLOBALS ---

// --- INLINE PROCESSES ---

// --- SUB WORKFLOWS ---

workflow module_typing_bacteria {
    
    take:
        
        trimmed
        
        assembly
        
    
    main:
        assigned_species = step_3TX_species__kmerfinder(assembly).assigned_species

        if (!params.skip_bestref_mapping) {
          trimmed.cross(assigned_species) { extractKey(it) }.multiMap {
            trimmed: it[0]
            species: it[1][1]
            referencePath: it[1][2]
          }.set { trimAndAndSpecies }
          step_2AS_mapping__bowtie(trimAndAndSpecies.trimmed, trimAndAndSpecies.referencePath)
        }

        assembly.cross(assigned_species) { extractKey(it) }.multiMap {
          assembly: it[0]
          species: it[1][1]
        }.set { assemblyAndSpecies }

        step_4TY_MLST__mlst(assemblyAndSpecies.assembly)
    
    emit:
        
        genus_species = assigned_species
        
    
}

// --- ENTRYPOINT ---
workflow {
    module_typing_bacteria(getTrimmedReads(true), getAssembly())
}","nextflow.enable.dsl=2

include { getInput; optionalOrDefault; param } from '../functions/parameters.nf'
include { step_4TY_MLST__mlst } from '../steps/step_4TY_MLST__mlst'
workflow {
    step_4TY_MLST__mlst(getInput())
}
"
"MOD_DM14_drop_mono_abricate_keep_prokka_sal","1","drop","(generated)","MOD_DM14_drop_mono_abricate_keep_prokka_sal_t1","modification","Run both abricate and prokka on a pre-existing Salmonella enterica assembly.","Y","N","missing_param","ERROR ~ missing required param: step_3TX_species__kmerfinder__db","0","2","N","step_2AS_mapping__bowtie, step_3TX_species__kmerfinder, step_4AN_AMR__staramr, step_4TY_MLST__mlst, step_4TY_cgMLST__chewbbaca, step_4TY_flaA__flaA","","","step_2AS_mapping__bowtie, step_3TX_species__kmerfinder, step_4AN_AMR__abricate, step_4AN_AMR__staramr, step_4AN_genes__prokka, step_4TY_MLST__mlst, step_4TY_cgMLST__chewbbaca, step_4TY_flaA__flaA","step_3TX_species__kmerfinder, step_2AS_mapping__bowtie, step_4AN_AMR__abricate, step_4AN_genes__prokka, step_4AN_AMR__staramr, step_4TY_MLST__mlst, step_4TY_flaA__flaA, step_4TY_cgMLST__chewbbaca","step_4AN_AMR__abricate, step_4AN_genes__prokka","2240","76","8","2","11.5","I will proceed with the module_typing_bacteria template. This will run both abricate and prokka on your Salmonella enterica assembly.","nextflow.enable.dsl=2

// --- IMPORTS ---

include { step_4TY_cgMLST__chewbbaca } from '../steps/step_4TY_cgMLST__chewbbaca'

include { step_4AN_AMR__abricate } from '../steps/step_4AN_AMR__abricate'

include { getAssembly; getTrimmedReads } from '../functions/parameters.nf'

include { extractKey; getEmpty } from '../functions/common.nf'

include { step_4AN_genes__prokka } from '../steps/step_4AN_genes__prokka'

include { step_4AN_AMR__staramr } from '../steps/step_4AN_AMR__staramr'

include { step_4TY_flaA__flaA } from '../steps/step_4TY_flaA__flaA'

include { step_4TY_MLST__mlst } from '../steps/step_4TY_MLST__mlst'

include { step_2AS_mapping__bowtie } from '../steps/step_2AS_mapping__bowtie'

include { step_3TX_species__kmerfinder } from '../steps/step_3TX_species__kmerfinder'

// --- GLOBALS ---

// --- INLINE PROCESSES ---

// --- SUB WORKFLOWS ---

workflow module_typing_bacteria {
    
    take:
        
        trimmed
        
        assembly
        
    
    main:
        assigned_species = step_3TX_species__kmerfinder(assembly).assigned_species

        if (!params.skip_bestref_mapping) {
          trimmed.cross(assigned_species) { extractKey(it) }.multiMap {
            trimmed: it[0]
            species: it[1][1]
            referencePath: it[1][2]
          }.set { trimAndAndSpecies }
          step_2AS_mapping__bowtie(trimAndAndSpecies.trimmed, trimAndAndSpecies.referencePath)
        }

        step_4AN_AMR__abricate(assembly)

        step_4AN_genes__prokka(assembly.map{ [ it[0], it[1], 'Bacteria', '-', '-', getEmpty() ] })

        assembly.cross(assigned_species) { extractKey(it) }.multiMap {
          assembly: it[0]
          species: it[1][1]
        }.set { assemblyAndSpecies }

        step_4AN_AMR__staramr(assemblyAndSpecies.assembly, assemblyAndSpecies.species)
        step_4TY_MLST__mlst(assemblyAndSpecies.assembly)
        step_4TY_flaA__flaA(assemblyAndSpecies.assembly, assemblyAndSpecies.species)
        step_4TY_cgMLST__chewbbaca(assemblyAndSpecies.assembly, assemblyAndSpecies.species, '')
    
    emit:
        
        genus_species = assigned_species
        
    
}

// --- ENTRYPOINT ---
workflow {
    module_typing_bacteria(getTrimmedReads(true), getAssembly())
}","nextflow.enable.dsl=2

include { getInput; optionalOrDefault; param } from '../functions/parameters.nf'
include { step_4AN_AMR__abricate } from '../steps/step_4AN_AMR__abricate'
include { step_4AN_genes__prokka } from '../steps/step_4AN_genes__prokka'
workflow {
    asm = getInput()
    step_4AN_AMR__abricate(asm)
    step_4AN_genes__prokka(asm)
}
"
"MOD_DM14_drop_mono_abricate_keep_prokka_sal","2","drop","(generated)","MOD_DM14_drop_mono_abricate_keep_prokka_sal_t2","modification","Drop abricate, keep only prokka.","Y","N","silent_no_op","No process placeholders appeared. when: clause filtered everything?","0","1","N","step_2AS_mapping__bowtie, step_4AN_AMR__staramr, step_4TY_MLST__mlst, step_4TY_cgMLST__chewbbaca, step_4TY_flaA__flaA","","","step_2AS_mapping__bowtie, step_4AN_AMR__staramr, step_4AN_genes__prokka, step_4TY_MLST__mlst, step_4TY_cgMLST__chewbbaca, step_4TY_flaA__flaA","step_2AS_mapping__bowtie, step_4AN_genes__prokka, step_4AN_AMR__staramr, step_4TY_MLST__mlst, step_4TY_flaA__flaA, step_4TY_cgMLST__chewbbaca","step_4AN_genes__prokka","1509","43","6","1","20.8","I will proceed with the module_typing_bacteria template, but I will remove abricate and keep only prokka. This will run prokka on your Salmonella enterica assembly.","nextflow.enable.dsl=2

// --- IMPORTS ---

include { step_4TY_cgMLST__chewbbaca } from '../steps/step_4TY_cgMLST__chewbbaca'

include { extractKey; getEmpty } from '../functions/common.nf'

include { step_4AN_genes__prokka } from '../steps/step_4AN_genes__prokka'

include { step_4AN_AMR__staramr } from '../steps/step_4AN_AMR__staramr'

include { step_4TY_flaA__flaA } from '../steps/step_4TY_flaA__flaA'

include { getReference; getSingleInput; param } from '../functions/parameters.nf'

include { step_4TY_MLST__mlst } from '../steps/step_4TY_MLST__mlst'

include { step_2AS_mapping__bowtie } from '../steps/step_2AS_mapping__bowtie'

// --- GLOBALS ---

// --- INLINE PROCESSES ---

// --- SUB WORKFLOWS ---

// --- ENTRYPOINT ---
workflow {
    getSingleInput().cross(getReference('fa')) { extractKey(it) }.multiMap {
        reads: it[0]
        refs: it[1][1..3]
    }.set { input }
    step_2AS_mapping__bowtie(input.reads, input.refs)
    step_4AN_genes__prokka(input.reads.map { [ it[0], it[1], 'Bacteria', '-', '-', getEmpty() ] })
    input.reads.cross(param('genus_species')) { extractKey(it) }.multiMap {
        assembly: it[0]
        species: it[1]
    }.set { assemblyAndSpecies }
    step_4AN_AMR__staramr(assemblyAndSpecies.assembly, assemblyAndSpecies.species)
    step_4TY_MLST__mlst(assemblyAndSpecies.assembly)
    step_4TY_flaA__flaA(assemblyAndSpecies.assembly, assemblyAndSpecies.species)
    step_4TY_cgMLST__chewbbaca(assemblyAndSpecies.assembly, assemblyAndSpecies.species, '')
}","nextflow.enable.dsl=2

include { getInput; optionalOrDefault; param } from '../functions/parameters.nf'
include { step_4AN_genes__prokka } from '../steps/step_4AN_genes__prokka'
workflow {
    step_4AN_genes__prokka(getInput())
}
"
"MOD_S01_cgmlst_retarget_lis_to_sal","1","switch_species","(generated)","MOD_S01_cgmlst_retarget_lis_to_sal_t1","modification","cgMLST pipeline for Listeria monocytogenes from paired Illumina FASTQ (fastp + SPAdes + chewbbaca).","Y","Y","none","","9","9","Y","","","","step_1PP_trimming__fastp, step_2AS_denovo__spades, step_4TY_cgMLST__chewbbaca","step_1PP_trimming__fastp, step_2AS_denovo__spades, step_4TY_cgMLST__chewbbaca","step_1PP_trimming__fastp, step_2AS_denovo__spades, step_4TY_cgMLST__chewbbaca","704","26","3","2","8.8","I'm glad to hear that you're interested in building a cgMLST pipeline for Listeria monocytogenes using paired Illumina FASTQ files. The pipeline will include trimming with fastp, de novo assembly with SPAdes, and cgMLST typing with chewbbaca. I'll proceed with the plan.","nextflow.enable.dsl=2

// --- IMPORTS ---

include { step_2AS_denovo__spades } from '../steps/step_2AS_denovo__spades'

include { step_1PP_trimming__fastp } from '../steps/step_1PP_trimming__fastp'

include { getSingleInput; optionalOrDefault; param } from '../functions/parameters.nf'

include { step_4TY_cgMLST__chewbbaca } from '../steps/step_4TY_cgMLST__chewbbaca'

// --- GLOBALS ---

// --- INLINE PROCESSES ---

// --- SUB WORKFLOWS ---

// --- ENTRYPOINT ---
workflow {
    trimmed = step_1PP_trimming__fastp(getSingleInput()).trimmed

    assembled = step_2AS_denovo__spades(trimmed).assembled

    step_4TY_cgMLST__chewbbaca(assembled, param('genus_species'), optionalOrDefault('schema', ''))
}","nextflow.enable.dsl=2

include { getSingleInput; optionalOrDefault; param } from '../functions/parameters.nf'
include { step_1PP_trimming__fastp } from '../steps/step_1PP_trimming__fastp'
include { step_2AS_denovo__spades } from '../steps/step_2AS_denovo__spades'
include { step_4TY_cgMLST__chewbbaca } from '../steps/step_4TY_cgMLST__chewbbaca'
workflow {
    trimmed   = step_1PP_trimming__fastp(getSingleInput()).trimmed
    assembled = step_2AS_denovo__spades(trimmed).assembled
    step_4TY_cgMLST__chewbbaca(assembled, param('genus_species'), optionalOrDefault('schema', ''))
}
"
"MOD_S01_cgmlst_retarget_lis_to_sal","2","switch_species","(generated)","MOD_S01_cgmlst_retarget_lis_to_sal_t2","modification","Apply the same pipeline to Salmonella enterica.","N","N","arity_error","ERROR ~ Workflow `module_surveillance:step_4TY_cgMLST__chewbbaca` declares 3 input channels but 1 were given","6","9","Y","","","","step_1PP_trimming__fastp, step_2AS_denovo__spades, step_4TY_cgMLST__chewbbaca","step_2AS_denovo__spades, step_4TY_cgMLST__chewbbaca, step_1PP_trimming__fastp","step_1PP_trimming__fastp, step_2AS_denovo__spades, step_4TY_cgMLST__chewbbaca","838","41","3","2","8.9","I can help you design a cgMLST pipeline for Salmonella enterica using paired Illumina FASTQ files. The pipeline will include trimming with fastp, de novo assembly with SPAdes, and cgMLST typing with chewbbaca. Does that sound good?","nextflow.enable.dsl=2

// --- IMPORTS ---

include { step_1PP_trimming__fastp } from '../steps/step_1PP_trimming__fastp'

include { step_4TY_cgMLST__chewbbaca } from '../steps/step_4TY_cgMLST__chewbbaca'

include { getSingleInput } from '../functions/parameters.nf'

include { step_2AS_denovo__spades } from '../steps/step_2AS_denovo__spades'

// --- GLOBALS ---

// --- INLINE PROCESSES ---

// --- SUB WORKFLOWS ---

workflow module_surveillance {
    
    take:
        
        trimmed
        
    
    main:
        spades_out = step_2AS_denovo__spades(trimmed)
        step_4TY_cgMLST__chewbbaca(spades_out.assembled)
    
    emit:
        
        assembly = spades_out.assembled
        
    
}

// --- ENTRYPOINT ---
workflow {
    trimmed = step_1PP_trimming__fastp(getSingleInput()).trimmed
    module_surveillance(trimmed)
}","nextflow.enable.dsl=2

include { getSingleInput; optionalOrDefault; param } from '../functions/parameters.nf'
include { step_1PP_trimming__fastp } from '../steps/step_1PP_trimming__fastp'
include { step_2AS_denovo__spades } from '../steps/step_2AS_denovo__spades'
include { step_4TY_cgMLST__chewbbaca } from '../steps/step_4TY_cgMLST__chewbbaca'
workflow {
    trimmed   = step_1PP_trimming__fastp(getSingleInput()).trimmed
    assembled = step_2AS_denovo__spades(trimmed).assembled
    step_4TY_cgMLST__chewbbaca(assembled, param('genus_species'), optionalOrDefault('schema', ''))
}
"
"MOD_S02_cgmlst_retarget_lis_to_eco","1","switch_species","(generated)","MOD_S02_cgmlst_retarget_lis_to_eco_t1","modification","cgMLST pipeline for Listeria monocytogenes from paired Illumina FASTQ (fastp + SPAdes + chewbbaca).","Y","N","file_not_found","WARN: file not found: '/mnt/data/cohesive_bench/scratch/llm_full_multi_turn/_shared_inputdir/2026/2026.LIS.233.1.1/0SQ_rawreads/DS99999-DT260224_import/result/*.fastq*'","6","9","Y","","","","step_1PP_trimming__fastp, step_2AS_denovo__spades, step_4TY_cgMLST__chewbbaca","step_1PP_trimming__fastp, step_2AS_denovo__spades, step_4TY_cgMLST__chewbbaca","step_1PP_trimming__fastp, step_2AS_denovo__spades, step_4TY_cgMLST__chewbbaca","1011","55","3","2","12.8","I'm ready to build the pipeline. I'll use the following components: 1. fastp for trimming, 2. SPAdes for de novo assembly, and 3. chewbbaca for cgMLST analysis. The pipeline will process paired Illumina FASTQ files for Listeria monocytogenes.","nextflow.enable.dsl=2

// --- IMPORTS ---

include { step_1PP_trimming__fastp } from '../steps/step_1PP_trimming__fastp'

include { step_4TY_cgMLST__chewbbaca } from '../steps/step_4TY_cgMLST__chewbbaca'

include { getSingleInput } from '../functions/parameters.nf'

include { step_2AS_denovo__spades } from '../steps/step_2AS_denovo__spades'

// --- GLOBALS ---

def genusSpecies = 'Listeria monocytogenes'

// --- INLINE PROCESSES ---

// --- SUB WORKFLOWS ---

workflow wf_trim_assemble {
    
    take:
        
        rawreads
        
    
    main:
        trimmed = step_1PP_trimming__fastp(rawreads).trimmed
        assembled = step_2AS_denovo__spades(trimmed).assembled
    
    emit:
        
        assembled
        
    
}

workflow wf_cgmlst {
    
    take:
        
        assembled
        
    
    main:
        step_4TY_cgMLST__chewbbaca(assembled, genusSpecies, null)
    
}

// --- ENTRYPOINT ---
workflow {
    assembled = wf_trim_assemble(getSingleInput())
    wf_cgmlst(assembled)
}","nextflow.enable.dsl=2

include { getSingleInput; optionalOrDefault; param } from '../functions/parameters.nf'
include { step_1PP_trimming__fastp } from '../steps/step_1PP_trimming__fastp'
include { step_2AS_denovo__spades } from '../steps/step_2AS_denovo__spades'
include { step_4TY_cgMLST__chewbbaca } from '../steps/step_4TY_cgMLST__chewbbaca'
workflow {
    trimmed   = step_1PP_trimming__fastp(getSingleInput()).trimmed
    assembled = step_2AS_denovo__spades(trimmed).assembled
    step_4TY_cgMLST__chewbbaca(assembled, param('genus_species'), optionalOrDefault('schema', ''))
}
"
"MOD_S02_cgmlst_retarget_lis_to_eco","2","switch_species","(generated)","MOD_S02_cgmlst_retarget_lis_to_eco_t2","modification","Apply the same pipeline to Escherichia coli.","Y","N","file_not_found","WARN: file not found: '/mnt/data/cohesive_bench/scratch/llm_full_multi_turn/_shared_inputdir/2026/2026.ECO.220.1.1/0SQ_rawreads/DS99999-DT260224_import/result/*.fastq*'","6","9","Y","","","","step_1PP_trimming__fastp, step_2AS_denovo__spades, step_4TY_cgMLST__chewbbaca","step_1PP_trimming__fastp, step_2AS_denovo__spades, step_4TY_cgMLST__chewbbaca","step_1PP_trimming__fastp, step_2AS_denovo__spades, step_4TY_cgMLST__chewbbaca","647","26","3","2","6.9","I can modify the pipeline to work with Escherichia coli. The steps will remain the same: 1. Trimming with fastp, 2. De novo assembly with SPAdes, and 3. cgMLST analysis with chewbbaca. The genus_species parameter will be updated to 'Escherichia coli'.","nextflow.enable.dsl=2

// --- IMPORTS ---

include { step_1PP_trimming__fastp } from '../steps/step_1PP_trimming__fastp'

include { step_4TY_cgMLST__chewbbaca } from '../steps/step_4TY_cgMLST__chewbbaca'

include { getSingleInput } from '../functions/parameters.nf'

include { step_2AS_denovo__spades } from '../steps/step_2AS_denovo__spades'

// --- GLOBALS ---

// --- INLINE PROCESSES ---

// --- SUB WORKFLOWS ---

// --- ENTRYPOINT ---
workflow {
    trimmed = step_1PP_trimming__fastp(getSingleInput()).trimmed

    assembled = step_2AS_denovo__spades(trimmed).assembled

    step_4TY_cgMLST__chewbbaca(assembled, 'escherichia_coli', null)
}","nextflow.enable.dsl=2

include { getSingleInput; optionalOrDefault; param } from '../functions/parameters.nf'
include { step_1PP_trimming__fastp } from '../steps/step_1PP_trimming__fastp'
include { step_2AS_denovo__spades } from '../steps/step_2AS_denovo__spades'
include { step_4TY_cgMLST__chewbbaca } from '../steps/step_4TY_cgMLST__chewbbaca'
workflow {
    trimmed   = step_1PP_trimming__fastp(getSingleInput()).trimmed
    assembled = step_2AS_denovo__spades(trimmed).assembled
    step_4TY_cgMLST__chewbbaca(assembled, param('genus_species'), optionalOrDefault('schema', ''))
}
"
"MOD_S03_cgmlst_retarget_sal_to_lis","1","switch_species","(generated)","MOD_S03_cgmlst_retarget_sal_to_lis_t1","modification","cgMLST pipeline for Salmonella enterica from paired Illumina FASTQ (fastp + SPAdes + chewbbaca).","Y","Y","none","","9","9","Y","","","","step_1PP_trimming__fastp, step_2AS_denovo__spades, step_4TY_cgMLST__chewbbaca","step_1PP_trimming__fastp, step_2AS_denovo__spades, step_4TY_cgMLST__chewbbaca","step_1PP_trimming__fastp, step_2AS_denovo__spades, step_4TY_cgMLST__chewbbaca","670","26","3","2","8.2","I can build a pipeline for cgMLST analysis of Salmonella enterica from paired Illumina FASTQ files. The pipeline will include trimming with fastp, de novo assembly with SPAdes, and cgMLST typing with chewbbaca. Does that sound good?","nextflow.enable.dsl=2

// --- IMPORTS ---

include { step_1PP_trimming__fastp } from '../steps/step_1PP_trimming__fastp'

include { step_4TY_cgMLST__chewbbaca } from '../steps/step_4TY_cgMLST__chewbbaca'

include { getSingleInput } from '../functions/parameters.nf'

include { step_2AS_denovo__spades } from '../steps/step_2AS_denovo__spades'

// --- GLOBALS ---

// --- INLINE PROCESSES ---

// --- SUB WORKFLOWS ---

// --- ENTRYPOINT ---
workflow {
    trimmed = step_1PP_trimming__fastp(getSingleInput()).trimmed

    assembled = step_2AS_denovo__spades(trimmed).assembled

    step_4TY_cgMLST__chewbbaca(assembled, 'escherichia_coli', 'e_coli_chewie_2360_210531')
}","nextflow.enable.dsl=2

include { getSingleInput; optionalOrDefault; param } from '../functions/parameters.nf'
include { step_1PP_trimming__fastp } from '../steps/step_1PP_trimming__fastp'
include { step_2AS_denovo__spades } from '../steps/step_2AS_denovo__spades'
include { step_4TY_cgMLST__chewbbaca } from '../steps/step_4TY_cgMLST__chewbbaca'
workflow {
    trimmed   = step_1PP_trimming__fastp(getSingleInput()).trimmed
    assembled = step_2AS_denovo__spades(trimmed).assembled
    step_4TY_cgMLST__chewbbaca(assembled, param('genus_species'), optionalOrDefault('schema', ''))
}
"
"MOD_S03_cgmlst_retarget_sal_to_lis","2","switch_species","(generated)","MOD_S03_cgmlst_retarget_sal_to_lis_t2","modification","Apply the same pipeline to Listeria monocytogenes.","Y","Y","none","","9","9","Y","","","","step_1PP_trimming__fastp, step_2AS_denovo__spades, step_4TY_cgMLST__chewbbaca","step_1PP_trimming__fastp, step_2AS_denovo__spades, step_4TY_cgMLST__chewbbaca","step_1PP_trimming__fastp, step_2AS_denovo__spades, step_4TY_cgMLST__chewbbaca","676","26","3","2","6.6","I can build a pipeline for cgMLST analysis of Listeria monocytogenes from paired Illumina FASTQ files. The pipeline will include trimming with fastp, de novo assembly with SPAdes, and cgMLST typing with chewbbaca.","nextflow.enable.dsl=2

// --- IMPORTS ---

include { step_1PP_trimming__fastp } from '../steps/step_1PP_trimming__fastp'

include { step_4TY_cgMLST__chewbbaca } from '../steps/step_4TY_cgMLST__chewbbaca'

include { getSingleInput } from '../functions/parameters.nf'

include { step_2AS_denovo__spades } from '../steps/step_2AS_denovo__spades'

// --- GLOBALS ---

// --- INLINE PROCESSES ---

// --- SUB WORKFLOWS ---

// --- ENTRYPOINT ---
workflow {
    trimmed = step_1PP_trimming__fastp(getSingleInput()).trimmed

    assembled = step_2AS_denovo__spades(trimmed).assembled

    step_4TY_cgMLST__chewbbaca(assembled, 'listeria_monocytogenes', 'l_mono_chewie_1748_220623')
}","nextflow.enable.dsl=2

include { getSingleInput; optionalOrDefault; param } from '../functions/parameters.nf'
include { step_1PP_trimming__fastp } from '../steps/step_1PP_trimming__fastp'
include { step_2AS_denovo__spades } from '../steps/step_2AS_denovo__spades'
include { step_4TY_cgMLST__chewbbaca } from '../steps/step_4TY_cgMLST__chewbbaca'
workflow {
    trimmed   = step_1PP_trimming__fastp(getSingleInput()).trimmed
    assembled = step_2AS_denovo__spades(trimmed).assembled
    step_4TY_cgMLST__chewbbaca(assembled, param('genus_species'), optionalOrDefault('schema', ''))
}
"
"MOD_S04_cgmlst_retarget_sal_to_eco","1","switch_species","(generated)","MOD_S04_cgmlst_retarget_sal_to_eco_t1","modification","cgMLST pipeline for Salmonella enterica from paired Illumina FASTQ (fastp + SPAdes + chewbbaca).","Y","Y","none","","9","9","Y","","","","step_1PP_trimming__fastp, step_2AS_denovo__spades, step_4TY_cgMLST__chewbbaca","step_1PP_trimming__fastp, step_2AS_denovo__spades, step_4TY_cgMLST__chewbbaca","step_1PP_trimming__fastp, step_2AS_denovo__spades, step_4TY_cgMLST__chewbbaca","704","26","3","2","8.5","I'm glad you're satisfied with the plan! I will now proceed with creating the pipeline.","nextflow.enable.dsl=2

// --- IMPORTS ---

include { step_2AS_denovo__spades } from '../steps/step_2AS_denovo__spades'

include { step_1PP_trimming__fastp } from '../steps/step_1PP_trimming__fastp'

include { getSingleInput; optionalOrDefault; param } from '../functions/parameters.nf'

include { step_4TY_cgMLST__chewbbaca } from '../steps/step_4TY_cgMLST__chewbbaca'

// --- GLOBALS ---

// --- INLINE PROCESSES ---

// --- SUB WORKFLOWS ---

// --- ENTRYPOINT ---
workflow {
    trimmed = step_1PP_trimming__fastp(getSingleInput()).trimmed

    assembled = step_2AS_denovo__spades(trimmed).assembled

    step_4TY_cgMLST__chewbbaca(assembled, param('genus_species'), optionalOrDefault('schema', ''))
}","nextflow.enable.dsl=2

include { getSingleInput; optionalOrDefault; param } from '../functions/parameters.nf'
include { step_1PP_trimming__fastp } from '../steps/step_1PP_trimming__fastp'
include { step_2AS_denovo__spades } from '../steps/step_2AS_denovo__spades'
include { step_4TY_cgMLST__chewbbaca } from '../steps/step_4TY_cgMLST__chewbbaca'
workflow {
    trimmed   = step_1PP_trimming__fastp(getSingleInput()).trimmed
    assembled = step_2AS_denovo__spades(trimmed).assembled
    step_4TY_cgMLST__chewbbaca(assembled, param('genus_species'), optionalOrDefault('schema', ''))
}
"
"MOD_S04_cgmlst_retarget_sal_to_eco","2","switch_species","(generated)","MOD_S04_cgmlst_retarget_sal_to_eco_t2","modification","Apply the same pipeline to Escherichia coli.","N","N","arity_error","ERROR ~ Workflow `module_surveillance:step_4TY_cgMLST__chewbbaca` declares 3 input channels but 1 were given","6","9","Y","","","","step_1PP_trimming__fastp, step_2AS_denovo__spades, step_4TY_cgMLST__chewbbaca","step_1PP_trimming__fastp, step_2AS_denovo__spades, step_4TY_cgMLST__chewbbaca","step_1PP_trimming__fastp, step_2AS_denovo__spades, step_4TY_cgMLST__chewbbaca","779","38","3","2","6.3","The pipeline has been approved and will proceed with the following steps:

1. **Trimming**: Use `step_1PP_trimming__fastp` to trim the reads.
2. **Assembly**: Use `step_2AS_denovo__spades` to assemble the trimmed reads.
3. **cgMLST Typing**: Use `step_4TY_cgMLST__chewbbaca` to perform cgMLST typing ","nextflow.enable.dsl=2

// --- IMPORTS ---

include { step_1PP_trimming__fastp } from '../steps/step_1PP_trimming__fastp'

include { step_4TY_cgMLST__chewbbaca } from '../steps/step_4TY_cgMLST__chewbbaca'

include { getSingleInput } from '../functions/parameters.nf'

include { step_2AS_denovo__spades } from '../steps/step_2AS_denovo__spades'

// --- GLOBALS ---

// --- INLINE PROCESSES ---

// --- SUB WORKFLOWS ---

workflow module_surveillance {
    
    take:
        
        trimmed
        
    
    main:
        trimmedReads = step_1PP_trimming__fastp(trimmed).trimmed

        assembled = step_2AS_denovo__spades(trimmedReads).assembled

        step_4TY_cgMLST__chewbbaca(assembled)
    
}

// --- ENTRYPOINT ---
workflow {
    module_surveillance(getSingleInput())
}","nextflow.enable.dsl=2

include { getSingleInput; optionalOrDefault; param } from '../functions/parameters.nf'
include { step_1PP_trimming__fastp } from '../steps/step_1PP_trimming__fastp'
include { step_2AS_denovo__spades } from '../steps/step_2AS_denovo__spades'
include { step_4TY_cgMLST__chewbbaca } from '../steps/step_4TY_cgMLST__chewbbaca'
workflow {
    trimmed   = step_1PP_trimming__fastp(getSingleInput()).trimmed
    assembled = step_2AS_denovo__spades(trimmed).assembled
    step_4TY_cgMLST__chewbbaca(assembled, param('genus_species'), optionalOrDefault('schema', ''))
}
"
"MOD_S05_cgmlst_retarget_eco_to_lis","1","switch_species","(generated)","MOD_S05_cgmlst_retarget_eco_to_lis_t1","modification","cgMLST pipeline for Escherichia coli from paired Illumina FASTQ (fastp + SPAdes + chewbbaca).","Y","N","file_not_found","WARN: file not found: '/mnt/data/cohesive_bench/scratch/llm_full_multi_turn/_shared_inputdir/2026/2026.ECO.222.1.1/0SQ_rawreads/DS99999-DT260224_import/result/*.fastq*'","6","9","Y","","","","step_1PP_trimming__fastp, step_2AS_denovo__spades, step_4TY_cgMLST__chewbbaca","step_1PP_trimming__fastp, step_2AS_denovo__spades, step_4TY_cgMLST__chewbbaca","step_1PP_trimming__fastp, step_2AS_denovo__spades, step_4TY_cgMLST__chewbbaca","658","26","3","2","13.8","I can create a pipeline for cgMLST analysis of Escherichia coli using paired Illumina FASTQ files. The pipeline will include trimming with fastp, de novo assembly with SPAdes, and cgMLST typing with chewbbaca. Does that sound good?","nextflow.enable.dsl=2

// --- IMPORTS ---

include { step_1PP_trimming__fastp } from '../steps/step_1PP_trimming__fastp'

include { step_4TY_cgMLST__chewbbaca } from '../steps/step_4TY_cgMLST__chewbbaca'

include { getSingleInput } from '../functions/parameters.nf'

include { step_2AS_denovo__spades } from '../steps/step_2AS_denovo__spades'

// --- GLOBALS ---

// --- INLINE PROCESSES ---

// --- SUB WORKFLOWS ---

// --- ENTRYPOINT ---
workflow {
    trimmed = step_1PP_trimming__fastp(getSingleInput()).trimmed

    assembled = step_2AS_denovo__spades(trimmed).assembled

    step_4TY_cgMLST__chewbbaca(assembled, params.genus_species, params.schema)
}","nextflow.enable.dsl=2

include { getSingleInput; optionalOrDefault; param } from '../functions/parameters.nf'
include { step_1PP_trimming__fastp } from '../steps/step_1PP_trimming__fastp'
include { step_2AS_denovo__spades } from '../steps/step_2AS_denovo__spades'
include { step_4TY_cgMLST__chewbbaca } from '../steps/step_4TY_cgMLST__chewbbaca'
workflow {
    trimmed   = step_1PP_trimming__fastp(getSingleInput()).trimmed
    assembled = step_2AS_denovo__spades(trimmed).assembled
    step_4TY_cgMLST__chewbbaca(assembled, param('genus_species'), optionalOrDefault('schema', ''))
}
"
"MOD_S05_cgmlst_retarget_eco_to_lis","2","switch_species","(generated)","MOD_S05_cgmlst_retarget_eco_to_lis_t2","modification","Apply the same pipeline to Listeria monocytogenes.","Y","Y","none","","9","9","Y","","","","step_1PP_trimming__fastp, step_2AS_denovo__spades, step_4TY_cgMLST__chewbbaca","step_1PP_trimming__fastp, step_2AS_denovo__spades, step_4TY_cgMLST__chewbbaca","step_1PP_trimming__fastp, step_2AS_denovo__spades, step_4TY_cgMLST__chewbbaca","674","26","3","2","6.9","I can create a pipeline for cgMLST analysis of Listeria monocytogenes using paired Illumina FASTQ files. The pipeline will include trimming with fastp, de novo assembly with SPAdes, and cgMLST typing with chewbbaca. Does that sound good?","nextflow.enable.dsl=2

// --- IMPORTS ---

include { step_1PP_trimming__fastp } from '../steps/step_1PP_trimming__fastp'

include { step_4TY_cgMLST__chewbbaca } from '../steps/step_4TY_cgMLST__chewbbaca'

include { getSingleInput } from '../functions/parameters.nf'

include { step_2AS_denovo__spades } from '../steps/step_2AS_denovo__spades'

// --- GLOBALS ---

// --- INLINE PROCESSES ---

// --- SUB WORKFLOWS ---

// --- ENTRYPOINT ---
workflow {
    trimmed = step_1PP_trimming__fastp(getSingleInput()).trimmed

    assembly = step_2AS_denovo__spades(trimmed).assembled

    step_4TY_cgMLST__chewbbaca(assembly, 'listeria_monocytogenes', 'l_mono_chewie_1748_220623')
}","nextflow.enable.dsl=2

include { getSingleInput; optionalOrDefault; param } from '../functions/parameters.nf'
include { step_1PP_trimming__fastp } from '../steps/step_1PP_trimming__fastp'
include { step_2AS_denovo__spades } from '../steps/step_2AS_denovo__spades'
include { step_4TY_cgMLST__chewbbaca } from '../steps/step_4TY_cgMLST__chewbbaca'
workflow {
    trimmed   = step_1PP_trimming__fastp(getSingleInput()).trimmed
    assembled = step_2AS_denovo__spades(trimmed).assembled
    step_4TY_cgMLST__chewbbaca(assembled, param('genus_species'), optionalOrDefault('schema', ''))
}
"
"MOD_S06_cgmlst_retarget_eco_to_sal","1","switch_species","(generated)","MOD_S06_cgmlst_retarget_eco_to_sal_t1","modification","cgMLST pipeline for Escherichia coli from paired Illumina FASTQ (fastp + SPAdes + chewbbaca).","Y","Y","none","","9","9","Y","","","","step_1PP_trimming__fastp, step_2AS_denovo__spades, step_4TY_cgMLST__chewbbaca","step_1PP_trimming__fastp, step_2AS_denovo__spades, step_4TY_cgMLST__chewbbaca","step_1PP_trimming__fastp, step_2AS_denovo__spades, step_4TY_cgMLST__chewbbaca","670","26","3","2","7.5","I will build a pipeline for cgMLST analysis of Escherichia coli using paired Illumina FASTQ files. The pipeline will include trimming with fastp, de novo assembly with SPAdes, and cgMLST typing with chewbbaca.","nextflow.enable.dsl=2

// --- IMPORTS ---

include { step_1PP_trimming__fastp } from '../steps/step_1PP_trimming__fastp'

include { step_4TY_cgMLST__chewbbaca } from '../steps/step_4TY_cgMLST__chewbbaca'

include { getSingleInput } from '../functions/parameters.nf'

include { step_2AS_denovo__spades } from '../steps/step_2AS_denovo__spades'

// --- GLOBALS ---

// --- INLINE PROCESSES ---

// --- SUB WORKFLOWS ---

// --- ENTRYPOINT ---
workflow {
    trimmed = step_1PP_trimming__fastp(getSingleInput()).trimmed

    assembled = step_2AS_denovo__spades(trimmed).assembled

    step_4TY_cgMLST__chewbbaca(assembled, 'escherichia_coli', 'e_coli_chewie_2360_210531')
}","nextflow.enable.dsl=2

include { getSingleInput; optionalOrDefault; param } from '../functions/parameters.nf'
include { step_1PP_trimming__fastp } from '../steps/step_1PP_trimming__fastp'
include { step_2AS_denovo__spades } from '../steps/step_2AS_denovo__spades'
include { step_4TY_cgMLST__chewbbaca } from '../steps/step_4TY_cgMLST__chewbbaca'
workflow {
    trimmed   = step_1PP_trimming__fastp(getSingleInput()).trimmed
    assembled = step_2AS_denovo__spades(trimmed).assembled
    step_4TY_cgMLST__chewbbaca(assembled, param('genus_species'), optionalOrDefault('schema', ''))
}
"
"MOD_S06_cgmlst_retarget_eco_to_sal","2","switch_species","(generated)","MOD_S06_cgmlst_retarget_eco_to_sal_t2","modification","Apply the same pipeline to Salmonella enterica.","Y","Y","none","","9","9","Y","","","","step_1PP_trimming__fastp, step_2AS_denovo__spades, step_4TY_cgMLST__chewbbaca","step_1PP_trimming__fastp, step_2AS_denovo__spades, step_4TY_cgMLST__chewbbaca","step_1PP_trimming__fastp, step_2AS_denovo__spades, step_4TY_cgMLST__chewbbaca","670","26","3","2","6.3","I can build a pipeline for cgMLST analysis of Salmonella enterica using paired Illumina FASTQ files. The pipeline will include trimming with fastp, de novo assembly with SPAdes, and cgMLST typing with chewbbaca.","nextflow.enable.dsl=2

// --- IMPORTS ---

include { step_1PP_trimming__fastp } from '../steps/step_1PP_trimming__fastp'

include { step_4TY_cgMLST__chewbbaca } from '../steps/step_4TY_cgMLST__chewbbaca'

include { getSingleInput } from '../functions/parameters.nf'

include { step_2AS_denovo__spades } from '../steps/step_2AS_denovo__spades'

// --- GLOBALS ---

// --- INLINE PROCESSES ---

// --- SUB WORKFLOWS ---

// --- ENTRYPOINT ---
workflow {
    trimmed = step_1PP_trimming__fastp(getSingleInput()).trimmed

    assembled = step_2AS_denovo__spades(trimmed).assembled

    step_4TY_cgMLST__chewbbaca(assembled, 'escherichia_coli', 'e_coli_chewie_2360_210531')
}","nextflow.enable.dsl=2

include { getSingleInput; optionalOrDefault; param } from '../functions/parameters.nf'
include { step_1PP_trimming__fastp } from '../steps/step_1PP_trimming__fastp'
include { step_2AS_denovo__spades } from '../steps/step_2AS_denovo__spades'
include { step_4TY_cgMLST__chewbbaca } from '../steps/step_4TY_cgMLST__chewbbaca'
workflow {
    trimmed   = step_1PP_trimming__fastp(getSingleInput()).trimmed
    assembled = step_2AS_denovo__spades(trimmed).assembled
    step_4TY_cgMLST__chewbbaca(assembled, param('genus_species'), optionalOrDefault('schema', ''))
}
"
"MOD_SM01_mlst_retarget_lis_to_cam","1","switch_species","(generated)","MOD_SM01_mlst_retarget_lis_to_cam_t1","modification","MLST pipeline for Listeria monocytogenes from paired Illumina FASTQ.","Y","N","silent_no_op","No process placeholders appeared. when: clause filtered everything?","0","7","N","step_2AS_mapping__bowtie","step_2AS_denovo__spades","","step_1PP_trimming__fastp, step_2AS_mapping__bowtie, step_4TY_MLST__mlst","step_1PP_trimming__fastp, step_2AS_mapping__bowtie, step_4TY_MLST__mlst","step_1PP_trimming__fastp, step_2AS_denovo__spades, step_4TY_MLST__mlst","1083","51","3","2","8.1","I'm glad you're interested in the MLST pipeline for Listeria monocytogenes. I'll proceed with the plan you approved.","nextflow.enable.dsl=2

// --- IMPORTS ---

include { step_1PP_trimming__fastp } from '../steps/step_1PP_trimming__fastp'

include { getReference; getSingleInput } from '../functions/parameters.nf'

include { step_4TY_MLST__mlst } from '../steps/step_4TY_MLST__mlst'

include { step_2AS_mapping__bowtie } from '../steps/step_2AS_mapping__bowtie'

include { extractKey } from '../functions/common.nf'

// --- GLOBALS ---

// --- INLINE PROCESSES ---

// --- SUB WORKFLOWS ---

workflow wf_trim_and_map {
    
    take:
        
        rawreads
        
        reference
        
    
    main:
        trimmed = step_1PP_trimming__fastp(rawreads).trimmed

        trimmed.cross(reference) { extractKey(it) }.multiMap {
            reads: it[0]
            refs:  it[1][1..3]
        }.set { sync }

        consensus = step_2AS_mapping__bowtie(sync.reads, sync.refs).consensus
    
    emit:
        
        consensus
        
    
}

// --- ENTRYPOINT ---
workflow {
    wf_trim_and_map(getSingleInput(), getReference('fa'))
    step_4TY_MLST__mlst(wf_trim_and_map.out.consensus)
}","nextflow.enable.dsl=2

include { getSingleInput; optionalOrDefault; param } from '../functions/parameters.nf'
include { step_1PP_trimming__fastp } from '../steps/step_1PP_trimming__fastp'
include { step_2AS_denovo__spades } from '../steps/step_2AS_denovo__spades'
include { step_4TY_MLST__mlst } from '../steps/step_4TY_MLST__mlst'
workflow {
    trimmed   = step_1PP_trimming__fastp(getSingleInput()).trimmed
    assembled = step_2AS_denovo__spades(trimmed).assembled
    step_4TY_MLST__mlst(assembled)
}
"
"MOD_SM01_mlst_retarget_lis_to_cam","2","switch_species","(generated)","MOD_SM01_mlst_retarget_lis_to_cam_t2","modification","Re-run the same pipeline on Campylobacter jejuni.","N","N","no_code","no nextflow_code after max turns","0","7","N","","step_1PP_trimming__fastp, step_2AS_denovo__spades, step_4TY_MLST__mlst","","","","step_1PP_trimming__fastp, step_2AS_denovo__spades, step_4TY_MLST__mlst","0","0","0","4","8.7","I'm sorry, but I don't have the necessary tools to assist with that specific request. However, I'm here to help with any other questions or tasks you might have!","","nextflow.enable.dsl=2

include { getSingleInput; optionalOrDefault; param } from '../functions/parameters.nf'
include { step_1PP_trimming__fastp } from '../steps/step_1PP_trimming__fastp'
include { step_2AS_denovo__spades } from '../steps/step_2AS_denovo__spades'
include { step_4TY_MLST__mlst } from '../steps/step_4TY_MLST__mlst'
workflow {
    trimmed   = step_1PP_trimming__fastp(getSingleInput()).trimmed
    assembled = step_2AS_denovo__spades(trimmed).assembled
    step_4TY_MLST__mlst(assembled)
}
"
"MOD_SM02_mlst_retarget_sal_to_cam","1","switch_species","(generated)","MOD_SM02_mlst_retarget_sal_to_cam_t1","modification","MLST pipeline for Salmonella enterica from paired Illumina FASTQ.","Y","N","silent_no_op","No process placeholders appeared. when: clause filtered everything?","0","7","N","step_2AS_mapping__bowtie, step_4AN_AMR__abricate, step_4AN_AMR__staramr, step_4TY_cgMLST__chewbbaca, step_4TY_flaA__flaA","step_2AS_denovo__spades","","step_1PP_trimming__fastp, step_2AS_mapping__bowtie, step_4AN_AMR__abricate, step_4AN_AMR__staramr, step_4TY_MLST__mlst, step_4TY_cgMLST__chewbbaca, step_4TY_flaA__flaA","step_1PP_trimming__fastp, step_2AS_mapping__bowtie, step_4TY_MLST__mlst, step_4AN_AMR__abricate, step_4AN_AMR__staramr, step_4TY_cgMLST__chewbbaca, step_4TY_flaA__flaA","step_1PP_trimming__fastp, step_2AS_denovo__spades, step_4TY_MLST__mlst","1206","42","7","4","12.6","I can build a pipeline for MLST typing of Salmonella enterica from paired Illumina FASTQ files. The pipeline will include the following steps:
1. Trimming of reads using Fastp 
2. Mapping of reads to a reference genome using Bowtie 
3. MLST typing using MLST 
4. AMR gene detection using Abricate 
5.","nextflow.enable.dsl=2

// --- IMPORTS ---

include { step_4TY_cgMLST__chewbbaca } from '../steps/step_4TY_cgMLST__chewbbaca'

include { step_4AN_AMR__abricate } from '../steps/step_4AN_AMR__abricate'

include { getReference; getSingleInput; optionalOrDefault; param } from '../functions/parameters.nf'

include { step_4AN_AMR__staramr } from '../steps/step_4AN_AMR__staramr'

include { step_4TY_flaA__flaA } from '../steps/step_4TY_flaA__flaA'

include { step_4TY_MLST__mlst } from '../steps/step_4TY_MLST__mlst'

include { step_2AS_mapping__bowtie } from '../steps/step_2AS_mapping__bowtie'

include { step_1PP_trimming__fastp } from '../steps/step_1PP_trimming__fastp'

// --- GLOBALS ---

// --- INLINE PROCESSES ---

// --- SUB WORKFLOWS ---

// --- ENTRYPOINT ---
workflow {
    trimmed = step_1PP_trimming__fastp(getSingleInput()).trimmed

    mapped = step_2AS_mapping__bowtie(trimmed, getReference('fa')).consensus

    step_4TY_MLST__mlst(mapped)

    step_4AN_AMR__abricate(mapped)

    step_4AN_AMR__staramr(mapped, param('genus_species'))

    step_4TY_cgMLST__chewbbaca(mapped, param('genus_species'), optionalOrDefault('schema', ''))

    step_4TY_flaA__flaA(mapped, param('genus_species'))
}","nextflow.enable.dsl=2

include { getSingleInput; optionalOrDefault; param } from '../functions/parameters.nf'
include { step_1PP_trimming__fastp } from '../steps/step_1PP_trimming__fastp'
include { step_2AS_denovo__spades } from '../steps/step_2AS_denovo__spades'
include { step_4TY_MLST__mlst } from '../steps/step_4TY_MLST__mlst'
workflow {
    trimmed   = step_1PP_trimming__fastp(getSingleInput()).trimmed
    assembled = step_2AS_denovo__spades(trimmed).assembled
    step_4TY_MLST__mlst(assembled)
}
"
"MOD_SM02_mlst_retarget_sal_to_cam","2","switch_species","(generated)","MOD_SM02_mlst_retarget_sal_to_cam_t2","modification","Re-run the same pipeline on Campylobacter jejuni.","Y","Y","arity_error","ERROR ~ Workflow `module_surveillance:step_4AN_AMR__staramr` declares 2 input channels but 1 were given","14","7","N","step_2AS_mapping__bowtie, step_4AN_AMR__abricate, step_4AN_AMR__staramr, step_4TY_cgMLST__chewbbaca, step_4TY_flaA__flaA","step_2AS_denovo__spades","","step_1PP_trimming__fastp, step_2AS_mapping__bowtie, step_4AN_AMR__abricate, step_4AN_AMR__staramr, step_4TY_MLST__mlst, step_4TY_cgMLST__chewbbaca, step_4TY_flaA__flaA","step_1PP_trimming__fastp, step_2AS_mapping__bowtie, step_4TY_MLST__mlst, step_4AN_AMR__abricate, step_4AN_AMR__staramr, step_4TY_cgMLST__chewbbaca, step_4TY_flaA__flaA","step_1PP_trimming__fastp, step_2AS_denovo__spades, step_4TY_MLST__mlst","1427","55","7","2","9.5","I can build a pipeline for MLST typing of Campylobacter jejuni from paired Illumina FASTQ files. The pipeline will include the following steps:
1. Trimming of reads using Fastp 
2. Mapping of reads to a reference genome using Bowtie 
3. MLST typing using MLST 
4. AMR gene detection using Abricate 
5","nextflow.enable.dsl=2

// --- IMPORTS ---

include { step_4TY_cgMLST__chewbbaca } from '../steps/step_4TY_cgMLST__chewbbaca'

include { step_4AN_AMR__abricate } from '../steps/step_4AN_AMR__abricate'

include { step_4AN_AMR__staramr } from '../steps/step_4AN_AMR__staramr'

include { step_4TY_flaA__flaA } from '../steps/step_4TY_flaA__flaA'

include { step_4TY_MLST__mlst } from '../steps/step_4TY_MLST__mlst'

include { step_2AS_mapping__bowtie } from '../steps/step_2AS_mapping__bowtie'

include { step_1PP_trimming__fastp } from '../steps/step_1PP_trimming__fastp'

include { getSingleInput } from '../functions/parameters.nf'

// --- GLOBALS ---

// --- INLINE PROCESSES ---

// --- SUB WORKFLOWS ---

workflow module_surveillance {
    
    take:
        
        reads
        
    
    main:
        trimmed = step_1PP_trimming__fastp(reads)

        trimmed.multiMap {
            trimmed: it
            reference: [ referenceRiscd, referenceCode, file(referencePath) ]
        }.set { trAndRef }

        ivar_out = step_2AS_mapping__bowtie(trAndRef.trimmed, trAndRef.reference)

        step_4TY_MLST__mlst(ivar_out.consensus)
        step_4AN_AMR__abricate(ivar_out.consensus)
        step_4AN_AMR__staramr(ivar_out.consensus)
        step_4TY_cgMLST__chewbbaca(ivar_out.consensus)
        step_4TY_flaA__flaA(ivar_out.consensus)
    
}

// --- ENTRYPOINT ---
workflow {
    module_surveillance(getSingleInput())
}","nextflow.enable.dsl=2

include { getSingleInput; optionalOrDefault; param } from '../functions/parameters.nf'
include { step_1PP_trimming__fastp } from '../steps/step_1PP_trimming__fastp'
include { step_2AS_denovo__spades } from '../steps/step_2AS_denovo__spades'
include { step_4TY_MLST__mlst } from '../steps/step_4TY_MLST__mlst'
workflow {
    trimmed   = step_1PP_trimming__fastp(getSingleInput()).trimmed
    assembled = step_2AS_denovo__spades(trimmed).assembled
    step_4TY_MLST__mlst(assembled)
}
"
"MOD_SM03_mlst_retarget_eco_to_cam","1","switch_species","(generated)","MOD_SM03_mlst_retarget_eco_to_cam_t1","modification","MLST pipeline for Escherichia coli from paired Illumina FASTQ.","Y","N","silent_no_op","No process placeholders appeared. when: clause filtered everything?","0","7","N","step_2AS_mapping__bowtie","step_1PP_trimming__fastp, step_2AS_denovo__spades","","step_2AS_mapping__bowtie, step_4TY_MLST__mlst","step_2AS_mapping__bowtie, step_4TY_MLST__mlst","step_1PP_trimming__fastp, step_2AS_denovo__spades, step_4TY_MLST__mlst","706","28","2","2","7.5","I will now build the pipeline for MLST typing of Escherichia coli from paired Illumina FASTQ files. The pipeline will include the following steps:

1. **Mapping**: Use Bowtie2 (`step_2AS_mapping__bowtie`) to map the reads to a reference genome.
2. **MLST Typing**: Use MLST (`step_4TY_MLST__mlst`) to","nextflow.enable.dsl=2

// --- IMPORTS ---

include { step_4TY_MLST__mlst } from '../steps/step_4TY_MLST__mlst'

include { getReference; getSingleInput } from '../functions/parameters.nf'

include { step_2AS_mapping__bowtie } from '../steps/step_2AS_mapping__bowtie'

include { extractKey } from '../functions/common.nf'

// --- GLOBALS ---

// --- INLINE PROCESSES ---

// --- SUB WORKFLOWS ---

// --- ENTRYPOINT ---
workflow {
    getSingleInput().cross(getReference('fa')) { extractKey(it) }
      .multiMap {
          reads: it[0]
          refs:  it[1][1..3]
      }.set { input }
    step_2AS_mapping__bowtie(input.reads, input.refs)
    step_4TY_MLST__mlst(step_2AS_mapping__bowtie.out.consensus)
}","nextflow.enable.dsl=2

include { getSingleInput; optionalOrDefault; param } from '../functions/parameters.nf'
include { step_1PP_trimming__fastp } from '../steps/step_1PP_trimming__fastp'
include { step_2AS_denovo__spades } from '../steps/step_2AS_denovo__spades'
include { step_4TY_MLST__mlst } from '../steps/step_4TY_MLST__mlst'
workflow {
    trimmed   = step_1PP_trimming__fastp(getSingleInput()).trimmed
    assembled = step_2AS_denovo__spades(trimmed).assembled
    step_4TY_MLST__mlst(assembled)
}
"
"MOD_SM03_mlst_retarget_eco_to_cam","2","switch_species","(generated)","MOD_SM03_mlst_retarget_eco_to_cam_t2","modification","Re-run the same pipeline on Campylobacter jejuni.","Y","N","silent_no_op","No process placeholders appeared. when: clause filtered everything?","0","7","N","step_2AS_mapping__bowtie","step_1PP_trimming__fastp, step_2AS_denovo__spades","","step_2AS_mapping__bowtie, step_4TY_MLST__mlst","step_2AS_mapping__bowtie, step_4TY_MLST__mlst","step_1PP_trimming__fastp, step_2AS_denovo__spades, step_4TY_MLST__mlst","856","41","2","2","17.3","I can build a pipeline for MLST typing of Escherichia coli from paired Illumina FASTQ files. The pipeline will include the following steps:

1. **Mapping**: Use Bowtie2 (`step_2AS_mapping__bowtie`) to map the reads to a reference genome.
2. **MLST Typing**: Use MLST (`step_4TY_MLST__mlst`) to perfor","nextflow.enable.dsl=2

// --- IMPORTS ---

include { step_4TY_MLST__mlst } from '../steps/step_4TY_MLST__mlst'

include { getReference; getSingleInput } from '../functions/parameters.nf'

include { step_2AS_mapping__bowtie } from '../steps/step_2AS_mapping__bowtie'

include { extractKey } from '../functions/common.nf'

// --- GLOBALS ---

// --- INLINE PROCESSES ---

// --- SUB WORKFLOWS ---

workflow module_surveillance {
    
    take:
        
        reads
        
        reference
        
    
    main:
        reads.cross(reference) { extractKey(it) }.multiMap {
            reads: it[0]
            refs:  it[1][1..3]
        }.set { sync }
        step_2AS_mapping__bowtie(sync.reads, sync.refs)
        step_4TY_MLST__mlst(sync.reads)
    
}

// --- ENTRYPOINT ---
workflow {
    module_surveillance(getSingleInput(), getReference('fa'))
}","nextflow.enable.dsl=2

include { getSingleInput; optionalOrDefault; param } from '../functions/parameters.nf'
include { step_1PP_trimming__fastp } from '../steps/step_1PP_trimming__fastp'
include { step_2AS_denovo__spades } from '../steps/step_2AS_denovo__spades'
include { step_4TY_MLST__mlst } from '../steps/step_4TY_MLST__mlst'
workflow {
    trimmed   = step_1PP_trimming__fastp(getSingleInput()).trimmed
    assembled = step_2AS_denovo__spades(trimmed).assembled
    step_4TY_MLST__mlst(assembled)
}
"
"MOD_SM04_mlst_retarget_cam_to_lis","1","switch_species","(generated)","MOD_SM04_mlst_retarget_cam_to_lis_t1","modification","MLST pipeline for Campylobacter jejuni from paired Illumina FASTQ.","Y","N","partial_dag","Only 3/7 expected processes appeared in the DAG","3","7","N","step_2AS_mapping__bowtie, step_4AN_AMR__abricate, step_4AN_AMR__staramr, step_4AN_genes__prokka, step_4TY_cgMLST__chewbbaca, step_4TY_flaA__flaA","step_2AS_denovo__spades","","step_1PP_trimming__fastp, step_2AS_mapping__bowtie, step_4AN_AMR__abricate, step_4AN_AMR__staramr, step_4AN_genes__prokka, step_4TY_MLST__mlst, step_4TY_cgMLST__chewbbaca, step_4TY_flaA__flaA","step_1PP_trimming__fastp, step_2AS_mapping__bowtie, step_4TY_MLST__mlst, step_4AN_genes__prokka, step_4AN_AMR__abricate, step_4AN_AMR__staramr, step_4TY_cgMLST__chewbbaca, step_4TY_flaA__flaA","step_1PP_trimming__fastp, step_2AS_denovo__spades, step_4TY_MLST__mlst","1919","61","8","2","10.5","I'm glad you're satisfied with the plan! I'll proceed with the following steps:

1. **Trimming**: Use Fastp to trim the reads.
2. **Mapping**: Use Bowtie to map the trimmed reads to the reference genome.
3. **MLST Typing**: Use MLST to perform the MLST typing.
4. **Gene Annotation**: Use Prokka to a","nextflow.enable.dsl=2

// --- IMPORTS ---

include { step_4TY_cgMLST__chewbbaca } from '../steps/step_4TY_cgMLST__chewbbaca'

include { step_4AN_AMR__abricate } from '../steps/step_4AN_AMR__abricate'

include { getKingdom; getReference; getReferenceOptional; getSingleInput; optionalOrDefault; param } from '../functions/parameters.nf'

include { step_4AN_genes__prokka } from '../steps/step_4AN_genes__prokka'

include { step_4AN_AMR__staramr } from '../steps/step_4AN_AMR__staramr'

include { step_4TY_flaA__flaA } from '../steps/step_4TY_flaA__flaA'

include { step_4TY_MLST__mlst } from '../steps/step_4TY_MLST__mlst'

include { step_2AS_mapping__bowtie } from '../steps/step_2AS_mapping__bowtie'

include { step_1PP_trimming__fastp } from '../steps/step_1PP_trimming__fastp'

include { extractKey } from '../functions/common.nf'

// --- GLOBALS ---

// --- INLINE PROCESSES ---

// --- SUB WORKFLOWS ---

// --- ENTRYPOINT ---
workflow {
    trimmed = step_1PP_trimming__fastp(getSingleInput()).trimmed

    reference = getReference('fa')

    trimmed.cross(reference) { extractKey(it) }.multiMap {
        reads: it[0]
        refs:  it[1][1..3]
    }.set { input }

    consensus = step_2AS_mapping__bowtie(input.reads, input.refs).consensus

    step_4TY_MLST__mlst(consensus)

    consensus.cross(getKingdom()) { extractKey(it) }.cross(getReferenceOptional('gb')) { extractKey(it) }.map { it.flatten() }.map {
        [ it[0], it[1], it[3], it[5], it[6], it[7] ]
    }.set { prokka_input }

    step_4AN_genes__prokka(prokka_input)

    step_4AN_AMR__abricate(consensus)

    step_4AN_AMR__staramr(consensus, param('genus_species'))

    consensus.cross(param('genus_species')) { extractKey(it) }.cross(optionalOrDefault('schema', '')) { extractKey(it) }.map { it.flatten() }.set { chewbbaca_input }

    step_4TY_cgMLST__chewbbaca(chewbbaca_input)

    step_4TY_flaA__flaA(consensus, param('genus_species'))
}","nextflow.enable.dsl=2

include { getSingleInput; optionalOrDefault; param } from '../functions/parameters.nf'
include { step_1PP_trimming__fastp } from '../steps/step_1PP_trimming__fastp'
include { step_2AS_denovo__spades } from '../steps/step_2AS_denovo__spades'
include { step_4TY_MLST__mlst } from '../steps/step_4TY_MLST__mlst'
workflow {
    trimmed   = step_1PP_trimming__fastp(getSingleInput()).trimmed
    assembled = step_2AS_denovo__spades(trimmed).assembled
    step_4TY_MLST__mlst(assembled)
}
"
"MOD_SM04_mlst_retarget_cam_to_lis","2","switch_species","(generated)","MOD_SM04_mlst_retarget_cam_to_lis_t2","modification","Re-run the same pipeline on Listeria monocytogenes.","Y","N","silent_no_op","No process placeholders appeared. when: clause filtered everything?","0","7","N","step_2AS_mapping__bowtie, step_4AN_AMR__abricate, step_4AN_AMR__staramr, step_4AN_genes__prokka, step_4TY_cgMLST__chewbbaca, step_4TY_flaA__flaA","step_2AS_denovo__spades","","step_1PP_trimming__fastp, step_2AS_mapping__bowtie, step_4AN_AMR__abricate, step_4AN_AMR__staramr, step_4AN_genes__prokka, step_4TY_MLST__mlst, step_4TY_cgMLST__chewbbaca, step_4TY_flaA__flaA","step_1PP_trimming__fastp, step_2AS_mapping__bowtie, step_4TY_MLST__mlst, step_4AN_genes__prokka, step_4AN_AMR__abricate, step_4AN_AMR__staramr, step_4TY_cgMLST__chewbbaca, step_4TY_flaA__flaA","step_1PP_trimming__fastp, step_2AS_denovo__spades, step_4TY_MLST__mlst","1651","56","8","2","11.4","I can create a pipeline for MLST typing of Listeria monocytogenes from paired Illumina FASTQ files. The pipeline will include the following steps:

1. **Trimming**: Use Fastp to trim the reads.
2. **Mapping**: Use Bowtie to map the trimmed reads to the reference genome.
3. **MLST Typing**: Use MLST ","nextflow.enable.dsl=2

// --- IMPORTS ---

include { step_4TY_cgMLST__chewbbaca } from '../steps/step_4TY_cgMLST__chewbbaca'

include { step_4AN_AMR__abricate } from '../steps/step_4AN_AMR__abricate'

include { extractKey; getEmpty } from '../functions/common.nf'

include { getReference; getSingleInput; optionalOrDefault; param } from '../functions/parameters.nf'

include { step_4AN_genes__prokka } from '../steps/step_4AN_genes__prokka'

include { step_4AN_AMR__staramr } from '../steps/step_4AN_AMR__staramr'

include { step_4TY_flaA__flaA } from '../steps/step_4TY_flaA__flaA'

include { step_4TY_MLST__mlst } from '../steps/step_4TY_MLST__mlst'

include { step_2AS_mapping__bowtie } from '../steps/step_2AS_mapping__bowtie'

include { step_1PP_trimming__fastp } from '../steps/step_1PP_trimming__fastp'

// --- GLOBALS ---

// --- INLINE PROCESSES ---

// --- SUB WORKFLOWS ---

// --- ENTRYPOINT ---
workflow {
    trimmed = step_1PP_trimming__fastp(getSingleInput()).trimmed

    reference = getReference('fa')

    trimmed.cross(reference) { extractKey(it) }.multiMap {
        reads: it[0]
        refs:  it[1][1..3]
    }.set { input }

    consensus = step_2AS_mapping__bowtie(input.reads, input.refs).consensus

    step_4TY_MLST__mlst(consensus)

    consensus.map { [ it[0], it[1], 'Bacteria', '-', '-', getEmpty() ] }.set { prokkaIn }
    step_4AN_genes__prokka(prokkaIn)

    step_4AN_AMR__abricate(consensus)

    step_4AN_AMR__staramr(consensus, param('genus_species'))

    step_4TY_cgMLST__chewbbaca(consensus, param('genus_species'), optionalOrDefault('schema', ''))

    step_4TY_flaA__flaA(consensus, param('genus_species'))
}","nextflow.enable.dsl=2

include { getSingleInput; optionalOrDefault; param } from '../functions/parameters.nf'
include { step_1PP_trimming__fastp } from '../steps/step_1PP_trimming__fastp'
include { step_2AS_denovo__spades } from '../steps/step_2AS_denovo__spades'
include { step_4TY_MLST__mlst } from '../steps/step_4TY_MLST__mlst'
workflow {
    trimmed   = step_1PP_trimming__fastp(getSingleInput()).trimmed
    assembled = step_2AS_denovo__spades(trimmed).assembled
    step_4TY_MLST__mlst(assembled)
}
"
"MOD_SM05_mlst_retarget_cam_to_sal","1","switch_species","(generated)","MOD_SM05_mlst_retarget_cam_to_sal_t1","modification","MLST pipeline for Campylobacter jejuni from paired Illumina FASTQ.","Y","N","silent_no_op","No process placeholders appeared. when: clause filtered everything?","0","7","N","step_2AS_mapping__bowtie","step_2AS_denovo__spades","","step_1PP_trimming__fastp, step_2AS_mapping__bowtie, step_4TY_MLST__mlst","step_1PP_trimming__fastp, step_2AS_mapping__bowtie, step_4TY_MLST__mlst","step_1PP_trimming__fastp, step_2AS_denovo__spades, step_4TY_MLST__mlst","744","31","3","2","6.2","Great! I will proceed with the pipeline design.","nextflow.enable.dsl=2

// --- IMPORTS ---

include { step_1PP_trimming__fastp } from '../steps/step_1PP_trimming__fastp'

include { step_4TY_MLST__mlst } from '../steps/step_4TY_MLST__mlst'

include { getReference; getSingleInput } from '../functions/parameters.nf'

include { step_2AS_mapping__bowtie } from '../steps/step_2AS_mapping__bowtie'

// --- GLOBALS ---

// --- INLINE PROCESSES ---

// --- SUB WORKFLOWS ---

// --- ENTRYPOINT ---
workflow {
    trimmed = step_1PP_trimming__fastp(getSingleInput()).trimmed

    trimmed.multiMap {
        trimmed: it
        reference: getReference('fa')
    }.set { trAndRef }

    mapped = step_2AS_mapping__bowtie(trAndRef.trimmed, trAndRef.reference)

    step_4TY_MLST__mlst(mapped.consensus
}","nextflow.enable.dsl=2

include { getSingleInput; optionalOrDefault; param } from '../functions/parameters.nf'
include { step_1PP_trimming__fastp } from '../steps/step_1PP_trimming__fastp'
include { step_2AS_denovo__spades } from '../steps/step_2AS_denovo__spades'
include { step_4TY_MLST__mlst } from '../steps/step_4TY_MLST__mlst'
workflow {
    trimmed   = step_1PP_trimming__fastp(getSingleInput()).trimmed
    assembled = step_2AS_denovo__spades(trimmed).assembled
    step_4TY_MLST__mlst(assembled)
}
"
"MOD_SM05_mlst_retarget_cam_to_sal","2","switch_species","(generated)","MOD_SM05_mlst_retarget_cam_to_sal_t2","modification","Re-run the same pipeline on Salmonella enterica.","Y","N","file_not_found","WARN: file not found: '/mnt/data/cohesive_bench/scratch/llm_full_multi_turn/_shared_inputdir/2026/2026.SAL.235.1.1/0SQ_rawreads/DS99999-DT260224_import/result/*.fastq*'","3","7","N","step_2AS_mapping__bowtie","step_2AS_denovo__spades","","step_1PP_trimming__fastp, step_2AS_mapping__bowtie, step_4TY_MLST__mlst","step_1PP_trimming__fastp, step_2AS_mapping__bowtie, step_4TY_MLST__mlst","step_1PP_trimming__fastp, step_2AS_denovo__spades, step_4TY_MLST__mlst","752","38","3","3","7.0","I will proceed with the pipeline design for MLST typing of Campylobacter jejuni from paired Illumina FASTQ files.","nextflow.enable.dsl=2

// --- IMPORTS ---

include { step_1PP_trimming__fastp } from '../steps/step_1PP_trimming__fastp'

include { step_2AS_mapping__bowtie } from '../steps/step_2AS_mapping__bowtie'

include { getSingleInput } from '../functions/parameters.nf'

include { step_4TY_MLST__mlst } from '../steps/step_4TY_MLST__mlst'

// --- GLOBALS ---

// --- INLINE PROCESSES ---

// --- SUB WORKFLOWS ---

workflow module_surveillance {
    
    take:
        
        reads
        
    
    main:
        trimmed = step_1PP_trimming__fastp(reads).trimmed

        mapped = step_2AS_mapping__bowtie(trimmed, reference)

        step_4TY_MLST__mlst(mapped.consensus)
    
}

// --- ENTRYPOINT ---
workflow {
    module_surveillance(getSingleInput())
}","nextflow.enable.dsl=2

include { getSingleInput; optionalOrDefault; param } from '../functions/parameters.nf'
include { step_1PP_trimming__fastp } from '../steps/step_1PP_trimming__fastp'
include { step_2AS_denovo__spades } from '../steps/step_2AS_denovo__spades'
include { step_4TY_MLST__mlst } from '../steps/step_4TY_MLST__mlst'
workflow {
    trimmed   = step_1PP_trimming__fastp(getSingleInput()).trimmed
    assembled = step_2AS_denovo__spades(trimmed).assembled
    step_4TY_MLST__mlst(assembled)
}
"
"MOD_SM06_mlst_retarget_cam_to_eco","1","switch_species","(generated)","MOD_SM06_mlst_retarget_cam_to_eco_t1","modification","MLST pipeline for Campylobacter jejuni from paired Illumina FASTQ.","Y","N","silent_no_op","No process placeholders appeared. when: clause filtered everything?","0","7","N","step_2AS_mapping__bowtie, step_4AN_AMR__abricate, step_4AN_AMR__staramr, step_4AN_genes__prokka, step_4TY_cgMLST__chewbbaca, step_4TY_flaA__flaA","step_2AS_denovo__spades","","step_1PP_trimming__fastp, step_2AS_mapping__bowtie, step_4AN_AMR__abricate, step_4AN_AMR__staramr, step_4AN_genes__prokka, step_4TY_MLST__mlst, step_4TY_cgMLST__chewbbaca, step_4TY_flaA__flaA","step_1PP_trimming__fastp, step_2AS_mapping__bowtie, step_4TY_MLST__mlst, step_4AN_genes__prokka, step_4AN_AMR__abricate, step_4AN_AMR__staramr, step_4TY_cgMLST__chewbbaca, step_4TY_flaA__flaA","step_1PP_trimming__fastp, step_2AS_denovo__spades, step_4TY_MLST__mlst","1476","50","8","2","9.0","I'm glad you're satisfied with the plan! I will now proceed with the creation of the pipeline.","nextflow.enable.dsl=2

// --- IMPORTS ---

include { step_4TY_cgMLST__chewbbaca } from '../steps/step_4TY_cgMLST__chewbbaca'

include { step_4AN_AMR__abricate } from '../steps/step_4AN_AMR__abricate'

include { getEmpty } from '../functions/common.nf'

include { getReference; getSingleInput; optionalOrDefault; param } from '../functions/parameters.nf'

include { step_4AN_genes__prokka } from '../steps/step_4AN_genes__prokka'

include { step_4AN_AMR__staramr } from '../steps/step_4AN_AMR__staramr'

include { step_4TY_flaA__flaA } from '../steps/step_4TY_flaA__flaA'

include { step_4TY_MLST__mlst } from '../steps/step_4TY_MLST__mlst'

include { step_2AS_mapping__bowtie } from '../steps/step_2AS_mapping__bowtie'

include { step_1PP_trimming__fastp } from '../steps/step_1PP_trimming__fastp'

// --- GLOBALS ---

// --- INLINE PROCESSES ---

// --- SUB WORKFLOWS ---

// --- ENTRYPOINT ---
workflow {
    trimmed = step_1PP_trimming__fastp(getSingleInput()).trimmed

    reference = getReference('fa')

    consensus = step_2AS_mapping__bowtie(trimmed, reference).consensus

    step_4TY_MLST__mlst(consensus)

    step_4AN_genes__prokka(consensus.map { [ it[0], it[1], 'Bacteria', '-', '-', getEmpty() ] })

    step_4AN_AMR__abricate(consensus)

    step_4AN_AMR__staramr(consensus, param('genus_species'))

    step_4TY_cgMLST__chewbbaca(consensus, param('genus_species'), optionalOrDefault('schema', ''))

    step_4TY_flaA__flaA(consensus, param('genus_species'))
}","nextflow.enable.dsl=2

include { getSingleInput; optionalOrDefault; param } from '../functions/parameters.nf'
include { step_1PP_trimming__fastp } from '../steps/step_1PP_trimming__fastp'
include { step_2AS_denovo__spades } from '../steps/step_2AS_denovo__spades'
include { step_4TY_MLST__mlst } from '../steps/step_4TY_MLST__mlst'
workflow {
    trimmed   = step_1PP_trimming__fastp(getSingleInput()).trimmed
    assembled = step_2AS_denovo__spades(trimmed).assembled
    step_4TY_MLST__mlst(assembled)
}
"
"MOD_SM06_mlst_retarget_cam_to_eco","2","switch_species","(generated)","MOD_SM06_mlst_retarget_cam_to_eco_t2","modification","Re-run the same pipeline on Escherichia coli.","Y","N","missing_param","ERROR ~ missing required param: step_3TX_species__kmerfinder__db","0","7","N","step_2AS_mapping__bowtie, step_3TX_species__kmerfinder, step_4AN_AMR__abricate, step_4AN_AMR__staramr, step_4AN_genes__prokka, step_4TY_cgMLST__chewbbaca, step_4TY_flaA__flaA","step_1PP_trimming__fastp, step_2AS_denovo__spades","","step_2AS_mapping__bowtie, step_3TX_species__kmerfinder, step_4AN_AMR__abricate, step_4AN_AMR__staramr, step_4AN_genes__prokka, step_4TY_MLST__mlst, step_4TY_cgMLST__chewbbaca, step_4TY_flaA__flaA","step_3TX_species__kmerfinder, step_2AS_mapping__bowtie, step_4AN_AMR__abricate, step_4AN_genes__prokka, step_4AN_AMR__staramr, step_4TY_MLST__mlst, step_4TY_flaA__flaA, step_4TY_cgMLST__chewbbaca","step_1PP_trimming__fastp, step_2AS_denovo__spades, step_4TY_MLST__mlst","2240","76","8","2","14.4","I can create a pipeline for MLST typing of Escherichia coli from paired Illumina FASTQ files. The pipeline will include the following steps:

1. **Trimming**: Use Fastp to trim the reads.
2. **Mapping**: Use Bowtie to map the trimmed reads to the reference genome.
3. **MLST Typing**: Use MLST to per","nextflow.enable.dsl=2

// --- IMPORTS ---

include { step_4TY_cgMLST__chewbbaca } from '../steps/step_4TY_cgMLST__chewbbaca'

include { step_4AN_AMR__abricate } from '../steps/step_4AN_AMR__abricate'

include { getAssembly; getTrimmedReads } from '../functions/parameters.nf'

include { extractKey; getEmpty } from '../functions/common.nf'

include { step_4AN_genes__prokka } from '../steps/step_4AN_genes__prokka'

include { step_4AN_AMR__staramr } from '../steps/step_4AN_AMR__staramr'

include { step_4TY_flaA__flaA } from '../steps/step_4TY_flaA__flaA'

include { step_4TY_MLST__mlst } from '../steps/step_4TY_MLST__mlst'

include { step_2AS_mapping__bowtie } from '../steps/step_2AS_mapping__bowtie'

include { step_3TX_species__kmerfinder } from '../steps/step_3TX_species__kmerfinder'

// --- GLOBALS ---

// --- INLINE PROCESSES ---

// --- SUB WORKFLOWS ---

workflow module_typing_bacteria {
    
    take:
        
        trimmed
        
        assembly
        
    
    main:
        assigned_species = step_3TX_species__kmerfinder(assembly).assigned_species

        if (!params.skip_bestref_mapping) {
          trimmed.cross(assigned_species) { extractKey(it) }.multiMap {
            trimmed: it[0]
            species: it[1][1]
            referencePath: it[1][2]
          }.set { trimAndAndSpecies }
          step_2AS_mapping__bowtie(trimAndAndSpecies.trimmed, trimAndAndSpecies.referencePath)
        }

        step_4AN_AMR__abricate(assembly)

        step_4AN_genes__prokka(assembly.map{ [ it[0], it[1], 'Bacteria', '-', '-', getEmpty() ] })

        assembly.cross(assigned_species) { extractKey(it) }.multiMap {
          assembly: it[0]
          species: it[1][1]
        }.set { assemblyAndSpecies }

        step_4AN_AMR__staramr(assemblyAndSpecies.assembly, assemblyAndSpecies.species)
        step_4TY_MLST__mlst(assemblyAndSpecies.assembly)
        step_4TY_flaA__flaA(assemblyAndSpecies.assembly, assemblyAndSpecies.species)
        step_4TY_cgMLST__chewbbaca(assemblyAndSpecies.assembly, assemblyAndSpecies.species, '')
    
    emit:
        
        genus_species = assigned_species
        
    
}

// --- ENTRYPOINT ---
workflow {
    module_typing_bacteria(getTrimmedReads(true), getAssembly())
}","nextflow.enable.dsl=2

include { getSingleInput; optionalOrDefault; param } from '../functions/parameters.nf'
include { step_1PP_trimming__fastp } from '../steps/step_1PP_trimming__fastp'
include { step_2AS_denovo__spades } from '../steps/step_2AS_denovo__spades'
include { step_4TY_MLST__mlst } from '../steps/step_4TY_MLST__mlst'
workflow {
    trimmed   = step_1PP_trimming__fastp(getSingleInput()).trimmed
    assembled = step_2AS_denovo__spades(trimmed).assembled
    step_4TY_MLST__mlst(assembled)
}
"
"MOD_SMA01_mlst_mono_retarget_lis_to_sal","1","switch_species","(generated)","MOD_SMA01_mlst_mono_retarget_lis_to_sal_t1","modification","MLST on a pre-existing Listeria monocytogenes assembly.","Y","N","missing_param","ERROR ~ missing required param: multi_clustering__reportree__summary_columns","0","1","N","","step_4TY_MLST__mlst","","","","step_4TY_MLST__mlst","670","32","0","2","6.1","I will create a pipeline for MLST on a pre-existing Listeria monocytogenes assembly using the step_4TY_MLST__mlst tool.","nextflow.enable.dsl=2

// --- IMPORTS ---

include { getEmpty } from '../functions/common.nf'

include { getAssembly; optionalOrDefault; param } from '../functions/parameters.nf'

include { multi_clustering__reportree } from '../multi/multi_clustering__reportree'

// --- GLOBALS ---

// --- INLINE PROCESSES ---

// --- SUB WORKFLOWS ---

workflow module_surveillance {
    
    take:
        
        input
        
    
    main:
        multi_clustering__reportree(input, param('metadata'), param('geodata'), optionalOrDefault('multi_clustering__reportree__nomenclature', getEmpty()))
    
}

// --- ENTRYPOINT ---
workflow {
    module_surveillance(getAssembly())
}","nextflow.enable.dsl=2

include { getInput; optionalOrDefault; param } from '../functions/parameters.nf'
include { step_4TY_MLST__mlst } from '../steps/step_4TY_MLST__mlst'
workflow {
    step_4TY_MLST__mlst(getInput())
}
"
"MOD_SMA01_mlst_mono_retarget_lis_to_sal","2","switch_species","(generated)","MOD_SMA01_mlst_mono_retarget_lis_to_sal_t2","modification","Same thing but for Salmonella enterica.","Y","N","missing_param","ERROR ~ missing required param: step_3TX_species__kmerfinder__db","0","1","N","step_3TX_species__kmerfinder, step_4AN_AMR__abricate, step_4AN_AMR__staramr, step_4AN_genes__prokka, step_4TY_cgMLST__chewbbaca, step_4TY_flaA__flaA","","","step_3TX_species__kmerfinder, step_4AN_AMR__abricate, step_4AN_AMR__staramr, step_4AN_genes__prokka, step_4TY_MLST__mlst, step_4TY_cgMLST__chewbbaca, step_4TY_flaA__flaA","step_3TX_species__kmerfinder, step_4AN_AMR__abricate, step_4AN_genes__prokka, step_4AN_AMR__staramr, step_4TY_MLST__mlst, step_4TY_flaA__flaA, step_4TY_cgMLST__chewbbaca","step_4TY_MLST__mlst","1714","53","7","2","10.9","I will create a pipeline for Salmonella enterica using the following steps: 1. Kmerfinder to identify the species of the assembly. 2. Abricate to identify AMR genes in the assembly. 3. Prokka to annotate the assembly. 4. StarAMR to identify AMR genes in the assembly. 5. MLST to perform MLST on the a","nextflow.enable.dsl=2

// --- IMPORTS ---

include { step_4TY_cgMLST__chewbbaca } from '../steps/step_4TY_cgMLST__chewbbaca'

include { step_4AN_AMR__abricate } from '../steps/step_4AN_AMR__abricate'

include { getEmpty } from '../functions/common.nf'

include { getSingleInput; optionalOrDefault; param } from '../functions/parameters.nf'

include { step_4AN_genes__prokka } from '../steps/step_4AN_genes__prokka'

include { step_4AN_AMR__staramr } from '../steps/step_4AN_AMR__staramr'

include { step_4TY_flaA__flaA } from '../steps/step_4TY_flaA__flaA'

include { step_4TY_MLST__mlst } from '../steps/step_4TY_MLST__mlst'

include { step_3TX_species__kmerfinder } from '../steps/step_3TX_species__kmerfinder'

// --- GLOBALS ---

// --- INLINE PROCESSES ---

// --- SUB WORKFLOWS ---

// --- ENTRYPOINT ---
workflow {
    assembly = getSingleInput()

    // Step 1: Kmerfinder to identify the species of the assembly
    kmerfinder_out = step_3TX_species__kmerfinder(assembly)

    // Step 2: Abricate to identify AMR genes in the assembly
    step_4AN_AMR__abricate(assembly)

    // Step 3: Prokka to annotate the assembly
    step_4AN_genes__prokka(assembly.map { [ it[0], it[1], 'Bacteria', '-', '-', getEmpty() ] })

    // Step 4: StarAMR to identify AMR genes in the assembly
    step_4AN_AMR__staramr(assembly, param('genus_species'))

    // Step 5: MLST to perform MLST on the assembly
    step_4TY_MLST__mlst(assembly)

    // Step 6: flaA to identify the flaA gene in the assembly
    step_4TY_flaA__flaA(assembly, param('genus_species'))

    // Step 7: ChewBBACA to perform cgMLST on the assembly
    step_4TY_cgMLST__chewbbaca(assembly, param('genus_species'), optionalOrDefault('schema', ''))
}","nextflow.enable.dsl=2

include { getInput; optionalOrDefault; param } from '../functions/parameters.nf'
include { step_4TY_MLST__mlst } from '../steps/step_4TY_MLST__mlst'
workflow {
    step_4TY_MLST__mlst(getInput())
}
"
"MOD_SMA02_mlst_mono_retarget_lis_to_eco","1","switch_species","(generated)","MOD_SMA02_mlst_mono_retarget_lis_to_eco_t1","modification","MLST on a pre-existing Listeria monocytogenes assembly.","Y","Y","none","","1","1","Y","","","","step_4TY_MLST__mlst","step_4TY_MLST__mlst","step_4TY_MLST__mlst","461","30","1","2","6.2","I'm glad you're ready to proceed! I'll now generate the detailed plan for the pipeline.","nextflow.enable.dsl=2

// --- IMPORTS ---

include { step_4TY_MLST__mlst } from '../steps/step_4TY_MLST__mlst'

include { getAssembly } from '../functions/parameters.nf'

// --- GLOBALS ---

// --- INLINE PROCESSES ---

// --- SUB WORKFLOWS ---

workflow module_surveillance {
    
    take:
        
        assembly
        
    
    main:
        step_4TY_MLST__mlst(assembly)
    
}

// --- ENTRYPOINT ---
workflow {
    module_surveillance(getAssembly())
}","nextflow.enable.dsl=2

include { getInput; optionalOrDefault; param } from '../functions/parameters.nf'
include { step_4TY_MLST__mlst } from '../steps/step_4TY_MLST__mlst'
workflow {
    step_4TY_MLST__mlst(getInput())
}
"
"MOD_SMA02_mlst_mono_retarget_lis_to_eco","2","switch_species","(generated)","MOD_SMA02_mlst_mono_retarget_lis_to_eco_t2","modification","Same thing but for Escherichia coli.","Y","Y","none","","1","1","Y","","","","step_4TY_MLST__mlst","step_4TY_MLST__mlst","step_4TY_MLST__mlst","319","18","1","2","6.5","The pipeline will use the following steps:

1. **step_4TY_MLST__mlst** (MLST step for typing).

This will allow you to perform MLST on your Escherichia coli assembly.","nextflow.enable.dsl=2

// --- IMPORTS ---

include { step_4TY_MLST__mlst } from '../steps/step_4TY_MLST__mlst'

include { getAssembly } from '../functions/parameters.nf'

// --- GLOBALS ---

// --- INLINE PROCESSES ---

// --- SUB WORKFLOWS ---

// --- ENTRYPOINT ---
workflow {
    step_4TY_MLST__mlst(getAssembly())
}","nextflow.enable.dsl=2

include { getInput; optionalOrDefault; param } from '../functions/parameters.nf'
include { step_4TY_MLST__mlst } from '../steps/step_4TY_MLST__mlst'
workflow {
    step_4TY_MLST__mlst(getInput())
}
"
"MOD_SMA03_mlst_mono_retarget_sal_to_lis","1","switch_species","(generated)","MOD_SMA03_mlst_mono_retarget_sal_to_lis_t1","modification","MLST on a pre-existing Salmonella enterica assembly.","Y","N","missing_param","ERROR ~ missing required param: multi_clustering__reportree__summary_columns","0","1","Y","","","","step_4TY_MLST__mlst","step_4TY_MLST__mlst","step_4TY_MLST__mlst","722","30","1","2","6.8","Great! I will create a pipeline for MLST on a pre-existing Salmonella enterica assembly. The pipeline will use the following steps: 1. step_4TY_MLST__mlst.","nextflow.enable.dsl=2

// --- IMPORTS ---

include { getEmpty } from '../functions/common.nf'

include { getAssembly; optionalOrDefault; param } from '../functions/parameters.nf'

include { step_4TY_MLST__mlst } from '../steps/step_4TY_MLST__mlst'

include { multi_clustering__reportree } from '../multi/multi_clustering__reportree'

// --- GLOBALS ---

// --- INLINE PROCESSES ---

// --- SUB WORKFLOWS ---

workflow module_surveillance {
    
    main:
        multi_clustering__reportree(inputFn(), param('metadata'), param('geodata'), optionalOrDefault('multi_clustering__reportree__nomenclature', getEmpty()))
    
}

// --- ENTRYPOINT ---
workflow {
    module_surveillance()
    step_4TY_MLST__mlst(getAssembly())
}","nextflow.enable.dsl=2

include { getInput; optionalOrDefault; param } from '../functions/parameters.nf'
include { step_4TY_MLST__mlst } from '../steps/step_4TY_MLST__mlst'
workflow {
    step_4TY_MLST__mlst(getInput())
}
"
"MOD_SMA03_mlst_mono_retarget_sal_to_lis","2","switch_species","(generated)","MOD_SMA03_mlst_mono_retarget_sal_to_lis_t2","modification","Same thing but for Listeria monocytogenes.","Y","N","missing_param","ERROR ~ missing required param: multi_clustering__reportree__summary_columns","0","1","Y","","","","step_4TY_MLST__mlst","step_4TY_MLST__mlst","step_4TY_MLST__mlst","722","30","1","2","5.2","I can create a pipeline for MLST on a pre-existing Listeria monocytogenes assembly. The pipeline will use the following steps: 1. step_4TY_MLST__mlst.","nextflow.enable.dsl=2

// --- IMPORTS ---

include { getEmpty } from '../functions/common.nf'

include { getAssembly; optionalOrDefault; param } from '../functions/parameters.nf'

include { step_4TY_MLST__mlst } from '../steps/step_4TY_MLST__mlst'

include { multi_clustering__reportree } from '../multi/multi_clustering__reportree'

// --- GLOBALS ---

// --- INLINE PROCESSES ---

// --- SUB WORKFLOWS ---

workflow module_surveillance {
    
    main:
        multi_clustering__reportree(inputFn(), param('metadata'), param('geodata'), optionalOrDefault('multi_clustering__reportree__nomenclature', getEmpty()))
    
}

// --- ENTRYPOINT ---
workflow {
    module_surveillance()
    step_4TY_MLST__mlst(getAssembly())
}","nextflow.enable.dsl=2

include { getInput; optionalOrDefault; param } from '../functions/parameters.nf'
include { step_4TY_MLST__mlst } from '../steps/step_4TY_MLST__mlst'
workflow {
    step_4TY_MLST__mlst(getInput())
}
"
"MOD_SMA04_mlst_mono_retarget_sal_to_eco","1","switch_species","(generated)","MOD_SMA04_mlst_mono_retarget_sal_to_eco_t1","modification","MLST on a pre-existing Salmonella enterica assembly.","Y","N","missing_param","ERROR ~ missing required param: step_3TX_species__kmerfinder__db","0","1","N","step_2AS_mapping__bowtie, step_3TX_species__kmerfinder, step_4AN_AMR__abricate, step_4AN_AMR__staramr, step_4AN_genes__prokka, step_4TY_cgMLST__chewbbaca, step_4TY_flaA__flaA","","","step_2AS_mapping__bowtie, step_3TX_species__kmerfinder, step_4AN_AMR__abricate, step_4AN_AMR__staramr, step_4AN_genes__prokka, step_4TY_MLST__mlst, step_4TY_cgMLST__chewbbaca, step_4TY_flaA__flaA","step_3TX_species__kmerfinder, step_2AS_mapping__bowtie, step_4AN_AMR__abricate, step_4AN_genes__prokka, step_4AN_AMR__staramr, step_4TY_MLST__mlst, step_4TY_flaA__flaA, step_4TY_cgMLST__chewbbaca","step_4TY_MLST__mlst","2240","76","8","2","9.3","I will create a pipeline for MLST on a pre-existing Salmonella enterica assembly using the module_typing_bacteria template. This will include MLST and other typing steps. I will proceed with the plan.","nextflow.enable.dsl=2

// --- IMPORTS ---

include { step_4TY_cgMLST__chewbbaca } from '../steps/step_4TY_cgMLST__chewbbaca'

include { step_4AN_AMR__abricate } from '../steps/step_4AN_AMR__abricate'

include { getAssembly; getTrimmedReads } from '../functions/parameters.nf'

include { extractKey; getEmpty } from '../functions/common.nf'

include { step_4AN_genes__prokka } from '../steps/step_4AN_genes__prokka'

include { step_4AN_AMR__staramr } from '../steps/step_4AN_AMR__staramr'

include { step_4TY_flaA__flaA } from '../steps/step_4TY_flaA__flaA'

include { step_4TY_MLST__mlst } from '../steps/step_4TY_MLST__mlst'

include { step_2AS_mapping__bowtie } from '../steps/step_2AS_mapping__bowtie'

include { step_3TX_species__kmerfinder } from '../steps/step_3TX_species__kmerfinder'

// --- GLOBALS ---

// --- INLINE PROCESSES ---

// --- SUB WORKFLOWS ---

workflow module_typing_bacteria {
    
    take:
        
        trimmed
        
        assembly
        
    
    main:
        assigned_species = step_3TX_species__kmerfinder(assembly).assigned_species

        if (!params.skip_bestref_mapping) {
          trimmed.cross(assigned_species) { extractKey(it) }.multiMap {
            trimmed: it[0]
            species: it[1][1]
            referencePath: it[1][2]
          }.set { trimAndAndSpecies }
          step_2AS_mapping__bowtie(trimAndAndSpecies.trimmed, trimAndAndSpecies.referencePath)
        }

        step_4AN_AMR__abricate(assembly)

        step_4AN_genes__prokka(assembly.map{ [ it[0], it[1], 'Bacteria', '-', '-', getEmpty() ] })

        assembly.cross(assigned_species) { extractKey(it) }.multiMap {
          assembly: it[0]
          species: it[1][1]
        }.set { assemblyAndSpecies }

        step_4AN_AMR__staramr(assemblyAndSpecies.assembly, assemblyAndSpecies.species)
        step_4TY_MLST__mlst(assemblyAndSpecies.assembly)
        step_4TY_flaA__flaA(assemblyAndSpecies.assembly, assemblyAndSpecies.species)
        step_4TY_cgMLST__chewbbaca(assemblyAndSpecies.assembly, assemblyAndSpecies.species, '')
    
    emit:
        
        genus_species = assigned_species
        
    
}

// --- ENTRYPOINT ---
workflow {
    module_typing_bacteria(getTrimmedReads(true), getAssembly())
}","nextflow.enable.dsl=2

include { getInput; optionalOrDefault; param } from '../functions/parameters.nf'
include { step_4TY_MLST__mlst } from '../steps/step_4TY_MLST__mlst'
workflow {
    step_4TY_MLST__mlst(getInput())
}
"
"MOD_SMA04_mlst_mono_retarget_sal_to_eco","2","switch_species","(generated)","MOD_SMA04_mlst_mono_retarget_sal_to_eco_t2","modification","Same thing but for Escherichia coli.","Y","N","missing_param","ERROR ~ missing required param: step_3TX_species__kmerfinder__db","0","1","N","step_2AS_mapping__bowtie, step_3TX_species__kmerfinder, step_4AN_AMR__abricate, step_4AN_AMR__staramr, step_4AN_genes__prokka, step_4TY_cgMLST__chewbbaca, step_4TY_flaA__flaA","","","step_2AS_mapping__bowtie, step_3TX_species__kmerfinder, step_4AN_AMR__abricate, step_4AN_AMR__staramr, step_4AN_genes__prokka, step_4TY_MLST__mlst, step_4TY_cgMLST__chewbbaca, step_4TY_flaA__flaA","step_3TX_species__kmerfinder, step_2AS_mapping__bowtie, step_4AN_AMR__abricate, step_4AN_genes__prokka, step_4AN_AMR__staramr, step_4TY_MLST__mlst, step_4TY_flaA__flaA, step_4TY_cgMLST__chewbbaca","step_4TY_MLST__mlst","2240","76","8","2","8.1","I can create a pipeline for MLST on a pre-existing Escherichia coli assembly using the module_typing_bacteria template. This will include MLST and other typing steps. I will proceed with the plan.","nextflow.enable.dsl=2

// --- IMPORTS ---

include { step_4TY_cgMLST__chewbbaca } from '../steps/step_4TY_cgMLST__chewbbaca'

include { step_4AN_AMR__abricate } from '../steps/step_4AN_AMR__abricate'

include { getAssembly; getTrimmedReads } from '../functions/parameters.nf'

include { extractKey; getEmpty } from '../functions/common.nf'

include { step_4AN_genes__prokka } from '../steps/step_4AN_genes__prokka'

include { step_4AN_AMR__staramr } from '../steps/step_4AN_AMR__staramr'

include { step_4TY_flaA__flaA } from '../steps/step_4TY_flaA__flaA'

include { step_4TY_MLST__mlst } from '../steps/step_4TY_MLST__mlst'

include { step_2AS_mapping__bowtie } from '../steps/step_2AS_mapping__bowtie'

include { step_3TX_species__kmerfinder } from '../steps/step_3TX_species__kmerfinder'

// --- GLOBALS ---

// --- INLINE PROCESSES ---

// --- SUB WORKFLOWS ---

workflow module_typing_bacteria {
    
    take:
        
        trimmed
        
        assembly
        
    
    main:
        assigned_species = step_3TX_species__kmerfinder(assembly).assigned_species

        if (!params.skip_bestref_mapping) {
          trimmed.cross(assigned_species) { extractKey(it) }.multiMap {
            trimmed: it[0]
            species: it[1][1]
            referencePath: it[1][2]
          }.set { trimAndAndSpecies }
          step_2AS_mapping__bowtie(trimAndAndSpecies.trimmed, trimAndAndSpecies.referencePath)
        }

        step_4AN_AMR__abricate(assembly)

        step_4AN_genes__prokka(assembly.map{ [ it[0], it[1], 'Bacteria', '-', '-', getEmpty() ] })

        assembly.cross(assigned_species) { extractKey(it) }.multiMap {
          assembly: it[0]
          species: it[1][1]
        }.set { assemblyAndSpecies }

        step_4AN_AMR__staramr(assemblyAndSpecies.assembly, assemblyAndSpecies.species)
        step_4TY_MLST__mlst(assemblyAndSpecies.assembly)
        step_4TY_flaA__flaA(assemblyAndSpecies.assembly, assemblyAndSpecies.species)
        step_4TY_cgMLST__chewbbaca(assemblyAndSpecies.assembly, assemblyAndSpecies.species, '')
    
    emit:
        
        genus_species = assigned_species
        
    
}

// --- ENTRYPOINT ---
workflow {
    module_typing_bacteria(getTrimmedReads(true), getAssembly())
}","nextflow.enable.dsl=2

include { getInput; optionalOrDefault; param } from '../functions/parameters.nf'
include { step_4TY_MLST__mlst } from '../steps/step_4TY_MLST__mlst'
workflow {
    step_4TY_MLST__mlst(getInput())
}
"
"MOD_SMA05_mlst_mono_retarget_eco_to_lis","1","switch_species","(generated)","MOD_SMA05_mlst_mono_retarget_eco_to_lis_t1","modification","MLST on a pre-existing Escherichia coli assembly.","Y","N","missing_param","ERROR ~ missing required param: step_3TX_species__kmerfinder__db","0","1","N","step_2AS_mapping__bowtie, step_3TX_species__kmerfinder, step_4AN_AMR__abricate, step_4AN_AMR__staramr, step_4AN_genes__prokka, step_4TY_cgMLST__chewbbaca, step_4TY_flaA__flaA","","","step_2AS_mapping__bowtie, step_3TX_species__kmerfinder, step_4AN_AMR__abricate, step_4AN_AMR__staramr, step_4AN_genes__prokka, step_4TY_MLST__mlst, step_4TY_cgMLST__chewbbaca, step_4TY_flaA__flaA","step_3TX_species__kmerfinder, step_2AS_mapping__bowtie, step_4AN_AMR__abricate, step_4AN_genes__prokka, step_4AN_AMR__staramr, step_4TY_MLST__mlst, step_4TY_flaA__flaA, step_4TY_cgMLST__chewbbaca","step_4TY_MLST__mlst","2240","76","8","2","13.7","I will create a pipeline for MLST on a pre-existing Escherichia coli assembly using the MLST step from the module_typing_bacteria template. This will include the MLST step and any necessary preprocessing steps.","nextflow.enable.dsl=2

// --- IMPORTS ---

include { step_4TY_cgMLST__chewbbaca } from '../steps/step_4TY_cgMLST__chewbbaca'

include { step_4AN_AMR__abricate } from '../steps/step_4AN_AMR__abricate'

include { getAssembly; getTrimmedReads } from '../functions/parameters.nf'

include { extractKey; getEmpty } from '../functions/common.nf'

include { step_4AN_genes__prokka } from '../steps/step_4AN_genes__prokka'

include { step_4AN_AMR__staramr } from '../steps/step_4AN_AMR__staramr'

include { step_4TY_flaA__flaA } from '../steps/step_4TY_flaA__flaA'

include { step_4TY_MLST__mlst } from '../steps/step_4TY_MLST__mlst'

include { step_2AS_mapping__bowtie } from '../steps/step_2AS_mapping__bowtie'

include { step_3TX_species__kmerfinder } from '../steps/step_3TX_species__kmerfinder'

// --- GLOBALS ---

// --- INLINE PROCESSES ---

// --- SUB WORKFLOWS ---

workflow module_typing_bacteria {
    
    take:
        
        trimmed
        
        assembly
        
    
    main:
        assigned_species = step_3TX_species__kmerfinder(assembly).assigned_species

        if (!params.skip_bestref_mapping) {
          trimmed.cross(assigned_species) { extractKey(it) }.multiMap {
            trimmed: it[0]
            species: it[1][1]
            referencePath: it[1][2]
          }.set { trimAndAndSpecies }
          step_2AS_mapping__bowtie(trimAndAndSpecies.trimmed, trimAndAndSpecies.referencePath)
        }

        step_4AN_AMR__abricate(assembly)

        step_4AN_genes__prokka(assembly.map{ [ it[0], it[1], 'Bacteria', '-', '-', getEmpty() ] })

        assembly.cross(assigned_species) { extractKey(it) }.multiMap {
          assembly: it[0]
          species: it[1][1]
        }.set { assemblyAndSpecies }

        step_4AN_AMR__staramr(assemblyAndSpecies.assembly, assemblyAndSpecies.species)
        step_4TY_MLST__mlst(assemblyAndSpecies.assembly)
        step_4TY_flaA__flaA(assemblyAndSpecies.assembly, assemblyAndSpecies.species)
        step_4TY_cgMLST__chewbbaca(assemblyAndSpecies.assembly, assemblyAndSpecies.species, '')
    
    emit:
        
        genus_species = assigned_species
        
    
}

// --- ENTRYPOINT ---
workflow {
    module_typing_bacteria(getTrimmedReads(true), getAssembly())
}","nextflow.enable.dsl=2

include { getInput; optionalOrDefault; param } from '../functions/parameters.nf'
include { step_4TY_MLST__mlst } from '../steps/step_4TY_MLST__mlst'
workflow {
    step_4TY_MLST__mlst(getInput())
}
"
"MOD_SMA05_mlst_mono_retarget_eco_to_lis","2","switch_species","(generated)","MOD_SMA05_mlst_mono_retarget_eco_to_lis_t2","modification","Same thing but for Listeria monocytogenes.","Y","N","missing_param","ERROR ~ missing required param: step_3TX_species__kmerfinder__db","0","1","N","step_2AS_mapping__bowtie, step_3TX_species__kmerfinder, step_4AN_AMR__abricate, step_4AN_AMR__staramr, step_4AN_genes__prokka, step_4TY_cgMLST__chewbbaca, step_4TY_flaA__flaA","","","step_2AS_mapping__bowtie, step_3TX_species__kmerfinder, step_4AN_AMR__abricate, step_4AN_AMR__staramr, step_4AN_genes__prokka, step_4TY_MLST__mlst, step_4TY_cgMLST__chewbbaca, step_4TY_flaA__flaA","step_3TX_species__kmerfinder, step_2AS_mapping__bowtie, step_4AN_AMR__abricate, step_4AN_genes__prokka, step_4AN_AMR__staramr, step_4TY_MLST__mlst, step_4TY_flaA__flaA, step_4TY_cgMLST__chewbbaca","step_4TY_MLST__mlst","2240","76","8","2","10.5","I can create a pipeline for MLST on a pre-existing Listeria monocytogenes assembly. I will use the MLST step from the module_typing_bacteria template. This will include the MLST step and any necessary preprocessing steps.","nextflow.enable.dsl=2

// --- IMPORTS ---

include { step_4TY_cgMLST__chewbbaca } from '../steps/step_4TY_cgMLST__chewbbaca'

include { step_4AN_AMR__abricate } from '../steps/step_4AN_AMR__abricate'

include { getAssembly; getTrimmedReads } from '../functions/parameters.nf'

include { extractKey; getEmpty } from '../functions/common.nf'

include { step_4AN_genes__prokka } from '../steps/step_4AN_genes__prokka'

include { step_4AN_AMR__staramr } from '../steps/step_4AN_AMR__staramr'

include { step_4TY_flaA__flaA } from '../steps/step_4TY_flaA__flaA'

include { step_4TY_MLST__mlst } from '../steps/step_4TY_MLST__mlst'

include { step_2AS_mapping__bowtie } from '../steps/step_2AS_mapping__bowtie'

include { step_3TX_species__kmerfinder } from '../steps/step_3TX_species__kmerfinder'

// --- GLOBALS ---

// --- INLINE PROCESSES ---

// --- SUB WORKFLOWS ---

workflow module_typing_bacteria {
    
    take:
        
        trimmed
        
        assembly
        
    
    main:
        assigned_species = step_3TX_species__kmerfinder(assembly).assigned_species

        if (!params.skip_bestref_mapping) {
          trimmed.cross(assigned_species) { extractKey(it) }.multiMap {
            trimmed: it[0]
            species: it[1][1]
            referencePath: it[1][2]
          }.set { trimAndAndSpecies }
          step_2AS_mapping__bowtie(trimAndAndSpecies.trimmed, trimAndAndSpecies.referencePath)
        }

        step_4AN_AMR__abricate(assembly)

        step_4AN_genes__prokka(assembly.map{ [ it[0], it[1], 'Bacteria', '-', '-', getEmpty() ] })

        assembly.cross(assigned_species) { extractKey(it) }.multiMap {
          assembly: it[0]
          species: it[1][1]
        }.set { assemblyAndSpecies }

        step_4AN_AMR__staramr(assemblyAndSpecies.assembly, assemblyAndSpecies.species)
        step_4TY_MLST__mlst(assemblyAndSpecies.assembly)
        step_4TY_flaA__flaA(assemblyAndSpecies.assembly, assemblyAndSpecies.species)
        step_4TY_cgMLST__chewbbaca(assemblyAndSpecies.assembly, assemblyAndSpecies.species, '')
    
    emit:
        
        genus_species = assigned_species
        
    
}

// --- ENTRYPOINT ---
workflow {
    module_typing_bacteria(getTrimmedReads(true), getAssembly())
}","nextflow.enable.dsl=2

include { getInput; optionalOrDefault; param } from '../functions/parameters.nf'
include { step_4TY_MLST__mlst } from '../steps/step_4TY_MLST__mlst'
workflow {
    step_4TY_MLST__mlst(getInput())
}
"
"MOD_SMA06_mlst_mono_retarget_eco_to_sal","1","switch_species","(generated)","MOD_SMA06_mlst_mono_retarget_eco_to_sal_t1","modification","MLST on a pre-existing Escherichia coli assembly.","Y","Y","none","","1","1","Y","","","","step_4TY_MLST__mlst","step_4TY_MLST__mlst","step_4TY_MLST__mlst","606","33","1","2","6.1","I will create a pipeline for MLST on a pre-existing Escherichia coli assembly. I will use the MLST step from the available tools.","nextflow.enable.dsl=2

// --- IMPORTS ---

include { step_4TY_MLST__mlst } from '../steps/step_4TY_MLST__mlst'

include { getAssembly } from '../functions/parameters.nf'

include { getEmpty } from '../functions/common.nf'

// --- GLOBALS ---

// --- INLINE PROCESSES ---

// --- SUB WORKFLOWS ---

workflow module_surveillance {
    
    take:
        
        assembly
        
    
    main:
        assembly.map { [ it[0], it[1], 'Bacteria', '-', '-', getEmpty() ] }.set { prokkaIn }
        step_4TY_MLST__mlst(prokkaIn)
    
}

// --- ENTRYPOINT ---
workflow {
    module_surveillance(getAssembly())
}","nextflow.enable.dsl=2

include { getInput; optionalOrDefault; param } from '../functions/parameters.nf'
include { step_4TY_MLST__mlst } from '../steps/step_4TY_MLST__mlst'
workflow {
    step_4TY_MLST__mlst(getInput())
}
"
"MOD_SMA06_mlst_mono_retarget_eco_to_sal","2","switch_species","(generated)","MOD_SMA06_mlst_mono_retarget_eco_to_sal_t2","modification","Same thing but for Salmonella enterica.","Y","N","missing_param","ERROR ~ missing required param: multi_clustering__reportree__summary_columns","0","1","N","","step_4TY_MLST__mlst","","","","step_4TY_MLST__mlst","685","32","0","2","4.7","I can create a pipeline for MLST on a pre-existing Salmonella enterica assembly. I will use the MLST step from the available tools.","nextflow.enable.dsl=2

// --- IMPORTS ---

include { getEmpty } from '../functions/common.nf'

include { getAssembly; optionalOrDefault; param } from '../functions/parameters.nf'

include { multi_clustering__reportree } from '../multi/multi_clustering__reportree'

// --- GLOBALS ---

// --- INLINE PROCESSES ---

// --- SUB WORKFLOWS ---

workflow module_surveillance {
    
    take:
        
        assembly
        
    
    main:
        multi_clustering__reportree(inputFn(assembly), param('metadata'), param('geodata'), optionalOrDefault('multi_clustering__reportree__nomenclature', getEmpty()))
    
}

// --- ENTRYPOINT ---
workflow {
    module_surveillance(getAssembly())
}","nextflow.enable.dsl=2

include { getInput; optionalOrDefault; param } from '../functions/parameters.nf'
include { step_4TY_MLST__mlst } from '../steps/step_4TY_MLST__mlst'
workflow {
    step_4TY_MLST__mlst(getInput())
}
"
"MOD_SMA07_mlst_mono_retarget_lis_to_cam","1","switch_species","(generated)","MOD_SMA07_mlst_mono_retarget_lis_to_cam_t1","modification","MLST on a pre-existing Listeria monocytogenes assembly.","Y","Y","none","","1","1","Y","","","","step_4TY_MLST__mlst","step_4TY_MLST__mlst","step_4TY_MLST__mlst","319","18","1","2","6.2","I will create a pipeline for MLST on a pre-existing Listeria monocytogenes assembly using the MLST tool (step_4TY_MLST__mlst).","nextflow.enable.dsl=2

// --- IMPORTS ---

include { step_4TY_MLST__mlst } from '../steps/step_4TY_MLST__mlst'

include { getAssembly } from '../functions/parameters.nf'

// --- GLOBALS ---

// --- INLINE PROCESSES ---

// --- SUB WORKFLOWS ---

// --- ENTRYPOINT ---
workflow {
    step_4TY_MLST__mlst(getAssembly())
}","nextflow.enable.dsl=2

include { getInput; optionalOrDefault; param } from '../functions/parameters.nf'
include { step_4TY_MLST__mlst } from '../steps/step_4TY_MLST__mlst'
workflow {
    step_4TY_MLST__mlst(getInput())
}
"
"MOD_SMA07_mlst_mono_retarget_lis_to_cam","2","switch_species","(generated)","MOD_SMA07_mlst_mono_retarget_lis_to_cam_t2","modification","Same thing but for Campylobacter jejuni.","Y","Y","none","","1","1","Y","","","","step_4TY_MLST__mlst","step_4TY_MLST__mlst","step_4TY_MLST__mlst","461","30","1","2","5.1","I can create a pipeline for MLST on a pre-existing Campylobacter jejuni assembly. This will use the MLST tool (step_4TY_MLST__mlst).","nextflow.enable.dsl=2

// --- IMPORTS ---

include { step_4TY_MLST__mlst } from '../steps/step_4TY_MLST__mlst'

include { getAssembly } from '../functions/parameters.nf'

// --- GLOBALS ---

// --- INLINE PROCESSES ---

// --- SUB WORKFLOWS ---

workflow module_surveillance {
    
    take:
        
        assembly
        
    
    main:
        step_4TY_MLST__mlst(assembly)
    
}

// --- ENTRYPOINT ---
workflow {
    module_surveillance(getAssembly())
}","nextflow.enable.dsl=2

include { getInput; optionalOrDefault; param } from '../functions/parameters.nf'
include { step_4TY_MLST__mlst } from '../steps/step_4TY_MLST__mlst'
workflow {
    step_4TY_MLST__mlst(getInput())
}
"
"MOD_SMA08_mlst_mono_retarget_sal_to_cam","1","switch_species","(generated)","MOD_SMA08_mlst_mono_retarget_sal_to_cam_t1","modification","MLST on a pre-existing Salmonella enterica assembly.","Y","N","missing_param","ERROR ~ missing required param: step_3TX_species__kmerfinder__db","0","1","N","step_2AS_mapping__bowtie, step_3TX_species__kmerfinder, step_4AN_AMR__abricate, step_4AN_AMR__staramr, step_4AN_genes__prokka, step_4TY_cgMLST__chewbbaca, step_4TY_flaA__flaA","","","step_2AS_mapping__bowtie, step_3TX_species__kmerfinder, step_4AN_AMR__abricate, step_4AN_AMR__staramr, step_4AN_genes__prokka, step_4TY_MLST__mlst, step_4TY_cgMLST__chewbbaca, step_4TY_flaA__flaA","step_3TX_species__kmerfinder, step_2AS_mapping__bowtie, step_4AN_AMR__abricate, step_4AN_genes__prokka, step_4AN_AMR__staramr, step_4TY_MLST__mlst, step_4TY_flaA__flaA, step_4TY_cgMLST__chewbbaca","step_4TY_MLST__mlst","2240","76","8","2","8.5","I will proceed with the module_typing_bacteria template. This will include MLST and other typing tools for your Salmonella enterica assembly.","nextflow.enable.dsl=2

// --- IMPORTS ---

include { step_4TY_cgMLST__chewbbaca } from '../steps/step_4TY_cgMLST__chewbbaca'

include { step_4AN_AMR__abricate } from '../steps/step_4AN_AMR__abricate'

include { getAssembly; getTrimmedReads } from '../functions/parameters.nf'

include { extractKey; getEmpty } from '../functions/common.nf'

include { step_4AN_genes__prokka } from '../steps/step_4AN_genes__prokka'

include { step_4AN_AMR__staramr } from '../steps/step_4AN_AMR__staramr'

include { step_4TY_flaA__flaA } from '../steps/step_4TY_flaA__flaA'

include { step_4TY_MLST__mlst } from '../steps/step_4TY_MLST__mlst'

include { step_2AS_mapping__bowtie } from '../steps/step_2AS_mapping__bowtie'

include { step_3TX_species__kmerfinder } from '../steps/step_3TX_species__kmerfinder'

// --- GLOBALS ---

// --- INLINE PROCESSES ---

// --- SUB WORKFLOWS ---

workflow module_typing_bacteria {
    
    take:
        
        trimmed
        
        assembly
        
    
    main:
        assigned_species = step_3TX_species__kmerfinder(assembly).assigned_species

        if (!params.skip_bestref_mapping) {
          trimmed.cross(assigned_species) { extractKey(it) }.multiMap {
            trimmed: it[0]
            species: it[1][1]
            referencePath: it[1][2]
          }.set { trimAndAndSpecies }
          step_2AS_mapping__bowtie(trimAndAndSpecies.trimmed, trimAndAndSpecies.referencePath)
        }

        step_4AN_AMR__abricate(assembly)

        step_4AN_genes__prokka(assembly.map{ [ it[0], it[1], 'Bacteria', '-', '-', getEmpty() ] })

        assembly.cross(assigned_species) { extractKey(it) }.multiMap {
          assembly: it[0]
          species: it[1][1]
        }.set { assemblyAndSpecies }

        step_4AN_AMR__staramr(assemblyAndSpecies.assembly, assemblyAndSpecies.species)
        step_4TY_MLST__mlst(assemblyAndSpecies.assembly)
        step_4TY_flaA__flaA(assemblyAndSpecies.assembly, assemblyAndSpecies.species)
        step_4TY_cgMLST__chewbbaca(assemblyAndSpecies.assembly, assemblyAndSpecies.species, '')
    
    emit:
        
        genus_species = assigned_species
        
    
}

// --- ENTRYPOINT ---
workflow {
    module_typing_bacteria(getTrimmedReads(true), getAssembly())
}","nextflow.enable.dsl=2

include { getInput; optionalOrDefault; param } from '../functions/parameters.nf'
include { step_4TY_MLST__mlst } from '../steps/step_4TY_MLST__mlst'
workflow {
    step_4TY_MLST__mlst(getInput())
}
"
"MOD_SMA08_mlst_mono_retarget_sal_to_cam","2","switch_species","(generated)","MOD_SMA08_mlst_mono_retarget_sal_to_cam_t2","modification","Same thing but for Campylobacter jejuni.","Y","N","missing_param","ERROR ~ missing required param: step_3TX_species__kmerfinder__db","0","1","N","step_2AS_mapping__bowtie, step_3TX_species__kmerfinder, step_4AN_AMR__abricate, step_4AN_AMR__staramr, step_4AN_genes__prokka, step_4TY_cgMLST__chewbbaca, step_4TY_flaA__flaA","","","step_2AS_mapping__bowtie, step_3TX_species__kmerfinder, step_4AN_AMR__abricate, step_4AN_AMR__staramr, step_4AN_genes__prokka, step_4TY_MLST__mlst, step_4TY_cgMLST__chewbbaca, step_4TY_flaA__flaA","step_3TX_species__kmerfinder, step_2AS_mapping__bowtie, step_4AN_AMR__abricate, step_4AN_genes__prokka, step_4AN_AMR__staramr, step_4TY_MLST__mlst, step_4TY_flaA__flaA, step_4TY_cgMLST__chewbbaca","step_4TY_MLST__mlst","2240","76","8","2","8.8","I will proceed with the module_typing_bacteria template. This will include MLST and other typing tools for your Campylobacter jejuni assembly.","nextflow.enable.dsl=2

// --- IMPORTS ---

include { step_4TY_cgMLST__chewbbaca } from '../steps/step_4TY_cgMLST__chewbbaca'

include { step_4AN_AMR__abricate } from '../steps/step_4AN_AMR__abricate'

include { getAssembly; getTrimmedReads } from '../functions/parameters.nf'

include { extractKey; getEmpty } from '../functions/common.nf'

include { step_4AN_genes__prokka } from '../steps/step_4AN_genes__prokka'

include { step_4AN_AMR__staramr } from '../steps/step_4AN_AMR__staramr'

include { step_4TY_flaA__flaA } from '../steps/step_4TY_flaA__flaA'

include { step_4TY_MLST__mlst } from '../steps/step_4TY_MLST__mlst'

include { step_2AS_mapping__bowtie } from '../steps/step_2AS_mapping__bowtie'

include { step_3TX_species__kmerfinder } from '../steps/step_3TX_species__kmerfinder'

// --- GLOBALS ---

// --- INLINE PROCESSES ---

// --- SUB WORKFLOWS ---

workflow module_typing_bacteria {
    
    take:
        
        trimmed
        
        assembly
        
    
    main:
        assigned_species = step_3TX_species__kmerfinder(assembly).assigned_species

        if (!params.skip_bestref_mapping) {
          trimmed.cross(assigned_species) { extractKey(it) }.multiMap {
            trimmed: it[0]
            species: it[1][1]
            referencePath: it[1][2]
          }.set { trimAndAndSpecies }
          step_2AS_mapping__bowtie(trimAndAndSpecies.trimmed, trimAndAndSpecies.referencePath)
        }

        step_4AN_AMR__abricate(assembly)

        step_4AN_genes__prokka(assembly.map{ [ it[0], it[1], 'Bacteria', '-', '-', getEmpty() ] })

        assembly.cross(assigned_species) { extractKey(it) }.multiMap {
          assembly: it[0]
          species: it[1][1]
        }.set { assemblyAndSpecies }

        step_4AN_AMR__staramr(assemblyAndSpecies.assembly, assemblyAndSpecies.species)
        step_4TY_MLST__mlst(assemblyAndSpecies.assembly)
        step_4TY_flaA__flaA(assemblyAndSpecies.assembly, assemblyAndSpecies.species)
        step_4TY_cgMLST__chewbbaca(assemblyAndSpecies.assembly, assemblyAndSpecies.species, '')
    
    emit:
        
        genus_species = assigned_species
        
    
}

// --- ENTRYPOINT ---
workflow {
    module_typing_bacteria(getTrimmedReads(true), getAssembly())
}","nextflow.enable.dsl=2

include { getInput; optionalOrDefault; param } from '../functions/parameters.nf'
include { step_4TY_MLST__mlst } from '../steps/step_4TY_MLST__mlst'
workflow {
    step_4TY_MLST__mlst(getInput())
}
"
"MOD_SMA09_mlst_mono_retarget_eco_to_cam","1","switch_species","(generated)","MOD_SMA09_mlst_mono_retarget_eco_to_cam_t1","modification","MLST on a pre-existing Escherichia coli assembly.","Y","Y","none","","1","1","Y","","","","step_4TY_MLST__mlst","step_4TY_MLST__mlst","step_4TY_MLST__mlst","461","30","1","2","7.4","I can create a pipeline for MLST on a pre-existing Escherichia coli assembly. I can use the MLST tool (`step_4TY_MLST__mlst`) for this task.","nextflow.enable.dsl=2

// --- IMPORTS ---

include { step_4TY_MLST__mlst } from '../steps/step_4TY_MLST__mlst'

include { getAssembly } from '../functions/parameters.nf'

// --- GLOBALS ---

// --- INLINE PROCESSES ---

// --- SUB WORKFLOWS ---

workflow module_surveillance {
    
    take:
        
        assembly
        
    
    main:
        step_4TY_MLST__mlst(assembly)
    
}

// --- ENTRYPOINT ---
workflow {
    module_surveillance(getAssembly())
}","nextflow.enable.dsl=2

include { getInput; optionalOrDefault; param } from '../functions/parameters.nf'
include { step_4TY_MLST__mlst } from '../steps/step_4TY_MLST__mlst'
workflow {
    step_4TY_MLST__mlst(getInput())
}
"
"MOD_SMA09_mlst_mono_retarget_eco_to_cam","2","switch_species","(generated)","MOD_SMA09_mlst_mono_retarget_eco_to_cam_t2","modification","Same thing but for Campylobacter jejuni.","Y","Y","none","","1","1","Y","","","","step_4TY_MLST__mlst","step_4TY_MLST__mlst","step_4TY_MLST__mlst","461","30","1","2","4.9","I can create a pipeline for MLST on a pre-existing Campylobacter jejuni assembly. I can use the MLST tool (`step_4TY_MLST__mlst`) for this task.","nextflow.enable.dsl=2

// --- IMPORTS ---

include { step_4TY_MLST__mlst } from '../steps/step_4TY_MLST__mlst'

include { getAssembly } from '../functions/parameters.nf'

// --- GLOBALS ---

// --- INLINE PROCESSES ---

// --- SUB WORKFLOWS ---

workflow module_surveillance {
    
    take:
        
        assembly
        
    
    main:
        step_4TY_MLST__mlst(assembly)
    
}

// --- ENTRYPOINT ---
workflow {
    module_surveillance(getAssembly())
}","nextflow.enable.dsl=2

include { getInput; optionalOrDefault; param } from '../functions/parameters.nf'
include { step_4TY_MLST__mlst } from '../steps/step_4TY_MLST__mlst'
workflow {
    step_4TY_MLST__mlst(getInput())
}
"
"MOD_SMA10_mlst_mono_retarget_cam_to_lis","1","switch_species","(generated)","MOD_SMA10_mlst_mono_retarget_cam_to_lis_t1","modification","MLST on a pre-existing Campylobacter jejuni assembly.","Y","Y","none","","2","1","N","step_4AN_genes__prokka","","","step_4AN_genes__prokka, step_4TY_MLST__mlst","step_4AN_genes__prokka, step_4TY_MLST__mlst","step_4TY_MLST__mlst","722","36","2","2","6.0","I will create a pipeline for MLST on a pre-existing Campylobacter jejuni assembly. I will use the MLST step from the available tools.","nextflow.enable.dsl=2

// --- IMPORTS ---

include { step_4AN_genes__prokka } from '../steps/step_4AN_genes__prokka'

include { step_4TY_MLST__mlst } from '../steps/step_4TY_MLST__mlst'

include { getAssembly } from '../functions/parameters.nf'

include { getEmpty } from '../functions/common.nf'

// --- GLOBALS ---

// --- INLINE PROCESSES ---

// --- SUB WORKFLOWS ---

workflow module_surveillance {
    
    take:
        
        assembly
        
    
    main:
        assembly.map { [ it[0], it[1], 'Bacteria', '-', '-', getEmpty() ] }.set { prokkaIn }
        step_4AN_genes__prokka(prokkaIn)
        step_4TY_MLST__mlst(assembly)
    
}

// --- ENTRYPOINT ---
workflow {
    module_surveillance(getAssembly())
}","nextflow.enable.dsl=2

include { getInput; optionalOrDefault; param } from '../functions/parameters.nf'
include { step_4TY_MLST__mlst } from '../steps/step_4TY_MLST__mlst'
workflow {
    step_4TY_MLST__mlst(getInput())
}
"
"MOD_SMA10_mlst_mono_retarget_cam_to_lis","2","switch_species","(generated)","MOD_SMA10_mlst_mono_retarget_cam_to_lis_t2","modification","Same thing but for Listeria monocytogenes.","Y","Y","none","","1","1","Y","","","","step_4TY_MLST__mlst","step_4TY_MLST__mlst","step_4TY_MLST__mlst","548","31","1","2","5.7","I will create a pipeline for MLST on a pre-existing Listeria monocytogenes assembly. I will use the MLST step from the available tools.","nextflow.enable.dsl=2

// --- IMPORTS ---

include { step_4TY_MLST__mlst } from '../steps/step_4TY_MLST__mlst'

include { getAssembly } from '../functions/parameters.nf'

// --- GLOBALS ---

// --- INLINE PROCESSES ---

// --- SUB WORKFLOWS ---

workflow module_surveillance {
    
    take:
        
        assembly
        
    
    main:
        assembly.map { [it[0], it[1], 'Listeria monocytogenes'] }.set { mlst_input }
        step_4TY_MLST__mlst(mlst_input)
    
}

// --- ENTRYPOINT ---
workflow {
    module_surveillance(getAssembly())
}","nextflow.enable.dsl=2

include { getInput; optionalOrDefault; param } from '../functions/parameters.nf'
include { step_4TY_MLST__mlst } from '../steps/step_4TY_MLST__mlst'
workflow {
    step_4TY_MLST__mlst(getInput())
}
"
"MOD_3T01_addAdd_lis","1","add","(generated)","MOD_3T01_addAdd_lis_t1","modification","From paired Illumina FASTQ of Listeria monocytogenes: trim with fastp and assemble with SPAdes.","Y","Y","none","","6","6","Y","","","","step_1PP_trimming__fastp, step_2AS_denovo__spades","step_1PP_trimming__fastp, step_2AS_denovo__spades","step_1PP_trimming__fastp, step_2AS_denovo__spades","495","22","2","2","7.0","I'm glad to hear that you're ready to proceed with the plan! I'll now approve it and provide the detailed step-by-step summary for the Architect.","nextflow.enable.dsl=2

// --- IMPORTS ---

include { step_1PP_trimming__fastp } from '../steps/step_1PP_trimming__fastp'

include { getSingleInput } from '../functions/parameters.nf'

include { step_2AS_denovo__spades } from '../steps/step_2AS_denovo__spades'

// --- GLOBALS ---

// --- INLINE PROCESSES ---

// --- SUB WORKFLOWS ---

// --- ENTRYPOINT ---
workflow {
    trimmed = step_1PP_trimming__fastp(getSingleInput()).trimmed

    assembled = step_2AS_denovo__spades(trimmed).assembled
}","nextflow.enable.dsl=2

include { getSingleInput; optionalOrDefault; param } from '../functions/parameters.nf'
include { step_1PP_trimming__fastp } from '../steps/step_1PP_trimming__fastp'
include { step_2AS_denovo__spades } from '../steps/step_2AS_denovo__spades'
workflow {
    trimmed   = step_1PP_trimming__fastp(getSingleInput()).trimmed
    assembled = step_2AS_denovo__spades(trimmed).assembled
}
"
"MOD_3T01_addAdd_lis","2","add","(generated)","MOD_3T01_addAdd_lis_t2","modification","Now also run MLST on the assembly.","Y","Y","none","","7","7","Y","","","","step_1PP_trimming__fastp, step_2AS_denovo__spades, step_4TY_MLST__mlst","step_1PP_trimming__fastp, step_2AS_denovo__spades, step_4TY_MLST__mlst","step_1PP_trimming__fastp, step_2AS_denovo__spades, step_4TY_MLST__mlst","598","24","3","2","7.9","I can add MLST to the pipeline. The updated plan is:

1. Trim your reads with fastp (`step_1PP_trimming__fastp`).
2. Assemble the trimmed reads with SPAdes (`step_2AS_denovo__spades`).
3. Run MLST on the assembly (`step_4TY_MLST__mlst`).

Would you like to proceed with this updated plan?","nextflow.enable.dsl=2

// --- IMPORTS ---

include { step_4TY_MLST__mlst } from '../steps/step_4TY_MLST__mlst'

include { step_1PP_trimming__fastp } from '../steps/step_1PP_trimming__fastp'

include { getSingleInput } from '../functions/parameters.nf'

include { step_2AS_denovo__spades } from '../steps/step_2AS_denovo__spades'

// --- GLOBALS ---

// --- INLINE PROCESSES ---

// --- SUB WORKFLOWS ---

// --- ENTRYPOINT ---
workflow {
    trimmed = step_1PP_trimming__fastp(getSingleInput()).trimmed
    assembled = step_2AS_denovo__spades(trimmed).assembled
    step_4TY_MLST__mlst(assembled)
}","nextflow.enable.dsl=2

include { getSingleInput; optionalOrDefault; param } from '../functions/parameters.nf'
include { step_1PP_trimming__fastp } from '../steps/step_1PP_trimming__fastp'
include { step_2AS_denovo__spades } from '../steps/step_2AS_denovo__spades'
include { step_4TY_MLST__mlst } from '../steps/step_4TY_MLST__mlst'
workflow {
    trimmed   = step_1PP_trimming__fastp(getSingleInput()).trimmed
    assembled = step_2AS_denovo__spades(trimmed).assembled
    step_4TY_MLST__mlst(assembled)
}
"
"MOD_3T01_addAdd_lis","3","add","(generated)","MOD_3T01_addAdd_lis_t3","modification","Also add cgMLST in parallel.","Y","N","file_not_found","WARN: file not found: '/mnt/data/cohesive_bench/scratch/llm_full_multi_turn/_shared_inputdir/2026/2026.LIS.244.1.1/0SQ_rawreads/DS99999-DT260224_import/result/*.fastq*'","7","10","Y","","","","step_1PP_trimming__fastp, step_2AS_denovo__spades, step_4TY_MLST__mlst, step_4TY_cgMLST__chewbbaca","step_1PP_trimming__fastp, step_2AS_denovo__spades, step_4TY_MLST__mlst, step_4TY_cgMLST__chewbbaca","step_1PP_trimming__fastp, step_2AS_denovo__spades, step_4TY_MLST__mlst, step_4TY_cgMLST__chewbbaca","763","30","4","2","8.0","I can build a pipeline for you using the following steps:

1. Trim your reads with fastp (`step_1PP_trimming__fastp`).
2. Assemble the trimmed reads with SPAdes (`step_2AS_denovo__spades`).
3. Run MLST on the assembly (`step_4TY_MLST__mlst`).
4. Run cgMLST on the assembly (`step_4TY_cgMLST__chewbbac","nextflow.enable.dsl=2

// --- IMPORTS ---

include { step_2AS_denovo__spades } from '../steps/step_2AS_denovo__spades'

include { step_1PP_trimming__fastp } from '../steps/step_1PP_trimming__fastp'

include { step_4TY_MLST__mlst } from '../steps/step_4TY_MLST__mlst'

include { step_4TY_cgMLST__chewbbaca } from '../steps/step_4TY_cgMLST__chewbbaca'

include { getSingleInput } from '../functions/parameters.nf'

// --- GLOBALS ---

// --- INLINE PROCESSES ---

// --- SUB WORKFLOWS ---

// --- ENTRYPOINT ---
workflow {
    trimmed = step_1PP_trimming__fastp(getSingleInput()).trimmed

    assembled = step_2AS_denovo__spades(trimmed).assembled

    step_4TY_MLST__mlst(assembled)

    step_4TY_cgMLST__chewbbaca(assembled, params.genus_species, params.schema)
}","nextflow.enable.dsl=2

include { getSingleInput; optionalOrDefault; param } from '../functions/parameters.nf'
include { step_1PP_trimming__fastp } from '../steps/step_1PP_trimming__fastp'
include { step_2AS_denovo__spades } from '../steps/step_2AS_denovo__spades'
include { step_4TY_MLST__mlst } from '../steps/step_4TY_MLST__mlst'
include { step_4TY_cgMLST__chewbbaca } from '../steps/step_4TY_cgMLST__chewbbaca'
workflow {
    trimmed   = step_1PP_trimming__fastp(getSingleInput()).trimmed
    assembled = step_2AS_denovo__spades(trimmed).assembled
    step_4TY_MLST__mlst(assembled)
    step_4TY_cgMLST__chewbbaca(assembled, param('genus_species'), optionalOrDefault('schema', ''))
}
"
"MOD_3T02_addAdd_eco","1","add","(generated)","MOD_3T02_addAdd_eco_t1","modification","From paired Illumina FASTQ of Escherichia coli: trim with fastp and assemble with SPAdes.","Y","Y","none","","6","6","Y","","","","step_1PP_trimming__fastp, step_2AS_denovo__spades","step_1PP_trimming__fastp, step_2AS_denovo__spades","step_1PP_trimming__fastp, step_2AS_denovo__spades","495","22","2","2","6.9","I will build a pipeline with the following steps:

1. Trimming with fastp (`step_1PP_trimming__fastp`)
2. Assembly with SPAdes (`step_2AS_denovo__spades`)","nextflow.enable.dsl=2

// --- IMPORTS ---

include { step_1PP_trimming__fastp } from '../steps/step_1PP_trimming__fastp'

include { getSingleInput } from '../functions/parameters.nf'

include { step_2AS_denovo__spades } from '../steps/step_2AS_denovo__spades'

// --- GLOBALS ---

// --- INLINE PROCESSES ---

// --- SUB WORKFLOWS ---

// --- ENTRYPOINT ---
workflow {
    trimmed = step_1PP_trimming__fastp(getSingleInput()).trimmed

    assembled = step_2AS_denovo__spades(trimmed).assembled
}","nextflow.enable.dsl=2

include { getSingleInput; optionalOrDefault; param } from '../functions/parameters.nf'
include { step_1PP_trimming__fastp } from '../steps/step_1PP_trimming__fastp'
include { step_2AS_denovo__spades } from '../steps/step_2AS_denovo__spades'
workflow {
    trimmed   = step_1PP_trimming__fastp(getSingleInput()).trimmed
    assembled = step_2AS_denovo__spades(trimmed).assembled
}
"
"MOD_3T02_addAdd_eco","2","add","(generated)","MOD_3T02_addAdd_eco_t2","modification","Now also run MLST on the assembly.","Y","Y","none","","7","7","Y","","","","step_1PP_trimming__fastp, step_2AS_denovo__spades, step_4TY_MLST__mlst","step_1PP_trimming__fastp, step_2AS_denovo__spades, step_4TY_MLST__mlst","step_1PP_trimming__fastp, step_2AS_denovo__spades, step_4TY_MLST__mlst","600","26","3","2","8.6","I will build a pipeline with the following steps:

1. Trimming with fastp (`step_1PP_trimming__fastp`)
2. Assembly with SPAdes (`step_2AS_denovo__spades`)
3. MLST with MLST (`step_4TY_MLST__mlst`)","nextflow.enable.dsl=2

// --- IMPORTS ---

include { step_4TY_MLST__mlst } from '../steps/step_4TY_MLST__mlst'

include { step_1PP_trimming__fastp } from '../steps/step_1PP_trimming__fastp'

include { getSingleInput } from '../functions/parameters.nf'

include { step_2AS_denovo__spades } from '../steps/step_2AS_denovo__spades'

// --- GLOBALS ---

// --- INLINE PROCESSES ---

// --- SUB WORKFLOWS ---

// --- ENTRYPOINT ---
workflow {
    trimmed = step_1PP_trimming__fastp(getSingleInput()).trimmed

    assembled = step_2AS_denovo__spades(trimmed).assembled

    step_4TY_MLST__mlst(assembled)
}","nextflow.enable.dsl=2

include { getSingleInput; optionalOrDefault; param } from '../functions/parameters.nf'
include { step_1PP_trimming__fastp } from '../steps/step_1PP_trimming__fastp'
include { step_2AS_denovo__spades } from '../steps/step_2AS_denovo__spades'
include { step_4TY_MLST__mlst } from '../steps/step_4TY_MLST__mlst'
workflow {
    trimmed   = step_1PP_trimming__fastp(getSingleInput()).trimmed
    assembled = step_2AS_denovo__spades(trimmed).assembled
    step_4TY_MLST__mlst(assembled)
}
"
"MOD_3T02_addAdd_eco","3","add","(generated)","MOD_3T02_addAdd_eco_t3","modification","Also add cgMLST in parallel.","Y","N","file_not_found","WARN: file not found: '/mnt/data/cohesive_bench/scratch/llm_full_multi_turn/_shared_inputdir/2026/2026.ECO.231.1.1/0SQ_rawreads/DS99999-DT260224_import/result/*.fastq*'","7","10","Y","","","","step_1PP_trimming__fastp, step_2AS_denovo__spades, step_4TY_MLST__mlst, step_4TY_cgMLST__chewbbaca","step_1PP_trimming__fastp, step_2AS_denovo__spades, step_4TY_MLST__mlst, step_4TY_cgMLST__chewbbaca","step_1PP_trimming__fastp, step_2AS_denovo__spades, step_4TY_MLST__mlst, step_4TY_cgMLST__chewbbaca","763","30","4","2","7.2","I will build a pipeline with the following steps:

1. Trimming with fastp (`step_1PP_trimming__fastp`)
2. Assembly with SPAdes (`step_2AS_denovo__spades`)
3. MLST with MLST (`step_4TY_MLST__mlst`)
4. cgMLST with chewbbaca (`step_4TY_cgMLST__chewbbaca`)","nextflow.enable.dsl=2

// --- IMPORTS ---

include { step_2AS_denovo__spades } from '../steps/step_2AS_denovo__spades'

include { step_1PP_trimming__fastp } from '../steps/step_1PP_trimming__fastp'

include { step_4TY_MLST__mlst } from '../steps/step_4TY_MLST__mlst'

include { step_4TY_cgMLST__chewbbaca } from '../steps/step_4TY_cgMLST__chewbbaca'

include { getSingleInput } from '../functions/parameters.nf'

// --- GLOBALS ---

// --- INLINE PROCESSES ---

// --- SUB WORKFLOWS ---

// --- ENTRYPOINT ---
workflow {
    trimmed = step_1PP_trimming__fastp(getSingleInput()).trimmed

    assembled = step_2AS_denovo__spades(trimmed).assembled

    step_4TY_MLST__mlst(assembled)

    step_4TY_cgMLST__chewbbaca(assembled, params.genus_species, params.schema)
}","nextflow.enable.dsl=2

include { getSingleInput; optionalOrDefault; param } from '../functions/parameters.nf'
include { step_1PP_trimming__fastp } from '../steps/step_1PP_trimming__fastp'
include { step_2AS_denovo__spades } from '../steps/step_2AS_denovo__spades'
include { step_4TY_MLST__mlst } from '../steps/step_4TY_MLST__mlst'
include { step_4TY_cgMLST__chewbbaca } from '../steps/step_4TY_cgMLST__chewbbaca'
workflow {
    trimmed   = step_1PP_trimming__fastp(getSingleInput()).trimmed
    assembled = step_2AS_denovo__spades(trimmed).assembled
    step_4TY_MLST__mlst(assembled)
    step_4TY_cgMLST__chewbbaca(assembled, param('genus_species'), optionalOrDefault('schema', ''))
}
"
"MOD_3T03_addAdd_sal","1","add","(generated)","MOD_3T03_addAdd_sal_t1","modification","From paired Illumina FASTQ of Salmonella enterica: trim with fastp and assemble with SPAdes.","Y","Y","none","","6","6","Y","","","","step_1PP_trimming__fastp, step_2AS_denovo__spades","step_1PP_trimming__fastp, step_2AS_denovo__spades","step_1PP_trimming__fastp, step_2AS_denovo__spades","495","22","2","2","7.0","I will create a pipeline for you. It will use fastp for trimming and SPAdes for assembly.","nextflow.enable.dsl=2

// --- IMPORTS ---

include { step_1PP_trimming__fastp } from '../steps/step_1PP_trimming__fastp'

include { getSingleInput } from '../functions/parameters.nf'

include { step_2AS_denovo__spades } from '../steps/step_2AS_denovo__spades'

// --- GLOBALS ---

// --- INLINE PROCESSES ---

// --- SUB WORKFLOWS ---

// --- ENTRYPOINT ---
workflow {
    trimmed = step_1PP_trimming__fastp(getSingleInput()).trimmed

    assembled = step_2AS_denovo__spades(trimmed).assembled
}","nextflow.enable.dsl=2

include { getSingleInput; optionalOrDefault; param } from '../functions/parameters.nf'
include { step_1PP_trimming__fastp } from '../steps/step_1PP_trimming__fastp'
include { step_2AS_denovo__spades } from '../steps/step_2AS_denovo__spades'
workflow {
    trimmed   = step_1PP_trimming__fastp(getSingleInput()).trimmed
    assembled = step_2AS_denovo__spades(trimmed).assembled
}
"
"MOD_3T03_addAdd_sal","2","add","(generated)","MOD_3T03_addAdd_sal_t2","modification","Now also run MLST on the assembly.","Y","Y","none","","7","7","Y","","","","step_1PP_trimming__fastp, step_2AS_denovo__spades, step_4TY_MLST__mlst","step_1PP_trimming__fastp, step_2AS_denovo__spades, step_4TY_MLST__mlst","step_1PP_trimming__fastp, step_2AS_denovo__spades, step_4TY_MLST__mlst","600","26","3","2","13.8","I will create a pipeline for you. It will use fastp for trimming, SPAdes for assembly, and MLST for typing. Does that sound good?","nextflow.enable.dsl=2

// --- IMPORTS ---

include { step_4TY_MLST__mlst } from '../steps/step_4TY_MLST__mlst'

include { step_1PP_trimming__fastp } from '../steps/step_1PP_trimming__fastp'

include { getSingleInput } from '../functions/parameters.nf'

include { step_2AS_denovo__spades } from '../steps/step_2AS_denovo__spades'

// --- GLOBALS ---

// --- INLINE PROCESSES ---

// --- SUB WORKFLOWS ---

// --- ENTRYPOINT ---
workflow {
    trimmed = step_1PP_trimming__fastp(getSingleInput()).trimmed

    assembled = step_2AS_denovo__spades(trimmed).assembled

    step_4TY_MLST__mlst(assembled)
}","nextflow.enable.dsl=2

include { getSingleInput; optionalOrDefault; param } from '../functions/parameters.nf'
include { step_1PP_trimming__fastp } from '../steps/step_1PP_trimming__fastp'
include { step_2AS_denovo__spades } from '../steps/step_2AS_denovo__spades'
include { step_4TY_MLST__mlst } from '../steps/step_4TY_MLST__mlst'
workflow {
    trimmed   = step_1PP_trimming__fastp(getSingleInput()).trimmed
    assembled = step_2AS_denovo__spades(trimmed).assembled
    step_4TY_MLST__mlst(assembled)
}
"
"MOD_3T03_addAdd_sal","3","add","(generated)","MOD_3T03_addAdd_sal_t3","modification","Also add cgMLST in parallel.","Y","Y","none","","10","10","Y","","","","step_1PP_trimming__fastp, step_2AS_denovo__spades, step_4TY_MLST__mlst, step_4TY_cgMLST__chewbbaca","step_1PP_trimming__fastp, step_2AS_denovo__spades, step_4TY_MLST__mlst, step_4TY_cgMLST__chewbbaca","step_1PP_trimming__fastp, step_2AS_denovo__spades, step_4TY_MLST__mlst, step_4TY_cgMLST__chewbbaca","781","29","4","2","6.3","I will create a pipeline for you. It will use fastp for trimming, SPAdes for assembly, and MLST for typing. The pipeline will output the assembled genome and the MLST results.","nextflow.enable.dsl=2

// --- IMPORTS ---

include { step_2AS_denovo__spades } from '../steps/step_2AS_denovo__spades'

include { step_1PP_trimming__fastp } from '../steps/step_1PP_trimming__fastp'

include { step_4TY_MLST__mlst } from '../steps/step_4TY_MLST__mlst'

include { step_4TY_cgMLST__chewbbaca } from '../steps/step_4TY_cgMLST__chewbbaca'

include { getSingleInput } from '../functions/parameters.nf'

// --- GLOBALS ---

// --- INLINE PROCESSES ---

// --- SUB WORKFLOWS ---

// --- ENTRYPOINT ---
workflow {
    trimmed = step_1PP_trimming__fastp(getSingleInput()).trimmed

    assembled = step_2AS_denovo__spades(trimmed).assembled

    step_4TY_MLST__mlst(assembled)
    step_4TY_cgMLST__chewbbaca(assembled, 'salmonella_enterica', 's_enterica_chewie_3255_210531')
}","nextflow.enable.dsl=2

include { getSingleInput; optionalOrDefault; param } from '../functions/parameters.nf'
include { step_1PP_trimming__fastp } from '../steps/step_1PP_trimming__fastp'
include { step_2AS_denovo__spades } from '../steps/step_2AS_denovo__spades'
include { step_4TY_MLST__mlst } from '../steps/step_4TY_MLST__mlst'
include { step_4TY_cgMLST__chewbbaca } from '../steps/step_4TY_cgMLST__chewbbaca'
workflow {
    trimmed   = step_1PP_trimming__fastp(getSingleInput()).trimmed
    assembled = step_2AS_denovo__spades(trimmed).assembled
    step_4TY_MLST__mlst(assembled)
    step_4TY_cgMLST__chewbbaca(assembled, param('genus_species'), optionalOrDefault('schema', ''))
}
"
"MOD_3T_AD01_addThenDrop_lis","1","add","(generated)","MOD_3T_AD01_addThenDrop_lis_t1","modification","cgMLST profile for Listeria monocytogenes from paired Illumina FASTQ.","Y","N","missing_param","ERROR ~ missing required param: step_3TX_species__kmerfinder__db","0","9","N","step_3TX_species__kmerfinder","","","step_1PP_trimming__fastp, step_2AS_denovo__spades, step_3TX_species__kmerfinder, step_4TY_cgMLST__chewbbaca","step_1PP_trimming__fastp, step_2AS_denovo__spades, step_3TX_species__kmerfinder, step_4TY_cgMLST__chewbbaca","step_1PP_trimming__fastp, step_2AS_denovo__spades, step_4TY_cgMLST__chewbbaca","816","30","4","2","8.2","Great! I will now proceed with the pipeline plan.","nextflow.enable.dsl=2

// --- IMPORTS ---

include { step_2AS_denovo__spades } from '../steps/step_2AS_denovo__spades'

include { step_1PP_trimming__fastp } from '../steps/step_1PP_trimming__fastp'

include { step_4TY_cgMLST__chewbbaca } from '../steps/step_4TY_cgMLST__chewbbaca'

include { getSingleInput } from '../functions/parameters.nf'

include { step_3TX_species__kmerfinder } from '../steps/step_3TX_species__kmerfinder'

// --- GLOBALS ---

// --- INLINE PROCESSES ---

// --- SUB WORKFLOWS ---

// --- ENTRYPOINT ---
workflow {
    trimmed = step_1PP_trimming__fastp(getSingleInput()).trimmed

    assembled = step_2AS_denovo__spades(trimmed).assembled

    assigned_species = step_3TX_species__kmerfinder(assembled).assigned_species

    step_4TY_cgMLST__chewbbaca(assembled, assigned_species[1], null)
}","nextflow.enable.dsl=2

include { getSingleInput; optionalOrDefault; param } from '../functions/parameters.nf'
include { step_1PP_trimming__fastp } from '../steps/step_1PP_trimming__fastp'
include { step_2AS_denovo__spades } from '../steps/step_2AS_denovo__spades'
include { step_4TY_cgMLST__chewbbaca } from '../steps/step_4TY_cgMLST__chewbbaca'
workflow {
    trimmed   = step_1PP_trimming__fastp(getSingleInput()).trimmed
    assembled = step_2AS_denovo__spades(trimmed).assembled
    step_4TY_cgMLST__chewbbaca(assembled, param('genus_species'), optionalOrDefault('schema', ''))
}
"
"MOD_3T_AD01_addThenDrop_lis","2","add","(generated)","MOD_3T_AD01_addThenDrop_lis_t2","modification","Also add ABRicate AMR screening in parallel.","Y","N","missing_param","ERROR ~ missing required param: step_3TX_species__kmerfinder__db","0","10","N","step_3TX_species__kmerfinder","","","step_1PP_trimming__fastp, step_2AS_denovo__spades, step_3TX_species__kmerfinder, step_4AN_AMR__abricate, step_4TY_cgMLST__chewbbaca","step_1PP_trimming__fastp, step_2AS_denovo__spades, step_3TX_species__kmerfinder, step_4TY_cgMLST__chewbbaca, step_4AN_AMR__abricate","step_1PP_trimming__fastp, step_2AS_denovo__spades, step_4AN_AMR__abricate, step_4TY_cgMLST__chewbbaca","930","34","5","2","10.5","I can create a pipeline for generating a cgMLST profile for Listeria monocytogenes from paired Illumina FASTQ. The pipeline will use the following steps:

1. **Trimming**: Use `step_1PP_trimming__fastp` to trim the reads.
2. **Assembly**: Use `step_2AS_denovo__spades` to assemble the trimmed reads.
","nextflow.enable.dsl=2

// --- IMPORTS ---

include { step_2AS_denovo__spades } from '../steps/step_2AS_denovo__spades'

include { step_1PP_trimming__fastp } from '../steps/step_1PP_trimming__fastp'

include { step_4AN_AMR__abricate } from '../steps/step_4AN_AMR__abricate'

include { step_4TY_cgMLST__chewbbaca } from '../steps/step_4TY_cgMLST__chewbbaca'

include { getSingleInput } from '../functions/parameters.nf'

include { step_3TX_species__kmerfinder } from '../steps/step_3TX_species__kmerfinder'

// --- GLOBALS ---

// --- INLINE PROCESSES ---

// --- SUB WORKFLOWS ---

// --- ENTRYPOINT ---
workflow {
    trimmed = step_1PP_trimming__fastp(getSingleInput()).trimmed

    assembled = step_2AS_denovo__spades(trimmed).assembled

    assigned_species = step_3TX_species__kmerfinder(assembled).assigned_species

    step_4TY_cgMLST__chewbbaca(assembled, assigned_species[1], null)

    step_4AN_AMR__abricate(assembled)
}","nextflow.enable.dsl=2

include { getSingleInput; optionalOrDefault; param } from '../functions/parameters.nf'
include { step_1PP_trimming__fastp } from '../steps/step_1PP_trimming__fastp'
include { step_2AS_denovo__spades } from '../steps/step_2AS_denovo__spades'
include { step_4TY_cgMLST__chewbbaca } from '../steps/step_4TY_cgMLST__chewbbaca'
include { step_4AN_AMR__abricate } from '../steps/step_4AN_AMR__abricate'
workflow {
    trimmed   = step_1PP_trimming__fastp(getSingleInput()).trimmed
    assembled = step_2AS_denovo__spades(trimmed).assembled
    step_4TY_cgMLST__chewbbaca(assembled, param('genus_species'), optionalOrDefault('schema', ''))
    step_4AN_AMR__abricate(assembled)
}
"
"MOD_3T_AD01_addThenDrop_lis","3","add","(generated)","MOD_3T_AD01_addThenDrop_lis_t3","modification","Actually, drop the ABRicate step.","Y","N","missing_param","ERROR ~ missing required param: step_3TX_species__kmerfinder__db","0","9","N","step_3TX_species__kmerfinder","","","step_1PP_trimming__fastp, step_2AS_denovo__spades, step_3TX_species__kmerfinder, step_4TY_cgMLST__chewbbaca","step_1PP_trimming__fastp, step_2AS_denovo__spades, step_3TX_species__kmerfinder, step_4TY_cgMLST__chewbbaca","step_1PP_trimming__fastp, step_2AS_denovo__spades, step_4TY_cgMLST__chewbbaca","813","27","4","2","11.9","I can create a pipeline for generating a cgMLST profile for Listeria monocytogenes from paired Illumina FASTQ. The pipeline will use the following steps:

1. **Trimming**: Use `step_1PP_trimming__fastp` to trim the reads.
2. **Assembly**: Use `step_2AS_denovo__spades` to assemble the trimmed reads.
","nextflow.enable.dsl=2

// --- IMPORTS ---

include { step_2AS_denovo__spades } from '../steps/step_2AS_denovo__spades'

include { step_1PP_trimming__fastp } from '../steps/step_1PP_trimming__fastp'

include { step_4TY_cgMLST__chewbbaca } from '../steps/step_4TY_cgMLST__chewbbaca'

include { getSingleInput } from '../functions/parameters.nf'

include { step_3TX_species__kmerfinder } from '../steps/step_3TX_species__kmerfinder'

// --- GLOBALS ---

// --- INLINE PROCESSES ---

// --- SUB WORKFLOWS ---

// --- ENTRYPOINT ---
workflow {
    trimmed = step_1PP_trimming__fastp(getSingleInput()).trimmed
    assembled = step_2AS_denovo__spades(trimmed).assembled
    assigned_species = step_3TX_species__kmerfinder(assembled).assigned_species
    step_4TY_cgMLST__chewbbaca(assembled, assigned_species[1], null)
}","nextflow.enable.dsl=2

include { getSingleInput; optionalOrDefault; param } from '../functions/parameters.nf'
include { step_1PP_trimming__fastp } from '../steps/step_1PP_trimming__fastp'
include { step_2AS_denovo__spades } from '../steps/step_2AS_denovo__spades'
include { step_4TY_cgMLST__chewbbaca } from '../steps/step_4TY_cgMLST__chewbbaca'
workflow {
    trimmed   = step_1PP_trimming__fastp(getSingleInput()).trimmed
    assembled = step_2AS_denovo__spades(trimmed).assembled
    step_4TY_cgMLST__chewbbaca(assembled, param('genus_species'), optionalOrDefault('schema', ''))
}
"
"MOD_3T_AD02_addThenDrop_eco","1","add","(generated)","MOD_3T_AD02_addThenDrop_eco_t1","modification","cgMLST profile for Escherichia coli from paired Illumina FASTQ.","Y","N","missing_param","ERROR ~ missing required param: step_3TX_species__kmerfinder__db","0","9","N","step_3TX_species__kmerfinder","","","step_1PP_trimming__fastp, step_2AS_denovo__spades, step_3TX_species__kmerfinder, step_4TY_cgMLST__chewbbaca","step_1PP_trimming__fastp, step_2AS_denovo__spades, step_3TX_species__kmerfinder, step_4TY_cgMLST__chewbbaca","step_1PP_trimming__fastp, step_2AS_denovo__spades, step_4TY_cgMLST__chewbbaca","816","30","4","2","9.9","I'm glad you're satisfied with the plan! I will now proceed with the creation of the pipeline.","nextflow.enable.dsl=2

// --- IMPORTS ---

include { step_2AS_denovo__spades } from '../steps/step_2AS_denovo__spades'

include { step_1PP_trimming__fastp } from '../steps/step_1PP_trimming__fastp'

include { step_4TY_cgMLST__chewbbaca } from '../steps/step_4TY_cgMLST__chewbbaca'

include { getSingleInput } from '../functions/parameters.nf'

include { step_3TX_species__kmerfinder } from '../steps/step_3TX_species__kmerfinder'

// --- GLOBALS ---

// --- INLINE PROCESSES ---

// --- SUB WORKFLOWS ---

// --- ENTRYPOINT ---
workflow {
    trimmed = step_1PP_trimming__fastp(getSingleInput()).trimmed

    assembled = step_2AS_denovo__spades(trimmed).assembled

    assigned_species = step_3TX_species__kmerfinder(assembled).assigned_species

    step_4TY_cgMLST__chewbbaca(assembled, assigned_species[1], null)
}","nextflow.enable.dsl=2

include { getSingleInput; optionalOrDefault; param } from '../functions/parameters.nf'
include { step_1PP_trimming__fastp } from '../steps/step_1PP_trimming__fastp'
include { step_2AS_denovo__spades } from '../steps/step_2AS_denovo__spades'
include { step_4TY_cgMLST__chewbbaca } from '../steps/step_4TY_cgMLST__chewbbaca'
workflow {
    trimmed   = step_1PP_trimming__fastp(getSingleInput()).trimmed
    assembled = step_2AS_denovo__spades(trimmed).assembled
    step_4TY_cgMLST__chewbbaca(assembled, param('genus_species'), optionalOrDefault('schema', ''))
}
"
"MOD_3T_AD02_addThenDrop_eco","2","add","(generated)","MOD_3T_AD02_addThenDrop_eco_t2","modification","Also add ABRicate AMR screening in parallel.","Y","N","silent_no_op","No process placeholders appeared. when: clause filtered everything?","0","10","N","step_3TX_species__kmerfinder","","","step_1PP_trimming__fastp, step_2AS_denovo__spades, step_3TX_species__kmerfinder, step_4AN_AMR__abricate, step_4TY_cgMLST__chewbbaca","step_1PP_trimming__fastp, step_2AS_denovo__spades, step_3TX_species__kmerfinder, step_4TY_cgMLST__chewbbaca, step_4AN_AMR__abricate","step_1PP_trimming__fastp, step_2AS_denovo__spades, step_4AN_AMR__abricate, step_4TY_cgMLST__chewbbaca","1578","83","5","2","11.2","I can create a pipeline for generating a cgMLST profile for Escherichia coli from paired Illumina FASTQ files. The pipeline will include the following steps:

1. **Trimming**: Use `step_1PP_trimming__fastp` to trim the reads.
2. **Assembly**: Use `step_2AS_denovo__spades` to assemble the trimmed rea","nextflow.enable.dsl=2

// --- IMPORTS ---

include { step_4TY_cgMLST__chewbbaca } from '../steps/step_4TY_cgMLST__chewbbaca'

include { step_4AN_AMR__abricate } from '../steps/step_4AN_AMR__abricate'

include { step_2AS_denovo__spades } from '../steps/step_2AS_denovo__spades'

include { step_1PP_trimming__fastp } from '../steps/step_1PP_trimming__fastp'

include { getSingleInput } from '../functions/parameters.nf'

include { step_3TX_species__kmerfinder } from '../steps/step_3TX_species__kmerfinder'

// --- GLOBALS ---

// --- INLINE PROCESSES ---

// --- SUB WORKFLOWS ---

workflow wf_trim_assemble {
    
    take:
        
        rawreads
        
    
    main:
        trimmed = step_1PP_trimming__fastp(rawreads).trimmed

        assembled = step_2AS_denovo__spades(trimmed).assembled
    
    emit:
        
        trimmed
        
        assembled
        
    
}

workflow wf_species_cgmlst {
    
    take:
        
        assembled
        
    
    main:
        assigned_species = step_3TX_species__kmerfinder(assembled).assigned_species
        step_4TY_cgMLST__chewbbaca(assembled, assigned_species[1], null).alleles
    
    emit:
        
        assigned_species
        
    
}

workflow wf_amr {
    
    take:
        
        assembled
        
    
    main:
        step_4AN_AMR__abricate(assembled)
    
}

// --- ENTRYPOINT ---
workflow {
    ch_rawreads = getSingleInput()

    ch_trimmed, ch_assembled = wf_trim_assemble(ch_rawreads)

    ch_assigned_species, ch_cgmlst_alleles = wf_species_cgmlst(ch_assembled)

    wf_amr(ch_assembled)
}","nextflow.enable.dsl=2

include { getSingleInput; optionalOrDefault; param } from '../functions/parameters.nf'
include { step_1PP_trimming__fastp } from '../steps/step_1PP_trimming__fastp'
include { step_2AS_denovo__spades } from '../steps/step_2AS_denovo__spades'
include { step_4TY_cgMLST__chewbbaca } from '../steps/step_4TY_cgMLST__chewbbaca'
include { step_4AN_AMR__abricate } from '../steps/step_4AN_AMR__abricate'
workflow {
    trimmed   = step_1PP_trimming__fastp(getSingleInput()).trimmed
    assembled = step_2AS_denovo__spades(trimmed).assembled
    step_4TY_cgMLST__chewbbaca(assembled, param('genus_species'), optionalOrDefault('schema', ''))
    step_4AN_AMR__abricate(assembled)
}
"
"MOD_3T_AD02_addThenDrop_eco","3","add","(generated)","MOD_3T_AD02_addThenDrop_eco_t3","modification","Actually, drop the ABRicate step.","Y","N","missing_param","ERROR ~ missing required param: step_3TX_species__kmerfinder__db","0","9","N","step_3TX_species__kmerfinder","","","step_1PP_trimming__fastp, step_2AS_denovo__spades, step_3TX_species__kmerfinder, step_4TY_cgMLST__chewbbaca","step_1PP_trimming__fastp, step_2AS_denovo__spades, step_3TX_species__kmerfinder, step_4TY_cgMLST__chewbbaca","step_1PP_trimming__fastp, step_2AS_denovo__spades, step_4TY_cgMLST__chewbbaca","816","30","4","2","10.0","I can create a pipeline for generating a cgMLST profile for Escherichia coli from paired Illumina FASTQ files. The pipeline will include the following steps:

1. **Trimming**: Use `step_1PP_trimming__fastp` to trim the reads.
2. **Assembly**: Use `step_2AS_denovo__spades` to assemble the trimmed rea","nextflow.enable.dsl=2

// --- IMPORTS ---

include { step_2AS_denovo__spades } from '../steps/step_2AS_denovo__spades'

include { step_1PP_trimming__fastp } from '../steps/step_1PP_trimming__fastp'

include { step_4TY_cgMLST__chewbbaca } from '../steps/step_4TY_cgMLST__chewbbaca'

include { getSingleInput } from '../functions/parameters.nf'

include { step_3TX_species__kmerfinder } from '../steps/step_3TX_species__kmerfinder'

// --- GLOBALS ---

// --- INLINE PROCESSES ---

// --- SUB WORKFLOWS ---

// --- ENTRYPOINT ---
workflow {
    trimmed = step_1PP_trimming__fastp(getSingleInput()).trimmed

    assembled = step_2AS_denovo__spades(trimmed).assembled

    assigned_species = step_3TX_species__kmerfinder(assembled).assigned_species

    step_4TY_cgMLST__chewbbaca(assembled, assigned_species[1], null)
}","nextflow.enable.dsl=2

include { getSingleInput; optionalOrDefault; param } from '../functions/parameters.nf'
include { step_1PP_trimming__fastp } from '../steps/step_1PP_trimming__fastp'
include { step_2AS_denovo__spades } from '../steps/step_2AS_denovo__spades'
include { step_4TY_cgMLST__chewbbaca } from '../steps/step_4TY_cgMLST__chewbbaca'
workflow {
    trimmed   = step_1PP_trimming__fastp(getSingleInput()).trimmed
    assembled = step_2AS_denovo__spades(trimmed).assembled
    step_4TY_cgMLST__chewbbaca(assembled, param('genus_species'), optionalOrDefault('schema', ''))
}
"
"MOD_3T_AD03_addThenDrop_sal","1","add","(generated)","MOD_3T_AD03_addThenDrop_sal_t1","modification","cgMLST profile for Salmonella enterica from paired Illumina FASTQ.","Y","N","missing_param","ERROR ~ missing required param: step_3TX_species__kmerfinder__db","0","9","N","step_3TX_species__kmerfinder","","","step_1PP_trimming__fastp, step_2AS_denovo__spades, step_3TX_species__kmerfinder, step_4TY_cgMLST__chewbbaca","step_1PP_trimming__fastp, step_2AS_denovo__spades, step_3TX_species__kmerfinder, step_4TY_cgMLST__chewbbaca","step_1PP_trimming__fastp, step_2AS_denovo__spades, step_4TY_cgMLST__chewbbaca","816","30","4","2","8.0","I'm glad you're satisfied with the plan! I will now proceed to build the pipeline as we discussed. The pipeline will include trimming, assembly, species identification, and cgMLST profiling steps. The exact component IDs used will be `step_1PP_trimming__fastp`, `step_2AS_denovo__spades`, `step_3TX_s","nextflow.enable.dsl=2

// --- IMPORTS ---

include { step_2AS_denovo__spades } from '../steps/step_2AS_denovo__spades'

include { step_1PP_trimming__fastp } from '../steps/step_1PP_trimming__fastp'

include { step_4TY_cgMLST__chewbbaca } from '../steps/step_4TY_cgMLST__chewbbaca'

include { getSingleInput } from '../functions/parameters.nf'

include { step_3TX_species__kmerfinder } from '../steps/step_3TX_species__kmerfinder'

// --- GLOBALS ---

// --- INLINE PROCESSES ---

// --- SUB WORKFLOWS ---

// --- ENTRYPOINT ---
workflow {
    trimmed = step_1PP_trimming__fastp(getSingleInput()).trimmed

    assembled = step_2AS_denovo__spades(trimmed).assembled

    assigned_species = step_3TX_species__kmerfinder(assembled).assigned_species

    step_4TY_cgMLST__chewbbaca(assembled, assigned_species[1], null)
}","nextflow.enable.dsl=2

include { getSingleInput; optionalOrDefault; param } from '../functions/parameters.nf'
include { step_1PP_trimming__fastp } from '../steps/step_1PP_trimming__fastp'
include { step_2AS_denovo__spades } from '../steps/step_2AS_denovo__spades'
include { step_4TY_cgMLST__chewbbaca } from '../steps/step_4TY_cgMLST__chewbbaca'
workflow {
    trimmed   = step_1PP_trimming__fastp(getSingleInput()).trimmed
    assembled = step_2AS_denovo__spades(trimmed).assembled
    step_4TY_cgMLST__chewbbaca(assembled, param('genus_species'), optionalOrDefault('schema', ''))
}
"
"MOD_3T_AD03_addThenDrop_sal","2","add","(generated)","MOD_3T_AD03_addThenDrop_sal_t2","modification","Also add ABRicate AMR screening in parallel.","Y","N","silent_no_op","No process placeholders appeared. when: clause filtered everything?","0","10","N","step_3TX_species__kmerfinder","","","step_1PP_trimming__fastp, step_2AS_denovo__spades, step_3TX_species__kmerfinder, step_4AN_AMR__abricate, step_4TY_cgMLST__chewbbaca","step_2AS_denovo__spades, step_3TX_species__kmerfinder, step_4TY_cgMLST__chewbbaca, step_4AN_AMR__abricate, step_1PP_trimming__fastp","step_1PP_trimming__fastp, step_2AS_denovo__spades, step_4AN_AMR__abricate, step_4TY_cgMLST__chewbbaca","1387","63","5","2","12.0","I can create a pipeline for generating a cgMLST profile for Salmonella enterica from paired Illumina FASTQ. The pipeline will include the following steps:

1. **Trimming**: Use `step_1PP_trimming__fastp` to trim the reads.
2. **Assembly**: Use `step_2AS_denovo__spades` to assemble the trimmed reads.","nextflow.enable.dsl=2

// --- IMPORTS ---

include { step_4TY_cgMLST__chewbbaca } from '../steps/step_4TY_cgMLST__chewbbaca'

include { step_4AN_AMR__abricate } from '../steps/step_4AN_AMR__abricate'

include { step_2AS_denovo__spades } from '../steps/step_2AS_denovo__spades'

include { step_1PP_trimming__fastp } from '../steps/step_1PP_trimming__fastp'

include { getSingleInput } from '../functions/parameters.nf'

include { step_3TX_species__kmerfinder } from '../steps/step_3TX_species__kmerfinder'

// --- GLOBALS ---

// --- INLINE PROCESSES ---

// --- SUB WORKFLOWS ---

workflow wf_assembly_and_species {
    
    take:
        
        trimmed
        
    
    main:
        assembled = step_2AS_denovo__spades(trimmed).assembled
        assigned_species = step_3TX_species__kmerfinder(assembled).assigned_species
    
    emit:
        
        assembled
        
        assigned_species
        
    
}

workflow wf_cgmlst_and_amr {
    
    take:
        
        assembled
        
        assigned_species
        
    
    main:
        step_4TY_cgMLST__chewbbaca(assembled, assigned_species[1], '')
        step_4AN_AMR__abricate(assembled)
    
}

// --- ENTRYPOINT ---
workflow {
    trimmed = step_1PP_trimming__fastp(getSingleInput()).trimmed
    assembled, assigned_species = wf_assembly_and_species(trimmed)
    wf_cgmlst_and_amr(assembled, assigned_species)
}","nextflow.enable.dsl=2

include { getSingleInput; optionalOrDefault; param } from '../functions/parameters.nf'
include { step_1PP_trimming__fastp } from '../steps/step_1PP_trimming__fastp'
include { step_2AS_denovo__spades } from '../steps/step_2AS_denovo__spades'
include { step_4TY_cgMLST__chewbbaca } from '../steps/step_4TY_cgMLST__chewbbaca'
include { step_4AN_AMR__abricate } from '../steps/step_4AN_AMR__abricate'
workflow {
    trimmed   = step_1PP_trimming__fastp(getSingleInput()).trimmed
    assembled = step_2AS_denovo__spades(trimmed).assembled
    step_4TY_cgMLST__chewbbaca(assembled, param('genus_species'), optionalOrDefault('schema', ''))
    step_4AN_AMR__abricate(assembled)
}
"
"MOD_3T_AD03_addThenDrop_sal","3","add","(generated)","MOD_3T_AD03_addThenDrop_sal_t3","modification","Actually, drop the ABRicate step.","Y","N","missing_param","ERROR ~ missing required param: step_3TX_species__kmerfinder__db","0","9","N","step_3TX_species__kmerfinder","","","step_1PP_trimming__fastp, step_2AS_denovo__spades, step_3TX_species__kmerfinder, step_4TY_cgMLST__chewbbaca","step_1PP_trimming__fastp, step_2AS_denovo__spades, step_3TX_species__kmerfinder, step_4TY_cgMLST__chewbbaca","step_1PP_trimming__fastp, step_2AS_denovo__spades, step_4TY_cgMLST__chewbbaca","813","27","4","2","9.7","I can create a pipeline for generating a cgMLST profile for Salmonella enterica from paired Illumina FASTQ. The pipeline will include the following steps:

1. **Trimming**: Use `step_1PP_trimming__fastp` to trim the reads.
2. **Assembly**: Use `step_2AS_denovo__spades` to assemble the trimmed reads.","nextflow.enable.dsl=2

// --- IMPORTS ---

include { step_2AS_denovo__spades } from '../steps/step_2AS_denovo__spades'

include { step_1PP_trimming__fastp } from '../steps/step_1PP_trimming__fastp'

include { step_4TY_cgMLST__chewbbaca } from '../steps/step_4TY_cgMLST__chewbbaca'

include { getSingleInput } from '../functions/parameters.nf'

include { step_3TX_species__kmerfinder } from '../steps/step_3TX_species__kmerfinder'

// --- GLOBALS ---

// --- INLINE PROCESSES ---

// --- SUB WORKFLOWS ---

// --- ENTRYPOINT ---
workflow {
    trimmed = step_1PP_trimming__fastp(getSingleInput()).trimmed
    assembled = step_2AS_denovo__spades(trimmed).assembled
    assigned_species = step_3TX_species__kmerfinder(assembled).assigned_species
    step_4TY_cgMLST__chewbbaca(assembled, assigned_species[1], null)
}","nextflow.enable.dsl=2

include { getSingleInput; optionalOrDefault; param } from '../functions/parameters.nf'
include { step_1PP_trimming__fastp } from '../steps/step_1PP_trimming__fastp'
include { step_2AS_denovo__spades } from '../steps/step_2AS_denovo__spades'
include { step_4TY_cgMLST__chewbbaca } from '../steps/step_4TY_cgMLST__chewbbaca'
workflow {
    trimmed   = step_1PP_trimming__fastp(getSingleInput()).trimmed
    assembled = step_2AS_denovo__spades(trimmed).assembled
    step_4TY_cgMLST__chewbbaca(assembled, param('genus_species'), optionalOrDefault('schema', ''))
}
"
"MOD_3T_RA01_replaceThenAdd_lis","1","replace","(generated)","MOD_3T_RA01_replaceThenAdd_lis_t1","modification","Trim + assemble Listeria monocytogenes from paired Illumina FASTQ (fastp + SPAdes).","Y","N","partial_dag","Only 5/6 expected processes appeared in the DAG","5","6","N","step_1PP_hostdepl__bowtie","step_1PP_trimming__fastp","","step_1PP_hostdepl__bowtie, step_2AS_denovo__spades","step_1PP_hostdepl__bowtie, step_2AS_denovo__spades","step_1PP_trimming__fastp, step_2AS_denovo__spades","1206","57","2","2","9.6","I will build a pipeline using the module_denovo template, which includes host depletion with Bowtie2 and de novo assembly with SPAdes. This will process your paired Illumina FASTQ files for Listeria monocytogenes.","nextflow.enable.dsl=2

// --- IMPORTS ---

include { getHost; getSingleInput } from '../functions/parameters.nf'

include { step_2AS_denovo__spades } from '../steps/step_2AS_denovo__spades'

include { step_1PP_hostdepl__bowtie } from '../steps/step_1PP_hostdepl__bowtie'

include { extractKey } from '../functions/common.nf'

// --- GLOBALS ---

// --- INLINE PROCESSES ---

// --- SUB WORKFLOWS ---

workflow module_denovo {
    
    take:
        
        trimmedReads
        
        host
        
    
    main:
        trimmedReads.cross(host) { extractKey(it) }
            .map { [ it[0][0], it[0][1], it[1][1] ] } //riscd, reads, host
            .branch {
                with_host: it[1][1]
                without_host: true
            }
        .set { branchedTrimmed }

        depleted = step_1PP_hostdepl__bowtie(branchedTrimmed.with_host)

        branchedTrimmed.without_host
            .mix(depleted)
            .map { it[0,1] }
            .set{ denovoInput }
        assembled = step_2AS_denovo__spades(denovoInput)
    
    emit:
        
        assembled
        
        depleted
        
    
}

// --- ENTRYPOINT ---
workflow {
    module_denovo(getSingleInput(), getHost())
}","nextflow.enable.dsl=2

include { getSingleInput; optionalOrDefault; param } from '../functions/parameters.nf'
include { step_1PP_trimming__fastp } from '../steps/step_1PP_trimming__fastp'
include { step_2AS_denovo__spades } from '../steps/step_2AS_denovo__spades'
workflow {
    trimmed   = step_1PP_trimming__fastp(getSingleInput()).trimmed
    assembled = step_2AS_denovo__spades(trimmed).assembled
}
"
"MOD_3T_RA01_replaceThenAdd_lis","2","replace","(generated)","MOD_3T_RA01_replaceThenAdd_lis_t2","modification","Use Shovill instead of SPAdes.","Y","N","partial_dag","Only 5/6 expected processes appeared in the DAG","5","6","N","step_1PP_hostdepl__bowtie","step_1PP_trimming__fastp","","step_1PP_hostdepl__bowtie, step_2AS_denovo__shovill","step_1PP_hostdepl__bowtie, step_2AS_denovo__shovill","step_1PP_trimming__fastp, step_2AS_denovo__shovill","1211","58","2","2","7.8","I will build a pipeline using the module_denovo template, which includes host depletion with Bowtie2 and de novo assembly with Shovill. This will process your paired Illumina FASTQ files for Listeria monocytogenes.","nextflow.enable.dsl=2

// --- IMPORTS ---

include { getHost; getSingleInput } from '../functions/parameters.nf'

include { step_2AS_denovo__shovill } from '../steps/step_2AS_denovo__shovill'

include { step_1PP_hostdepl__bowtie } from '../steps/step_1PP_hostdepl__bowtie'

include { extractKey } from '../functions/common.nf'

// --- GLOBALS ---

// --- INLINE PROCESSES ---

// --- SUB WORKFLOWS ---

workflow module_denovo {
    
    take:
        
        trimmedReads
        
        host
        
    
    main:
        trimmedReads.cross(host) { extractKey(it) }
            .map { [ it[0][0], it[0][1], it[1][1] ] }
            .branch {
                with_host: it[1][1]
                without_host: true
            }
        .set { branchedTrimmed }

        depleted = step_1PP_hostdepl__bowtie(branchedTrimmed.with_host)

        branchedTrimmed.without_host
            .mix(depleted)
            .map { it[0,1] }
        .set { denovoInput }

        shovill_out = step_2AS_denovo__shovill(denovoInput)
    
    emit:
        
        assembled = shovill_out.assembly
        
        depleted
        
    
}

// --- ENTRYPOINT ---
workflow {
    module_denovo(getSingleInput(), getHost())
}","nextflow.enable.dsl=2

include { getSingleInput; optionalOrDefault; param } from '../functions/parameters.nf'
include { step_1PP_trimming__fastp } from '../steps/step_1PP_trimming__fastp'
include { step_2AS_denovo__shovill } from '../steps/step_2AS_denovo__shovill'
workflow {
    trimmed   = step_1PP_trimming__fastp(getSingleInput()).trimmed
    assembled = step_2AS_denovo__shovill(trimmed).assembly
}
"
"MOD_3T_RA01_replaceThenAdd_lis","3","replace","(generated)","MOD_3T_RA01_replaceThenAdd_lis_t3","modification","Now also run MLST on the assembly.","Y","N","file_not_found","WARN: file not found: '/mnt/data/cohesive_bench/scratch/llm_full_multi_turn/_shared_inputdir/2026/2026.LIS.246.1.1/0SQ_rawreads/DS99999-DT260224_import/result/*.fastq*'","2","7","N","step_1PP_hostdepl__bowtie","step_1PP_trimming__fastp","","step_1PP_hostdepl__bowtie, step_2AS_denovo__shovill, step_4TY_MLST__mlst","step_1PP_hostdepl__bowtie, step_2AS_denovo__shovill, step_4TY_MLST__mlst","step_1PP_trimming__fastp, step_2AS_denovo__shovill, step_4TY_MLST__mlst","703","29","3","2","10.4","I will build a pipeline using the module_typing_bacteria template, which includes host depletion with Bowtie2, de novo assembly with Shovill, and MLST for typing. This will process your paired Illumina FASTQ files for Listeria monocytogenes.","nextflow.enable.dsl=2

// --- IMPORTS ---

include { step_2AS_denovo__shovill } from '../steps/step_2AS_denovo__shovill'

include { step_4TY_MLST__mlst } from '../steps/step_4TY_MLST__mlst'

include { getHostUnkeyed; getSingleInput } from '../functions/parameters.nf'

include { step_1PP_hostdepl__bowtie } from '../steps/step_1PP_hostdepl__bowtie'

// --- GLOBALS ---

// --- INLINE PROCESSES ---

// --- SUB WORKFLOWS ---

// --- ENTRYPOINT ---
workflow {
    raw_reads = getSingleInput()
    host = getHostUnkeyed()

    depleted_reads = step_1PP_hostdepl__bowtie(raw_reads.combine(host))

    assembly = step_2AS_denovo__shovill(depleted_reads.depleted)

    step_4TY_MLST__mlst(assembly.assembly)
}","nextflow.enable.dsl=2

include { getSingleInput; optionalOrDefault; param } from '../functions/parameters.nf'
include { step_1PP_trimming__fastp } from '../steps/step_1PP_trimming__fastp'
include { step_2AS_denovo__shovill } from '../steps/step_2AS_denovo__shovill'
include { step_4TY_MLST__mlst } from '../steps/step_4TY_MLST__mlst'
workflow {
    trimmed   = step_1PP_trimming__fastp(getSingleInput()).trimmed
    assembled = step_2AS_denovo__shovill(trimmed).assembly
    step_4TY_MLST__mlst(assembled)
}
"
"MOD_3T_RA02_replaceThenAdd_eco","1","replace","(generated)","MOD_3T_RA02_replaceThenAdd_eco_t1","modification","Trim + assemble Escherichia coli from paired Illumina FASTQ (fastp + SPAdes).","Y","N","partial_dag","Only 5/6 expected processes appeared in the DAG","5","6","N","step_1PP_hostdepl__bowtie","step_1PP_trimming__fastp","","step_1PP_hostdepl__bowtie, step_2AS_denovo__spades","step_1PP_hostdepl__bowtie, step_2AS_denovo__spades","step_1PP_trimming__fastp, step_2AS_denovo__spades","1206","57","2","2","19.7","I will build a pipeline for trimming and assembling Escherichia coli from paired Illumina FASTQ using fastp and SPAdes. This will use the module_denovo template, which includes host depletion with Bowtie2 and SPAdes assembly.","nextflow.enable.dsl=2

// --- IMPORTS ---

include { getHost; getSingleInput } from '../functions/parameters.nf'

include { step_2AS_denovo__spades } from '../steps/step_2AS_denovo__spades'

include { step_1PP_hostdepl__bowtie } from '../steps/step_1PP_hostdepl__bowtie'

include { extractKey } from '../functions/common.nf'

// --- GLOBALS ---

// --- INLINE PROCESSES ---

// --- SUB WORKFLOWS ---

workflow module_denovo {
    
    take:
        
        trimmedReads
        
        host
        
    
    main:
        trimmedReads.cross(host) { extractKey(it) }
            .map { [ it[0][0], it[0][1], it[1][1] ] } //riscd, reads, host
            .branch {
                with_host: it[1][1]
                without_host: true
            }
        .set { branchedTrimmed }

        depleted = step_1PP_hostdepl__bowtie(branchedTrimmed.with_host)

        branchedTrimmed.without_host
            .mix(depleted)
            .map { it[0,1] }
            .set{ denovoInput }
        assembled = step_2AS_denovo__spades(denovoInput)
    
    emit:
        
        assembled
        
        depleted
        
    
}

// --- ENTRYPOINT ---
workflow {
    module_denovo(getSingleInput(), getHost())
}","nextflow.enable.dsl=2

include { getSingleInput; optionalOrDefault; param } from '../functions/parameters.nf'
include { step_1PP_trimming__fastp } from '../steps/step_1PP_trimming__fastp'
include { step_2AS_denovo__spades } from '../steps/step_2AS_denovo__spades'
workflow {
    trimmed   = step_1PP_trimming__fastp(getSingleInput()).trimmed
    assembled = step_2AS_denovo__spades(trimmed).assembled
}
"
"MOD_3T_RA02_replaceThenAdd_eco","2","replace","(generated)","MOD_3T_RA02_replaceThenAdd_eco_t2","modification","Use Shovill instead of SPAdes.","Y","N","partial_dag","Only 5/6 expected processes appeared in the DAG","5","6","N","step_1PP_hostdepl__bowtie","step_1PP_trimming__fastp","","step_1PP_hostdepl__bowtie, step_2AS_denovo__shovill","step_1PP_hostdepl__bowtie, step_2AS_denovo__shovill","step_1PP_trimming__fastp, step_2AS_denovo__shovill","1206","58","2","2","8.4","I can modify the pipeline to use Shovill instead of SPAdes. This will use the module_denovo template, which includes host depletion with Bowtie2 and Shovill assembly.","nextflow.enable.dsl=2

// --- IMPORTS ---

include { getHost; getSingleInput } from '../functions/parameters.nf'

include { step_2AS_denovo__shovill } from '../steps/step_2AS_denovo__shovill'

include { step_1PP_hostdepl__bowtie } from '../steps/step_1PP_hostdepl__bowtie'

include { extractKey } from '../functions/common.nf'

// --- GLOBALS ---

// --- INLINE PROCESSES ---

// --- SUB WORKFLOWS ---

workflow module_denovo {
    
    take:
        
        trimmedReads
        
        host
        
    
    main:
        trimmedReads.cross(host) { extractKey(it) }
            .map { [ it[0][0], it[0][1], it[1][1] ] } //riscd, reads, host
            .branch {
                with_host: it[1][1]
                without_host: true
            }
        .set { branchedTrimmed }

        depleted = step_1PP_hostdepl__bowtie(branchedTrimmed.with_host)

        branchedTrimmed.without_host
            .mix(depleted)
            .map { it[0,1] }
        .set{ denovoInput }

        assembled = step_2AS_denovo__shovill(denovoInput)
    
    emit:
        
        assembled
        
        depleted
        
    
}

// --- ENTRYPOINT ---
workflow {
    module_denovo(getSingleInput(), getHost())
}","nextflow.enable.dsl=2

include { getSingleInput; optionalOrDefault; param } from '../functions/parameters.nf'
include { step_1PP_trimming__fastp } from '../steps/step_1PP_trimming__fastp'
include { step_2AS_denovo__shovill } from '../steps/step_2AS_denovo__shovill'
workflow {
    trimmed   = step_1PP_trimming__fastp(getSingleInput()).trimmed
    assembled = step_2AS_denovo__shovill(trimmed).assembly
}
"
"MOD_3T_RA02_replaceThenAdd_eco","3","replace","(generated)","MOD_3T_RA02_replaceThenAdd_eco_t3","modification","Now also run MLST on the assembly.","Y","N","missing_param","ERROR ~ missing required param: step_3TX_species__kmerfinder__db","0","7","N","","step_1PP_trimming__fastp, step_2AS_denovo__shovill, step_4TY_MLST__mlst","","","","step_1PP_trimming__fastp, step_2AS_denovo__shovill, step_4TY_MLST__mlst","370","18","0","2","8.1","I can modify the pipeline to include MLST on the assembly. This will use the module_typing_bacteria template, which includes Bowtie2 mapping, Prokka annotation, AMR prediction, and MLST typing.","nextflow.enable.dsl=2

// --- IMPORTS ---

include { module_typing_bacteria } from '../modules/module_typing_bacteria'

include { getAssembly; getTrimmedReads } from '../functions/parameters.nf'

// --- GLOBALS ---

// --- INLINE PROCESSES ---

// --- SUB WORKFLOWS ---

// --- ENTRYPOINT ---
workflow {
    module_typing_bacteria(getTrimmedReads(true), getAssembly())
}","nextflow.enable.dsl=2

include { getSingleInput; optionalOrDefault; param } from '../functions/parameters.nf'
include { step_1PP_trimming__fastp } from '../steps/step_1PP_trimming__fastp'
include { step_2AS_denovo__shovill } from '../steps/step_2AS_denovo__shovill'
include { step_4TY_MLST__mlst } from '../steps/step_4TY_MLST__mlst'
workflow {
    trimmed   = step_1PP_trimming__fastp(getSingleInput()).trimmed
    assembled = step_2AS_denovo__shovill(trimmed).assembly
    step_4TY_MLST__mlst(assembled)
}
"
"MOD_3T_RA03_replaceThenAdd_sal","1","replace","(generated)","MOD_3T_RA03_replaceThenAdd_sal_t1","modification","Trim + assemble Salmonella enterica from paired Illumina FASTQ (fastp + SPAdes).","Y","N","partial_dag","Only 5/6 expected processes appeared in the DAG","5","6","N","step_1PP_hostdepl__bowtie","step_1PP_trimming__fastp","","step_1PP_hostdepl__bowtie, step_2AS_denovo__spades","step_1PP_hostdepl__bowtie, step_2AS_denovo__spades","step_1PP_trimming__fastp, step_2AS_denovo__spades","1206","57","2","2","11.4","I'll build a pipeline using the module_denovo template, which includes host depletion with bowtie and de novo assembly with SPAdes. This will process your paired Illumina FASTQ files through fastp for trimming and then assemble them with SPAdes.","nextflow.enable.dsl=2

// --- IMPORTS ---

include { getHost; getSingleInput } from '../functions/parameters.nf'

include { step_2AS_denovo__spades } from '../steps/step_2AS_denovo__spades'

include { step_1PP_hostdepl__bowtie } from '../steps/step_1PP_hostdepl__bowtie'

include { extractKey } from '../functions/common.nf'

// --- GLOBALS ---

// --- INLINE PROCESSES ---

// --- SUB WORKFLOWS ---

workflow module_denovo {
    
    take:
        
        trimmedReads
        
        host
        
    
    main:
        trimmedReads.cross(host) { extractKey(it) }
            .map { [ it[0][0], it[0][1], it[1][1] ] } //riscd, reads, host
            .branch {
                with_host: it[1][1]
                without_host: true
            }
        .set { branchedTrimmed }

        depleted = step_1PP_hostdepl__bowtie(branchedTrimmed.with_host)

        branchedTrimmed.without_host
            .mix(depleted)
            .map { it[0,1] }
            .set{ denovoInput }
        assembled = step_2AS_denovo__spades(denovoInput)
    
    emit:
        
        assembled
        
        depleted
        
    
}

// --- ENTRYPOINT ---
workflow {
    module_denovo(getSingleInput(), getHost())
}","nextflow.enable.dsl=2

include { getSingleInput; optionalOrDefault; param } from '../functions/parameters.nf'
include { step_1PP_trimming__fastp } from '../steps/step_1PP_trimming__fastp'
include { step_2AS_denovo__spades } from '../steps/step_2AS_denovo__spades'
workflow {
    trimmed   = step_1PP_trimming__fastp(getSingleInput()).trimmed
    assembled = step_2AS_denovo__spades(trimmed).assembled
}
"
"MOD_3T_RA03_replaceThenAdd_sal","2","replace","(generated)","MOD_3T_RA03_replaceThenAdd_sal_t2","modification","Use Shovill instead of SPAdes.","Y","Y","none","","8","6","N","step_1PP_hostdepl__bowtie","","","step_1PP_hostdepl__bowtie, step_1PP_trimming__fastp, step_2AS_denovo__shovill","step_1PP_trimming__fastp, step_1PP_hostdepl__bowtie, step_2AS_denovo__shovill","step_1PP_trimming__fastp, step_2AS_denovo__shovill","1301","60","3","2","12.1","I'll build a pipeline using the module_denovo template, which includes host depletion with bowtie and trimming with fastp. For assembly, I'll use Shovill instead of SPAdes. This will process your paired Illumina FASTQ files through fastp for trimming and then assemble them with Shovill.","nextflow.enable.dsl=2

// --- IMPORTS ---

include { getHost; getSingleInput } from '../functions/parameters.nf'

include { step_2AS_denovo__shovill } from '../steps/step_2AS_denovo__shovill'

include { step_1PP_trimming__fastp } from '../steps/step_1PP_trimming__fastp'

include { step_1PP_hostdepl__bowtie } from '../steps/step_1PP_hostdepl__bowtie'

include { extractKey } from '../functions/common.nf'

// --- GLOBALS ---

// --- INLINE PROCESSES ---

// --- SUB WORKFLOWS ---

workflow wf_denovo {
    
    take:
        
        rawreads
        
        host
        
    
    main:
        trimmed = step_1PP_trimming__fastp(rawreads).trimmed

        trimmed.cross(host) { extractKey(it) }
            .map { [ it[0][0], it[0][1], it[1][1] ] }
            .branch {
                with_host: it[1][1]
                without_host: true
            }
            .set { branchedTrimmed }

        depleted = step_1PP_hostdepl__bowtie(branchedTrimmed.with_host)

        branchedTrimmed.without_host
            .mix(depleted)
            .map { it[0,1] }
            .set { denovoInput }

        assembled = step_2AS_denovo__shovill(denovoInput).assembly
    
    emit:
        
        assembled
        
    
}

// --- ENTRYPOINT ---
workflow {
    wf_denovo(getSingleInput(), getHost())
}","nextflow.enable.dsl=2

include { getSingleInput; optionalOrDefault; param } from '../functions/parameters.nf'
include { step_1PP_trimming__fastp } from '../steps/step_1PP_trimming__fastp'
include { step_2AS_denovo__shovill } from '../steps/step_2AS_denovo__shovill'
workflow {
    trimmed   = step_1PP_trimming__fastp(getSingleInput()).trimmed
    assembled = step_2AS_denovo__shovill(trimmed).assembly
}
"
"MOD_3T_RA03_replaceThenAdd_sal","3","replace","(generated)","MOD_3T_RA03_replaceThenAdd_sal_t3","modification","Now also run MLST on the assembly.","Y","Y","none","","9","7","N","step_1PP_hostdepl__bowtie","","","step_1PP_hostdepl__bowtie, step_1PP_trimming__fastp, step_2AS_denovo__shovill, step_4TY_MLST__mlst","step_1PP_hostdepl__bowtie, step_1PP_trimming__fastp, step_2AS_denovo__shovill, step_4TY_MLST__mlst","step_1PP_trimming__fastp, step_2AS_denovo__shovill, step_4TY_MLST__mlst","1286","55","4","2","9.5","I'll build a pipeline using the module_denovo template, which includes host depletion with bowtie and trimming with fastp. For assembly, I'll use Shovill. After assembly, I'll add MLST for typing. This will process your paired Illumina FASTQ files through fastp for trimming, assemble them with Shovi","nextflow.enable.dsl=2

// --- IMPORTS ---

include { getHost; getSingleInput } from '../functions/parameters.nf'

include { step_2AS_denovo__shovill } from '../steps/step_2AS_denovo__shovill'

include { step_4TY_MLST__mlst } from '../steps/step_4TY_MLST__mlst'

include { step_1PP_trimming__fastp } from '../steps/step_1PP_trimming__fastp'

include { step_1PP_hostdepl__bowtie } from '../steps/step_1PP_hostdepl__bowtie'

include { extractKey } from '../functions/common.nf'

// --- GLOBALS ---

// --- INLINE PROCESSES ---

// --- SUB WORKFLOWS ---

workflow wf_denovo {
    
    take:
        
        rawreads
        
        host
        
    
    main:
        rawreads.cross(host) { extractKey(it) }.map { [ it[0][0], it[0][1], it[1][1] ] }.branch { with_host: it[1][1]; without_host: true }.set { branchedTrimmed }

        depleted = step_1PP_hostdepl__bowtie(branchedTrimmed.with_host)

        branchedTrimmed.without_host.mix(depleted).map { it[0,1] }.set { denovoInput }

        trimmed = step_1PP_trimming__fastp(denovoInput).trimmed

        assembly = step_2AS_denovo__shovill(trimmed).assembly

        step_4TY_MLST__mlst(assembly)
    
    emit:
        
        assembly
        
    
}

// --- ENTRYPOINT ---
workflow {
    wf_denovo(getSingleInput(), getHost())
}","nextflow.enable.dsl=2

include { getSingleInput; optionalOrDefault; param } from '../functions/parameters.nf'
include { step_1PP_trimming__fastp } from '../steps/step_1PP_trimming__fastp'
include { step_2AS_denovo__shovill } from '../steps/step_2AS_denovo__shovill'
include { step_4TY_MLST__mlst } from '../steps/step_4TY_MLST__mlst'
workflow {
    trimmed   = step_1PP_trimming__fastp(getSingleInput()).trimmed
    assembled = step_2AS_denovo__shovill(trimmed).assembly
    step_4TY_MLST__mlst(assembled)
}
"
"MOD_3T_SA01_switchThenAdd_lis_to_sal","1","switch_species","(generated)","MOD_3T_SA01_switchThenAdd_lis_to_sal_t1","modification","MLST pipeline for Listeria monocytogenes from paired Illumina FASTQ.","Y","Y","none","","7","7","Y","","","","step_1PP_trimming__fastp, step_2AS_denovo__spades, step_4TY_MLST__mlst","step_1PP_trimming__fastp, step_2AS_denovo__spades, step_4TY_MLST__mlst","step_1PP_trimming__fastp, step_2AS_denovo__spades, step_4TY_MLST__mlst","600","26","3","2","7.0","Great! I will now proceed with the pipeline design.","nextflow.enable.dsl=2

// --- IMPORTS ---

include { step_4TY_MLST__mlst } from '../steps/step_4TY_MLST__mlst'

include { step_1PP_trimming__fastp } from '../steps/step_1PP_trimming__fastp'

include { getSingleInput } from '../functions/parameters.nf'

include { step_2AS_denovo__spades } from '../steps/step_2AS_denovo__spades'

// --- GLOBALS ---

// --- INLINE PROCESSES ---

// --- SUB WORKFLOWS ---

// --- ENTRYPOINT ---
workflow {
    trimmed = step_1PP_trimming__fastp(getSingleInput()).trimmed

    assembled = step_2AS_denovo__spades(trimmed).assembled

    step_4TY_MLST__mlst(assembled)
}","nextflow.enable.dsl=2

include { getSingleInput; optionalOrDefault; param } from '../functions/parameters.nf'
include { step_1PP_trimming__fastp } from '../steps/step_1PP_trimming__fastp'
include { step_2AS_denovo__spades } from '../steps/step_2AS_denovo__spades'
include { step_4TY_MLST__mlst } from '../steps/step_4TY_MLST__mlst'
workflow {
    trimmed   = step_1PP_trimming__fastp(getSingleInput()).trimmed
    assembled = step_2AS_denovo__spades(trimmed).assembled
    step_4TY_MLST__mlst(assembled)
}
"
"MOD_3T_SA01_switchThenAdd_lis_to_sal","2","switch_species","(generated)","MOD_3T_SA01_switchThenAdd_lis_to_sal_t2","modification","Apply the same to Salmonella enterica.","Y","Y","none","","7","7","Y","","","","step_1PP_trimming__fastp, step_2AS_denovo__spades, step_4TY_MLST__mlst","step_1PP_trimming__fastp, step_2AS_denovo__spades, step_4TY_MLST__mlst","step_1PP_trimming__fastp, step_2AS_denovo__spades, step_4TY_MLST__mlst","746","36","3","2","6.8","I can design a pipeline for MLST typing of Listeria monocytogenes from paired Illumina FASTQ files. The pipeline will include the following steps:

1. **Preprocessing**: Trimming and quality control of the raw reads using Fastp.
2. **Assembly**: De novo assembly of the trimmed reads using SPAdes.
3.","nextflow.enable.dsl=2

// --- IMPORTS ---

include { step_1PP_trimming__fastp } from '../steps/step_1PP_trimming__fastp'

include { step_2AS_denovo__spades } from '../steps/step_2AS_denovo__spades'

include { getSingleInput } from '../functions/parameters.nf'

include { step_4TY_MLST__mlst } from '../steps/step_4TY_MLST__mlst'

// --- GLOBALS ---

// --- INLINE PROCESSES ---

// --- SUB WORKFLOWS ---

workflow module_surveillance {
    
    take:
        
        rawreads
        
    
    main:
        trimmed = step_1PP_trimming__fastp(rawreads).trimmed
        assembly = step_2AS_denovo__spades(trimmed).assembled
        step_4TY_MLST__mlst(assembly)
    
}

// --- ENTRYPOINT ---
workflow {
    module_surveillance(getSingleInput())
}","nextflow.enable.dsl=2

include { getSingleInput; optionalOrDefault; param } from '../functions/parameters.nf'
include { step_1PP_trimming__fastp } from '../steps/step_1PP_trimming__fastp'
include { step_2AS_denovo__spades } from '../steps/step_2AS_denovo__spades'
include { step_4TY_MLST__mlst } from '../steps/step_4TY_MLST__mlst'
workflow {
    trimmed   = step_1PP_trimming__fastp(getSingleInput()).trimmed
    assembled = step_2AS_denovo__spades(trimmed).assembled
    step_4TY_MLST__mlst(assembled)
}
"
"MOD_3T_SA01_switchThenAdd_lis_to_sal","3","switch_species","(generated)","MOD_3T_SA01_switchThenAdd_lis_to_sal_t3","modification","Also add cgMLST in parallel for this species.","Y","Y","none","","10","10","Y","","","","step_1PP_trimming__fastp, step_2AS_denovo__spades, step_4TY_MLST__mlst, step_4TY_cgMLST__chewbbaca","step_1PP_trimming__fastp, step_2AS_denovo__spades, step_4TY_MLST__mlst, step_4TY_cgMLST__chewbbaca","step_1PP_trimming__fastp, step_2AS_denovo__spades, step_4TY_MLST__mlst, step_4TY_cgMLST__chewbbaca","809","30","4","2","28.2","I can design a pipeline for MLST typing of Listeria monocytogenes from paired Illumina FASTQ files. The pipeline will include the following steps:

1. **Preprocessing**: Trimming and quality control of the raw reads using Fastp.
2. **Assembly**: De novo assembly of the trimmed reads using SPAdes.
3.","nextflow.enable.dsl=2

// --- IMPORTS ---

include { step_2AS_denovo__spades } from '../steps/step_2AS_denovo__spades'

include { step_1PP_trimming__fastp } from '../steps/step_1PP_trimming__fastp'

include { step_4TY_MLST__mlst } from '../steps/step_4TY_MLST__mlst'

include { getSingleInput; optionalOrDefault; param } from '../functions/parameters.nf'

include { step_4TY_cgMLST__chewbbaca } from '../steps/step_4TY_cgMLST__chewbbaca'

// --- GLOBALS ---

// --- INLINE PROCESSES ---

// --- SUB WORKFLOWS ---

// --- ENTRYPOINT ---
workflow {
    trimmed = step_1PP_trimming__fastp(getSingleInput()).trimmed

    assembled = step_2AS_denovo__spades(trimmed).assembled

    step_4TY_MLST__mlst(assembled)

    step_4TY_cgMLST__chewbbaca(assembled, param('genus_species'), optionalOrDefault('schema', ''))
}","nextflow.enable.dsl=2

include { getSingleInput; optionalOrDefault; param } from '../functions/parameters.nf'
include { step_1PP_trimming__fastp } from '../steps/step_1PP_trimming__fastp'
include { step_2AS_denovo__spades } from '../steps/step_2AS_denovo__spades'
include { step_4TY_MLST__mlst } from '../steps/step_4TY_MLST__mlst'
include { step_4TY_cgMLST__chewbbaca } from '../steps/step_4TY_cgMLST__chewbbaca'
workflow {
    trimmed   = step_1PP_trimming__fastp(getSingleInput()).trimmed
    assembled = step_2AS_denovo__spades(trimmed).assembled
    step_4TY_MLST__mlst(assembled)
    step_4TY_cgMLST__chewbbaca(assembled, param('genus_species'), optionalOrDefault('schema', ''))
}
"
"MOD_3T_SA02_switchThenAdd_eco_to_lis","1","switch_species","(generated)","MOD_3T_SA02_switchThenAdd_eco_to_lis_t1","modification","MLST pipeline for Escherichia coli from paired Illumina FASTQ.","Y","Y","none","","7","7","Y","","","","step_1PP_trimming__fastp, step_2AS_denovo__spades, step_4TY_MLST__mlst","step_1PP_trimming__fastp, step_2AS_denovo__spades, step_4TY_MLST__mlst","step_1PP_trimming__fastp, step_2AS_denovo__spades, step_4TY_MLST__mlst","600","26","3","2","8.4","I'm glad you're satisfied with the plan! I will now proceed with the creation of the pipeline.","nextflow.enable.dsl=2

// --- IMPORTS ---

include { step_4TY_MLST__mlst } from '../steps/step_4TY_MLST__mlst'

include { step_1PP_trimming__fastp } from '../steps/step_1PP_trimming__fastp'

include { getSingleInput } from '../functions/parameters.nf'

include { step_2AS_denovo__spades } from '../steps/step_2AS_denovo__spades'

// --- GLOBALS ---

// --- INLINE PROCESSES ---

// --- SUB WORKFLOWS ---

// --- ENTRYPOINT ---
workflow {
    trimmed = step_1PP_trimming__fastp(getSingleInput()).trimmed

    assembled = step_2AS_denovo__spades(trimmed).assembled

    step_4TY_MLST__mlst(assembled)
}","nextflow.enable.dsl=2

include { getSingleInput; optionalOrDefault; param } from '../functions/parameters.nf'
include { step_1PP_trimming__fastp } from '../steps/step_1PP_trimming__fastp'
include { step_2AS_denovo__spades } from '../steps/step_2AS_denovo__spades'
include { step_4TY_MLST__mlst } from '../steps/step_4TY_MLST__mlst'
workflow {
    trimmed   = step_1PP_trimming__fastp(getSingleInput()).trimmed
    assembled = step_2AS_denovo__spades(trimmed).assembled
    step_4TY_MLST__mlst(assembled)
}
"
"MOD_3T_SA02_switchThenAdd_eco_to_lis","2","switch_species","(generated)","MOD_3T_SA02_switchThenAdd_eco_to_lis_t2","modification","Apply the same to Listeria monocytogenes.","Y","Y","none","","7","7","Y","","","","step_1PP_trimming__fastp, step_2AS_denovo__spades, step_4TY_MLST__mlst","step_1PP_trimming__fastp, step_2AS_denovo__spades, step_4TY_MLST__mlst","step_1PP_trimming__fastp, step_2AS_denovo__spades, step_4TY_MLST__mlst","600","26","3","2","7.6","Based on the available tools, I can create a pipeline for MLST typing of Escherichia coli from paired Illumina FASTQ files. The pipeline will include the following steps:

1. **Preprocessing**: Trimming of reads using Fastp.
2. **Assembly**: De novo assembly using SPAdes.
3. **MLST Typing**: MLST ty","nextflow.enable.dsl=2

// --- IMPORTS ---

include { step_4TY_MLST__mlst } from '../steps/step_4TY_MLST__mlst'

include { step_1PP_trimming__fastp } from '../steps/step_1PP_trimming__fastp'

include { getSingleInput } from '../functions/parameters.nf'

include { step_2AS_denovo__spades } from '../steps/step_2AS_denovo__spades'

// --- GLOBALS ---

// --- INLINE PROCESSES ---

// --- SUB WORKFLOWS ---

// --- ENTRYPOINT ---
workflow {
    trimmed = step_1PP_trimming__fastp(getSingleInput()).trimmed

    assembled = step_2AS_denovo__spades(trimmed).assembled

    step_4TY_MLST__mlst(assembled)
}","nextflow.enable.dsl=2

include { getSingleInput; optionalOrDefault; param } from '../functions/parameters.nf'
include { step_1PP_trimming__fastp } from '../steps/step_1PP_trimming__fastp'
include { step_2AS_denovo__spades } from '../steps/step_2AS_denovo__spades'
include { step_4TY_MLST__mlst } from '../steps/step_4TY_MLST__mlst'
workflow {
    trimmed   = step_1PP_trimming__fastp(getSingleInput()).trimmed
    assembled = step_2AS_denovo__spades(trimmed).assembled
    step_4TY_MLST__mlst(assembled)
}
"
"MOD_3T_SA02_switchThenAdd_eco_to_lis","3","switch_species","(generated)","MOD_3T_SA02_switchThenAdd_eco_to_lis_t3","modification","Also add cgMLST in parallel for this species.","Y","Y","none","","10","10","Y","","","","step_1PP_trimming__fastp, step_2AS_denovo__spades, step_4TY_MLST__mlst, step_4TY_cgMLST__chewbbaca","step_1PP_trimming__fastp, step_2AS_denovo__spades, step_4TY_MLST__mlst, step_4TY_cgMLST__chewbbaca","step_1PP_trimming__fastp, step_2AS_denovo__spades, step_4TY_MLST__mlst, step_4TY_cgMLST__chewbbaca","809","30","4","2","11.9","Based on the available tools, I can create a pipeline for MLST typing of Escherichia coli from paired Illumina FASTQ files. The pipeline will include the following steps:

1. **Preprocessing**: Trimming of reads using Fastp.
2. **Assembly**: De novo assembly using SPAdes.
3. **MLST Typing**: MLST ty","nextflow.enable.dsl=2

// --- IMPORTS ---

include { step_2AS_denovo__spades } from '../steps/step_2AS_denovo__spades'

include { step_1PP_trimming__fastp } from '../steps/step_1PP_trimming__fastp'

include { step_4TY_MLST__mlst } from '../steps/step_4TY_MLST__mlst'

include { getSingleInput; optionalOrDefault; param } from '../functions/parameters.nf'

include { step_4TY_cgMLST__chewbbaca } from '../steps/step_4TY_cgMLST__chewbbaca'

// --- GLOBALS ---

// --- INLINE PROCESSES ---

// --- SUB WORKFLOWS ---

// --- ENTRYPOINT ---
workflow {
    trimmed = step_1PP_trimming__fastp(getSingleInput()).trimmed

    assembled = step_2AS_denovo__spades(trimmed).assembled

    step_4TY_MLST__mlst(assembled)

    step_4TY_cgMLST__chewbbaca(assembled, param('genus_species'), optionalOrDefault('schema', ''))
}","nextflow.enable.dsl=2

include { getSingleInput; optionalOrDefault; param } from '../functions/parameters.nf'
include { step_1PP_trimming__fastp } from '../steps/step_1PP_trimming__fastp'
include { step_2AS_denovo__spades } from '../steps/step_2AS_denovo__spades'
include { step_4TY_MLST__mlst } from '../steps/step_4TY_MLST__mlst'
include { step_4TY_cgMLST__chewbbaca } from '../steps/step_4TY_cgMLST__chewbbaca'
workflow {
    trimmed   = step_1PP_trimming__fastp(getSingleInput()).trimmed
    assembled = step_2AS_denovo__spades(trimmed).assembled
    step_4TY_MLST__mlst(assembled)
    step_4TY_cgMLST__chewbbaca(assembled, param('genus_species'), optionalOrDefault('schema', ''))
}
"
"MOD_3T_SA03_switchThenAdd_sal_to_eco","1","switch_species","(generated)","MOD_3T_SA03_switchThenAdd_sal_to_eco_t1","modification","MLST pipeline for Salmonella enterica from paired Illumina FASTQ.","Y","Y","none","","7","7","Y","","","","step_1PP_trimming__fastp, step_2AS_denovo__spades, step_4TY_MLST__mlst","step_1PP_trimming__fastp, step_2AS_denovo__spades, step_4TY_MLST__mlst","step_1PP_trimming__fastp, step_2AS_denovo__spades, step_4TY_MLST__mlst","740","36","3","2","7.8","I'm glad you're satisfied with the plan! I will now proceed with the exact steps we discussed. The pipeline will include trimming of reads using Fastp, de novo assembly using SPAdes, and MLST typing using MLST. I will ensure that the pipeline is set up correctly and ready for execution.","nextflow.enable.dsl=2

// --- IMPORTS ---

include { step_1PP_trimming__fastp } from '../steps/step_1PP_trimming__fastp'

include { step_2AS_denovo__spades } from '../steps/step_2AS_denovo__spades'

include { getSingleInput } from '../functions/parameters.nf'

include { step_4TY_MLST__mlst } from '../steps/step_4TY_MLST__mlst'

// --- GLOBALS ---

// --- INLINE PROCESSES ---

// --- SUB WORKFLOWS ---

workflow module_surveillance {
    
    take:
        
        reads
        
    
    main:
        trimmed = step_1PP_trimming__fastp(reads).trimmed
        assembly = step_2AS_denovo__spades(trimmed).assembled
        step_4TY_MLST__mlst(assembly)
    
}

// --- ENTRYPOINT ---
workflow {
    module_surveillance(getSingleInput())
}","nextflow.enable.dsl=2

include { getSingleInput; optionalOrDefault; param } from '../functions/parameters.nf'
include { step_1PP_trimming__fastp } from '../steps/step_1PP_trimming__fastp'
include { step_2AS_denovo__spades } from '../steps/step_2AS_denovo__spades'
include { step_4TY_MLST__mlst } from '../steps/step_4TY_MLST__mlst'
workflow {
    trimmed   = step_1PP_trimming__fastp(getSingleInput()).trimmed
    assembled = step_2AS_denovo__spades(trimmed).assembled
    step_4TY_MLST__mlst(assembled)
}
"
"MOD_3T_SA03_switchThenAdd_sal_to_eco","2","switch_species","(generated)","MOD_3T_SA03_switchThenAdd_sal_to_eco_t2","modification","Apply the same to Escherichia coli.","Y","N","missing_param","ERROR ~ missing required param: multi_clustering__reportree__summary_columns","0","7","Y","","","","step_1PP_trimming__fastp, step_2AS_denovo__spades, step_4TY_MLST__mlst","step_1PP_trimming__fastp, step_2AS_denovo__spades, step_4TY_MLST__mlst","step_1PP_trimming__fastp, step_2AS_denovo__spades, step_4TY_MLST__mlst","1084","42","3","2","8.3","I can create a pipeline for MLST typing of Escherichia coli from paired Illumina FASTQ files. The pipeline will include the following steps:

1. **Preprocessing**: Trimming of reads using Fastp.
2. **Assembly**: De novo assembly using SPAdes.
3. **MLST Typing**: MLST typing using MLST.

Does this pl","nextflow.enable.dsl=2

// --- IMPORTS ---

include { getSingleInput; getVCFs; optionalOrDefault; param } from '../functions/parameters.nf'

include { getEmpty } from '../functions/common.nf'

include { step_2AS_denovo__spades } from '../steps/step_2AS_denovo__spades'

include { step_4TY_MLST__mlst } from '../steps/step_4TY_MLST__mlst'

include { step_1PP_trimming__fastp } from '../steps/step_1PP_trimming__fastp'

include { multi_clustering__reportree } from '../multi/multi_clustering__reportree'

// --- GLOBALS ---

// --- INLINE PROCESSES ---

// --- SUB WORKFLOWS ---

workflow module_surveillance {
    
    take:
        
        input
        
    
    main:
        multi_clustering__reportree(input, param('metadata'), param('geodata'), optionalOrDefault('multi_clustering__reportree__nomenclature', getEmpty()))
    
}

// --- ENTRYPOINT ---
workflow {
    rawreads = getSingleInput()
    trimmed = step_1PP_trimming__fastp(rawreads).trimmed
    assembly = step_2AS_denovo__spades(trimmed).assembled
    step_4TY_MLST__mlst(assembly)
    module_surveillance(getVCFs())
}","nextflow.enable.dsl=2

include { getSingleInput; optionalOrDefault; param } from '../functions/parameters.nf'
include { step_1PP_trimming__fastp } from '../steps/step_1PP_trimming__fastp'
include { step_2AS_denovo__spades } from '../steps/step_2AS_denovo__spades'
include { step_4TY_MLST__mlst } from '../steps/step_4TY_MLST__mlst'
workflow {
    trimmed   = step_1PP_trimming__fastp(getSingleInput()).trimmed
    assembled = step_2AS_denovo__spades(trimmed).assembled
    step_4TY_MLST__mlst(assembled)
}
"
"MOD_3T_SA03_switchThenAdd_sal_to_eco","3","switch_species","(generated)","MOD_3T_SA03_switchThenAdd_sal_to_eco_t3","modification","Also add cgMLST in parallel for this species.","Y","Y","none","","10","10","Y","","","","step_1PP_trimming__fastp, step_2AS_denovo__spades, step_4TY_MLST__mlst, step_4TY_cgMLST__chewbbaca","step_1PP_trimming__fastp, step_2AS_denovo__spades, step_4TY_MLST__mlst, step_4TY_cgMLST__chewbbaca","step_1PP_trimming__fastp, step_2AS_denovo__spades, step_4TY_MLST__mlst, step_4TY_cgMLST__chewbbaca","809","30","4","2","10.1","I can create a pipeline for MLST typing of Escherichia coli from paired Illumina FASTQ files. The pipeline will include the following steps:

1. **Preprocessing**: Trimming of reads using Fastp.
2. **Assembly**: De novo assembly using SPAdes.
3. **MLST Typing**: MLST typing using MLST.
4. **cgMLST T","nextflow.enable.dsl=2

// --- IMPORTS ---

include { step_2AS_denovo__spades } from '../steps/step_2AS_denovo__spades'

include { step_1PP_trimming__fastp } from '../steps/step_1PP_trimming__fastp'

include { step_4TY_MLST__mlst } from '../steps/step_4TY_MLST__mlst'

include { getSingleInput; optionalOrDefault; param } from '../functions/parameters.nf'

include { step_4TY_cgMLST__chewbbaca } from '../steps/step_4TY_cgMLST__chewbbaca'

// --- GLOBALS ---

// --- INLINE PROCESSES ---

// --- SUB WORKFLOWS ---

// --- ENTRYPOINT ---
workflow {
    trimmed = step_1PP_trimming__fastp(getSingleInput()).trimmed

    assembled = step_2AS_denovo__spades(trimmed).assembled

    step_4TY_MLST__mlst(assembled)

    step_4TY_cgMLST__chewbbaca(assembled, param('genus_species'), optionalOrDefault('schema', ''))
}","nextflow.enable.dsl=2

include { getSingleInput; optionalOrDefault; param } from '../functions/parameters.nf'
include { step_1PP_trimming__fastp } from '../steps/step_1PP_trimming__fastp'
include { step_2AS_denovo__spades } from '../steps/step_2AS_denovo__spades'
include { step_4TY_MLST__mlst } from '../steps/step_4TY_MLST__mlst'
include { step_4TY_cgMLST__chewbbaca } from '../steps/step_4TY_cgMLST__chewbbaca'
workflow {
    trimmed   = step_1PP_trimming__fastp(getSingleInput()).trimmed
    assembled = step_2AS_denovo__spades(trimmed).assembled
    step_4TY_MLST__mlst(assembled)
    step_4TY_cgMLST__chewbbaca(assembled, param('genus_species'), optionalOrDefault('schema', ''))
}
"
