"id","id","category","prompt","syntax_valid","semantic_valid","error_category","error_detail","n_processes","expected_processes","matches_gt_steps","extra_steps","missing_steps","hallucinated_steps","included_steps","called_steps","ground_truth_steps","code_chars","code_lines","n_workflow_calls","turns","elapsed_s","llm_reply_excerpt","nextflow_code","ground_truth_code"
"A01_mlst_listeria","A01_mlst_listeria","A01","I have a Listeria monocytogenes assembly and I want to run MLST typing on it.","Y","Y","none","","1","1","Y","","","","step_4TY_MLST__mlst","step_4TY_MLST__mlst","step_4TY_MLST__mlst","388","21","1","2","11.8","Proceeding with MLST typing for your Listeria monocytogenes assembly using the `step_4TY_MLST__mlst` component.","nextflow.enable.dsl=2

// --- IMPORTS ---

include { step_4TY_MLST__mlst } from '../steps/step_4TY_MLST__mlst'

include { getSingleInput } from '../functions/parameters.nf'

// --- GLOBALS ---

def mlstExcludedSchemas = 'lmo2,lmo3'

// --- INLINE PROCESSES ---

// --- SUB WORKFLOWS ---

// --- ENTRYPOINT ---
workflow {
    assembly = getSingleInput()
    step_4TY_MLST__mlst(assembly)
}","nextflow.enable.dsl=2

include { getInput; optionalOrDefault; param } from '../functions/parameters.nf'
include { step_4TY_MLST__mlst } from '../steps/step_4TY_MLST__mlst'
workflow {
    step_4TY_MLST__mlst(getInput())
}
"
"A02_mlst_ecoli","A02_mlst_ecoli","A02","Run MLST typing on an Escherichia coli assembly.","Y","Y","none","","1","1","Y","","","","step_4TY_MLST__mlst","step_4TY_MLST__mlst","step_4TY_MLST__mlst","367","20","1","2","8.9","Understood! I will proceed with running MLST typing on your *Escherichia coli* assembly using the `step_4TY_MLST__mlst` component.","nextflow.enable.dsl=2

// --- IMPORTS ---

include { step_4TY_MLST__mlst } from '../steps/step_4TY_MLST__mlst'

include { getSingleInput } from '../functions/parameters.nf'

// --- GLOBALS ---

def mlstExcludedSchemas = 'ecoli,cgmlst'

// --- INLINE PROCESSES ---

// --- SUB WORKFLOWS ---

// --- ENTRYPOINT ---
workflow {
    step_4TY_MLST__mlst(getSingleInput())
}","nextflow.enable.dsl=2

include { getInput; optionalOrDefault; param } from '../functions/parameters.nf'
include { step_4TY_MLST__mlst } from '../steps/step_4TY_MLST__mlst'
workflow {
    step_4TY_MLST__mlst(getInput())
}
"
"A03_mlst_salmonella","A03_mlst_salmonella","A03","Classic MLST (PubMLST) on a Salmonella enterica assembly.","Y","Y","none","","1","1","Y","","","","step_4TY_MLST__mlst","step_4TY_MLST__mlst","step_4TY_MLST__mlst","433","21","1","2","9.1","Proceeding with the MLST pipeline for *Salmonella enterica* using the PubMLST scheme.","nextflow.enable.dsl=2

// --- IMPORTS ---

include { step_4TY_MLST__mlst } from '../steps/step_4TY_MLST__mlst'

include { getSingleInput } from '../functions/parameters.nf'

// --- GLOBALS ---

def mlstContainer = 'ghcr.io/genpat-it/mlst-w-db:2.23.0--60b8b2e3dd_231219.124455'

// --- INLINE PROCESSES ---

// --- SUB WORKFLOWS ---

// --- ENTRYPOINT ---
workflow {
    assembly = getSingleInput()
    step_4TY_MLST__mlst(assembly)
}","nextflow.enable.dsl=2

include { getInput; optionalOrDefault; param } from '../functions/parameters.nf'
include { step_4TY_MLST__mlst } from '../steps/step_4TY_MLST__mlst'
workflow {
    step_4TY_MLST__mlst(getInput())
}
"
"A04_cgmlst_listeria","A04_cgmlst_listeria","A04","cgMLST allelic profile for Listeria monocytogenes from a pre-existing assembly.","Y","Y","file_not_found","WARN: file not found: '/mnt/data/cohesive_llm_bench_scratch/_shared_inputdir/2026/2026.LIS.2.1.1/2AS_import/DS99999-DT260224_external/result/*.fasta'","3","3","Y","","","","step_4TY_cgMLST__chewbbaca","step_4TY_cgMLST__chewbbaca","step_4TY_cgMLST__chewbbaca","690","25","1","2","10.0","Pipeline approved. Proceeding with the cgMLST allelic profile generation for *Listeria monocytogenes* using the pre-existing assembly.","nextflow.enable.dsl=2

// --- IMPORTS ---

include { step_4TY_cgMLST__chewbbaca } from '../steps/step_4TY_cgMLST__chewbbaca'

include { getSingleInput } from '../functions/parameters.nf'

// --- GLOBALS ---

def chewbbacaSchema = 'l_mono_chewie_1748_220623'

def chewbbacaSchemaPath = ""/schemas/Listeria_monocytogenes_Pasteur_cgMLST_2022-06-23T18_03_54.613576.zip""

// --- INLINE PROCESSES ---

// --- SUB WORKFLOWS ---

// --- ENTRYPOINT ---
workflow {
    assembly = getSingleInput()
    chewbbaca_out = step_4TY_cgMLST__chewbbaca(assembly, 'Listeria monocytogenes', chewbbacaSchema)
    hashing(chewbbaca_out.alleles, file(chewbbacaSchemaPath))
    chewbbaca_check(chewbbaca_out.stats)
}","nextflow.enable.dsl=2

include { getInput; optionalOrDefault; param } from '../functions/parameters.nf'
include { step_4TY_cgMLST__chewbbaca } from '../steps/step_4TY_cgMLST__chewbbaca'
workflow {
    step_4TY_cgMLST__chewbbaca(getInput(), param('genus_species'), optionalOrDefault('schema', ''))
}
"
"A05_cgmlst_ecoli","A05_cgmlst_ecoli","A05","cgMLST allelic profile on an Escherichia coli assembly.","Y","Y","none","","3","3","Y","","","","step_4TY_cgMLST__chewbbaca","step_4TY_cgMLST__chewbbaca","step_4TY_cgMLST__chewbbaca","475","21","1","2","15.9","Understood! I will now generate the detailed pipeline plan for cgMLST allelic profiling on your *Escherichia coli* assembly using **chewBBACA**.","nextflow.enable.dsl=2

// --- IMPORTS ---

include { step_4TY_cgMLST__chewbbaca } from '../steps/step_4TY_cgMLST__chewbbaca'

include { getSingleInput; optionalOrDefault } from '../functions/parameters.nf'

// --- GLOBALS ---

def genusSpecies = 'Escherichia coli'

// --- INLINE PROCESSES ---

// --- SUB WORKFLOWS ---

// --- ENTRYPOINT ---
workflow {
    assembly = getSingleInput()
    step_4TY_cgMLST__chewbbaca(assembly, genusSpecies, optionalOrDefault('schema', ''))
}","nextflow.enable.dsl=2

include { getInput; optionalOrDefault; param } from '../functions/parameters.nf'
include { step_4TY_cgMLST__chewbbaca } from '../steps/step_4TY_cgMLST__chewbbaca'
workflow {
    step_4TY_cgMLST__chewbbaca(getInput(), param('genus_species'), optionalOrDefault('schema', ''))
}
"
"A06_cgmlst_salmonella","A06_cgmlst_salmonella","A06","Generate cgMLST allelic profiles starting from a Salmonella enterica assembly.","Y","Y","file_not_found","WARN: file not found: '/mnt/data/cohesive_llm_bench_scratch/_shared_inputdir/2026/2026.SAL.2.1.1/2AS_import/DS99999-DT260224_external/result/*.fasta'","3","3","Y","","","","step_4TY_cgMLST__chewbbaca","step_4TY_cgMLST__chewbbaca","step_4TY_cgMLST__chewbbaca","1088","44","1","2","13.2","Understood! I will proceed with generating a cgMLST allelic profiling pipeline for *Salmonella enterica* using the `module_typing_bacteria` template, which includes `step_4TY_cgMLST__chewbbaca`.","nextflow.enable.dsl=2

// --- IMPORTS ---

include { step_4TY_cgMLST__chewbbaca } from '../steps/step_4TY_cgMLST__chewbbaca'

include { getAssembly } from '../functions/parameters.nf'

// --- GLOBALS ---

def chewbbacaSchemaPath = ""${params.assets_dir}/module_typing_bacteria/schemas/salmonella_enterica_cgmlst_schema""

def chewbbacaSchemaCode = 'Salmonella_enterica_cgmlst'

def chewbbacaSchemaRiscd = '230515-020223051500512127-4TY_cgMLST-chewbbaca'

// --- INLINE PROCESSES ---

// --- SUB WORKFLOWS ---

workflow wf_salmonella_cgmlst {
    
    take:
        
        assembly
        
    
    main:
        assembly.multiMap {
            assembly: it
            species: 'Salmonella enterica'
            schema: [ chewbbacaSchemaRiscd, chewbbacaSchemaCode, file(chewbbacaSchemaPath) ]
        }.set { asmSpeciesSchema }

        step_4TY_cgMLST__chewbbaca(asmSpeciesSchema.assembly, asmSpeciesSchema.species, asmSpeciesSchema.schema)

        cgmlst_profiles = step_4TY_cgMLST__chewbbaca.profiles
    
}

// --- ENTRYPOINT ---
workflow {
    wf_salmonella_cgmlst(getAssembly())
}","nextflow.enable.dsl=2

include { getInput; optionalOrDefault; param } from '../functions/parameters.nf'
include { step_4TY_cgMLST__chewbbaca } from '../steps/step_4TY_cgMLST__chewbbaca'
workflow {
    step_4TY_cgMLST__chewbbaca(getInput(), param('genus_species'), optionalOrDefault('schema', ''))
}
"
"A07_flaa_campylobacter","A07_flaa_campylobacter","A07","Run flaA typing on a Campylobacter assembly.","Y","Y","none","","1","1","Y","","","","step_4TY_flaA__flaA","step_4TY_flaA__flaA","step_4TY_flaA__flaA","399","21","1","2","10.4","Understood! The pipeline for **flaA typing on a Campylobacter assembly** has been approved and will proceed as planned.","nextflow.enable.dsl=2

// --- IMPORTS ---

include { step_4TY_flaA__flaA } from '../steps/step_4TY_flaA__flaA'

include { getSingleInput } from '../functions/parameters.nf'

// --- GLOBALS ---

def genusSpecies = 'Campylobacter'

// --- INLINE PROCESSES ---

// --- SUB WORKFLOWS ---

// --- ENTRYPOINT ---
workflow {
    assembly = getSingleInput()
    step_4TY_flaA__flaA(assembly, genusSpecies)
}","nextflow.enable.dsl=2

include { getInput; optionalOrDefault; param } from '../functions/parameters.nf'
include { step_4TY_flaA__flaA } from '../steps/step_4TY_flaA__flaA'
workflow {
    step_4TY_flaA__flaA(getInput(), param('genus_species'))
}
"
"A08_staramr_campylobacter","A08_staramr_campylobacter","A08","AMR profiling with staramr on a Campylobacter assembly.","Y","N","missing_param","ERROR ~ missing required param: step_3TX_species__kmerfinder__db","0","1","N","step_3TX_species__kmerfinder","step_4AN_AMR__staramr","","step_3TX_species__kmerfinder","step_3TX_species__kmerfinder","step_4AN_AMR__staramr","615","33","1","2","9.8","Approved! The pipeline for AMR profiling with **staramr** on a **Campylobacter** assembly will proceed as follows:","nextflow.enable.dsl=2

// --- IMPORTS ---

include { getSingleInput } from '../functions/parameters.nf'

include { step_3TX_species__kmerfinder } from '../steps/step_3TX_species__kmerfinder'

// --- GLOBALS ---

def genusSpecies = 'campylobacter_jejuni'

// --- INLINE PROCESSES ---

// --- SUB WORKFLOWS ---

workflow wf_amr_campylobacter {
    
    take:
        
        assembly
        
    
    main:
        kmerfinder_out = step_3TX_species__kmerfinder(assembly)
        staramr(assembly, kmerfinder_out.assigned_species)
    
}

// --- ENTRYPOINT ---
workflow {
    wf_amr_campylobacter(getSingleInput())
}","nextflow.enable.dsl=2

include { getSingleInput; optionalOrDefault; param } from '../functions/parameters.nf'
include { step_4AN_AMR__staramr } from '../steps/step_4AN_AMR__staramr'
workflow {
    step_4AN_AMR__staramr(getSingleInput(), param('genus_species'))
}
"
"B01_spades_listeria","B01_spades_listeria","B01","De novo genome assembly with SPAdes from Illumina paired-end reads of Listeria monocytogenes.","Y","N","missing_param","ERROR ~ missing required param: hosts_dir","0","3","N","step_1PP_hostdepl__bowtie","","","step_1PP_hostdepl__bowtie, step_2AS_denovo__spades","step_1PP_hostdepl__bowtie, step_2AS_denovo__spades","step_2AS_denovo__spades","1392","64","2","2","11.3","Approved! The pipeline will proceed with the `module_denovo` template for de novo assembly of *Listeria monocytogenes* using SPAdes from Illumina paired-end reads.","nextflow.enable.dsl=2

// --- IMPORTS ---

include { extractKey } from '../functions/common.nf'

include { getHost; getSingleInput } from '../functions/parameters.nf'

include { step_1PP_hostdepl__bowtie } from '../steps/step_1PP_hostdepl__bowtie'

include { step_2AS_denovo__spades } from '../steps/step_2AS_denovo__spades'

// --- GLOBALS ---

def hostRiscd = '220308-020220308005121273-1PP_import-external'

def hostCode = 'GRCh38'

def hostPath = ""${params.assets_dir}/module_denovo/GRCh38.fasta""

// --- INLINE PROCESSES ---

// --- SUB WORKFLOWS ---

workflow module_denovo {
    
    take:
        
        trimmedReads
        
        host
        
    
    main:
        trimmedReads.cross(host) { extractKey(it) }
            .map { [ it[0][0], it[0][1], it[1][1] ] } // riscd, reads, host
            .branch {
                with_host: it[1][1]
                without_host: true
            }
            .set { branchedTrimmed }

        depleted = step_1PP_hostdepl__bowtie(branchedTrimmed.with_host)

        branchedTrimmed.without_host
            .mix(depleted)
            .map { it[0,1] }
            .set { denovoInput }

        assembled = step_2AS_denovo__spades(denovoInput)
    
    emit:
        
        assembled = assembled
        
        depleted = depleted
        
    
}

// --- ENTRYPOINT ---
workflow {
    module_denovo(getSingleInput(), getHost())
}","nextflow.enable.dsl=2

include { getSingleInput; optionalOrDefault; param } from '../functions/parameters.nf'
include { step_2AS_denovo__spades } from '../steps/step_2AS_denovo__spades'
workflow {
    step_2AS_denovo__spades(getSingleInput())
}
"
"B02_shovill_ecoli","B02_shovill_ecoli","B02","Quick bacterial genome assembly with Shovill from Illumina reads (Escherichia coli).","Y","Y","none","","3","3","Y","","","","step_2AS_denovo__shovill","step_2AS_denovo__shovill","step_2AS_denovo__shovill","650","37","1","2","9.7","Understood! Proceeding with the **`module_wgs_bacteria`** template for a quick bacterial genome assembly of *Escherichia coli* from Illumina reads using Shovill.","nextflow.enable.dsl=2

// --- IMPORTS ---

include { getSingleInput } from '../functions/parameters.nf'

include { step_2AS_denovo__shovill } from '../steps/step_2AS_denovo__shovill'

// --- GLOBALS ---

def shovillContainer = 'ghcr.io/genpat-it/shovill:1.1.0--2023-03-17'

// --- INLINE PROCESSES ---

// --- SUB WORKFLOWS ---

workflow module_wgs_bacteria {
    
    take:
        
        trimmedReads
        
    
    main:
        step_2AS_denovo__shovill(trimmedReads)
    
    emit:
        
        assembly = step_2AS_denovo__shovill.out.assembly
        
    
}

// --- ENTRYPOINT ---
workflow {
    module_wgs_bacteria(getSingleInput())
}","nextflow.enable.dsl=2

include { getSingleInput; optionalOrDefault; param } from '../functions/parameters.nf'
include { step_2AS_denovo__shovill } from '../steps/step_2AS_denovo__shovill'
workflow {
    step_2AS_denovo__shovill(getSingleInput())
}
"
"B03_unicycler_salmonella","B03_unicycler_salmonella","B03","Assemble a Salmonella enterica genome with Unicycler from Illumina paired-end reads.","Y","Y","none","","6","3","N","step_1PP_trimming__fastp","","","step_1PP_trimming__fastp, step_2AS_denovo__unicycler","step_1PP_trimming__fastp, step_2AS_denovo__unicycler","step_2AS_denovo__unicycler","632","25","2","2","10.4","Understood! The pipeline for assembling a *Salmonella enterica* genome using Unicycler from Illumina paired-end reads has been approved. The detailed plan will now be prepared for the Architect Agent.","nextflow.enable.dsl=2

// --- IMPORTS ---

include { getSingleInput } from '../functions/parameters.nf'

include { step_1PP_trimming__fastp } from '../steps/step_1PP_trimming__fastp'

include { step_2AS_denovo__unicycler } from '../steps/step_2AS_denovo__unicycler'

// --- GLOBALS ---

def step1RisCd = '240614-020240614005121273-1PP_trimming-custom'

def step2RisCd = '240614-020240614005121273-2AS_denovo-custom'

// --- INLINE PROCESSES ---

// --- SUB WORKFLOWS ---

// --- ENTRYPOINT ---
workflow {
    trimmed = step_1PP_trimming__fastp(getSingleInput()).trimmed
    assembly = step_2AS_denovo__unicycler(trimmed).assembled
}","nextflow.enable.dsl=2

include { getSingleInput; optionalOrDefault; param } from '../functions/parameters.nf'
include { step_2AS_denovo__unicycler } from '../steps/step_2AS_denovo__unicycler'
workflow {
    step_2AS_denovo__unicycler(getSingleInput())
}
"
"B04_plasmidspades","B04_plasmidspades","B04","I want to assemble plasmids only from Illumina paired-end reads using plasmidSPAdes.","Y","Y","none","","6","3","N","step_1PP_trimming__fastp","","","step_1PP_trimming__fastp, step_2AS_denovo__plasmidspades","step_1PP_trimming__fastp, step_2AS_denovo__plasmidspades","step_2AS_denovo__plasmidspades","675","26","2","2","10.8","Understood! I will proceed with the pipeline that includes trimming the Illumina paired-end reads with `fastp` and assembling plasmids using `plasmidSPAdes`.","nextflow.enable.dsl=2

// --- IMPORTS ---

include { step_2AS_denovo__plasmidspades } from '../steps/step_2AS_denovo__plasmidspades'

include { getSingleInput } from '../functions/parameters.nf'

include { step_1PP_trimming__fastp } from '../steps/step_1PP_trimming__fastp'

// --- GLOBALS ---

def step1RisCd = '230515-020223051500512127-1PP_trimming-fastp'

def step2RisCd = '230515-020223051500512127-2AS_denovo-plasmidspades'

// --- INLINE PROCESSES ---

// --- SUB WORKFLOWS ---

// --- ENTRYPOINT ---
workflow {
    rawreads = getSingleInput()
    trimmed = step_1PP_trimming__fastp(rawreads).trimmed
    assembled = step_2AS_denovo__plasmidspades(trimmed).assembled
}","nextflow.enable.dsl=2

include { getSingleInput; optionalOrDefault; param } from '../functions/parameters.nf'
include { step_2AS_denovo__plasmidspades } from '../steps/step_2AS_denovo__plasmidspades'
workflow {
    step_2AS_denovo__plasmidspades(getSingleInput())
}
"
"B05_metaspades","B05_metaspades","B05","Run metagenomic assembly with metaSPAdes on paired-end Illumina reads from an environmental sample.","Y","Y","file_not_found","WARN: file not found: '/mnt/data/cohesive_llm_bench_scratch/_shared_inputdir/2026/2026.MGS.1.1.1/0SQ_rawreads/DS99999-DT260224_import/result/*.fastq*'","4","3","N","step_0SQ_rawreads__fastq, step_1PP_trimming__fastp","","","step_0SQ_rawreads__fastq, step_1PP_trimming__fastp, step_2MG_denovo__metaspades","step_0SQ_rawreads__fastq, step_1PP_trimming__fastp, step_2MG_denovo__metaspades","step_2MG_denovo__metaspades","937","35","3","2","12.4","Understood! The pipeline for metagenomic assembly with metaSPAdes on paired-end Illumina reads is approved. Here is the detailed plan for the Architect Agent:

---
**Pipeline Plan for Metagenomic Assembly with metaSPAdAdes**

### **Objective**: Assemble paired-end Illumina reads from an environmenta","nextflow.enable.dsl=2

// --- IMPORTS ---

include { getInput } from '../functions/parameters.nf'

include { step_1PP_trimming__fastp } from '../steps/step_1PP_trimming__fastp'

include { step_0SQ_rawreads__fastq } from '../steps/step_0SQ_rawreads__fastq'

include { step_2MG_denovo__metaspades } from '../steps/step_2MG_denovo__metaspades'

// --- GLOBALS ---

def STEP_0SQ_RAWREADS_METHOD = 'fastq'

def STEP_1PP_TRIMMING_METHOD = 'fastp'

def STEP_2MG_DENOVO_METHOD = 'metaspades'

// --- INLINE PROCESSES ---

// --- SUB WORKFLOWS ---

// --- ENTRYPOINT ---
workflow {
    // Step 0: Input Handling
    raw_reads = step_0SQ_rawreads__fastq(getInput()).raw_reads

    // Step 1: Optional Trimming (recommended for high-quality assemblies)
    trimmed_reads = step_1PP_trimming__fastp(raw_reads).trimmed

    // Step 2: Metagenomic Assembly with metaSPAdes
    assembled_contigs = step_2MG_denovo__metaspades(trimmed_reads).assembled
}","nextflow.enable.dsl=2

include { getSingleInput; optionalOrDefault; param } from '../functions/parameters.nf'
include { step_2MG_denovo__metaspades } from '../steps/step_2MG_denovo__metaspades'
workflow {
    step_2MG_denovo__metaspades(getSingleInput())
}
"
"C01_kmerfinder","C01_kmerfinder","C01","Identify the species of an unknown bacterial isolate from Illumina paired FASTQ using KmerFinder.","Y","N","file_not_found","WARN: file not found: '/mnt/data/cohesive_llm_bench_scratch/_shared_inputdir/2026/2026.UNK.1.1.1/0SQ_rawreads/DS99999-DT260224_import/result/*.fastq*'","0","1","N","","step_3TX_species__kmerfinder","","","","step_3TX_species__kmerfinder","725","40","0","2","9.4","Proceeding with the pipeline for species identification of an unknown bacterial isolate from Illumina paired FASTQ reads using KmerFinder.","nextflow.enable.dsl=2

// --- IMPORTS ---

include { getSingleInput } from '../functions/parameters.nf'

// --- GLOBALS ---

def stepCode = '0SQ_rawreads'

def methodCode = 'fastq'

def stepSpeciesCode = '3TX_species'

def methodSpeciesCode = 'kmerfinder'

// --- INLINE PROCESSES ---

// --- SUB WORKFLOWS ---

workflow wf_species_identification {
    
    take:
        
        raw_reads
        
    
    main:
        raw_reads | step_0SQ_rawreads__fastq | step_3TX_species__kmerfinder
    
}

// --- ENTRYPOINT ---
workflow {
    // Instantiate input channel from raw Illumina paired FASTQ reads
    raw_reads = getSingleInput()

    // Execute species identification workflow
    wf_species_identification(raw_reads)
}","nextflow.enable.dsl=2

include { getInput; optionalOrDefault; param } from '../functions/parameters.nf'
include { step_3TX_species__kmerfinder } from '../steps/step_3TX_species__kmerfinder'
workflow {
    step_3TX_species__kmerfinder(getInput())
}
"
"C02_mash","C02_mash","C02","Run Mash sketch-based species identification on paired-end Illumina reads.","Y","N","missing_param","ERROR ~ missing required param: step_3TX_class__kraken2__db","0","1","N","step_3TX_class__kraken2","step_3TX_species__mash","","step_3TX_class__kraken2","step_3TX_class__kraken2","step_3TX_species__mash","712","27","1","2","11.7","Proceeding with Kraken2 for taxonomic classification of paired-end Illumina reads.","nextflow.enable.dsl=2

// --- IMPORTS ---

include { step_3TX_class__kraken2 } from '../steps/step_3TX_class__kraken2'

include { getSingleInput } from '../functions/parameters.nf'

// --- GLOBALS ---

def kraken2DbPath = ""${params.assets_dir}/step_3TX_class__kraken2/kraken2_db""

// --- INLINE PROCESSES ---

// --- SUB WORKFLOWS ---

// --- ENTRYPOINT ---
workflow {
    reads = getSingleInput()

    // Kraken2 taxonomic classification
    kraken2_out = step_3TX_class__kraken2(reads)

    // Emit the genus-level report for downstream use
    // Note: The genus_report is already emitted by the step_3TX_class__kraken2 workflow
    // No further action needed here as the report is published by the process
}","nextflow.enable.dsl=2

include { getSingleInput; optionalOrDefault; param } from '../functions/parameters.nf'
include { step_3TX_species__mash } from '../steps/step_3TX_species__mash'
workflow {
    step_3TX_species__mash(getSingleInput())
}
"
"C03_kraken2","C03_kraken2","C03","Taxonomic classification of paired-end Illumina reads with Kraken2.","Y","Y","arity_error","ERROR ~ Workflow `step_3TX_class__kraken2` declares 1 input channels but 0 were given","3","2","N","step_0SQ_rawreads__fastq","","","step_0SQ_rawreads__fastq, step_3TX_class__kraken2","step_0SQ_rawreads__fastq, step_3TX_class__kraken2","step_3TX_class__kraken2","543","23","2","2","9.3","Understood! I will proceed with the taxonomic classification of your paired-end Illumina reads using Kraken2 as approved.","nextflow.enable.dsl=2

// --- IMPORTS ---

include { step_3TX_class__kraken2 } from '../steps/step_3TX_class__kraken2'

include { getSingleInput } from '../functions/parameters.nf'

include { step_0SQ_rawreads__fastq } from '../steps/step_0SQ_rawreads__fastq'

// --- GLOBALS ---

def kraken2DbPath = ""${params.assets_dir}/step_3TX_class__kraken2/kraken2_std_db""

// --- INLINE PROCESSES ---

// --- SUB WORKFLOWS ---

// --- ENTRYPOINT ---
workflow {
    reads = step_0SQ_rawreads__fastq(getSingleInput())
    step_3TX_class__kraken2(reads)
}","nextflow.enable.dsl=2

include { getSingleInput; optionalOrDefault; param } from '../functions/parameters.nf'
include { step_3TX_class__kraken2 } from '../steps/step_3TX_class__kraken2'
workflow {
    step_3TX_class__kraken2(getSingleInput())
}
"
"D01_fastp_spades_lis","D01_fastp_spades_lis","D01","From Illumina paired-end FASTQ of Listeria monocytogenes: trim with fastp and assemble with SPAdes.","Y","Y","file_not_found","WARN: file not found: '/mnt/data/cohesive_llm_bench_scratch/_shared_inputdir/2026/2026.LIS.4.1.1/0SQ_rawreads/DS99999-DT260224_import/result/*.fastq*'","6","6","Y","","","","step_1PP_trimming__fastp, step_2AS_denovo__spades","step_1PP_trimming__fastp, step_2AS_denovo__spades","step_1PP_trimming__fastp, step_2AS_denovo__spades","755","32","2","2","11.7","Your pipeline has been approved and will proceed with the following steps:

1. **Trimming**: Use `fastp` (`step_1PP_trimming__fastp`) to trim Illumina paired-end FASTQ reads.
2. **Assembly**: Use SPAdes (`step_2AS_denovo__spades`) to assemble the trimmed reads into contigs.

I will now generate the ","nextflow.enable.dsl=2

// --- IMPORTS ---

include { step_2AS_denovo__spades } from '../steps/step_2AS_denovo__spades'

include { getSingleInput } from '../functions/parameters.nf'

include { step_1PP_trimming__fastp } from '../steps/step_1PP_trimming__fastp'

// --- GLOBALS ---

def trimStepRiscd = '220308-020220308005121273-1PP_trimming-fastp'

def assemblyStepRiscd = '220308-020220308005121273-2AS_denovo-spades'

// --- INLINE PROCESSES ---

// --- SUB WORKFLOWS ---

// --- ENTRYPOINT ---
workflow {
    raw_reads = getSingleInput()

    trimmed = step_1PP_trimming__fastp(raw_reads).trimmed

    spades_out = step_2AS_denovo__spades(trimmed)

    assembly_filter_out = assembly_filter(spades_out.assembled)

    quast(assembly_filter_out.fasta)
}","nextflow.enable.dsl=2

include { getSingleInput; optionalOrDefault; param } from '../functions/parameters.nf'
include { step_1PP_trimming__fastp } from '../steps/step_1PP_trimming__fastp'
include { step_2AS_denovo__spades } from '../steps/step_2AS_denovo__spades'
workflow {
    trimmed   = step_1PP_trimming__fastp(getSingleInput()).trimmed
    assembled = step_2AS_denovo__spades(trimmed).assembled
}
"
"D02_fastp_shovill_eco","D02_fastp_shovill_eco","D02","Trim Illumina paired reads with fastp then assemble with Shovill (Escherichia coli).","Y","Y","none","","6","6","Y","","","","step_1PP_trimming__fastp, step_2AS_denovo__shovill","step_1PP_trimming__fastp, step_2AS_denovo__shovill","step_1PP_trimming__fastp, step_2AS_denovo__shovill","774","32","2","2","15.7","Proceeding with the approved pipeline for trimming Illumina paired reads with fastp and assembling with Shovill for *Escherichia coli*.","nextflow.enable.dsl=2

// --- IMPORTS ---

include { getSingleInput } from '../functions/parameters.nf'

include { step_1PP_trimming__fastp } from '../steps/step_1PP_trimming__fastp'

include { step_2AS_denovo__shovill } from '../steps/step_2AS_denovo__shovill'

// --- GLOBALS ---

def stepCodeTrimming = '1PP_trimming'

def methodCodeTrimming = 'fastp'

def stepCodeAssembly = '2AS_denovo'

def methodCodeAssembly = 'shovill'

// --- INLINE PROCESSES ---

// --- SUB WORKFLOWS ---

// --- ENTRYPOINT ---
workflow {
    // Step 1: Trimming Illumina paired-end reads using fastp
    trimmed = step_1PP_trimming__fastp(getSingleInput()).trimmed

    // Step 2: Assemble trimmed reads into draft genome using Shovill
    assembly = step_2AS_denovo__shovill(trimmed).assembly
}","nextflow.enable.dsl=2

include { getSingleInput; optionalOrDefault; param } from '../functions/parameters.nf'
include { step_1PP_trimming__fastp } from '../steps/step_1PP_trimming__fastp'
include { step_2AS_denovo__shovill } from '../steps/step_2AS_denovo__shovill'
workflow {
    trimmed   = step_1PP_trimming__fastp(getSingleInput()).trimmed
    assembled = step_2AS_denovo__shovill(trimmed).assembly
}
"
"D03_trimmomatic_spades","D03_trimmomatic_spades","D03","Pipeline: trim with Trimmomatic, assemble with SPAdes. Illumina paired-end.","Y","Y","none","","6","6","Y","","","","step_1PP_trimming__trimmomatic, step_2AS_denovo__spades","step_1PP_trimming__trimmomatic, step_2AS_denovo__spades","step_1PP_trimming__trimmomatic, step_2AS_denovo__spades","831","44","2","2","10.2","Pipeline approved. The Nextflow DSL2 pipeline will be built with the following steps:

1. **Trimming**: Use `step_1PP_trimming__trimmomatic` to trim Illumina paired-end reads.
2. **Assembly**: Use `step_2AS_denovo__spades` to assemble the trimmed reads.

This pipeline will process paired-end Illumin","nextflow.enable.dsl=2

// --- IMPORTS ---

include { step_2AS_denovo__spades } from '../steps/step_2AS_denovo__spades'

include { step_1PP_trimming__trimmomatic } from '../steps/step_1PP_trimming__trimmomatic'

include { getSingleInput } from '../functions/parameters.nf'

// --- GLOBALS ---

def trimStepRisCd = '1PP_trimming-trimmomatic'

def assemblyStepRisCd = '2AS_denovo-spades'

// --- INLINE PROCESSES ---

// --- SUB WORKFLOWS ---

workflow wf_trim_and_assemble {
    
    take:
        
        raw_reads
        
    
    main:
        trimmed = step_1PP_trimming__trimmomatic(raw_reads)

        spades_out = step_2AS_denovo__spades(trimmed)
        assembled = spades_out.assembled
    
    emit:
        
        assembled
        
    
}

// --- ENTRYPOINT ---
workflow {
    wf_trim_and_assemble(getSingleInput())
}","nextflow.enable.dsl=2

include { getSingleInput; optionalOrDefault; param } from '../functions/parameters.nf'
include { step_1PP_trimming__trimmomatic } from '../steps/step_1PP_trimming__trimmomatic'
include { step_2AS_denovo__spades } from '../steps/step_2AS_denovo__spades'
workflow {
    trimmed   = step_1PP_trimming__trimmomatic(getSingleInput()).trimmed
    assembled = step_2AS_denovo__spades(trimmed).assembled
}
"
"D04_fastp_unicycler_sal","D04_fastp_unicycler_sal","D04","Trim and assemble a Salmonella isolate from Illumina paired-end FASTQ (fastp + Unicycler).","Y","Y","none","","6","6","Y","","","","step_1PP_trimming__fastp, step_2AS_denovo__unicycler","step_1PP_trimming__fastp, step_2AS_denovo__unicycler","step_1PP_trimming__fastp, step_2AS_denovo__unicycler","702","32","2","2","11.2","Pipeline approved. The draft plan will be generated for the Architect Agent.","nextflow.enable.dsl=2

// --- IMPORTS ---

include { getSingleInput } from '../functions/parameters.nf'

include { step_1PP_trimming__fastp } from '../steps/step_1PP_trimming__fastp'

include { step_2AS_denovo__unicycler } from '../steps/step_2AS_denovo__unicycler'

// --- GLOBALS ---

def trimStep = '1PP_trimming'

def trimMethod = 'fastp'

def assemblyStep = '2AS_denovo'

def assemblyMethod = 'unicycler'

// --- INLINE PROCESSES ---

// --- SUB WORKFLOWS ---

// --- ENTRYPOINT ---
workflow {
    // Step 1: Trimming with fastp
    trimmed = step_1PP_trimming__fastp(getSingleInput()).trimmed

    // Step 2: Assembly with Unicycler
    assembled = step_2AS_denovo__unicycler(trimmed).assembled
}","nextflow.enable.dsl=2

include { getSingleInput; optionalOrDefault; param } from '../functions/parameters.nf'
include { step_1PP_trimming__fastp } from '../steps/step_1PP_trimming__fastp'
include { step_2AS_denovo__unicycler } from '../steps/step_2AS_denovo__unicycler'
workflow {
    trimmed   = step_1PP_trimming__fastp(getSingleInput()).trimmed
    assembled = step_2AS_denovo__unicycler(trimmed).assembled
}
"
"D05_fastp_spades_cam","D05_fastp_spades_cam","D05","Trim and de novo assembly (fastp + SPAdes) for a paired-end Illumina Campylobacter sample.","Y","Y","none","","7","6","Y","","","","step_1PP_trimming__fastp, step_2AS_denovo__spades","step_1PP_trimming__fastp, step_2AS_denovo__spades","step_1PP_trimming__fastp, step_2AS_denovo__spades","849","35","2","2","12.7","Your pipeline for paired-end Illumina Campylobacter sample has been approved. I will now generate the detailed plan for the Architect Agent.","nextflow.enable.dsl=2

// --- IMPORTS ---

include { step_2AS_denovo__spades } from '../steps/step_2AS_denovo__spades'

include { module_qc_quast } from '../modules/module_qc_quast'

include { getSingleInput } from '../functions/parameters.nf'

include { step_1PP_trimming__fastp } from '../steps/step_1PP_trimming__fastp'

include { module_qc_fastqc } from '../modules/module_qc_fastqc'

// --- GLOBALS ---

def trimStepRiscd = '220308-020220308005121273-1PP_trimming-fastp'

def denovoStepRiscd = '220308-020220308005121273-2AS_denovo-spades'

// --- INLINE PROCESSES ---

// --- SUB WORKFLOWS ---

// --- ENTRYPOINT ---
workflow {
    rawreads = getSingleInput()

    trimmed = step_1PP_trimming__fastp(rawreads).trimmed

    spades_out = step_2AS_denovo__spades(trimmed)

    module_qc_fastqc(trimmed)
    module_qc_quast(spades_out.assembled)
}","nextflow.enable.dsl=2

include { getSingleInput; optionalOrDefault; param } from '../functions/parameters.nf'
include { step_1PP_trimming__fastp } from '../steps/step_1PP_trimming__fastp'
include { step_2AS_denovo__spades } from '../steps/step_2AS_denovo__spades'
workflow {
    trimmed   = step_1PP_trimming__fastp(getSingleInput()).trimmed
    assembled = step_2AS_denovo__spades(trimmed).assembled
}
"
"E01_mlst_lis","E01_mlst_lis","E01","Classic MLST on Listeria monocytogenes from paired-end Illumina FASTQ (trim + assembly + MLST).","Y","Y","none","","7","7","N","step_2AS_denovo__shovill","step_2AS_denovo__spades","","step_1PP_trimming__fastp, step_2AS_denovo__shovill, step_4TY_MLST__mlst","step_1PP_trimming__fastp, step_2AS_denovo__shovill, step_4TY_MLST__mlst","step_1PP_trimming__fastp, step_2AS_denovo__spades, step_4TY_MLST__mlst","678","28","3","2","13.9","Your pipeline for **Listeria monocytogenes** MLST from paired-end Illumina FASTQ has been approved and will proceed as follows:

1. **Preprocessing**: Trim raw reads using `fastp` (`step_1PP_trimming__fastp`).
2. **Assembly**: Assemble trimmed reads using `Shovill` (`step_2AS_denovo__shovill`).
3. *","nextflow.enable.dsl=2

// --- IMPORTS ---

include { getSingleInput } from '../functions/parameters.nf'

include { step_1PP_trimming__fastp } from '../steps/step_1PP_trimming__fastp'

include { step_4TY_MLST__mlst } from '../steps/step_4TY_MLST__mlst'

include { step_2AS_denovo__shovill } from '../steps/step_2AS_denovo__shovill'

// --- GLOBALS ---

def mlstSchema = 'listeria_monocytogenes'

def mlstExcludedSchemas = 'listeria_monocytogenes_2'

// --- INLINE PROCESSES ---

// --- SUB WORKFLOWS ---

// --- ENTRYPOINT ---
workflow {
    trimmed = step_1PP_trimming__fastp(getSingleInput())
    assembly = step_2AS_denovo__shovill(trimmed)
    step_4TY_MLST__mlst(assembly)
}","nextflow.enable.dsl=2

include { getSingleInput; optionalOrDefault; param } from '../functions/parameters.nf'
include { step_1PP_trimming__fastp } from '../steps/step_1PP_trimming__fastp'
include { step_2AS_denovo__spades } from '../steps/step_2AS_denovo__spades'
include { step_4TY_MLST__mlst } from '../steps/step_4TY_MLST__mlst'
workflow {
    trimmed   = step_1PP_trimming__fastp(getSingleInput()).trimmed
    assembled = step_2AS_denovo__spades(trimmed).assembled
    step_4TY_MLST__mlst(assembled)
}
"
"E02_cgmlst_lis_fastp_spades","E02_cgmlst_lis_fastp_spades","E02","cgMLST allelic profile for Listeria monocytogenes from paired Illumina FASTQ (fastp + SPAdes + chewbbaca).","Y","Y","none","","9","9","Y","","","","step_1PP_trimming__fastp, step_2AS_denovo__spades, step_4TY_cgMLST__chewbbaca","step_1PP_trimming__fastp, step_2AS_denovo__spades, step_4TY_cgMLST__chewbbaca","step_1PP_trimming__fastp, step_2AS_denovo__spades, step_4TY_cgMLST__chewbbaca","997","43","3","2","21.4","Pipeline approved. The Nextflow DSL2 pipeline will be built using the following steps:

1. **Trimming**: `step_1PP_trimming__fastp` for preprocessing paired Illumina FASTQ files.
2. **Assembly**: `step_2AS_denovo__spades` for de novo assembly of trimmed reads.
3. **cgMLST Typing**: `step_4TY_cgMLST_","nextflow.enable.dsl=2

// --- IMPORTS ---

include { step_2AS_denovo__spades } from '../steps/step_2AS_denovo__spades'

include { getSingleInput } from '../functions/parameters.nf'

include { step_1PP_trimming__fastp } from '../steps/step_1PP_trimming__fastp'

include { step_4TY_cgMLST__chewbbaca } from '../steps/step_4TY_cgMLST__chewbbaca'

// --- GLOBALS ---

def genusSpecies = ""Listeria_monocytogenes""

def schemaName = ""l_mono_chewie_1748_220623""

def schemaPath = ""${params.assets_dir}/module_cgmlst_listeria_monocytogenes/l_mono_chewie_1748_220623.zip""

// --- INLINE PROCESSES ---

// --- SUB WORKFLOWS ---

workflow wf_cgmlst_listeria_monocytogenes {
    
    take:
        
        reads
        
    
    main:
        trimmed = step_1PP_trimming__fastp(reads)

        assembly = step_2AS_denovo__spades(trimmed)
        step_4TY_cgMLST__chewbbaca(assembly, [genusSpecies], schemaPath)
    
}

// --- ENTRYPOINT ---
workflow {
    wf_cgmlst_listeria_monocytogenes(getSingleInput())
}","nextflow.enable.dsl=2

include { getSingleInput; optionalOrDefault; param } from '../functions/parameters.nf'
include { step_1PP_trimming__fastp } from '../steps/step_1PP_trimming__fastp'
include { step_2AS_denovo__spades } from '../steps/step_2AS_denovo__spades'
include { step_4TY_cgMLST__chewbbaca } from '../steps/step_4TY_cgMLST__chewbbaca'
workflow {
    trimmed   = step_1PP_trimming__fastp(getSingleInput()).trimmed
    assembled = step_2AS_denovo__spades(trimmed).assembled
    step_4TY_cgMLST__chewbbaca(assembled, param('genus_species'), optionalOrDefault('schema', ''))
}
"
"E03_cgmlst_sal_fastp_spades","E03_cgmlst_sal_fastp_spades","E03","Generate cgMLST profiles for Salmonella enterica starting from paired-end Illumina FASTQ.","Y","N","missing_param","ERROR ~ missing required param: step_3TX_species__kmerfinder__db","0","9","N","step_0SQ_rawreads__fastq, step_2AS_denovo__shovill, step_3TX_species__kmerfinder","step_2AS_denovo__spades","","step_0SQ_rawreads__fastq, step_1PP_trimming__fastp, step_2AS_denovo__shovill, step_3TX_species__kmerfinder, step_4TY_cgMLST__chewbbaca","step_0SQ_rawreads__fastq, step_1PP_trimming__fastp, step_2AS_denovo__shovill, step_3TX_species__kmerfinder, step_4TY_cgMLST__chewbbaca","step_1PP_trimming__fastp, step_2AS_denovo__spades, step_4TY_cgMLST__chewbbaca","1238","45","5","2","17.7","Pipeline approved. Proceeding with the generation of cgMLST profiles for *Salmonella enterica* using the following steps:

1. **Quality Control**: FastQC (`step_0SQ_rawreads__fastq`) for raw reads.
2. **Preprocessing**: Trimming with `fastp` (`step_1PP_trimming__fastp`).
3. **Assembly**: De novo ass","nextflow.enable.dsl=2

// --- IMPORTS ---

include { getInput } from '../functions/parameters.nf'

include { step_3TX_species__kmerfinder } from '../steps/step_3TX_species__kmerfinder'

include { step_4TY_cgMLST__chewbbaca } from '../steps/step_4TY_cgMLST__chewbbaca'

include { step_1PP_trimming__fastp } from '../steps/step_1PP_trimming__fastp'

include { step_0SQ_rawreads__fastq } from '../steps/step_0SQ_rawreads__fastq'

include { step_2AS_denovo__shovill } from '../steps/step_2AS_denovo__shovill'

// --- GLOBALS ---

def genusSpecies = 'Salmonella_enterica'

def cgMLSTSchema = 's_enterica_chewie_3255_210531'

// --- INLINE PROCESSES ---

// --- SUB WORKFLOWS ---

// --- ENTRYPOINT ---
workflow {
    raw_reads = getInput()

    // 1. Quality Control (FastQC)
    step_0SQ_rawreads__fastq(raw_reads)

    // 2. Preprocessing (Trimming with fastp)
    trimmed_reads = step_1PP_trimming__fastp(raw_reads).trimmed

    // 3. Assembly (De novo assembly with Shovill)
    assembly = step_2AS_denovo__shovill(trimmed_reads).assembly

    // 4. Species Identification (KmerFinder)
    step_3TX_species__kmerfinder(assembly)

    // 5. cgMLST Profiling (chewBBACA)
    step_4TY_cgMLST__chewbbaca(assembly, genusSpecies, cgMLSTSchema)
}","nextflow.enable.dsl=2

include { getSingleInput; optionalOrDefault; param } from '../functions/parameters.nf'
include { step_1PP_trimming__fastp } from '../steps/step_1PP_trimming__fastp'
include { step_2AS_denovo__spades } from '../steps/step_2AS_denovo__spades'
include { step_4TY_cgMLST__chewbbaca } from '../steps/step_4TY_cgMLST__chewbbaca'
workflow {
    trimmed   = step_1PP_trimming__fastp(getSingleInput()).trimmed
    assembled = step_2AS_denovo__spades(trimmed).assembled
    step_4TY_cgMLST__chewbbaca(assembled, param('genus_species'), optionalOrDefault('schema', ''))
}
"
"E04_cgmlst_eco_fastp_shovill","E04_cgmlst_eco_fastp_shovill","E04","E. coli cgMLST typing from Illumina paired FASTQ using fastp + Shovill + chewbbaca.","Y","Y","none","","9","9","Y","","","","step_1PP_trimming__fastp, step_2AS_denovo__shovill, step_4TY_cgMLST__chewbbaca","step_1PP_trimming__fastp, step_2AS_denovo__shovill, step_4TY_cgMLST__chewbbaca","step_1PP_trimming__fastp, step_2AS_denovo__shovill, step_4TY_cgMLST__chewbbaca","761","32","3","2","13.9","Pipeline approved. Proceeding with the construction of the E. coli cgMLST typing pipeline using fastp + Shovill + chewbbaca.","nextflow.enable.dsl=2

// --- IMPORTS ---

include { step_4TY_cgMLST__chewbbaca } from '../steps/step_4TY_cgMLST__chewbbaca'

include { getSingleInput } from '../functions/parameters.nf'

include { step_1PP_trimming__fastp } from '../steps/step_1PP_trimming__fastp'

include { step_2AS_denovo__shovill } from '../steps/step_2AS_denovo__shovill'

// --- GLOBALS ---

def genusSpecies = 'Escherichia_coli'

def cgMLSTSchema = 'e_coli_chewie_2360_210531'

// --- INLINE PROCESSES ---

// --- SUB WORKFLOWS ---

// --- ENTRYPOINT ---
workflow {
    rawreads = getSingleInput()

    trimmed = step_1PP_trimming__fastp(rawreads).trimmed

    assembly = step_2AS_denovo__shovill(trimmed).assembly

    step_4TY_cgMLST__chewbbaca(assembly, genusSpecies, cgMLSTSchema)
}","nextflow.enable.dsl=2

include { getSingleInput; optionalOrDefault; param } from '../functions/parameters.nf'
include { step_1PP_trimming__fastp } from '../steps/step_1PP_trimming__fastp'
include { step_2AS_denovo__shovill } from '../steps/step_2AS_denovo__shovill'
include { step_4TY_cgMLST__chewbbaca } from '../steps/step_4TY_cgMLST__chewbbaca'
workflow {
    trimmed   = step_1PP_trimming__fastp(getSingleInput()).trimmed
    assembled = step_2AS_denovo__shovill(trimmed).assembly
    step_4TY_cgMLST__chewbbaca(assembled, param('genus_species'), optionalOrDefault('schema', ''))
}
"
"E05_flaa_cam","E05_flaa_cam","E05","flaA typing pipeline for Campylobacter from paired-end Illumina FASTQ.","Y","N","missing_param","ERROR ~ missing required param: step_3TX_species__kmerfinder__db","0","7","N","step_2AS_denovo__shovill, step_3TX_species__kmerfinder","","","step_1PP_trimming__fastp, step_2AS_denovo__shovill, step_2AS_denovo__spades, step_3TX_species__kmerfinder, step_4TY_flaA__flaA","step_1PP_trimming__fastp, step_3TX_species__kmerfinder, step_2AS_denovo__spades, step_4TY_flaA__flaA, step_2AS_denovo__shovill","step_1PP_trimming__fastp, step_2AS_denovo__spades, step_4TY_flaA__flaA","1895","76","5","2","15.8","Pipeline approved! I will now generate the detailed plan for the Architect Agent.","nextflow.enable.dsl=2

// --- IMPORTS ---

include { getSingleInput } from '../functions/parameters.nf'

include { step_1PP_trimming__fastp } from '../steps/step_1PP_trimming__fastp'

include { step_2AS_denovo__shovill } from '../steps/step_2AS_denovo__shovill'

include { step_2AS_denovo__spades } from '../steps/step_2AS_denovo__spades'

include { step_3TX_species__kmerfinder } from '../steps/step_3TX_species__kmerfinder'

include { step_4TY_flaA__flaA } from '../steps/step_4TY_flaA__flaA'

// --- GLOBALS ---

def flaASchema = 'flaA'

def flaAGenusAllowed = ['campylobacter']

// --- INLINE PROCESSES ---

// --- SUB WORKFLOWS ---

workflow wf_flaA_typing {
    
    take:
        
        rawReads
        
    
    main:
        trimmed = step_1PP_trimming__fastp(rawReads)

        // Species confirmation using kmerfinder
        kmerfinder_out = step_3TX_species__kmerfinder(trimmed)
        assigned_species = kmerfinder_out.assigned_species.map { [ it[0], it[1] ] }

        // De novo assembly (using SPAdes)
        assembly = step_2AS_denovo__spades(trimmed).assembled

        // flaA typing
        step_4TY_flaA__flaA(assembly, assigned_species)
    
}

workflow wf_flaA_typing_shovill {
    
    take:
        
        rawReads
        
    
    main:
        trimmed = step_1PP_trimming__fastp(rawReads)

        // Species confirmation using kmerfinder
        kmerfinder_out = step_3TX_species__kmerfinder(trimmed)
        assigned_species = kmerfinder_out.assigned_species.map { [ it[0], it[1] ] }

        // De novo assembly (using Shovill)
        assembly = step_2AS_denovo__shovill(trimmed).assembly

        // flaA typing
        step_4TY_flaA__flaA(assembly, assigned_species)
    
}

// --- ENTRYPOINT ---
workflow {
    // Choose assembly method: SPAdes (default) or Shovill
    // wf_flaA_typing(getSingleInput())
    wf_flaA_typing_shovill(getSingleInput())
}","nextflow.enable.dsl=2

include { getSingleInput; optionalOrDefault; param } from '../functions/parameters.nf'
include { step_1PP_trimming__fastp } from '../steps/step_1PP_trimming__fastp'
include { step_2AS_denovo__spades } from '../steps/step_2AS_denovo__spades'
include { step_4TY_flaA__flaA } from '../steps/step_4TY_flaA__flaA'
workflow {
    trimmed   = step_1PP_trimming__fastp(getSingleInput()).trimmed
    assembled = step_2AS_denovo__spades(trimmed).assembled
    step_4TY_flaA__flaA(assembled, param('genus_species'))
}
"
"E06_staramr_cam","E06_staramr_cam","E06","AMR analysis with staramr for Campylobacter from paired Illumina FASTQ (trim + assembly + staramr).","Y","Y","none","","7","7","Y","","","","step_1PP_trimming__fastp, step_2AS_denovo__spades, step_4AN_AMR__staramr","step_1PP_trimming__fastp, step_2AS_denovo__spades, step_4AN_AMR__staramr","step_1PP_trimming__fastp, step_2AS_denovo__spades, step_4AN_AMR__staramr","644","26","3","2","12.2","AMR analysis pipeline for Campylobacter from paired Illumina FASTQ reads has been approved. The pipeline will include trimming with `fastp`, assembly with `SPAdes`, and AMR analysis with `staramr`.","nextflow.enable.dsl=2

// --- IMPORTS ---

include { getSingleInput } from '../functions/parameters.nf'

include { step_4AN_AMR__staramr } from '../steps/step_4AN_AMR__staramr'

include { step_1PP_trimming__fastp } from '../steps/step_1PP_trimming__fastp'

include { step_2AS_denovo__spades } from '../steps/step_2AS_denovo__spades'

// --- GLOBALS ---

def genusSpecies = 'Campylobacter'

// --- INLINE PROCESSES ---

// --- SUB WORKFLOWS ---

// --- ENTRYPOINT ---
workflow {
    trimmed = step_1PP_trimming__fastp(getSingleInput())
    assembly = step_2AS_denovo__spades(trimmed)
    step_4AN_AMR__staramr(assembly.assembled, genusSpecies)
}","nextflow.enable.dsl=2

include { getSingleInput; optionalOrDefault; param } from '../functions/parameters.nf'
include { step_1PP_trimming__fastp } from '../steps/step_1PP_trimming__fastp'
include { step_2AS_denovo__spades } from '../steps/step_2AS_denovo__spades'
include { step_4AN_AMR__staramr } from '../steps/step_4AN_AMR__staramr'
workflow {
    trimmed   = step_1PP_trimming__fastp(getSingleInput()).trimmed
    assembled = step_2AS_denovo__spades(trimmed).assembled
    step_4AN_AMR__staramr(assembled, param('genus_species'))
}
"
"E07_abricate_eco","E07_abricate_eco","E07","Resistance gene detection with ABRicate on Escherichia coli from Illumina paired FASTQ.","Y","N","missing_param","ERROR ~ missing required param: step_3TX_species__kmerfinder__db","0","7","N","step_2AS_denovo__shovill, step_3TX_species__kmerfinder","step_2AS_denovo__spades","","step_1PP_trimming__fastp, step_2AS_denovo__shovill, step_3TX_species__kmerfinder, step_4AN_AMR__abricate","step_3TX_species__kmerfinder, step_2AS_denovo__shovill, step_4AN_AMR__abricate, step_1PP_trimming__fastp","step_1PP_trimming__fastp, step_2AS_denovo__spades, step_4AN_AMR__abricate","1858","81","4","2","17.2","Pipeline approved. Proceeding with resistance gene detection for *Escherichia coli* using ABRicate.","nextflow.enable.dsl=2

// --- IMPORTS ---

include { step_4AN_AMR__abricate } from '../steps/step_4AN_AMR__abricate'

include { getSingleInput } from '../functions/parameters.nf'

include { step_1PP_trimming__fastp } from '../steps/step_1PP_trimming__fastp'

include { step_2AS_denovo__shovill } from '../steps/step_2AS_denovo__shovill'

include { step_3TX_species__kmerfinder } from '../steps/step_3TX_species__kmerfinder'

// --- GLOBALS ---

def escherichiaColiSpecies = 'Escherichia coli'

// --- INLINE PROCESSES ---

// --- SUB WORKFLOWS ---

workflow wf_escherichia_coli_resistance_detection {
    
    take:
        
        trimmed
        
    
    main:
        trimmed.multiMap {
            trimmed: it
        }
        .set { trimmedMap }

        // Species confirmation with KmerFinder
        kmerfinder_out = step_3TX_species__kmerfinder(trimmedMap.trimmed)

        // Branch based on species confirmation
        kmerfinder_out.assigned_species.branch {
            ecoli: it[1] == escherichiaColiSpecies
            not_ecoli: true
        }
        .set { speciesBranched }

        // Assembly with Shovill (only for E. coli)
        shovill_out = step_2AS_denovo__shovill(speciesBranched.ecoli)

        // Resistance gene detection with ABRicate
        step_4AN_AMR__abricate(shovill_out.assembly)
    
}

workflow wf_preprocess_illumina_paired {
    
    take:
        
        rawreads
        
    
    main:
        trimmed = step_1PP_trimming__fastp(rawreads).trimmed
    
    emit:
        
        trimmed
        
    
}

// --- ENTRYPOINT ---
workflow {
    // Preprocess Illumina paired FASTQ reads
    rawreads = getSingleInput()

    // Preprocessing: Trimming
    wf_preprocess_illumina_paired(rawreads)

    // Resistance detection pipeline for Escherichia coli
    wf_escherichia_coli_resistance_detection(trimmed)
}","nextflow.enable.dsl=2

include { getSingleInput; optionalOrDefault; param } from '../functions/parameters.nf'
include { step_1PP_trimming__fastp } from '../steps/step_1PP_trimming__fastp'
include { step_2AS_denovo__spades } from '../steps/step_2AS_denovo__spades'
include { step_4AN_AMR__abricate } from '../steps/step_4AN_AMR__abricate'
workflow {
    trimmed   = step_1PP_trimming__fastp(getSingleInput()).trimmed
    assembled = step_2AS_denovo__spades(trimmed).assembled
    step_4AN_AMR__abricate(assembled)
}
"
"E08_prokka_lis","E08_prokka_lis","E08","Annotate a Listeria monocytogenes genome with Prokka, starting from paired Illumina FASTQ (trim + assembly + Prokka).","Y","Y","none","","7","7","N","step_2AS_denovo__shovill","step_2AS_denovo__spades","","step_1PP_trimming__fastp, step_2AS_denovo__shovill, step_4AN_genes__prokka","step_1PP_trimming__fastp, step_2AS_denovo__shovill, step_4AN_genes__prokka","step_1PP_trimming__fastp, step_2AS_denovo__spades, step_4AN_genes__prokka","882","40","3","2","16.7","Understood! The pipeline for annotating *Listeria monocytogenes* from paired Illumina FASTQ reads has been approved. Here is the detailed plan for the Architect Agent:

---
**Pipeline Name**: Listeria monocytogenes genome annotation from Illumina FASTQ
**Description**: This pipeline trims paired Ill","nextflow.enable.dsl=2

// --- IMPORTS ---

include { getSingleInput } from '../functions/parameters.nf'

include { step_1PP_trimming__fastp } from '../steps/step_1PP_trimming__fastp'

include { step_2AS_denovo__shovill } from '../steps/step_2AS_denovo__shovill'

include { step_4AN_genes__prokka } from '../steps/step_4AN_genes__prokka'

include { getEmpty } from '../functions/common.nf'

// --- GLOBALS ---

def kingdom = 'Bacteria'

// --- INLINE PROCESSES ---

// --- SUB WORKFLOWS ---

workflow wf_listeria_annotation {
    
    take:
        
        raw_reads
        
    
    main:
        trimmed = step_1PP_trimming__fastp(raw_reads)
        assembly = step_2AS_denovo__shovill(trimmed)
        step_4AN_genes__prokka(assembly.map { [ it[0], it[1], kingdom, '-', '-', getEmpty() ] })
    
}

// --- ENTRYPOINT ---
workflow {
    wf_listeria_annotation(getSingleInput())
}","nextflow.enable.dsl=2

include { getSingleInput; optionalOrDefault; param } from '../functions/parameters.nf'
include { step_1PP_trimming__fastp } from '../steps/step_1PP_trimming__fastp'
include { step_2AS_denovo__spades } from '../steps/step_2AS_denovo__spades'
include { step_4AN_genes__prokka } from '../steps/step_4AN_genes__prokka'
workflow {
    trimmed   = step_1PP_trimming__fastp(getSingleInput()).trimmed
    assembled = step_2AS_denovo__spades(trimmed).assembled
    step_4AN_genes__prokka(assembled)
}
"
"E09_mlst_eco_trimmomatic","E09_mlst_eco_trimmomatic","E09","MLST on E. coli paired Illumina reads: Trimmomatic + SPAdes + mlst.","N","N","arity_error","ERROR ~ Workflow `step_1PP_trimming__trimmomatic` declares 1 input channels but 0 were given","3","7","N","step_0SQ_rawreads__fastq","","","step_0SQ_rawreads__fastq, step_1PP_trimming__trimmomatic, step_2AS_denovo__spades, step_4TY_MLST__mlst","step_0SQ_rawreads__fastq, step_1PP_trimming__trimmomatic, step_2AS_denovo__spades, step_4TY_MLST__mlst","step_1PP_trimming__trimmomatic, step_2AS_denovo__spades, step_4TY_MLST__mlst","905","29","4","2","13.3","Pipeline approved! The Nextflow DSL2 pipeline for MLST on *E. coli* paired Illumina reads will be built using Trimmomatic for trimming, SPAdes for assembly, and mlst for typing. The pipeline will be constructed as a custom build.","nextflow.enable.dsl=2

// --- IMPORTS ---

include { step_4TY_MLST__mlst } from '../steps/step_4TY_MLST__mlst'

include { step_2AS_denovo__spades } from '../steps/step_2AS_denovo__spades'

include { getSingleInput } from '../functions/parameters.nf'

include { step_1PP_trimming__trimmomatic } from '../steps/step_1PP_trimming__trimmomatic'

include { step_0SQ_rawreads__fastq } from '../steps/step_0SQ_rawreads__fastq'

// --- GLOBALS ---

def mlstExcludedSchemas = 'abaumannii,campylobacter,clostridium,haemophilus,helicobacter,legionella,listeria,mycobacterium,pseudomonas,salmonella,streptococcus'

// --- INLINE PROCESSES ---

// --- SUB WORKFLOWS ---

// --- ENTRYPOINT ---
workflow {
    rawreads = step_0SQ_rawreads__fastq(getSingleInput())
    trimmed = step_1PP_trimming__trimmomatic(rawreads).trimmed
    assembly = step_2AS_denovo__spades(trimmed).assembled
    step_4TY_MLST__mlst(assembly)
}","nextflow.enable.dsl=2

include { getSingleInput; optionalOrDefault; param } from '../functions/parameters.nf'
include { step_1PP_trimming__trimmomatic } from '../steps/step_1PP_trimming__trimmomatic'
include { step_2AS_denovo__spades } from '../steps/step_2AS_denovo__spades'
include { step_4TY_MLST__mlst } from '../steps/step_4TY_MLST__mlst'
workflow {
    trimmed   = step_1PP_trimming__trimmomatic(getSingleInput()).trimmed
    assembled = step_2AS_denovo__spades(trimmed).assembled
    step_4TY_MLST__mlst(assembled)
}
"
"E10_mlst_sal_shovill","E10_mlst_sal_shovill","E10","Salmonella enterica MLST: fastp + Shovill + mlst.","Y","Y","none","","7","7","Y","","","","step_1PP_trimming__fastp, step_2AS_denovo__shovill, step_4TY_MLST__mlst","step_1PP_trimming__fastp, step_2AS_denovo__shovill, step_4TY_MLST__mlst","step_1PP_trimming__fastp, step_2AS_denovo__shovill, step_4TY_MLST__mlst","615","26","3","2","13.1","Pipeline approved! I will now generate the detailed plan for the Architect Agent.","nextflow.enable.dsl=2

// --- IMPORTS ---

include { getSingleInput } from '../functions/parameters.nf'

include { step_1PP_trimming__fastp } from '../steps/step_1PP_trimming__fastp'

include { step_4TY_MLST__mlst } from '../steps/step_4TY_MLST__mlst'

include { step_2AS_denovo__shovill } from '../steps/step_2AS_denovo__shovill'

// --- GLOBALS ---

def mlstExcludedSchemas = 'none'

// --- INLINE PROCESSES ---

// --- SUB WORKFLOWS ---

// --- ENTRYPOINT ---
workflow {
    trimmed = step_1PP_trimming__fastp(getSingleInput())
    assembly = step_2AS_denovo__shovill(trimmed)
    step_4TY_MLST__mlst(assembly)
}","nextflow.enable.dsl=2

include { getSingleInput; optionalOrDefault; param } from '../functions/parameters.nf'
include { step_1PP_trimming__fastp } from '../steps/step_1PP_trimming__fastp'
include { step_2AS_denovo__shovill } from '../steps/step_2AS_denovo__shovill'
include { step_4TY_MLST__mlst } from '../steps/step_4TY_MLST__mlst'
workflow {
    trimmed   = step_1PP_trimming__fastp(getSingleInput()).trimmed
    assembled = step_2AS_denovo__shovill(trimmed).assembly
    step_4TY_MLST__mlst(assembled)
}
"
"E11_cgmlst_lis_shovill","E11_cgmlst_lis_shovill","E11","Listeria cgMLST starting from Illumina paired reads: trim, Shovill assembly, chewbbaca typing.","Y","Y","none","","9","9","Y","","","","step_1PP_trimming__fastp, step_2AS_denovo__shovill, step_4TY_cgMLST__chewbbaca","step_1PP_trimming__fastp, step_2AS_denovo__shovill, step_4TY_cgMLST__chewbbaca","step_1PP_trimming__fastp, step_2AS_denovo__shovill, step_4TY_cgMLST__chewbbaca","718","28","3","2","15.2","Your Listeria cgMLST pipeline has been approved and will proceed with the following steps:

1. **Trimming**: Illumina paired reads will be trimmed using `fastp` (`step_1PP_trimming__fastp`).
2. **Assembly**: The trimmed reads will be assembled using `Shovill` (`step_2AS_denovo__shovill`).
3. **Typin","nextflow.enable.dsl=2

// --- IMPORTS ---

include { getSingleInput } from '../functions/parameters.nf'

include { step_1PP_trimming__fastp } from '../steps/step_1PP_trimming__fastp'

include { step_4TY_cgMLST__chewbbaca } from '../steps/step_4TY_cgMLST__chewbbaca'

include { step_2AS_denovo__shovill } from '../steps/step_2AS_denovo__shovill'

// --- GLOBALS ---

def genusSpecies = 'Listeria'

def cgMLSTSchema = 'l_mono_chewie_1748_220623'

// --- INLINE PROCESSES ---

// --- SUB WORKFLOWS ---

// --- ENTRYPOINT ---
workflow {
    trimmed = step_1PP_trimming__fastp(getSingleInput())
    assembly = step_2AS_denovo__shovill(trimmed)
    step_4TY_cgMLST__chewbbaca(assembly.assembly, genusSpecies, cgMLSTSchema)
}","nextflow.enable.dsl=2

include { getSingleInput; optionalOrDefault; param } from '../functions/parameters.nf'
include { step_1PP_trimming__fastp } from '../steps/step_1PP_trimming__fastp'
include { step_2AS_denovo__shovill } from '../steps/step_2AS_denovo__shovill'
include { step_4TY_cgMLST__chewbbaca } from '../steps/step_4TY_cgMLST__chewbbaca'
workflow {
    trimmed   = step_1PP_trimming__fastp(getSingleInput()).trimmed
    assembled = step_2AS_denovo__shovill(trimmed).assembly
    step_4TY_cgMLST__chewbbaca(assembled, param('genus_species'), optionalOrDefault('schema', ''))
}
"
"E12_mlst_cam","E12_mlst_cam","E12","MLST analysis for Campylobacter from paired Illumina FASTQ (fastp + SPAdes + mlst).","Y","Y","none","","7","7","Y","","","","step_1PP_trimming__fastp, step_2AS_denovo__spades, step_4TY_MLST__mlst","step_1PP_trimming__fastp, step_2AS_denovo__spades, step_4TY_MLST__mlst","step_1PP_trimming__fastp, step_2AS_denovo__spades, step_4TY_MLST__mlst","624","28","3","2","14.2","Understood! The MLST analysis pipeline for Campylobacter from paired Illumina FASTQ data has been approved. The detailed plan will now be generated for the Architect Agent.","nextflow.enable.dsl=2

// --- IMPORTS ---

include { getSingleInput } from '../functions/parameters.nf'

include { step_1PP_trimming__fastp } from '../steps/step_1PP_trimming__fastp'

include { step_2AS_denovo__spades } from '../steps/step_2AS_denovo__spades'

include { step_4TY_MLST__mlst } from '../steps/step_4TY_MLST__mlst'

// --- GLOBALS ---

def mlstSchema = 'campylobacter'

// --- INLINE PROCESSES ---

// --- SUB WORKFLOWS ---

// --- ENTRYPOINT ---
workflow {
    trimmed = step_1PP_trimming__fastp(getSingleInput())

    assembly = step_2AS_denovo__spades(trimmed)

    step_4TY_MLST__mlst(assembly.assembled)
}","nextflow.enable.dsl=2

include { getSingleInput; optionalOrDefault; param } from '../functions/parameters.nf'
include { step_1PP_trimming__fastp } from '../steps/step_1PP_trimming__fastp'
include { step_2AS_denovo__spades } from '../steps/step_2AS_denovo__spades'
include { step_4TY_MLST__mlst } from '../steps/step_4TY_MLST__mlst'
workflow {
    trimmed   = step_1PP_trimming__fastp(getSingleInput()).trimmed
    assembled = step_2AS_denovo__spades(trimmed).assembled
    step_4TY_MLST__mlst(assembled)
}
"
"E13_abricate_sal","E13_abricate_sal","E13","Antimicrobial resistance gene screening with ABRicate for Salmonella enterica from paired Illumina FASTQ.","Y","N","file_not_found","WARN: file not found: '/mnt/data/cohesive_llm_bench_scratch/_shared_inputdir/2026/2026.SAL.7.1.1/0SQ_rawreads/DS99999-DT260224_import/result/*.fastq*'","0","7","N","step_2AS_denovo__shovill","step_2AS_denovo__spades","","step_1PP_trimming__fastp, step_2AS_denovo__shovill, step_4AN_AMR__abricate","step_1PP_trimming__fastp, step_2AS_denovo__shovill, step_4AN_AMR__abricate","step_1PP_trimming__fastp, step_2AS_denovo__spades, step_4AN_AMR__abricate","812","30","3","2","21.7","Pipeline approved. The draft plan has been finalized and will be forwarded to the Architect for implementation.","nextflow.enable.dsl=2

// --- IMPORTS ---

include { step_4AN_AMR__abricate } from '../steps/step_4AN_AMR__abricate'

include { getSingleInput } from '../functions/parameters.nf'

include { step_1PP_trimming__fastp } from '../steps/step_1PP_trimming__fastp'

include { step_2AS_denovo__shovill } from '../steps/step_2AS_denovo__shovill'

// --- GLOBALS ---

def step_1PP_trimming__fastp = '../steps/step_1PP_trimming__fastp/main.nf'

def step_2AS_denovo__shovill = '../steps/step_2AS_denovo__shovill/main.nf'

def step_4AN_AMR__abricate = '../steps/step_4AN_AMR__abricate/main.nf'

// --- INLINE PROCESSES ---

// --- SUB WORKFLOWS ---

// --- ENTRYPOINT ---
workflow {
    trimmed = step_1PP_trimming__fastp(getSingleInput())
    contigs = step_2AS_denovo__shovill(trimmed)
    step_4AN_AMR__abricate(contigs)
}","nextflow.enable.dsl=2

include { getSingleInput; optionalOrDefault; param } from '../functions/parameters.nf'
include { step_1PP_trimming__fastp } from '../steps/step_1PP_trimming__fastp'
include { step_2AS_denovo__spades } from '../steps/step_2AS_denovo__spades'
include { step_4AN_AMR__abricate } from '../steps/step_4AN_AMR__abricate'
workflow {
    trimmed   = step_1PP_trimming__fastp(getSingleInput()).trimmed
    assembled = step_2AS_denovo__spades(trimmed).assembled
    step_4AN_AMR__abricate(assembled)
}
"
"E14_prokka_eco","E14_prokka_eco","E14","Annotate an E. coli assembly with Prokka, starting from paired Illumina reads.","N","N","arity_error","ERROR ~ Workflow `step_1PP_trimming__fastp` declares 1 input channels but 0 were given","3","7","N","step_0SQ_rawreads__fastq, step_2AS_denovo__shovill","step_2AS_denovo__spades","","step_0SQ_rawreads__fastq, step_1PP_trimming__fastp, step_2AS_denovo__shovill, step_4AN_genes__prokka","step_0SQ_rawreads__fastq, step_1PP_trimming__fastp, step_2AS_denovo__shovill, step_4AN_genes__prokka","step_1PP_trimming__fastp, step_2AS_denovo__spades, step_4AN_genes__prokka","1072","45","4","2","20.0","Understood! The pipeline for annotating an *E. coli* assembly with Prokka, starting from paired Illumina reads, has been approved. I will now generate the detailed plan for the Architect Agent.","nextflow.enable.dsl=2

// --- IMPORTS ---

include { getInput } from '../functions/parameters.nf'

include { step_4AN_genes__prokka } from '../steps/step_4AN_genes__prokka'

include { getEmpty } from '../functions/common.nf'

include { step_1PP_trimming__fastp } from '../steps/step_1PP_trimming__fastp'

include { step_0SQ_rawreads__fastq } from '../steps/step_0SQ_rawreads__fastq'

include { step_2AS_denovo__shovill } from '../steps/step_2AS_denovo__shovill'

// --- GLOBALS ---

def prokkaKingdom = 'Bacteria'

// --- INLINE PROCESSES ---

// --- SUB WORKFLOWS ---

// --- ENTRYPOINT ---
workflow {
    // 1. Input Handling
    rawreads = step_0SQ_rawreads__fastq(getInput())

    // 2. Trimming
    trimmed = step_1PP_trimming__fastp(rawreads).trimmed

    // 3. De Novo Assembly
    assembly = step_2AS_denovo__shovill(trimmed).assembly

    // 4. Annotation
    assembly.multiMap {
        assembly: it
        kingdom: prokkaKingdom
        riscd_ref: '-'
        refid: '-'
        refpath: getEmpty()
    }.set { prokkaIn }
    step_4AN_genes__prokka(prokkaIn)
}","nextflow.enable.dsl=2

include { getSingleInput; optionalOrDefault; param } from '../functions/parameters.nf'
include { step_1PP_trimming__fastp } from '../steps/step_1PP_trimming__fastp'
include { step_2AS_denovo__spades } from '../steps/step_2AS_denovo__spades'
include { step_4AN_genes__prokka } from '../steps/step_4AN_genes__prokka'
workflow {
    trimmed   = step_1PP_trimming__fastp(getSingleInput()).trimmed
    assembled = step_2AS_denovo__spades(trimmed).assembled
    step_4AN_genes__prokka(assembled)
}
"
"E15_cgmlst_lis_trimmomatic","E15_cgmlst_lis_trimmomatic","E15","Listeria monocytogenes cgMLST allelic profiles: Trimmomatic + SPAdes + chewbbaca.","Y","Y","none","","9","9","Y","","","","step_1PP_trimming__trimmomatic, step_2AS_denovo__spades, step_4TY_cgMLST__chewbbaca","step_1PP_trimming__trimmomatic, step_2AS_denovo__spades, step_4TY_cgMLST__chewbbaca","step_1PP_trimming__trimmomatic, step_2AS_denovo__spades, step_4TY_cgMLST__chewbbaca","961","33","3","2","18.4","Pipeline approved! The detailed plan for the Architect Agent will be generated now.","nextflow.enable.dsl=2

// --- IMPORTS ---

include { step_2AS_denovo__spades } from '../steps/step_2AS_denovo__spades'

include { step_1PP_trimming__trimmomatic } from '../steps/step_1PP_trimming__trimmomatic'

include { getSingleInput } from '../functions/parameters.nf'

include { step_4TY_cgMLST__chewbbaca } from '../steps/step_4TY_cgMLST__chewbbaca'

// --- GLOBALS ---

def genusSpecies = 'Listeria monocytogenes'

def cgMLSTSchema = 'l_mono_chewie_1748_220623'

// --- INLINE PROCESSES ---

// --- SUB WORKFLOWS ---

// --- ENTRYPOINT ---
workflow {
    // Step 1: Trim raw Illumina reads using Trimmomatic
    trimmed = step_1PP_trimming__trimmomatic(getSingleInput())

    // Step 2: Assemble trimmed reads into contigs using SPAdes
    assembly = step_2AS_denovo__spades(trimmed)

    // Step 3: Perform cgMLST allelic profiling using chewBBACA with the specified schema
    step_4TY_cgMLST__chewbbaca(assembly.assembled, genusSpecies, cgMLSTSchema)
}","nextflow.enable.dsl=2

include { getSingleInput; optionalOrDefault; param } from '../functions/parameters.nf'
include { step_1PP_trimming__trimmomatic } from '../steps/step_1PP_trimming__trimmomatic'
include { step_2AS_denovo__spades } from '../steps/step_2AS_denovo__spades'
include { step_4TY_cgMLST__chewbbaca } from '../steps/step_4TY_cgMLST__chewbbaca'
workflow {
    trimmed   = step_1PP_trimming__trimmomatic(getSingleInput()).trimmed
    assembled = step_2AS_denovo__spades(trimmed).assembled
    step_4TY_cgMLST__chewbbaca(assembled, param('genus_species'), optionalOrDefault('schema', ''))
}
"
"F01_abricate_assembly","F01_abricate_assembly","F01","Run ABRicate to detect resistance genes on a pre-existing bacterial assembly.","Y","Y","none","","1","1","Y","","","","step_4AN_AMR__abricate","step_4AN_AMR__abricate","step_4AN_AMR__abricate","383","21","1","2","10.2","Understood! The pipeline will proceed with ABRicate (`step_4AN_AMR__abricate`) to detect resistance genes on your pre-existing bacterial assembly.","nextflow.enable.dsl=2

// --- IMPORTS ---

include { step_4AN_AMR__abricate } from '../steps/step_4AN_AMR__abricate'

include { getSingleInput } from '../functions/parameters.nf'

// --- GLOBALS ---

def abricateDb = 'vfdb'

// --- INLINE PROCESSES ---

// --- SUB WORKFLOWS ---

// --- ENTRYPOINT ---
workflow {
    assembly = getSingleInput()
    step_4AN_AMR__abricate(assembly)
}","nextflow.enable.dsl=2

include { getInput; optionalOrDefault; param } from '../functions/parameters.nf'
include { step_4AN_AMR__abricate } from '../steps/step_4AN_AMR__abricate'
workflow {
    step_4AN_AMR__abricate(getInput())
}
"
"F02_prokka_assembly","F02_prokka_assembly","F02","Annotate a bacterial genome assembly with Prokka.","Y","Y","none","","1","1","Y","","","","step_4AN_genes__prokka","step_4AN_genes__prokka","step_4AN_genes__prokka","658","28","1","2","9.5","Understood! I will proceed with annotating your bacterial genome assembly using Prokka (`step_4AN_genes__prokka`).","nextflow.enable.dsl=2

// --- IMPORTS ---

include { getEmpty } from '../functions/common.nf'

include { getSingleInput } from '../functions/parameters.nf'

include { step_4AN_genes__prokka } from '../steps/step_4AN_genes__prokka'

// --- GLOBALS ---

def prokkaKingdom = 'Bacteria'

// --- INLINE PROCESSES ---

// --- SUB WORKFLOWS ---

// --- ENTRYPOINT ---
workflow {
    assembly = getSingleInput()
    assembly.multiMap {
        assembly: it
        kingdom: prokkaKingdom
        reference: [ '-', '-', getEmpty() ]
    }.set { prokkaIn }
    step_4AN_genes__prokka(prokkaIn.assembly.map { [ it[0], it[1], prokkaIn.kingdom, it[0], it[2], it[3] ] })
}","nextflow.enable.dsl=2

include { getInput; optionalOrDefault; param } from '../functions/parameters.nf'
include { step_4AN_genes__prokka } from '../steps/step_4AN_genes__prokka'
workflow {
    step_4AN_genes__prokka(getInput())
}
"
"F03_mash_lis","F03_mash_lis","F03","Sketch-based species ID with Mash on a Listeria isolate (paired Illumina).","Y","N","file_not_found","WARN: file not found: '/mnt/data/cohesive_llm_bench_scratch/_shared_inputdir/2026/2026.LIS.A.1.1/0SQ_rawreads/DS99999-DT260224_import/result/*.fastq*'","0","1","N","","step_3TX_species__mash","","","","step_3TX_species__mash","729","43","0","2","10.1","Understood! I will proceed with the pipeline design for sketch-based species ID using Mash and KmerFinder on your Listeria isolate (paired Illumina reads).","nextflow.enable.dsl=2

// --- IMPORTS ---

include { getSingleInput } from '../functions/parameters.nf'

// --- GLOBALS ---

def stepIdMash = 'step_3TX_species__mash'

def stepIdKmerfinder = 'step_3TX_species__kmerfinder'

// --- INLINE PROCESSES ---

// --- SUB WORKFLOWS ---

workflow wf_species_id {
    
    take:
        
        reads
        
    
    main:
        reads.multiMap {
            reads: it
        }
        .set { readsMap }

        mash_out = ${stepIdMash}(readsMap.reads)
        kmerfinder_out = ${stepIdKmerfinder}(readsMap.reads)
    
    emit:
        
        assigned_species = kmerfinder_out.assigned_species
        
    
}

// --- ENTRYPOINT ---
workflow {
    wf_species_id(getSingleInput())
}","nextflow.enable.dsl=2

include { getSingleInput; optionalOrDefault; param } from '../functions/parameters.nf'
include { step_3TX_species__mash } from '../steps/step_3TX_species__mash'
workflow {
    step_3TX_species__mash(getSingleInput())
}
"
"F04_kraken2_unknown","F04_kraken2_unknown","F04","Classify an unknown bacterial isolate (paired Illumina FASTQ) using Kraken2.","Y","Y","arity_error","ERROR ~ Workflow `step_1PP_trimming__fastp` declares 1 input channels but 0 were given","3","2","N","step_0SQ_rawreads__fastq, step_1PP_trimming__fastp","","","step_0SQ_rawreads__fastq, step_1PP_trimming__fastp, step_3TX_class__kraken2","step_0SQ_rawreads__fastq, step_1PP_trimming__fastp, step_3TX_class__kraken2","step_3TX_class__kraken2","690","26","3","2","10.4","Your pipeline has been approved and will proceed with the following steps:

1. **Input FASTQ**: Handle raw paired Illumina FASTQ files using `step_0SQ_rawreads__fastq`.
2. **Preprocessing**: Trim reads using `step_1PP_trimming__fastp`.
3. **Taxonomic Classification**: Classify trimmed reads with `st","nextflow.enable.dsl=2

// --- IMPORTS ---

include { step_3TX_class__kraken2 } from '../steps/step_3TX_class__kraken2'

include { getSingleInput } from '../functions/parameters.nf'

include { step_0SQ_rawreads__fastq } from '../steps/step_0SQ_rawreads__fastq'

include { step_1PP_trimming__fastp } from '../steps/step_1PP_trimming__fastp'

// --- GLOBALS ---

def kraken2DbPath = ""${params.assets_dir}/step_3TX_class__kraken2/kraken2_std_db""

// --- INLINE PROCESSES ---

// --- SUB WORKFLOWS ---

// --- ENTRYPOINT ---
workflow {
    raw_reads = step_0SQ_rawreads__fastq(getSingleInput())
    trimmed_reads = step_1PP_trimming__fastp(raw_reads)
    step_3TX_class__kraken2(trimmed_reads)
}","nextflow.enable.dsl=2

include { getSingleInput; optionalOrDefault; param } from '../functions/parameters.nf'
include { step_3TX_class__kraken2 } from '../steps/step_3TX_class__kraken2'
workflow {
    step_3TX_class__kraken2(getSingleInput())
}
"
"G01_chopper_flye_lis","G01_chopper_flye_lis","G01","Long-read Nanopore pipeline for Listeria: chopper trimming followed by Flye assembly.","Y","Y","ngsmanager_naming","ERROR ~ unexpected file name: DS99999-DT260224_2026.LIS.B.1.1_R1.fastq.gz","4","4","Y","","","","step_1PP_trimming__chopper, step_2AS_denovo__flye","step_1PP_trimming__chopper, step_2AS_denovo__flye","step_1PP_trimming__chopper, step_2AS_denovo__flye","633","26","2","2","12.4","Pipeline approved. The Nextflow DSL2 pipeline for Long-read Nanopore Listeria data will include:

1. **Input**: Raw Nanopore reads (FASTQ format).
2. **Trimming**: `step_1PP_trimming__chopper` for filtering and trimming Nanopore reads.
3. **Assembly**: `step_2AS_denovo__flye` to assemble the trimmed","nextflow.enable.dsl=2

// --- IMPORTS ---

include { step_1PP_trimming__chopper } from '../steps/step_1PP_trimming__chopper'

include { step_2AS_denovo__flye } from '../steps/step_2AS_denovo__flye'

include { getSingleInput } from '../functions/parameters.nf'

// --- GLOBALS ---

def chopperContainer = ""ghcr.io/nanoporetech/chopper:0.6.0""

def flyeContainer = ""ghcr.io/genpat-it/flye:2.9.3--20240514""

// --- INLINE PROCESSES ---

// --- SUB WORKFLOWS ---

// --- ENTRYPOINT ---
workflow {
    reads = getSingleInput()
    trimmed = step_1PP_trimming__chopper(reads).trimmed
    assembly = step_2AS_denovo__flye(trimmed).assembly
}","nextflow.enable.dsl=2

include { getSingleInput; optionalOrDefault; param } from '../functions/parameters.nf'
include { step_1PP_trimming__chopper } from '../steps/step_1PP_trimming__chopper'
include { step_2AS_denovo__flye } from '../steps/step_2AS_denovo__flye'
workflow {
    trimmed   = step_1PP_trimming__chopper(getSingleInput()).trimmed
    assembled = step_2AS_denovo__flye(trimmed).assembly
}
"
"G02_chopper_flye_eco","G02_chopper_flye_eco","G02","Nanopore Escherichia coli pipeline: chopper + flye.","Y","Y","none","","4","4","Y","","","","step_1PP_trimming__chopper, step_2AS_denovo__flye","step_1PP_trimming__chopper, step_2AS_denovo__flye","step_1PP_trimming__chopper, step_2AS_denovo__flye","894","43","2","2","12.6","Pipeline approved! I will now generate the detailed plan for the Nanopore *Escherichia coli* pipeline using Chopper and Flye.","nextflow.enable.dsl=2

// --- IMPORTS ---

include { step_1PP_trimming__chopper } from '../steps/step_1PP_trimming__chopper'

include { step_2AS_denovo__flye } from '../steps/step_2AS_denovo__flye'

include { getSingleInput } from '../functions/parameters.nf'

// --- GLOBALS ---

def ecoliRiscd = '240515-020240515005121273-1PP_input-nanopore'

def flyeRiscd = '240515-020240515005121273-2AS_assembly-flye'

// --- INLINE PROCESSES ---

// --- SUB WORKFLOWS ---

workflow wf_nanopore_ecoli_assembly {
    
    take:
        
        raw_reads
        
    
    main:
        trimmed = step_1PP_trimming__chopper(raw_reads.ecoli)
        flye_out = step_2AS_denovo__flye(trimmed)
    
    emit:
        
        assembly = flye_out.assembly
        
    
}

// --- ENTRYPOINT ---
workflow {
    raw_reads = [ ecoli: [ ecoliRiscd, getSingleInput() ] ]
    wf_nanopore_ecoli_assembly(raw_reads)
}","nextflow.enable.dsl=2

include { getSingleInput; optionalOrDefault; param } from '../functions/parameters.nf'
include { step_1PP_trimming__chopper } from '../steps/step_1PP_trimming__chopper'
include { step_2AS_denovo__flye } from '../steps/step_2AS_denovo__flye'
workflow {
    trimmed   = step_1PP_trimming__chopper(getSingleInput()).trimmed
    assembled = step_2AS_denovo__flye(trimmed).assembly
}
"
"H01_mlst_plus_cgmlst_lis","H01_mlst_plus_cgmlst_lis","H01","Run both MLST and cgMLST typing on Listeria monocytogenes from paired Illumina FASTQ.","Y","N","missing_param","ERROR ~ missing required param: step_3TX_species__kmerfinder__db","0","10","N","step_2AS_denovo__shovill, step_3TX_species__kmerfinder","step_2AS_denovo__spades","","step_1PP_trimming__fastp, step_2AS_denovo__shovill, step_3TX_species__kmerfinder, step_4TY_MLST__mlst, step_4TY_cgMLST__chewbbaca","step_1PP_trimming__fastp, step_2AS_denovo__shovill, step_3TX_species__kmerfinder, step_4TY_MLST__mlst, step_4TY_cgMLST__chewbbaca","step_1PP_trimming__fastp, step_2AS_denovo__spades, step_4TY_MLST__mlst, step_4TY_cgMLST__chewbbaca","1556","53","5","2","32.6","Pipeline approved. The Nextflow DSL2 pipeline will be built using the following steps and components:

1. **Trimming**: `step_1PP_trimming__fastp` for paired Illumina FASTQ files.
2. **Assembly**: `step_2AS_denovo__shovill` to generate the genome assembly.
3. **Species Confirmation**: `step_3TX_spec","nextflow.enable.dsl=2

// --- IMPORTS ---

include { step_4TY_MLST__mlst } from '../steps/step_4TY_MLST__mlst'

include { getSingleInput } from '../functions/parameters.nf'

include { step_3TX_species__kmerfinder } from '../steps/step_3TX_species__kmerfinder'

include { step_4TY_cgMLST__chewbbaca } from '../steps/step_4TY_cgMLST__chewbbaca'

include { step_1PP_trimming__fastp } from '../steps/step_1PP_trimming__fastp'

include { step_2AS_denovo__shovill } from '../steps/step_2AS_denovo__shovill'

// --- GLOBALS ---

def genusSpecies = 'Listeria monocytogenes'

def cgMLSTSchema = ""${params.assets_dir}/step_4TY_cgMLST__chewbbaca/schemas/Listeria_monocytogenes_Pasteur_cgMLST_2022-06-23T18_03_54.613576.zip""

// --- INLINE PROCESSES ---

// --- SUB WORKFLOWS ---

// --- ENTRYPOINT ---
workflow {
    // 1. Input Handling
    rawreads = getSingleInput()

    // 2. Trimming (Step 1PP)
    trimmed = step_1PP_trimming__fastp(rawreads).trimmed

    // 3. Assembly (Step 2AS)
    assembly = step_2AS_denovo__shovill(trimmed).assembly

    // 4. Species Confirmation (Step 3TX)
    assigned_species = step_3TX_species__kmerfinder(assembly).assigned_species

    // 5. MLST Typing (Step 4TY)
    step_4TY_MLST__mlst(assembly)

    // 6. cgMLST Typing (Step 4TY)
    // Cross assembly with genus_species and schema
    assembly.multiMap {
        assembly: it
        genus_species: genusSpecies
        schema: cgMLSTSchema
    }.set { cgmlst_input }

    step_4TY_cgMLST__chewbbaca(cgmlst_input.assembly, cgmlst_input.genus_species, cgmlst_input.schema)
}","nextflow.enable.dsl=2

include { getSingleInput; optionalOrDefault; param } from '../functions/parameters.nf'
include { step_1PP_trimming__fastp } from '../steps/step_1PP_trimming__fastp'
include { step_2AS_denovo__spades } from '../steps/step_2AS_denovo__spades'
include { step_4TY_MLST__mlst } from '../steps/step_4TY_MLST__mlst'
include { step_4TY_cgMLST__chewbbaca } from '../steps/step_4TY_cgMLST__chewbbaca'
workflow {
    trimmed   = step_1PP_trimming__fastp(getSingleInput()).trimmed
    assembled = step_2AS_denovo__spades(trimmed).assembled
    step_4TY_MLST__mlst(assembled)
    step_4TY_cgMLST__chewbbaca(assembled, param('genus_species'), optionalOrDefault('schema', ''))
}
"
"H02_mlst_plus_flaa_cam","H02_mlst_plus_flaa_cam","H02","Comprehensive Campylobacter typing from paired Illumina FASTQ: MLST + flaA.","Y","N","missing_param","ERROR ~ missing required param: step_3TX_species__kmerfinder__db","0","8","N","step_3TX_species__kmerfinder","","","step_3TX_species__kmerfinder, step_4TY_MLST__mlst, step_4TY_flaA__flaA","step_1PP_trimming__fastp, step_2AS_denovo__spades, step_3TX_species__kmerfinder, step_4TY_MLST__mlst, step_4TY_flaA__flaA","step_1PP_trimming__fastp, step_2AS_denovo__spades, step_4TY_MLST__mlst, step_4TY_flaA__flaA","1819","96","5","2","75.1","Pipeline approved! I will proceed with the custom pipeline for **Campylobacter typing** from paired Illumina FASTQ reads, including:

1. **Preprocessing**: Trimming with `step_1PP_trimming__fastp`.
2. **Assembly**: De novo assembly with `step_2AS_denovo__spades` (or `step_2AS_denovo__shovill` if pre","nextflow.enable.dsl=2

// --- IMPORTS ---

include { step_4TY_MLST__mlst } from '../steps/step_4TY_MLST__mlst'

include { extractKey } from '../functions/common.nf'

include { getSingleInput } from '../functions/parameters.nf'

include { step_3TX_species__kmerfinder } from '../steps/step_3TX_species__kmerfinder'

include { step_4TY_flaA__flaA } from '../steps/step_4TY_flaA__flaA'

// --- GLOBALS ---

def flaA_MLST_SCHEMA = 'flaA'

def campylobacterAllowedSpecies = 'campylobacter'

// --- INLINE PROCESSES ---

// --- SUB WORKFLOWS ---

workflow wf_campylobacter_typing {
    
    take:
        
        rawreads
        
    
    main:
        trimmed = step_1PP_trimming__fastp(rawreads).trimmed

        assembly = step_2AS_denovo__spades(trimmed).assembled

        kmerfinder_out = step_3TX_species__kmerfinder(assembly)

        step_4TY_MLST__mlst(assembly)

        step_4TY_flaA__flaA(assembly, kmerfinder_out.assigned_species)
    
}

workflow step_1PP_trimming__fastp {
    
    take:
        
        rawreads
        
    
    main:
        trimmed = fastp(rawreads).trimmed

        fastqc(trimmed)

        readsCheckInput = rawreads.cross(trimmed) { extractKey(it) }.multiMap {
            rawreads: it[0]
            trimmed: it[1]
        }
        sample_reads_check(readsCheckInput.rawreads, readsCheckInput.trimmed)
    
    emit:
        
        trimmed
        
    
}

workflow step_2AS_denovo__spades {
    
    take:
        
        data
        
    
    main:
        denovo_out = denovo(data)

        assembly_filter_out = assembly_filter(denovo_out.scaffolds).fasta

        quast(assembly_filter_out)

        assembled = assembly_filter_out
    
    emit:
        
        assembled
        
    
}

// --- ENTRYPOINT ---
workflow {
    wf_campylobacter_typing(getSingleInput())
}","nextflow.enable.dsl=2

include { getSingleInput; optionalOrDefault; param } from '../functions/parameters.nf'
include { step_1PP_trimming__fastp } from '../steps/step_1PP_trimming__fastp'
include { step_2AS_denovo__spades } from '../steps/step_2AS_denovo__spades'
include { step_4TY_MLST__mlst } from '../steps/step_4TY_MLST__mlst'
include { step_4TY_flaA__flaA } from '../steps/step_4TY_flaA__flaA'
workflow {
    trimmed   = step_1PP_trimming__fastp(getSingleInput()).trimmed
    assembled = step_2AS_denovo__spades(trimmed).assembled
    step_4TY_MLST__mlst(assembled)
    step_4TY_flaA__flaA(assembled, param('genus_species'))
}
"
"H03_prokka_plus_abricate_eco","H03_prokka_plus_abricate_eco","H03","E. coli pipeline from Illumina paired FASTQ: trim, assemble, annotate with Prokka and screen AMR with ABRicate.","Y","Y","ngsmanager_naming","ERROR ~ unexpected file name: DS99999-DT260224_2026.ECO.C.1.1_R1.fastq.gz","8","8","Y","","","","step_1PP_trimming__fastp, step_2AS_denovo__spades, step_4AN_AMR__abricate, step_4AN_genes__prokka","step_1PP_trimming__fastp, step_2AS_denovo__spades, step_4AN_genes__prokka, step_4AN_AMR__abricate","step_1PP_trimming__fastp, step_2AS_denovo__spades, step_4AN_AMR__abricate, step_4AN_genes__prokka","1045","39","4","2","15.9","Your E. coli pipeline for Illumina paired FASTQ data has been approved. The pipeline will include the following steps:

1. **Trimming**: `step_1PP_trimming__fastp` to trim adapters and low-quality bases from Illumina paired FASTQ files.
2. **Assembly**: `step_2AS_denovo__spades` to assemble the trim","nextflow.enable.dsl=2

// --- IMPORTS ---

include { step_4AN_AMR__abricate } from '../steps/step_4AN_AMR__abricate'

include { step_2AS_denovo__spades } from '../steps/step_2AS_denovo__spades'

include { getSingleInput } from '../functions/parameters.nf'

include { step_4AN_genes__prokka } from '../steps/step_4AN_genes__prokka'

include { getEmpty } from '../functions/common.nf'

include { step_1PP_trimming__fastp } from '../steps/step_1PP_trimming__fastp'

// --- GLOBALS ---

def kingdom = 'Bacteria'

// --- INLINE PROCESSES ---

// --- SUB WORKFLOWS ---

// --- ENTRYPOINT ---
workflow {
    // Step 1: Trimming (Preprocessing)
    trimmed = step_1PP_trimming__fastp(getSingleInput()).trimmed

    // Step 2: Assembly (De Novo)
    spades_out = step_2AS_denovo__spades(trimmed)

    // Step 3: Annotation (Prokka)
    prokka_in = spades_out.assembled.map { [ it[0], it[1], kingdom, '-', '-', getEmpty() ] }
    step_4AN_genes__prokka(prokka_in)

    // Step 4: AMR Screening (ABRicate)
    step_4AN_AMR__abricate(spades_out.assembled)
}","nextflow.enable.dsl=2

include { getSingleInput; optionalOrDefault; param } from '../functions/parameters.nf'
include { step_1PP_trimming__fastp } from '../steps/step_1PP_trimming__fastp'
include { step_2AS_denovo__spades } from '../steps/step_2AS_denovo__spades'
include { step_4AN_genes__prokka } from '../steps/step_4AN_genes__prokka'
include { step_4AN_AMR__abricate } from '../steps/step_4AN_AMR__abricate'
workflow {
    trimmed   = step_1PP_trimming__fastp(getSingleInput()).trimmed
    assembled = step_2AS_denovo__spades(trimmed).assembled
    step_4AN_genes__prokka(assembled)
    step_4AN_AMR__abricate(assembled)
}
"
"H04_mlst_plus_abricate_sal","H04_mlst_plus_abricate_sal","H04","Salmonella enterica: MLST typing and AMR screening with ABRicate from paired Illumina FASTQ.","Y","N","missing_param","ERROR ~ missing required param: step_3TX_species__kmerfinder__db","0","8","N","step_2AS_denovo__shovill, step_2AS_mapping__bowtie, step_3TX_species__kmerfinder, step_4AN_AMR__staramr, step_4AN_genes__prokka, step_4TY_cgMLST__chewbbaca, step_4TY_flaA__flaA","step_2AS_denovo__spades","","step_1PP_trimming__fastp, step_2AS_denovo__shovill, step_2AS_mapping__bowtie, step_3TX_species__kmerfinder, step_4AN_AMR__abricate, step_4AN_AMR__staramr, step_4AN_genes__prokka, step_4TY_MLST__mlst, step_4TY_cgMLST__chewbbaca, step_4TY_flaA__flaA","step_3TX_species__kmerfinder, step_2AS_mapping__bowtie, step_4AN_AMR__abricate, step_4AN_genes__prokka, step_4AN_AMR__staramr, step_4TY_MLST__mlst, step_4TY_flaA__flaA, step_4TY_cgMLST__chewbbaca, step_1PP_trimming__fastp, step_2AS_denovo__shovill","step_1PP_trimming__fastp, step_2AS_denovo__spades, step_4AN_AMR__abricate, step_4TY_MLST__mlst","2434","80","10","2","15.1","Understood! I will proceed with the **`module_typing_bacteria`** template for **Salmonella enterica** MLST typing and AMR screening from paired Illumina FASTQ reads. This includes preprocessing, assembly, annotation, MLST typing, and AMR screening.","nextflow.enable.dsl=2

// --- IMPORTS ---

include { step_4AN_AMR__abricate } from '../steps/step_4AN_AMR__abricate'

include { step_4TY_MLST__mlst } from '../steps/step_4TY_MLST__mlst'

include { extractKey; getEmpty } from '../functions/common.nf'

include { getSingleInput } from '../functions/parameters.nf'

include { step_4TY_cgMLST__chewbbaca } from '../steps/step_4TY_cgMLST__chewbbaca'

include { step_2AS_mapping__bowtie } from '../steps/step_2AS_mapping__bowtie'

include { step_1PP_trimming__fastp } from '../steps/step_1PP_trimming__fastp'

include { step_2AS_denovo__shovill } from '../steps/step_2AS_denovo__shovill'

include { step_4AN_AMR__staramr } from '../steps/step_4AN_AMR__staramr'

include { step_3TX_species__kmerfinder } from '../steps/step_3TX_species__kmerfinder'

include { step_4AN_genes__prokka } from '../steps/step_4AN_genes__prokka'

include { step_4TY_flaA__flaA } from '../steps/step_4TY_flaA__flaA'

// --- GLOBALS ---

def genusSpecies = 'Salmonella enterica'

// --- INLINE PROCESSES ---

// --- SUB WORKFLOWS ---

workflow wf_salmonella_typing {
    
    take:
        
        trimmed
        
        assembly
        
    
    main:
        assigned_species = step_3TX_species__kmerfinder(assembly).assigned_species

        trimmed.cross(assigned_species) { extractKey(it) }.multiMap { 
          trimmed: it[0]
          species: it[1][1]
          referencePath: it[1][2]
        }.set { trimAndSpecies }

        step_2AS_mapping__bowtie(trimAndSpecies.trimmed, trimAndSpecies.referencePath)
        step_4AN_AMR__abricate(assembly)
        step_4AN_genes__prokka(assembly.map{ [ it[0], it[1], 'Bacteria', '-', '-', getEmpty() ] })

        assembly.cross(assigned_species) { extractKey(it) }.multiMap { 
          assembly: it[0]
          species: it[1][1]
        }.set { assemblyAndSpecies }
        step_4AN_AMR__staramr(assemblyAndSpecies.assembly, assemblyAndSpecies.species)
        step_4TY_MLST__mlst(assemblyAndSpecies.assembly)
        step_4TY_flaA__flaA(assemblyAndSpecies.assembly, assemblyAndSpecies.species)
        step_4TY_cgMLST__chewbbaca(assemblyAndSpecies.assembly, assemblyAndSpecies.species, '')
    
    emit:
        
        genus_species = assigned_species
        
    
}

// --- ENTRYPOINT ---
workflow {
    trimmed = step_1PP_trimming__fastp(getSingleInput())
    assembly = step_2AS_denovo__shovill(trimmed)
    wf_salmonella_typing(trimmed, assembly)
}","nextflow.enable.dsl=2

include { getSingleInput; optionalOrDefault; param } from '../functions/parameters.nf'
include { step_1PP_trimming__fastp } from '../steps/step_1PP_trimming__fastp'
include { step_2AS_denovo__spades } from '../steps/step_2AS_denovo__spades'
include { step_4TY_MLST__mlst } from '../steps/step_4TY_MLST__mlst'
include { step_4AN_AMR__abricate } from '../steps/step_4AN_AMR__abricate'
workflow {
    trimmed   = step_1PP_trimming__fastp(getSingleInput()).trimmed
    assembled = step_2AS_denovo__spades(trimmed).assembled
    step_4TY_MLST__mlst(assembled)
    step_4AN_AMR__abricate(assembled)
}
"
"I01_kmerfinder_fastp_spades","I01_kmerfinder_fastp_spades","I01","Identify the species with KmerFinder, in parallel trim with fastp and assemble with SPAdes (Illumina paired).","Y","Y","none","","7","7","Y","","","","step_1PP_trimming__fastp, step_2AS_denovo__spades, step_3TX_species__kmerfinder","step_3TX_species__kmerfinder, step_1PP_trimming__fastp, step_2AS_denovo__spades","step_1PP_trimming__fastp, step_2AS_denovo__spades, step_3TX_species__kmerfinder","1528","69","3","2","13.8","Understood! I will now generate the detailed pipeline plan for approval.","nextflow.enable.dsl=2

// --- IMPORTS ---

include { step_2AS_denovo__spades } from '../steps/step_2AS_denovo__spades'

include { getSingleInput } from '../functions/parameters.nf'

include { step_1PP_trimming__fastp } from '../steps/step_1PP_trimming__fastp'

include { step_3TX_species__kmerfinder } from '../steps/step_3TX_species__kmerfinder'

// --- GLOBALS ---

def step_3TX_species__kmerfinder__db = ""${params.assets_dir}/step_3TX_species__kmerfinder""

def step_1PP_trimming__fastp__db = ""${params.assets_dir}/step_1PP_trimming__fastp""

def step_2AS_denovo__spades__db = ""${params.assets_dir}/step_2AS_denovo__spades""

// --- INLINE PROCESSES ---

// --- SUB WORKFLOWS ---

workflow wf_species_identification {
    
    take:
        
        raw_reads
        
    
    main:
        kmerfinder_out = step_3TX_species__kmerfinder(raw_reads)
    
    emit:
        
        assigned_species = kmerfinder_out.assigned_species
        
    
}

workflow wf_trimming_and_assembly {
    
    take:
        
        raw_reads
        
    
    main:
        fastp_out = step_1PP_trimming__fastp(raw_reads)
        spades_out = step_2AS_denovo__spades(fastp_out.trimmed)
    
    emit:
        
        trimmed = fastp_out.trimmed
        
        assembly = spades_out.assembled
        
    
}

// --- ENTRYPOINT ---
workflow {
    // Species Identification (KmerFinder)
    wf_species_identification(getSingleInput())

    // Trimming (fastp) and Assembly (SPAdes) in parallel
    wf_trimming_and_assembly(getSingleInput())
}","nextflow.enable.dsl=2

include { getSingleInput; optionalOrDefault; param } from '../functions/parameters.nf'
include { step_3TX_species__kmerfinder } from '../steps/step_3TX_species__kmerfinder'
include { step_1PP_trimming__fastp } from '../steps/step_1PP_trimming__fastp'
include { step_2AS_denovo__spades } from '../steps/step_2AS_denovo__spades'
workflow {
    raw = getSingleInput()
    step_3TX_species__kmerfinder(raw)
    trimmed   = step_1PP_trimming__fastp(raw).trimmed
    assembled = step_2AS_denovo__spades(trimmed).assembled
}
"
"I02_mash_fastp_shovill","I02_mash_fastp_shovill","I02","Species sketch with Mash plus assembly via fastp + Shovill from paired Illumina reads.","Y","Y","none","","7","7","Y","","","","step_1PP_trimming__fastp, step_2AS_denovo__shovill, step_3TX_species__mash","step_1PP_trimming__fastp, step_3TX_species__mash, step_2AS_denovo__shovill","step_1PP_trimming__fastp, step_2AS_denovo__shovill, step_3TX_species__mash","759","37","3","2","13.5","Proceeding with the pipeline design for species sketching using Mash, preprocessing with fastp, and assembly via Shovill from paired Illumina reads.","nextflow.enable.dsl=2

// --- IMPORTS ---

include { step_3TX_species__mash } from '../steps/step_3TX_species__mash'

include { getSingleInput } from '../functions/parameters.nf'

include { step_1PP_trimming__fastp } from '../steps/step_1PP_trimming__fastp'

include { step_2AS_denovo__shovill } from '../steps/step_2AS_denovo__shovill'

// --- GLOBALS ---

// --- INLINE PROCESSES ---

// --- SUB WORKFLOWS ---

workflow wf_species_sketching {
    
    take:
        
        rawreads
        
    
    main:
        trimmed = step_1PP_trimming__fastp(rawreads).trimmed
        step_3TX_species__mash(trimmed)

        assembly = step_2AS_denovo__shovill(trimmed).assembly
    
}

// --- ENTRYPOINT ---
workflow {
    wf_species_sketching(getSingleInput())
}","nextflow.enable.dsl=2

include { getSingleInput; optionalOrDefault; param } from '../functions/parameters.nf'
include { step_3TX_species__mash } from '../steps/step_3TX_species__mash'
include { step_1PP_trimming__fastp } from '../steps/step_1PP_trimming__fastp'
include { step_2AS_denovo__shovill } from '../steps/step_2AS_denovo__shovill'
workflow {
    raw = getSingleInput()
    step_3TX_species__mash(raw)
    trimmed   = step_1PP_trimming__fastp(raw).trimmed
    assembled = step_2AS_denovo__shovill(trimmed).assembly
}
"
"J01_mobsuite_plasmid","J01_mobsuite_plasmid","J01","Detect and reconstruct plasmids from paired Illumina FASTQ using MOB-suite.","Y","Y","none","","4","1","N","step_1PP_trimming__fastp","","","step_1PP_trimming__fastp, step_4TY_plasmid__mobsuite","step_1PP_trimming__fastp, step_4TY_plasmid__mobsuite","step_4TY_plasmid__mobsuite","722","24","2","2","14.2","Pipeline approved. The Nextflow DSL2 pipeline will be built using the following steps:

1. **Input Handling**: Paired Illumina FASTQ reads.
2. **Trimming**: `step_1PP_trimming__fastp` for trimming and quality control.
3. **Plasmid Reconstruction**: `step_4TY_plasmid__mobsuite` for detecting and reco","nextflow.enable.dsl=2

// --- IMPORTS ---

include { getSingleInput } from '../functions/parameters.nf'

include { step_1PP_trimming__fastp } from '../steps/step_1PP_trimming__fastp'

include { step_4TY_plasmid__mobsuite } from '../steps/step_4TY_plasmid__mobsuite'

// --- GLOBALS ---

def plasmidRiscd = '220308-020220308005121273-4TY_plasmid-mobsuite'

// --- INLINE PROCESSES ---

// --- SUB WORKFLOWS ---

// --- ENTRYPOINT ---
workflow {
    trimmed = step_1PP_trimming__fastp(getSingleInput())
    plasmids = step_4TY_plasmid__mobsuite(trimmed).plasmids
    plasmids.publishDir mode: 'rellink', ""${params.outdir}/plasmids"", pattern: '*.fasta', saveAs: { filename -> ""${plasmidRiscd}_${file(filename).getName()}"" }
}","nextflow.enable.dsl=2

include { getSingleInput; optionalOrDefault; param } from '../functions/parameters.nf'
include { step_4TY_plasmid__mobsuite } from '../steps/step_4TY_plasmid__mobsuite'
workflow {
    step_4TY_plasmid__mobsuite(getSingleInput())
}
"
"J02_bbnorm_downsampling","J02_bbnorm_downsampling","J02","Read normalization / downsampling of paired Illumina FASTQ with BBnorm at k=25, target depth 100x.","Y","Y","file_not_found","WARN: file not found: '/mnt/data/cohesive_llm_bench_scratch/_shared_inputdir/2026/2026.SAM.4.1.1/0SQ_rawreads/DS99999-DT260224_import/result/*.fastq*'","4","1","N","step_1PP_trimming__fastp","","","step_1PP_downsampling__bbnorm, step_1PP_trimming__fastp","step_1PP_trimming__fastp, step_1PP_downsampling__bbnorm","step_1PP_downsampling__bbnorm","766","42","2","2","11.1","Understood! I will proceed with adding BBnorm (`step_1PP_downsampling__bbnorm`) for read normalization/downsampling of your paired Illumina FASTQ data at k=25 and target depth 100x. This will be included as a standalone step after trimming and before assembly/mapping.","nextflow.enable.dsl=2

// --- IMPORTS ---

include { getSingleInput } from '../functions/parameters.nf'

include { step_1PP_trimming__fastp } from '../steps/step_1PP_trimming__fastp'

include { step_1PP_downsampling__bbnorm } from '../steps/step_1PP_downsampling__bbnorm'

// --- GLOBALS ---

def bbnormK = '25'

def bbnormTarget = '100'

// --- INLINE PROCESSES ---

// --- SUB WORKFLOWS ---

workflow wf_read_normalization {
    
    take:
        
        rawreads
        
    
    main:
        trimmed = step_1PP_trimming__fastp(rawreads)
        normalized = step_1PP_downsampling__bbnorm(trimmed, bbnormK, bbnormTarget)
    
    emit:
        
        normalized
        
    
}

// --- ENTRYPOINT ---
workflow {
    wf_read_normalization(getSingleInput())
}","nextflow.enable.dsl=2

include { getSingleInput; optionalOrDefault; param } from '../functions/parameters.nf'
include { step_1PP_downsampling__bbnorm } from '../steps/step_1PP_downsampling__bbnorm'
workflow {
    step_1PP_downsampling__bbnorm(getSingleInput(), param('k'), param('target'))
}
"
"K01_mlst_lis_fastp_spades","K01_mlst_lis_fastp_spades","K01","MLST typing on Listeria monocytogenes from paired-end Illumina FASTQ (fastp + spades + mlst).","Y","Y","none","","7","7","Y","","","","step_1PP_trimming__fastp, step_2AS_denovo__spades, step_4TY_MLST__mlst","step_1PP_trimming__fastp, step_2AS_denovo__spades, step_4TY_MLST__mlst","step_1PP_trimming__fastp, step_2AS_denovo__spades, step_4TY_MLST__mlst","663","27","3","2","11.8","Pipeline approved. Proceeding with the construction of the MLST typing pipeline for *Listeria monocytogenes* using paired-end Illumina FASTQ data.","nextflow.enable.dsl=2

// --- IMPORTS ---

include { step_2AS_denovo__spades } from '../steps/step_2AS_denovo__spades'

include { getSingleInput } from '../functions/parameters.nf'

include { step_1PP_trimming__fastp } from '../steps/step_1PP_trimming__fastp'

include { step_4TY_MLST__mlst } from '../steps/step_4TY_MLST__mlst'

// --- GLOBALS ---

def mlstExcludedSchemas = 'ecoli,campylobacter'

// --- INLINE PROCESSES ---

// --- SUB WORKFLOWS ---

// --- ENTRYPOINT ---
workflow {
    rawreads = getSingleInput()
    trimmed = step_1PP_trimming__fastp(rawreads)
    assembled = step_2AS_denovo__spades(trimmed)
    step_4TY_MLST__mlst(assembled.assembled)
}","nextflow.enable.dsl=2

include { getSingleInput; optionalOrDefault; param } from '../functions/parameters.nf'
include { step_1PP_trimming__fastp } from '../steps/step_1PP_trimming__fastp'
include { step_2AS_denovo__spades } from '../steps/step_2AS_denovo__spades'
include { step_4TY_MLST__mlst } from '../steps/step_4TY_MLST__mlst'
workflow {
    trimmed   = step_1PP_trimming__fastp(getSingleInput()).trimmed
    assembled = step_2AS_denovo__spades(trimmed).assembled
    step_4TY_MLST__mlst(assembled)
}
"
"K02_mlst_eco_fastp_spades","K02_mlst_eco_fastp_spades","K02","MLST typing on Escherichia coli from paired-end Illumina FASTQ (fastp + spades + mlst).","Y","N","file_not_found","WARN: file not found: '/mnt/data/cohesive_llm_bench_scratch/_shared_inputdir/2026/2026.ECO.100.1.1/0SQ_rawreads/DS99999-DT260224_import/result/*.fastq*'","3","7","Y","","","","step_1PP_trimming__fastp, step_2AS_denovo__spades, step_4TY_MLST__mlst","step_2AS_denovo__spades, step_4TY_MLST__mlst, step_1PP_trimming__fastp","step_1PP_trimming__fastp, step_2AS_denovo__spades, step_4TY_MLST__mlst","1163","60","3","2","20.1","Pipeline approved. Proceeding with the detailed design.","nextflow.enable.dsl=2

// --- IMPORTS ---

include { step_2AS_denovo__spades } from '../steps/step_2AS_denovo__spades'

include { getSingleInput } from '../functions/parameters.nf'

include { step_1PP_trimming__fastp } from '../steps/step_1PP_trimming__fastp'

include { step_4TY_MLST__mlst } from '../steps/step_4TY_MLST__mlst'

// --- GLOBALS ---

def mlstExcludedSchemas = 'ecoli,abc,aba,aba2,aba3,aba4,aba5,aba6,aba7,aba8,aba9,aba10,aba11,aba12,aba13,aba14,aba15,aba16,aba17,aba18,aba19,aba20'

// --- INLINE PROCESSES ---

// --- SUB WORKFLOWS ---

workflow wf_ecoli_mlst {
    
    take:
        
        trimmed
        
    
    main:
        spades_out = step_2AS_denovo__spades(trimmed)
        step_4TY_MLST__mlst(spades_out.assembly)
    
    emit:
        
        assembly = spades_out.assembled
        
    
}

workflow wf_trim_and_qc {
    
    take:
        
        rawreads
        
    
    main:
        fastp_out = step_1PP_trimming__fastp(rawreads)
    
    emit:
        
        trimmed = fastp_out.trimmed
        
    
}

// --- ENTRYPOINT ---
workflow {
    wf_trim_and_qc(getSingleInput())
    wf_ecoli_mlst(wf_trim_and_qc.trimmed)
}","nextflow.enable.dsl=2

include { getSingleInput; optionalOrDefault; param } from '../functions/parameters.nf'
include { step_1PP_trimming__fastp } from '../steps/step_1PP_trimming__fastp'
include { step_2AS_denovo__spades } from '../steps/step_2AS_denovo__spades'
include { step_4TY_MLST__mlst } from '../steps/step_4TY_MLST__mlst'
workflow {
    trimmed   = step_1PP_trimming__fastp(getSingleInput()).trimmed
    assembled = step_2AS_denovo__spades(trimmed).assembled
    step_4TY_MLST__mlst(assembled)
}
"
"K03_mlst_sal_fastp_spades","K03_mlst_sal_fastp_spades","K03","MLST typing on Salmonella enterica from paired-end Illumina FASTQ (fastp + spades + mlst).","Y","Y","none","","7","7","Y","","","","step_1PP_trimming__fastp, step_2AS_denovo__spades, step_4TY_MLST__mlst","step_1PP_trimming__fastp, step_2AS_denovo__spades, step_4TY_MLST__mlst","step_1PP_trimming__fastp, step_2AS_denovo__spades, step_4TY_MLST__mlst","820","32","3","2","12.0","Pipeline approved. Proceeding with the MLST typing pipeline for *Salmonella enterica* from paired-end Illumina FASTQ data.","nextflow.enable.dsl=2

// --- IMPORTS ---

include { getSingleInput } from '../functions/parameters.nf'

include { step_1PP_trimming__fastp } from '../steps/step_1PP_trimming__fastp'

include { step_2AS_denovo__spades } from '../steps/step_2AS_denovo__spades'

include { step_4TY_MLST__mlst } from '../steps/step_4TY_MLST__mlst'

// --- GLOBALS ---

def mlstContainer = 'ghcr.io/genpat-it/mlst-w-db:2.23.0--60b8b2e3dd_231219.124455'

def spadesContainer = 'quay.io/biocontainers/spades:3.11.1--py27_zlib1.2.8_0'

def fastpContainer = 'ghcr.io/genpat-it/fastp:0.23.1--e4ac3df4c5'

// --- INLINE PROCESSES ---

// --- SUB WORKFLOWS ---

// --- ENTRYPOINT ---
workflow {
    trimmed = step_1PP_trimming__fastp(getSingleInput())

    assembly = step_2AS_denovo__spades(trimmed)

    step_4TY_MLST__mlst(assembly.assembled)
}","nextflow.enable.dsl=2

include { getSingleInput; optionalOrDefault; param } from '../functions/parameters.nf'
include { step_1PP_trimming__fastp } from '../steps/step_1PP_trimming__fastp'
include { step_2AS_denovo__spades } from '../steps/step_2AS_denovo__spades'
include { step_4TY_MLST__mlst } from '../steps/step_4TY_MLST__mlst'
workflow {
    trimmed   = step_1PP_trimming__fastp(getSingleInput()).trimmed
    assembled = step_2AS_denovo__spades(trimmed).assembled
    step_4TY_MLST__mlst(assembled)
}
"
"K04_mlst_cam_fastp_spades","K04_mlst_cam_fastp_spades","K04","MLST typing on Campylobacter jejuni from paired-end Illumina FASTQ (fastp + spades + mlst).","Y","Y","none","","7","7","Y","","","","step_1PP_trimming__fastp, step_2AS_denovo__spades, step_4TY_MLST__mlst","step_1PP_trimming__fastp, step_2AS_denovo__spades, step_4TY_MLST__mlst","step_1PP_trimming__fastp, step_2AS_denovo__spades, step_4TY_MLST__mlst","596","24","3","2","11.9","Understood! The pipeline for **MLST typing on *Campylobacter jejuni*** from paired-end Illumina FASTQ data has been approved. Here is the detailed plan for the Architect Agent:

---

### **Approved Pipeline Plan**

#### **Objective**: Perform MLST typing on *Campylobacter jejuni* from paired-end Ill","nextflow.enable.dsl=2

// --- IMPORTS ---

include { getSingleInput } from '../functions/parameters.nf'

include { step_1PP_trimming__fastp } from '../steps/step_1PP_trimming__fastp'

include { step_2AS_denovo__spades } from '../steps/step_2AS_denovo__spades'

include { step_4TY_MLST__mlst } from '../steps/step_4TY_MLST__mlst'

// --- GLOBALS ---

// --- INLINE PROCESSES ---

// --- SUB WORKFLOWS ---

// --- ENTRYPOINT ---
workflow {
    trimmed = step_1PP_trimming__fastp(getSingleInput()).trimmed
    assembly = step_2AS_denovo__spades(trimmed).assembled
    step_4TY_MLST__mlst(assembly)
}","nextflow.enable.dsl=2

include { getSingleInput; optionalOrDefault; param } from '../functions/parameters.nf'
include { step_1PP_trimming__fastp } from '../steps/step_1PP_trimming__fastp'
include { step_2AS_denovo__spades } from '../steps/step_2AS_denovo__spades'
include { step_4TY_MLST__mlst } from '../steps/step_4TY_MLST__mlst'
workflow {
    trimmed   = step_1PP_trimming__fastp(getSingleInput()).trimmed
    assembled = step_2AS_denovo__spades(trimmed).assembled
    step_4TY_MLST__mlst(assembled)
}
"
"K05_chewbbaca_lis_fastp_spades","K05_chewbbaca_lis_fastp_spades","K05","cgMLST allelic profiling on Listeria monocytogenes from paired-end Illumina FASTQ (fastp + spades + chewbbaca).","N","N","arity_error","ERROR ~ Workflow `step_1PP_trimming__fastp` declares 1 input channels but 0 were given","3","9","N","step_0SQ_rawreads__fastq","","","step_0SQ_rawreads__fastq, step_1PP_trimming__fastp, step_2AS_denovo__spades, step_4TY_cgMLST__chewbbaca","step_0SQ_rawreads__fastq, step_1PP_trimming__fastp, step_2AS_denovo__spades, step_4TY_cgMLST__chewbbaca","step_1PP_trimming__fastp, step_2AS_denovo__spades, step_4TY_cgMLST__chewbbaca","926","34","4","2","13.7","Pipeline approved. The detailed plan for the Architect has been generated and is ready for implementation.","nextflow.enable.dsl=2

// --- IMPORTS ---

include { step_2AS_denovo__spades } from '../steps/step_2AS_denovo__spades'

include { getSingleInput } from '../functions/parameters.nf'

include { step_4TY_cgMLST__chewbbaca } from '../steps/step_4TY_cgMLST__chewbbaca'

include { step_1PP_trimming__fastp } from '../steps/step_1PP_trimming__fastp'

include { step_0SQ_rawreads__fastq } from '../steps/step_0SQ_rawreads__fastq'

// --- GLOBALS ---

def genusSpecies = 'Listeria monocytogenes'

def cgMLSTSchema = ""${params.assets_dir}/module_cgmlst_listeria_monocytogenes/l_mono_chewie_1748_220623.zip""

// --- INLINE PROCESSES ---

// --- SUB WORKFLOWS ---

// --- ENTRYPOINT ---
workflow {
    reads = step_0SQ_rawreads__fastq(getSingleInput())

    trimmed = step_1PP_trimming__fastp(reads).trimmed

    assembly = step_2AS_denovo__spades(trimmed).assembled

    step_4TY_cgMLST__chewbbaca(assembly, genusSpecies, cgMLSTSchema)
}","nextflow.enable.dsl=2

include { getSingleInput; optionalOrDefault; param } from '../functions/parameters.nf'
include { step_1PP_trimming__fastp } from '../steps/step_1PP_trimming__fastp'
include { step_2AS_denovo__spades } from '../steps/step_2AS_denovo__spades'
include { step_4TY_cgMLST__chewbbaca } from '../steps/step_4TY_cgMLST__chewbbaca'
workflow {
    trimmed   = step_1PP_trimming__fastp(getSingleInput()).trimmed
    assembled = step_2AS_denovo__spades(trimmed).assembled
    step_4TY_cgMLST__chewbbaca(assembled, param('genus_species'), optionalOrDefault('schema', ''))
}
"
"K06_chewbbaca_eco_fastp_spades","K06_chewbbaca_eco_fastp_spades","K06","cgMLST allelic profiling on Escherichia coli from paired-end Illumina FASTQ (fastp + spades + chewbbaca).","Y","Y","none","","9","9","Y","","","","step_1PP_trimming__fastp, step_2AS_denovo__spades, step_4TY_cgMLST__chewbbaca","step_1PP_trimming__fastp, step_2AS_denovo__spades, step_4TY_cgMLST__chewbbaca","step_1PP_trimming__fastp, step_2AS_denovo__spades, step_4TY_cgMLST__chewbbaca","862","33","3","2","18.5","Pipeline approved. The draft plan has been finalized and will be handed off to the Architect for implementation.","nextflow.enable.dsl=2

// --- IMPORTS ---

include { getSingleInput } from '../functions/parameters.nf'

include { step_1PP_trimming__fastp } from '../steps/step_1PP_trimming__fastp'

include { step_2AS_denovo__spades } from '../steps/step_2AS_denovo__spades'

include { step_4TY_cgMLST__chewbbaca } from '../steps/step_4TY_cgMLST__chewbbaca'

// --- GLOBALS ---

def escherichiaColiSchema = 'e_coli_chewie_2360_210531'

def escherichiaColiGenusSpecies = 'escherichia_coli'

// --- INLINE PROCESSES ---

// --- SUB WORKFLOWS ---

// --- ENTRYPOINT ---
workflow {
    // Step 1: Preprocessing (Trimming)
    trimmed = step_1PP_trimming__fastp(getSingleInput())

    // Step 2: Assembly
    assembled = step_2AS_denovo__spades(trimmed)

    // Step 3: cgMLST Profiling
    step_4TY_cgMLST__chewbbaca(assembled, escherichiaColiGenusSpecies, escherichiaColiSchema)
}","nextflow.enable.dsl=2

include { getSingleInput; optionalOrDefault; param } from '../functions/parameters.nf'
include { step_1PP_trimming__fastp } from '../steps/step_1PP_trimming__fastp'
include { step_2AS_denovo__spades } from '../steps/step_2AS_denovo__spades'
include { step_4TY_cgMLST__chewbbaca } from '../steps/step_4TY_cgMLST__chewbbaca'
workflow {
    trimmed   = step_1PP_trimming__fastp(getSingleInput()).trimmed
    assembled = step_2AS_denovo__spades(trimmed).assembled
    step_4TY_cgMLST__chewbbaca(assembled, param('genus_species'), optionalOrDefault('schema', ''))
}
"
"K07_chewbbaca_sal_fastp_spades","K07_chewbbaca_sal_fastp_spades","K07","cgMLST allelic profiling on Salmonella enterica from paired-end Illumina FASTQ (fastp + spades + chewbbaca).","Y","Y","none","","9","9","Y","","","","step_1PP_trimming__fastp, step_2AS_denovo__spades, step_4TY_cgMLST__chewbbaca","step_1PP_trimming__fastp, step_2AS_denovo__spades, step_4TY_cgMLST__chewbbaca","step_1PP_trimming__fastp, step_2AS_denovo__spades, step_4TY_cgMLST__chewbbaca","825","32","3","2","20.3","Pipeline approved. Proceeding with the following steps for cgMLST allelic profiling on *Salmonella enterica* from paired-end Illumina FASTQ data:

1. **Preprocessing**: Trim adapters and filter low-quality reads using `fastp`.
2. **Assembly**: Assemble the trimmed reads using `SPAdes`.
3. **cgMLST P","nextflow.enable.dsl=2

// --- IMPORTS ---

include { getSingleInput } from '../functions/parameters.nf'

include { step_1PP_trimming__fastp } from '../steps/step_1PP_trimming__fastp'

include { step_2AS_denovo__spades } from '../steps/step_2AS_denovo__spades'

include { step_4TY_cgMLST__chewbbaca } from '../steps/step_4TY_cgMLST__chewbbaca'

// --- GLOBALS ---

def genusSpecies = 'Salmonella_enterica'

def schemaName = 's_enterica_chewie_3255_210531'

def schemaPath = ""/schemas/Salmonella_enterica_INNUENDO_cgMLST_2021-05-31T20_28_21.350919.zip""

// --- INLINE PROCESSES ---

// --- SUB WORKFLOWS ---

// --- ENTRYPOINT ---
workflow {
    trimmed = step_1PP_trimming__fastp(getSingleInput())

    assembly = step_2AS_denovo__spades(trimmed)

    step_4TY_cgMLST__chewbbaca(assembly.assembled, genusSpecies, schemaName)
}","nextflow.enable.dsl=2

include { getSingleInput; optionalOrDefault; param } from '../functions/parameters.nf'
include { step_1PP_trimming__fastp } from '../steps/step_1PP_trimming__fastp'
include { step_2AS_denovo__spades } from '../steps/step_2AS_denovo__spades'
include { step_4TY_cgMLST__chewbbaca } from '../steps/step_4TY_cgMLST__chewbbaca'
workflow {
    trimmed   = step_1PP_trimming__fastp(getSingleInput()).trimmed
    assembled = step_2AS_denovo__spades(trimmed).assembled
    step_4TY_cgMLST__chewbbaca(assembled, param('genus_species'), optionalOrDefault('schema', ''))
}
"
"K08_abricate_lis_fastp_spades","K08_abricate_lis_fastp_spades","K08","ABRicate AMR screening on Listeria monocytogenes from paired-end Illumina FASTQ (fastp + spades + abricate).","Y","Y","none","","7","7","Y","","","","step_1PP_trimming__fastp, step_2AS_denovo__spades, step_4AN_AMR__abricate","step_1PP_trimming__fastp, step_2AS_denovo__spades, step_4AN_AMR__abricate","step_1PP_trimming__fastp, step_2AS_denovo__spades, step_4AN_AMR__abricate","1038","44","3","2","13.4","Your pipeline for ABRicate AMR screening on *Listeria monocytogenes* from paired-end Illumina FASTQ data has been approved. The pipeline will include:

1. **Trimming**: `step_1PP_trimming__fastp` for Illumina paired-end reads.
2. **Assembly**: `step_2AS_denovo__spades` for de novo assembly of trimme","nextflow.enable.dsl=2

// --- IMPORTS ---

include { step_4AN_AMR__abricate } from '../steps/step_4AN_AMR__abricate'

include { step_2AS_denovo__spades } from '../steps/step_2AS_denovo__spades'

include { getSingleInput } from '../functions/parameters.nf'

include { step_1PP_trimming__fastp } from '../steps/step_1PP_trimming__fastp'

// --- GLOBALS ---

def step1RisCd = '240515-020240515005121273-1PP_trimming-fastp'

def step2RisCd = '240515-020240515005121273-2AS_denovo-spades'

def step4RisCd = '240515-020240515005121273-4AN_AMR-abricate'

// --- INLINE PROCESSES ---

// --- SUB WORKFLOWS ---

workflow wf_abricate_amr_screening {
    
    take:
        
        raw_reads
        
    
    main:
        trimmed = step_1PP_trimming__fastp(raw_reads.map { [step1RisCd, it] }).trimmed

        assembly = step_2AS_denovo__spades(trimmed.map { [step2RisCd, it] }).assembled

        step_4AN_AMR__abricate(assembly.map { [step4RisCd, it] })
    
}

// --- ENTRYPOINT ---
workflow {
    wf_abricate_amr_screening(getSingleInput())
}","nextflow.enable.dsl=2

include { getSingleInput; optionalOrDefault; param } from '../functions/parameters.nf'
include { step_1PP_trimming__fastp } from '../steps/step_1PP_trimming__fastp'
include { step_2AS_denovo__spades } from '../steps/step_2AS_denovo__spades'
include { step_4AN_AMR__abricate } from '../steps/step_4AN_AMR__abricate'
workflow {
    trimmed   = step_1PP_trimming__fastp(getSingleInput()).trimmed
    assembled = step_2AS_denovo__spades(trimmed).assembled
    step_4AN_AMR__abricate(assembled)
}
"
"K09_abricate_eco_fastp_spades","K09_abricate_eco_fastp_spades","K09","ABRicate AMR screening on Escherichia coli from paired-end Illumina FASTQ (fastp + spades + abricate).","Y","Y","none","","7","7","Y","","","","step_1PP_trimming__fastp, step_2AS_denovo__spades, step_4AN_AMR__abricate","step_1PP_trimming__fastp, step_2AS_denovo__spades, step_4AN_AMR__abricate","step_1PP_trimming__fastp, step_2AS_denovo__spades, step_4AN_AMR__abricate","797","38","3","2","26.9","Pipeline approved! I will now generate the detailed plan for the Architect Agent.","nextflow.enable.dsl=2

// --- IMPORTS ---

include { step_4AN_AMR__abricate } from '../steps/step_4AN_AMR__abricate'

include { step_2AS_denovo__spades } from '../steps/step_2AS_denovo__spades'

include { getSingleInput } from '../functions/parameters.nf'

include { step_1PP_trimming__fastp } from '../steps/step_1PP_trimming__fastp'

// --- GLOBALS ---

def params = ""${params}""

// --- INLINE PROCESSES ---

// --- SUB WORKFLOWS ---

workflow wf_abricate_amr_screening {
    
    take:
        
        raw_reads
        
    
    main:
        trimmed = step_1PP_trimming__fastp(raw_reads).trimmed
        assembled = step_2AS_denovo__spades(trimmed).assembled
        step_4AN_AMR__abricate(assembled)
    
}

// --- ENTRYPOINT ---
workflow {
    wf_abricate_amr_screening(getSingleInput())
}","nextflow.enable.dsl=2

include { getSingleInput; optionalOrDefault; param } from '../functions/parameters.nf'
include { step_1PP_trimming__fastp } from '../steps/step_1PP_trimming__fastp'
include { step_2AS_denovo__spades } from '../steps/step_2AS_denovo__spades'
include { step_4AN_AMR__abricate } from '../steps/step_4AN_AMR__abricate'
workflow {
    trimmed   = step_1PP_trimming__fastp(getSingleInput()).trimmed
    assembled = step_2AS_denovo__spades(trimmed).assembled
    step_4AN_AMR__abricate(assembled)
}
"
"K10_abricate_sal_fastp_spades","K10_abricate_sal_fastp_spades","K10","ABRicate AMR screening on Salmonella enterica from paired-end Illumina FASTQ (fastp + spades + abricate).","Y","Y","none","","7","7","Y","","","","step_1PP_trimming__fastp, step_2AS_denovo__spades, step_4AN_AMR__abricate","step_1PP_trimming__fastp, step_2AS_denovo__spades, step_4AN_AMR__abricate","step_1PP_trimming__fastp, step_2AS_denovo__spades, step_4AN_AMR__abricate","1506","84","3","2","11.9","The pipeline for ABRicate AMR screening on *Salmonella enterica* from paired-end Illumina FASTQ data has been approved and will be built as requested.","nextflow.enable.dsl=2

// --- IMPORTS ---

include { step_4AN_AMR__abricate } from '../steps/step_4AN_AMR__abricate'

include { step_2AS_denovo__spades } from '../steps/step_2AS_denovo__spades'

include { getSingleInput } from '../functions/parameters.nf'

include { step_1PP_trimming__fastp } from '../steps/step_1PP_trimming__fastp'

// --- GLOBALS ---

def step1Riscd = '240614-020240614005121273-1PP_trimming-fastp'

def step2Riscd = '240614-020240614005121273-2AS_denovo-spades'

def step3Riscd = '240614-020240614005121273-4AN_AMR-abricate'

// --- INLINE PROCESSES ---

// --- SUB WORKFLOWS ---

workflow wf_trim_and_qc {
    
    take:
        
        rawreads
        
    
    main:
        trimmed = step_1PP_trimming__fastp(rawreads).trimmed
    
    emit:
        
        trimmed
        
    
}

workflow wf_assemble {
    
    take:
        
        trimmed
        
    
    main:
        assembled = step_2AS_denovo__spades(trimmed).assembled
    
    emit:
        
        assembled
        
    
}

workflow wf_abricate_amr {
    
    take:
        
        assembled
        
    
    main:
        step_4AN_AMR__abricate(assembled)
    
}

// --- ENTRYPOINT ---
workflow {
    // Step 1: Trimming and QC
    rawreads = getSingleInput()
    wf_trim_and_qc(rawreads)

    // Step 2: De novo assembly
    trimmed = wf_trim_and_qc.out.trimmed
    wf_assemble(trimmed)

    // Step 3: AMR screening with ABRicate
    assembled = wf_assemble.out.assembled
    wf_abricate_amr(assembled)
}","nextflow.enable.dsl=2

include { getSingleInput; optionalOrDefault; param } from '../functions/parameters.nf'
include { step_1PP_trimming__fastp } from '../steps/step_1PP_trimming__fastp'
include { step_2AS_denovo__spades } from '../steps/step_2AS_denovo__spades'
include { step_4AN_AMR__abricate } from '../steps/step_4AN_AMR__abricate'
workflow {
    trimmed   = step_1PP_trimming__fastp(getSingleInput()).trimmed
    assembled = step_2AS_denovo__spades(trimmed).assembled
    step_4AN_AMR__abricate(assembled)
}
"
"K11_abricate_cam_fastp_spades","K11_abricate_cam_fastp_spades","K11","ABRicate AMR screening on Campylobacter jejuni from paired-end Illumina FASTQ (fastp + spades + abricate).","Y","N","file_not_found","WARN: file not found: '/mnt/data/cohesive_llm_bench_scratch/_shared_inputdir/2026/2026.CAM.101.1.1/0SQ_rawreads/DS99999-DT260224_import/result/*.fastq*'","6","7","N","","step_4AN_AMR__abricate","","step_1PP_trimming__fastp, step_2AS_denovo__spades","step_2AS_denovo__spades, step_1PP_trimming__fastp","step_1PP_trimming__fastp, step_2AS_denovo__spades, step_4AN_AMR__abricate","933","43","2","2","15.2","Pipeline approved. The Nextflow DSL2 pipeline will be built using the following steps:

1. **Preprocessing**: Trim paired-end Illumina FASTQ reads using `fastp`.
2. **Assembly**: Assemble the trimmed reads using `SPAdes`.
3. **AMR Screening**: Screen the assembled contigs for antimicrobial resistanc","nextflow.enable.dsl=2

// --- IMPORTS ---

include { step_2AS_denovo__spades } from '../steps/step_2AS_denovo__spades'

include { getSingleInput } from '../functions/parameters.nf'

include { step_1PP_trimming__fastp } from '../steps/step_1PP_trimming__fastp'

// --- GLOBALS ---

def amrDb = 'vfdb'

// --- INLINE PROCESSES ---

// --- SUB WORKFLOWS ---

workflow wf_abricate_amr_screening {
    
    take:
        
        trimmed
        
    
    main:
        trimmed.multiMap {
            trimmed: it
            assembly: [ it[0], ""${it[0][0]}_spades_assembly"", it[1] ]
        }.set { prep }

        spades_out = step_2AS_denovo__spades(prep.trimmed)
        assembly_filter_out = assembly_filter(spades_out.assembled).fasta

        abricate(assembly_filter_out).set { abricate_out }
    
}

// --- ENTRYPOINT ---
workflow {
    trimmed = step_1PP_trimming__fastp(getSingleInput())
    wf_abricate_amr_screening(trimmed)
}","nextflow.enable.dsl=2

include { getSingleInput; optionalOrDefault; param } from '../functions/parameters.nf'
include { step_1PP_trimming__fastp } from '../steps/step_1PP_trimming__fastp'
include { step_2AS_denovo__spades } from '../steps/step_2AS_denovo__spades'
include { step_4AN_AMR__abricate } from '../steps/step_4AN_AMR__abricate'
workflow {
    trimmed   = step_1PP_trimming__fastp(getSingleInput()).trimmed
    assembled = step_2AS_denovo__spades(trimmed).assembled
    step_4AN_AMR__abricate(assembled)
}
"
"K12_prokka_lis_fastp_spades","K12_prokka_lis_fastp_spades","K12","Prokka annotation on Listeria monocytogenes from paired-end Illumina FASTQ (fastp + spades + prokka).","Y","Y","none","","7","7","Y","","","","step_1PP_trimming__fastp, step_2AS_denovo__spades, step_4AN_genes__prokka","step_1PP_trimming__fastp, step_2AS_denovo__spades, step_4AN_genes__prokka","step_1PP_trimming__fastp, step_2AS_denovo__spades, step_4AN_genes__prokka","1002","47","3","2","18.3","Understood! The pipeline for **Prokka annotation on *Listeria monocytogenes*** from paired-end Illumina FASTQ data has been approved. Here is the detailed plan for the Architect Agent:

---

### **Approved Pipeline Plan**

#### **Objective**:
Annotate *Listeria monocytogenes* genomes from paired-end","nextflow.enable.dsl=2

// --- IMPORTS ---

include { getSingleInput } from '../functions/parameters.nf'

include { step_1PP_trimming__fastp } from '../steps/step_1PP_trimming__fastp'

include { step_2AS_denovo__spades } from '../steps/step_2AS_denovo__spades'

include { step_4AN_genes__prokka } from '../steps/step_4AN_genes__prokka'

include { getEmpty } from '../functions/common.nf'

// --- GLOBALS ---

def prokkaKingdom = 'Bacteria'

def prokkaGenus = 'Listeria'

def prokkaSpecies = 'monocytogenes'

// --- INLINE PROCESSES ---

// --- SUB WORKFLOWS ---

workflow wf_prokka_annotation {
    
    take:
        
        rawreads
        
    
    main:
        trimmed = step_1PP_trimming__fastp(rawreads).trimmed

        assembly = step_2AS_denovo__spades(trimmed).assembled

        prokka_in = assembly.map { [ it[0], it[1], prokkaKingdom, '-', '-', getEmpty() ] }
        step_4AN_genes__prokka(prokka_in)
    
}

// --- ENTRYPOINT ---
workflow {
    wf_prokka_annotation(getSingleInput())
}","nextflow.enable.dsl=2

include { getSingleInput; optionalOrDefault; param } from '../functions/parameters.nf'
include { step_1PP_trimming__fastp } from '../steps/step_1PP_trimming__fastp'
include { step_2AS_denovo__spades } from '../steps/step_2AS_denovo__spades'
include { step_4AN_genes__prokka } from '../steps/step_4AN_genes__prokka'
workflow {
    trimmed   = step_1PP_trimming__fastp(getSingleInput()).trimmed
    assembled = step_2AS_denovo__spades(trimmed).assembled
    step_4AN_genes__prokka(assembled)
}
"
"K13_prokka_eco_fastp_spades","K13_prokka_eco_fastp_spades","K13","Prokka annotation on Escherichia coli from paired-end Illumina FASTQ (fastp + spades + prokka).","Y","Y","none","","7","7","Y","","","","step_1PP_trimming__fastp, step_2AS_denovo__spades, step_4AN_genes__prokka","step_1PP_trimming__fastp, step_2AS_denovo__spades, step_4AN_genes__prokka","step_1PP_trimming__fastp, step_2AS_denovo__spades, step_4AN_genes__prokka","767","31","3","2","14.9","Understood! I will proceed with the pipeline for **Prokka annotation on Escherichia coli from paired-end Illumina FASTQ** using **fastp**, **SPAdes**, and **Prokka**. The pipeline will include:

1. **Trimming**: `step_1PP_trimming__fastp` for paired-end Illumina reads.
2. **Assembly**: `step_2AS_den","nextflow.enable.dsl=2

// --- IMPORTS ---

include { step_2AS_denovo__spades } from '../steps/step_2AS_denovo__spades'

include { getSingleInput } from '../functions/parameters.nf'

include { step_4AN_genes__prokka } from '../steps/step_4AN_genes__prokka'

include { getEmpty } from '../functions/common.nf'

include { step_1PP_trimming__fastp } from '../steps/step_1PP_trimming__fastp'

// --- GLOBALS ---

def prokkaKingdom = 'Bacteria'

// --- INLINE PROCESSES ---

// --- SUB WORKFLOWS ---

// --- ENTRYPOINT ---
workflow {
    trimmed = step_1PP_trimming__fastp(getSingleInput())

    assembly = step_2AS_denovo__spades(trimmed)

    prokka_input = assembly.map { [ it[0], it[1], prokkaKingdom, '-', '-', getEmpty() ] }
    step_4AN_genes__prokka(prokka_input)
}","nextflow.enable.dsl=2

include { getSingleInput; optionalOrDefault; param } from '../functions/parameters.nf'
include { step_1PP_trimming__fastp } from '../steps/step_1PP_trimming__fastp'
include { step_2AS_denovo__spades } from '../steps/step_2AS_denovo__spades'
include { step_4AN_genes__prokka } from '../steps/step_4AN_genes__prokka'
workflow {
    trimmed   = step_1PP_trimming__fastp(getSingleInput()).trimmed
    assembled = step_2AS_denovo__spades(trimmed).assembled
    step_4AN_genes__prokka(assembled)
}
"
"K14_prokka_sal_fastp_spades","K14_prokka_sal_fastp_spades","K14","Prokka annotation on Salmonella enterica from paired-end Illumina FASTQ (fastp + spades + prokka).","N","N","arity_error","ERROR ~ Workflow `step_1PP_trimming__fastp` declares 1 input channels but 0 were given","3","7","N","step_0SQ_rawreads__fastq","","","step_0SQ_rawreads__fastq, step_1PP_trimming__fastp, step_2AS_denovo__spades, step_4AN_genes__prokka","step_0SQ_rawreads__fastq, step_1PP_trimming__fastp, step_2AS_denovo__spades, step_4AN_genes__prokka","step_1PP_trimming__fastp, step_2AS_denovo__spades, step_4AN_genes__prokka","1103","41","4","2","13.8","Pipeline approved! I will now generate the detailed plan for the Nextflow DSL2 pipeline.","nextflow.enable.dsl=2

// --- IMPORTS ---

include { getInput } from '../functions/parameters.nf'

include { step_2AS_denovo__spades } from '../steps/step_2AS_denovo__spades'

include { step_4AN_genes__prokka } from '../steps/step_4AN_genes__prokka'

include { getEmpty } from '../functions/common.nf'

include { step_1PP_trimming__fastp } from '../steps/step_1PP_trimming__fastp'

include { step_0SQ_rawreads__fastq } from '../steps/step_0SQ_rawreads__fastq'

// --- GLOBALS ---

def kingdom = 'Bacteria'

def prokkaRiscd = '220308-020220308005121273-4AN_import-external'

// --- INLINE PROCESSES ---

// --- SUB WORKFLOWS ---

// --- ENTRYPOINT ---
workflow {
    // Step 1: Input FASTQ files
    rawreads = step_0SQ_rawreads__fastq(getInput())

    // Step 2: Trimming with fastp
    trimmed = step_1PP_trimming__fastp(rawreads).trimmed

    // Step 3: Assembly with SPAdes
    assembled = step_2AS_denovo__spades(trimmed).assembled

    // Step 4: Annotation with Prokka
    prokka_input = assembled.map { [prokkaRiscd, it, kingdom, '-', '-', getEmpty()] }
    step_4AN_genes__prokka(prokka_input)
}","nextflow.enable.dsl=2

include { getSingleInput; optionalOrDefault; param } from '../functions/parameters.nf'
include { step_1PP_trimming__fastp } from '../steps/step_1PP_trimming__fastp'
include { step_2AS_denovo__spades } from '../steps/step_2AS_denovo__spades'
include { step_4AN_genes__prokka } from '../steps/step_4AN_genes__prokka'
workflow {
    trimmed   = step_1PP_trimming__fastp(getSingleInput()).trimmed
    assembled = step_2AS_denovo__spades(trimmed).assembled
    step_4AN_genes__prokka(assembled)
}
"
"K15_prokka_cam_fastp_spades","K15_prokka_cam_fastp_spades","K15","Prokka annotation on Campylobacter jejuni from paired-end Illumina FASTQ (fastp + spades + prokka).","Y","Y","none","","7","7","Y","","","","step_1PP_trimming__fastp, step_2AS_denovo__spades, step_4AN_genes__prokka","step_1PP_trimming__fastp, step_2AS_denovo__spades, step_4AN_genes__prokka","step_1PP_trimming__fastp, step_2AS_denovo__spades, step_4AN_genes__prokka","968","45","3","2","14.1","Pipeline approved! I will now generate the detailed plan for the Architect Agent.","nextflow.enable.dsl=2

// --- IMPORTS ---

include { getSingleInput } from '../functions/parameters.nf'

include { step_1PP_trimming__fastp } from '../steps/step_1PP_trimming__fastp'

include { step_2AS_denovo__spades } from '../steps/step_2AS_denovo__spades'

include { step_4AN_genes__prokka } from '../steps/step_4AN_genes__prokka'

include { getEmpty } from '../functions/common.nf'

// --- GLOBALS ---

def kingdomCampy = 'Bacteria'

def speciesCampy = 'jejuni'

// --- INLINE PROCESSES ---

// --- SUB WORKFLOWS ---

workflow wf_campy_annotation {
    
    take:
        
        raw_reads
        
    
    main:
        trimmed = step_1PP_trimming__fastp(raw_reads).trimmed

        assembly = step_2AS_denovo__spades(trimmed).assembled

        prokka_input = assembly.map { [ it[0], it[1], kingdomCampy, '-', '-', getEmpty() ] }
        step_4AN_genes__prokka(prokka_input)
    
}

// --- ENTRYPOINT ---
workflow {
    wf_campy_annotation(getSingleInput())
}","nextflow.enable.dsl=2

include { getSingleInput; optionalOrDefault; param } from '../functions/parameters.nf'
include { step_1PP_trimming__fastp } from '../steps/step_1PP_trimming__fastp'
include { step_2AS_denovo__spades } from '../steps/step_2AS_denovo__spades'
include { step_4AN_genes__prokka } from '../steps/step_4AN_genes__prokka'
workflow {
    trimmed   = step_1PP_trimming__fastp(getSingleInput()).trimmed
    assembled = step_2AS_denovo__spades(trimmed).assembled
    step_4AN_genes__prokka(assembled)
}
"
"K16_flaA_cam_fastp_spades","K16_flaA_cam_fastp_spades","K16","flaA typing on Campylobacter jejuni from paired-end Illumina FASTQ (fastp + spades + flaA).","Y","Y","none","","7","7","Y","","","","step_1PP_trimming__fastp, step_2AS_denovo__spades, step_4TY_flaA__flaA","step_1PP_trimming__fastp, step_2AS_denovo__spades, step_4TY_flaA__flaA","step_1PP_trimming__fastp, step_2AS_denovo__spades, step_4TY_flaA__flaA","956","37","3","2","27.4","Pipeline approved! The detailed plan for the Architect Agent will be generated now.","nextflow.enable.dsl=2

// --- IMPORTS ---

include { getSingleInput } from '../functions/parameters.nf'

include { step_4TY_flaA__flaA } from '../steps/step_4TY_flaA__flaA'

include { step_1PP_trimming__fastp } from '../steps/step_1PP_trimming__fastp'

include { step_2AS_denovo__spades } from '../steps/step_2AS_denovo__spades'

// --- GLOBALS ---

def flaASchemaName = 'flaA'

def flaAGenusAllowed = ['campylobacter']

// --- INLINE PROCESSES ---

// --- SUB WORKFLOWS ---

// --- ENTRYPOINT ---
workflow {
    // Step 1: Trimming with fastp
    trimmed = step_1PP_trimming__fastp(getSingleInput()).trimmed

    // Step 2: De novo assembly with SPAdes
    spades_out = step_2AS_denovo__spades(trimmed)

    // Step 3: flaA typing with flaA tool
    // Provide genus and species as 'campylobacter jejuni'
    step_4TY_flaA__flaA(spades_out.assembled, 'campylobacter jejuni')

    // Optional: QC with QUAST (if needed)
    // quast(spades_out.assembled)
}","nextflow.enable.dsl=2

include { getSingleInput; optionalOrDefault; param } from '../functions/parameters.nf'
include { step_1PP_trimming__fastp } from '../steps/step_1PP_trimming__fastp'
include { step_2AS_denovo__spades } from '../steps/step_2AS_denovo__spades'
include { step_4TY_flaA__flaA } from '../steps/step_4TY_flaA__flaA'
workflow {
    trimmed   = step_1PP_trimming__fastp(getSingleInput()).trimmed
    assembled = step_2AS_denovo__spades(trimmed).assembled
    step_4TY_flaA__flaA(assembled, param('genus_species'))
}
"
"K17_staramr_cam_fastp_spades","K17_staramr_cam_fastp_spades","K17","staramr AMR profiling on Campylobacter jejuni from paired-end Illumina FASTQ (fastp + spades + staramr).","Y","Y","none","","7","7","Y","","","","step_1PP_trimming__fastp, step_2AS_denovo__spades, step_4AN_AMR__staramr","step_1PP_trimming__fastp, step_2AS_denovo__spades, step_4AN_AMR__staramr","step_1PP_trimming__fastp, step_2AS_denovo__spades, step_4AN_AMR__staramr","651","26","3","2","12.9","Your pipeline for **staramr AMR profiling on Campylobacter jejuni** from paired-end Illumina FASTQ data has been approved and finalized. Below is the detailed plan for the Architect Agent.","nextflow.enable.dsl=2

// --- IMPORTS ---

include { getSingleInput } from '../functions/parameters.nf'

include { step_4AN_AMR__staramr } from '../steps/step_4AN_AMR__staramr'

include { step_1PP_trimming__fastp } from '../steps/step_1PP_trimming__fastp'

include { step_2AS_denovo__spades } from '../steps/step_2AS_denovo__spades'

// --- GLOBALS ---

def genusSpecies = 'Campylobacter jejuni'

// --- INLINE PROCESSES ---

// --- SUB WORKFLOWS ---

// --- ENTRYPOINT ---
workflow {
    trimmed = step_1PP_trimming__fastp(getSingleInput())
    assembly = step_2AS_denovo__spades(trimmed)
    step_4AN_AMR__staramr(assembly.assembled, genusSpecies)
}","nextflow.enable.dsl=2

include { getSingleInput; optionalOrDefault; param } from '../functions/parameters.nf'
include { step_1PP_trimming__fastp } from '../steps/step_1PP_trimming__fastp'
include { step_2AS_denovo__spades } from '../steps/step_2AS_denovo__spades'
include { step_4AN_AMR__staramr } from '../steps/step_4AN_AMR__staramr'
workflow {
    trimmed   = step_1PP_trimming__fastp(getSingleInput()).trimmed
    assembled = step_2AS_denovo__spades(trimmed).assembled
    step_4AN_AMR__staramr(assembled, param('genus_species'))
}
"
"K18_mlst_lis_fastp_shovill","K18_mlst_lis_fastp_shovill","K18","MLST typing on Listeria monocytogenes from paired-end Illumina FASTQ (fastp + shovill + mlst).","Y","Y","none","","7","7","Y","","","","step_1PP_trimming__fastp, step_2AS_denovo__shovill, step_4TY_MLST__mlst","step_1PP_trimming__fastp, step_2AS_denovo__shovill, step_4TY_MLST__mlst","step_1PP_trimming__fastp, step_2AS_denovo__shovill, step_4TY_MLST__mlst","898","42","3","2","13.1","Pipeline approved. The Nextflow DSL2 pipeline will be built using the following steps:

1. **Preprocessing**: Trim paired-end Illumina FASTQ reads using `fastp` (`step_1PP_trimming__fastp`).
2. **Assembly**: Assemble the trimmed reads into contigs using `Shovill` (`step_2AS_denovo__shovill`).
3. **T","nextflow.enable.dsl=2

// --- IMPORTS ---

include { step_4TY_MLST__mlst } from '../steps/step_4TY_MLST__mlst'

include { getSingleInput } from '../functions/parameters.nf'

include { step_1PP_trimming__fastp } from '../steps/step_1PP_trimming__fastp'

include { step_2AS_denovo__shovill } from '../steps/step_2AS_denovo__shovill'

// --- GLOBALS ---

def mlstContainer = 'ghcr.io/genpat-it/mlst-w-db:2.23.0--60b8b2e3dd_231219.124455'

def shovillContainer = 'staphb/shovill:1.1.0'

def fastpContainer = 'staphb/fastp:0.23.4'

// --- INLINE PROCESSES ---

// --- SUB WORKFLOWS ---

workflow wf_listeria_mlst {
    
    take:
        
        rawreads
        
    
    main:
        trimmed = step_1PP_trimming__fastp(rawreads)
        contigs = step_2AS_denovo__shovill(trimmed)
        step_4TY_MLST__mlst(contigs)
    
}

// --- ENTRYPOINT ---
workflow {
    wf_listeria_mlst(getSingleInput())
}","nextflow.enable.dsl=2

include { getSingleInput; optionalOrDefault; param } from '../functions/parameters.nf'
include { step_1PP_trimming__fastp } from '../steps/step_1PP_trimming__fastp'
include { step_2AS_denovo__shovill } from '../steps/step_2AS_denovo__shovill'
include { step_4TY_MLST__mlst } from '../steps/step_4TY_MLST__mlst'
workflow {
    trimmed   = step_1PP_trimming__fastp(getSingleInput()).trimmed
    assembled = step_2AS_denovo__shovill(trimmed).assembly
    step_4TY_MLST__mlst(assembled)
}
"
"K19_mlst_eco_fastp_shovill","K19_mlst_eco_fastp_shovill","K19","MLST typing on Escherichia coli from paired-end Illumina FASTQ (fastp + shovill + mlst).","Y","Y","none","","7","7","Y","","","","step_1PP_trimming__fastp, step_2AS_denovo__shovill, step_4TY_MLST__mlst","step_1PP_trimming__fastp, step_2AS_denovo__shovill, step_4TY_MLST__mlst","step_1PP_trimming__fastp, step_2AS_denovo__shovill, step_4TY_MLST__mlst","630","26","3","2","11.7","Pipeline approved. The MLST typing pipeline for *Escherichia coli* from paired-end Illumina FASTQ data will proceed with the following steps:

1. **Preprocessing**: Trim raw reads using `fastp` (`step_1PP_trimming__fastp`).
2. **Assembly**: Assemble trimmed reads into contigs using `Shovill` (`step_","nextflow.enable.dsl=2

// --- IMPORTS ---

include { getSingleInput } from '../functions/parameters.nf'

include { step_1PP_trimming__fastp } from '../steps/step_1PP_trimming__fastp'

include { step_4TY_MLST__mlst } from '../steps/step_4TY_MLST__mlst'

include { step_2AS_denovo__shovill } from '../steps/step_2AS_denovo__shovill'

// --- GLOBALS ---

def mlstExcludedSchemas = 'ecoli,campylobacter'

// --- INLINE PROCESSES ---

// --- SUB WORKFLOWS ---

// --- ENTRYPOINT ---
workflow {
    trimmed = step_1PP_trimming__fastp(getSingleInput())
    assembly = step_2AS_denovo__shovill(trimmed)
    step_4TY_MLST__mlst(assembly)
}","nextflow.enable.dsl=2

include { getSingleInput; optionalOrDefault; param } from '../functions/parameters.nf'
include { step_1PP_trimming__fastp } from '../steps/step_1PP_trimming__fastp'
include { step_2AS_denovo__shovill } from '../steps/step_2AS_denovo__shovill'
include { step_4TY_MLST__mlst } from '../steps/step_4TY_MLST__mlst'
workflow {
    trimmed   = step_1PP_trimming__fastp(getSingleInput()).trimmed
    assembled = step_2AS_denovo__shovill(trimmed).assembly
    step_4TY_MLST__mlst(assembled)
}
"
"K20_mlst_sal_fastp_shovill","K20_mlst_sal_fastp_shovill","K20","MLST typing on Salmonella enterica from paired-end Illumina FASTQ (fastp + shovill + mlst).","Y","Y","none","","7","7","Y","","","","step_1PP_trimming__fastp, step_2AS_denovo__shovill, step_4TY_MLST__mlst","step_1PP_trimming__fastp, step_2AS_denovo__shovill, step_4TY_MLST__mlst","step_1PP_trimming__fastp, step_2AS_denovo__shovill, step_4TY_MLST__mlst","667","28","3","2","20.1","Your pipeline for MLST typing on *Salmonella enterica* from paired-end Illumina FASTQ data has been approved. The pipeline will include:

1. **Trimming**: `fastp` (`step_1PP_trimming__fastp`) for adapter trimming and quality filtering.
2. **Assembly**: `Shovill` (`step_2AS_denovo__shovill`) for draf","nextflow.enable.dsl=2

// --- IMPORTS ---

include { getSingleInput } from '../functions/parameters.nf'

include { step_1PP_trimming__fastp } from '../steps/step_1PP_trimming__fastp'

include { step_4TY_MLST__mlst } from '../steps/step_4TY_MLST__mlst'

include { step_2AS_denovo__shovill } from '../steps/step_2AS_denovo__shovill'

// --- GLOBALS ---

def mlstContainer = 'ghcr.io/genpat-it/mlst-w-db:2.23.0--60b8b2e3dd_231219.124455'

// --- INLINE PROCESSES ---

// --- SUB WORKFLOWS ---

// --- ENTRYPOINT ---
workflow {
    trimmed = step_1PP_trimming__fastp(getSingleInput())

    assembly = step_2AS_denovo__shovill(trimmed)

    step_4TY_MLST__mlst(assembly)
}","nextflow.enable.dsl=2

include { getSingleInput; optionalOrDefault; param } from '../functions/parameters.nf'
include { step_1PP_trimming__fastp } from '../steps/step_1PP_trimming__fastp'
include { step_2AS_denovo__shovill } from '../steps/step_2AS_denovo__shovill'
include { step_4TY_MLST__mlst } from '../steps/step_4TY_MLST__mlst'
workflow {
    trimmed   = step_1PP_trimming__fastp(getSingleInput()).trimmed
    assembled = step_2AS_denovo__shovill(trimmed).assembly
    step_4TY_MLST__mlst(assembled)
}
"
"K21_mlst_cam_fastp_shovill","K21_mlst_cam_fastp_shovill","K21","MLST typing on Campylobacter jejuni from paired-end Illumina FASTQ (fastp + shovill + mlst).","Y","Y","none","","7","7","Y","","","","step_1PP_trimming__fastp, step_2AS_denovo__shovill, step_4TY_MLST__mlst","step_1PP_trimming__fastp, step_2AS_denovo__shovill, step_4TY_MLST__mlst","step_1PP_trimming__fastp, step_2AS_denovo__shovill, step_4TY_MLST__mlst","711","29","3","2","14.2","Understood! The pipeline for MLST typing on *Campylobacter jejuni* from paired-end Illumina FASTQ data has been approved. Here is the detailed plan for the Architect Agent:

---

### **Approved Pipeline Plan**

#### **Objective**: Perform MLST typing on *Campylobacter jejuni* from paired-end Illumin","nextflow.enable.dsl=2

// --- IMPORTS ---

include { step_4TY_MLST__mlst } from '../steps/step_4TY_MLST__mlst'

include { getSingleInput } from '../functions/parameters.nf'

include { step_1PP_trimming__fastp } from '../steps/step_1PP_trimming__fastp'

include { step_2AS_denovo__shovill } from '../steps/step_2AS_denovo__shovill'

// --- GLOBALS ---

def mlstSchema = 'campylobacter_jejuni'

def mlstExcludedSchemas = 'campylobacter_lari'

// --- INLINE PROCESSES ---

// --- SUB WORKFLOWS ---

// --- ENTRYPOINT ---
workflow {
    rawreads = getSingleInput()
    trimmed = step_1PP_trimming__fastp(rawreads).trimmed
    assembly = step_2AS_denovo__shovill(trimmed).assembly
    step_4TY_MLST__mlst(assembly)
}","nextflow.enable.dsl=2

include { getSingleInput; optionalOrDefault; param } from '../functions/parameters.nf'
include { step_1PP_trimming__fastp } from '../steps/step_1PP_trimming__fastp'
include { step_2AS_denovo__shovill } from '../steps/step_2AS_denovo__shovill'
include { step_4TY_MLST__mlst } from '../steps/step_4TY_MLST__mlst'
workflow {
    trimmed   = step_1PP_trimming__fastp(getSingleInput()).trimmed
    assembled = step_2AS_denovo__shovill(trimmed).assembly
    step_4TY_MLST__mlst(assembled)
}
"
"K22_chewbbaca_lis_fastp_shovill","K22_chewbbaca_lis_fastp_shovill","K22","cgMLST allelic profiling on Listeria monocytogenes from paired-end Illumina FASTQ (fastp + shovill + chewbbaca).","Y","Y","none","","9","9","Y","","","","step_1PP_trimming__fastp, step_2AS_denovo__shovill, step_4TY_cgMLST__chewbbaca","step_1PP_trimming__fastp, step_2AS_denovo__shovill, step_4TY_cgMLST__chewbbaca","step_1PP_trimming__fastp, step_2AS_denovo__shovill, step_4TY_cgMLST__chewbbaca","723","28","3","2","12.3","Your pipeline for **cgMLST allelic profiling on *Listeria monocytogenes*** from paired-end Illumina FASTQ data has been approved. The pipeline will include:

1. **Preprocessing**: `fastp` (`step_1PP_trimming__fastp`) for trimming adapters and low-quality bases.
2. **Assembly**: `shovill` (`step_2AS_","nextflow.enable.dsl=2

// --- IMPORTS ---

include { getSingleInput } from '../functions/parameters.nf'

include { step_1PP_trimming__fastp } from '../steps/step_1PP_trimming__fastp'

include { step_4TY_cgMLST__chewbbaca } from '../steps/step_4TY_cgMLST__chewbbaca'

include { step_2AS_denovo__shovill } from '../steps/step_2AS_denovo__shovill'

// --- GLOBALS ---

def genusSpecies = 'Listeria monocytogenes'

def cgMLSTSchema = 'l_mono_chewie_1748_220623'

// --- INLINE PROCESSES ---

// --- SUB WORKFLOWS ---

// --- ENTRYPOINT ---
workflow {
    trimmed = step_1PP_trimming__fastp(getSingleInput())
    assembly = step_2AS_denovo__shovill(trimmed)
    step_4TY_cgMLST__chewbbaca(assembly, genusSpecies, cgMLSTSchema)
}","nextflow.enable.dsl=2

include { getSingleInput; optionalOrDefault; param } from '../functions/parameters.nf'
include { step_1PP_trimming__fastp } from '../steps/step_1PP_trimming__fastp'
include { step_2AS_denovo__shovill } from '../steps/step_2AS_denovo__shovill'
include { step_4TY_cgMLST__chewbbaca } from '../steps/step_4TY_cgMLST__chewbbaca'
workflow {
    trimmed   = step_1PP_trimming__fastp(getSingleInput()).trimmed
    assembled = step_2AS_denovo__shovill(trimmed).assembly
    step_4TY_cgMLST__chewbbaca(assembled, param('genus_species'), optionalOrDefault('schema', ''))
}
"
"K23_chewbbaca_eco_fastp_shovill","K23_chewbbaca_eco_fastp_shovill","K23","cgMLST allelic profiling on Escherichia coli from paired-end Illumina FASTQ (fastp + shovill + chewbbaca).","Y","Y","none","","9","9","Y","","","","step_1PP_trimming__fastp, step_2AS_denovo__shovill, step_4TY_cgMLST__chewbbaca","step_1PP_trimming__fastp, step_2AS_denovo__shovill, step_4TY_cgMLST__chewbbaca","step_1PP_trimming__fastp, step_2AS_denovo__shovill, step_4TY_cgMLST__chewbbaca","732","28","3","2","16.5","Pipeline approved! The Nextflow DSL2 pipeline for **cgMLST allelic profiling on *Escherichia coli*** will be built using the following steps:

1. **Trimming**: `step_1PP_trimming__fastp` for paired-end Illumina FASTQ reads.
2. **Assembly**: `step_2AS_denovo__shovill` for de novo assembly.
3. **Typin","nextflow.enable.dsl=2

// --- IMPORTS ---

include { getSingleInput } from '../functions/parameters.nf'

include { step_1PP_trimming__fastp } from '../steps/step_1PP_trimming__fastp'

include { step_4TY_cgMLST__chewbbaca } from '../steps/step_4TY_cgMLST__chewbbaca'

include { step_2AS_denovo__shovill } from '../steps/step_2AS_denovo__shovill'

// --- GLOBALS ---

def chewbbacaSchema = 'e_coli_chewie_2360_210531'

def genusSpecies = 'escherichia_coli'

// --- INLINE PROCESSES ---

// --- SUB WORKFLOWS ---

// --- ENTRYPOINT ---
workflow {
    trimmed = step_1PP_trimming__fastp(getSingleInput())
    assembly = step_2AS_denovo__shovill(trimmed)
    step_4TY_cgMLST__chewbbaca(assembly.assembly, genusSpecies, chewbbacaSchema)
}","nextflow.enable.dsl=2

include { getSingleInput; optionalOrDefault; param } from '../functions/parameters.nf'
include { step_1PP_trimming__fastp } from '../steps/step_1PP_trimming__fastp'
include { step_2AS_denovo__shovill } from '../steps/step_2AS_denovo__shovill'
include { step_4TY_cgMLST__chewbbaca } from '../steps/step_4TY_cgMLST__chewbbaca'
workflow {
    trimmed   = step_1PP_trimming__fastp(getSingleInput()).trimmed
    assembled = step_2AS_denovo__shovill(trimmed).assembly
    step_4TY_cgMLST__chewbbaca(assembled, param('genus_species'), optionalOrDefault('schema', ''))
}
"
"K24_chewbbaca_sal_fastp_shovill","K24_chewbbaca_sal_fastp_shovill","K24","cgMLST allelic profiling on Salmonella enterica from paired-end Illumina FASTQ (fastp + shovill + chewbbaca).","Y","N","missing_param","ERROR ~ missing required param: step_3TX_species__kmerfinder__db","0","9","N","step_3TX_species__kmerfinder","","","step_1PP_trimming__fastp, step_2AS_denovo__shovill, step_3TX_species__kmerfinder, step_4TY_cgMLST__chewbbaca","step_1PP_trimming__fastp, step_2AS_denovo__shovill, step_3TX_species__kmerfinder, step_4TY_cgMLST__chewbbaca","step_1PP_trimming__fastp, step_2AS_denovo__shovill, step_4TY_cgMLST__chewbbaca","1537","57","4","2","19.2","Pipeline approved. The Nextflow DSL2 pipeline for **cgMLST allelic profiling on *Salmonella enterica*** from paired-end Illumina FASTQ reads will be built using the following steps:

1. **Preprocessing**: Trim reads using `fastp`.
2. **Assembly**: Assemble trimmed reads using `Shovill`.
3. **Species","nextflow.enable.dsl=2

// --- IMPORTS ---

include { getSingleInput } from '../functions/parameters.nf'

include { step_4TY_cgMLST__chewbbaca } from '../steps/step_4TY_cgMLST__chewbbaca'

include { step_1PP_trimming__fastp } from '../steps/step_1PP_trimming__fastp'

include { step_2AS_denovo__shovill } from '../steps/step_2AS_denovo__shovill'

include { step_3TX_species__kmerfinder } from '../steps/step_3TX_species__kmerfinder'

// --- GLOBALS ---

def speciesCode = 'Salmonella_enterica'

def cgMLSTSchema = ""${params.assets_dir}/module_cgmlst_salmonella/schema""

// --- INLINE PROCESSES ---

// --- SUB WORKFLOWS ---

workflow wf_cgmlst_salmonella {
    
    take:
        
        reads
        
    
    main:
        reads.set { rawreads }

        trimmed = step_1PP_trimming__fastp(rawreads).trimmed

        assembly = step_2AS_denovo__shovill(trimmed).assembly

        species_confirmed = step_3TX_species__kmerfinder(assembly).assigned_species

        // Filter for Salmonella enterica only
        species_confirmed.filter { it[1].contains(speciesCode) }.set { confirmed_salmonella }

        // Prepare inputs for chewBBACA: [riscd, assembly, species, schema]
        confirmed_salmonella.multiMap {
            assembly: it[0,1]
            species: speciesCode
            schema: file(cgMLSTSchema)
        }.set { chewbbaca_in }
        step_4TY_cgMLST__chewbbaca(chewbbaca_in.assembly, chewbbaca_in.species, chewbbaca_in.schema)
    
}

// --- ENTRYPOINT ---
workflow {
    wf_cgmlst_salmonella(getSingleInput())
}","nextflow.enable.dsl=2

include { getSingleInput; optionalOrDefault; param } from '../functions/parameters.nf'
include { step_1PP_trimming__fastp } from '../steps/step_1PP_trimming__fastp'
include { step_2AS_denovo__shovill } from '../steps/step_2AS_denovo__shovill'
include { step_4TY_cgMLST__chewbbaca } from '../steps/step_4TY_cgMLST__chewbbaca'
workflow {
    trimmed   = step_1PP_trimming__fastp(getSingleInput()).trimmed
    assembled = step_2AS_denovo__shovill(trimmed).assembly
    step_4TY_cgMLST__chewbbaca(assembled, param('genus_species'), optionalOrDefault('schema', ''))
}
"
"K25_abricate_lis_fastp_shovill","K25_abricate_lis_fastp_shovill","K25","ABRicate AMR screening on Listeria monocytogenes from paired-end Illumina FASTQ (fastp + shovill + abricate).","Y","Y","none","","7","7","Y","","","","step_1PP_trimming__fastp, step_2AS_denovo__shovill, step_4AN_AMR__abricate","step_1PP_trimming__fastp, step_2AS_denovo__shovill, step_4AN_AMR__abricate","step_1PP_trimming__fastp, step_2AS_denovo__shovill, step_4AN_AMR__abricate","778","35","3","2","19.8","Pipeline approved! The Nextflow DSL2 pipeline for AMR screening of *Listeria monocytogenes* from paired-end Illumina FASTQ data will be built as follows:

1. **Preprocessing**: Trim reads using `fastp`.
2. **Assembly**: Assemble trimmed reads using `shovill`.
3. **AMR Screening**: Screen the assembl","nextflow.enable.dsl=2

// --- IMPORTS ---

include { step_4AN_AMR__abricate } from '../steps/step_4AN_AMR__abricate'

include { getSingleInput } from '../functions/parameters.nf'

include { step_1PP_trimming__fastp } from '../steps/step_1PP_trimming__fastp'

include { step_2AS_denovo__shovill } from '../steps/step_2AS_denovo__shovill'

// --- GLOBALS ---

def amrDb = 'card'

def amrMinId = '90'

def amrMinCov = '80'

// --- INLINE PROCESSES ---

// --- SUB WORKFLOWS ---

// --- ENTRYPOINT ---
workflow {
    // Step 1: Trimming with fastp
    trimmed = step_1PP_trimming__fastp(getSingleInput()).trimmed

    // Step 2: Assembly with shovill
    assembly = step_2AS_denovo__shovill(trimmed)

    // Step 3: AMR screening with abricate
    step_4AN_AMR__abricate(assembly)
}","nextflow.enable.dsl=2

include { getSingleInput; optionalOrDefault; param } from '../functions/parameters.nf'
include { step_1PP_trimming__fastp } from '../steps/step_1PP_trimming__fastp'
include { step_2AS_denovo__shovill } from '../steps/step_2AS_denovo__shovill'
include { step_4AN_AMR__abricate } from '../steps/step_4AN_AMR__abricate'
workflow {
    trimmed   = step_1PP_trimming__fastp(getSingleInput()).trimmed
    assembled = step_2AS_denovo__shovill(trimmed).assembly
    step_4AN_AMR__abricate(assembled)
}
"
"K26_abricate_eco_fastp_shovill","K26_abricate_eco_fastp_shovill","K26","ABRicate AMR screening on Escherichia coli from paired-end Illumina FASTQ (fastp + shovill + abricate).","Y","N","file_not_found","WARN: file not found: '/mnt/data/cohesive_llm_bench_scratch/_shared_inputdir/2026/2026.ECO.106.1.1/0SQ_rawreads/DS99999-DT260224_import/result/*.fastq*'","0","7","Y","","","","","step_1PP_trimming__fastp, step_2AS_denovo__shovill, step_4AN_AMR__abricate","step_1PP_trimming__fastp, step_2AS_denovo__shovill, step_4AN_AMR__abricate","1818","100","3","2","25.9","Pipeline approved! The Nextflow DSL2 pipeline will include:

1. **Preprocessing**: Trimming paired-end Illumina FASTQ files using `fastp`.
2. **Assembly**: De novo assembly of trimmed reads using `shovill`.
3. **AMR Screening**: ABRicate AMR gene screening on the assembled genome.

I will now genera","nextflow.enable.dsl=2

// --- IMPORTS ---

include { extractKey } from '../functions/common.nf'

include { getSingleInput } from '../functions/parameters.nf'

// --- GLOBALS ---

def params = [:]

def STEP_1PP_TRIMMING_METHOD = 'fastp'

def STEP_2AS_DENOVO_METHOD = 'shovill'

def STEP_4AN_AMR_METHOD = 'abricate'

// --- INLINE PROCESSES ---

// --- SUB WORKFLOWS ---

workflow wf_abricate_amr_screening {
    
    take:
        
        raw_reads
        
    
    main:
        trimmed_reads = step_1PP_trimming__fastp(raw_reads)
        assemblies = step_2AS_denovo__shovill(trimmed_reads)
        step_4AN_AMR__abricate(assemblies)
    
}

workflow step_1PP_trimming__fastp {
    
    take:
        
        raw_reads
        
    
    main:
        fastp_out = fastp(raw_reads)
        fastqc(fastp_out.trimmed)
        readsCheckInput = raw_reads.cross(fastp_out.trimmed) { extractKey(it) }.multiMap {
            rawreads: it[0]
            trimmed: it[1]
        }
        sample_reads_check(readsCheckInput.rawreads, readsCheckInput.trimmed)
    
    emit:
        
        trimmed = fastp_out.trimmed
        
    
}

workflow step_2AS_denovo__shovill {
    
    take:
        
        trimmed_reads
        
    
    main:
        shovill_out = shovill(trimmed_reads)
        quast(shovill_out.assembly)
        if (!params.skip_checkm) {
            checkm(shovill_out.assembly)
        }
    
    emit:
        
        assembly = shovill_out.assembly
        
    
}

workflow step_4AN_AMR__abricate {
    
    take:
        
        assemblies
        
    
    main:
        abricate(assemblies)
    
}

// --- ENTRYPOINT ---
workflow {
    // Instantiate input channel from FASTQ files
    raw_reads = getSingleInput()

    // Run the AMR screening workflow
    wf_abricate_amr_screening(raw_reads)
}","nextflow.enable.dsl=2

include { getSingleInput; optionalOrDefault; param } from '../functions/parameters.nf'
include { step_1PP_trimming__fastp } from '../steps/step_1PP_trimming__fastp'
include { step_2AS_denovo__shovill } from '../steps/step_2AS_denovo__shovill'
include { step_4AN_AMR__abricate } from '../steps/step_4AN_AMR__abricate'
workflow {
    trimmed   = step_1PP_trimming__fastp(getSingleInput()).trimmed
    assembled = step_2AS_denovo__shovill(trimmed).assembly
    step_4AN_AMR__abricate(assembled)
}
"
"K27_abricate_sal_fastp_shovill","K27_abricate_sal_fastp_shovill","K27","ABRicate AMR screening on Salmonella enterica from paired-end Illumina FASTQ (fastp + shovill + abricate).","Y","N","file_not_found","WARN: file not found: '/mnt/data/cohesive_llm_bench_scratch/_shared_inputdir/2026/2026.SAL.106.1.1/0SQ_rawreads/DS99999-DT260224_import/result/*.fastq*'","0","7","N","step_4AN_AMR__filtering","","","step_4AN_AMR__filtering","step_2AS_denovo__shovill, step_4AN_AMR__abricate, step_4AN_AMR__filtering, step_1PP_trimming__fastp","step_1PP_trimming__fastp, step_2AS_denovo__shovill, step_4AN_AMR__abricate","2050","103","4","2","36.2","Pipeline approved! The Nextflow DSL2 pipeline will include the following steps:

1. **Preprocessing**: Trim paired-end Illumina FASTQ reads using `fastp`.
2. **Assembly**: Assemble the trimmed reads using `shovill`.
3. **AMR Screening**: Screen the assembled genome for antimicrobial resistance genes","nextflow.enable.dsl=2

// --- IMPORTS ---

include { extractKey } from '../functions/common.nf'

include { getSingleInput } from '../functions/parameters.nf'

include { step_4AN_AMR__filtering } from '../steps/step_4AN_AMR__filtering'

// --- GLOBALS ---

def amrDb = 'vfdb'

// --- INLINE PROCESSES ---

// --- SUB WORKFLOWS ---

workflow wf_abricate_amr_screening {
    
    take:
        
        trimmed_reads
        
    
    main:
        trimmed_reads.multiMap {
            trimmed: it
            assembly: [ it[0], file(""${it[0]}_assembly.fasta"") ]
        }.set { trimmedAndAssembly }

        shovill_out = step_2AS_denovo__shovill(trimmedAndAssembly.trimmed)
        trimmedAndAssembly.assembly.mix(shovill_out.assembly).set { assembly }
        step_4AN_AMR__abricate(assembly)
        step_4AN_AMR__filtering(abricate_out.abricate_results)
    
}

workflow step_1PP_trimming__fastp {
    
    take:
        
        rawreads
        
    
    main:
        trimmed = fastp(rawreads).trimmed

        fastqc(trimmed)
        readsCheckInput = rawreads.cross(trimmed) { extractKey(it) }.multiMap { 
            rawreads: it[0]
            trimmed: it[1]
        }
        sample_reads_check(readsCheckInput.rawreads, readsCheckInput.trimmed)
    
    emit:
        
        trimmed_reads = trimmed
        
    
}

workflow step_2AS_denovo__shovill {
    
    take:
        
        rawreads
        
    
    main:
        contigs_from_pe = shovill(rawreads).assembly
        contigs_from_se = shovill_se(rawreads).assembly
        contigs = contigs_from_pe.mix(contigs_from_se)
        quast(contigs)
        if (!params.skip_checkm) {
            checkm(contigs)
        }
    
    emit:
        
        assembly = contigs
        
    
}

workflow step_4AN_AMR__abricate {
    
    take:
        
        data
        
    
    main:
        abricate(data)
    
}

// --- ENTRYPOINT ---
workflow {
    rawreads = getSingleInput()
    trimmed_reads = step_1PP_trimming__fastp(rawreads)
    wf_abricate_amr_screening(trimmed_reads)
}","nextflow.enable.dsl=2

include { getSingleInput; optionalOrDefault; param } from '../functions/parameters.nf'
include { step_1PP_trimming__fastp } from '../steps/step_1PP_trimming__fastp'
include { step_2AS_denovo__shovill } from '../steps/step_2AS_denovo__shovill'
include { step_4AN_AMR__abricate } from '../steps/step_4AN_AMR__abricate'
workflow {
    trimmed   = step_1PP_trimming__fastp(getSingleInput()).trimmed
    assembled = step_2AS_denovo__shovill(trimmed).assembly
    step_4AN_AMR__abricate(assembled)
}
"
"K28_abricate_cam_fastp_shovill","K28_abricate_cam_fastp_shovill","K28","ABRicate AMR screening on Campylobacter jejuni from paired-end Illumina FASTQ (fastp + shovill + abricate).","Y","Y","none","","7","7","Y","","","","step_1PP_trimming__fastp, step_2AS_denovo__shovill, step_4AN_AMR__abricate","step_1PP_trimming__fastp, step_2AS_denovo__shovill, step_4AN_AMR__abricate","step_1PP_trimming__fastp, step_2AS_denovo__shovill, step_4AN_AMR__abricate","882","31","3","2","18.4","Pipeline approved. The Nextflow DSL2 pipeline will be built using the following steps:

1. **Trimming**: `step_1PP_trimming__fastp` to trim paired-end Illumina FASTQ reads.
2. **Assembly**: `step_2AS_denovo__shovill` to assemble the trimmed reads into a draft genome.
3. **AMR Screening**: `step_4AN_","nextflow.enable.dsl=2

// --- IMPORTS ---

include { step_4AN_AMR__abricate } from '../steps/step_4AN_AMR__abricate'

include { getSingleInput } from '../functions/parameters.nf'

include { step_1PP_trimming__fastp } from '../steps/step_1PP_trimming__fastp'

include { step_2AS_denovo__shovill } from '../steps/step_2AS_denovo__shovill'

// --- GLOBALS ---

def step_1PP_trimming__fastp_riscd = '240614-020224061400512127-1PP_trimming-fastp'

def step_2AS_denovo__shovill_riscd = '240614-020224061400512127-2AS_denovo-shovill'

def step_4AN_AMR__abricate_riscd = '240614-020224061400512127-4AN_AMR-abricate'

// --- INLINE PROCESSES ---

// --- SUB WORKFLOWS ---

// --- ENTRYPOINT ---
workflow {
    rawreads = getSingleInput()
    trimmed = step_1PP_trimming__fastp(rawreads).trimmed
    assembly = step_2AS_denovo__shovill(trimmed).assembly
    step_4AN_AMR__abricate(assembly)
}","nextflow.enable.dsl=2

include { getSingleInput; optionalOrDefault; param } from '../functions/parameters.nf'
include { step_1PP_trimming__fastp } from '../steps/step_1PP_trimming__fastp'
include { step_2AS_denovo__shovill } from '../steps/step_2AS_denovo__shovill'
include { step_4AN_AMR__abricate } from '../steps/step_4AN_AMR__abricate'
workflow {
    trimmed   = step_1PP_trimming__fastp(getSingleInput()).trimmed
    assembled = step_2AS_denovo__shovill(trimmed).assembly
    step_4AN_AMR__abricate(assembled)
}
"
"K29_prokka_lis_fastp_shovill","K29_prokka_lis_fastp_shovill","K29","Prokka annotation on Listeria monocytogenes from paired-end Illumina FASTQ (fastp + shovill + prokka).","Y","Y","none","","7","7","Y","","","","step_1PP_trimming__fastp, step_2AS_denovo__shovill, step_4AN_genes__prokka","step_2AS_denovo__shovill, step_4AN_genes__prokka, step_1PP_trimming__fastp","step_1PP_trimming__fastp, step_2AS_denovo__shovill, step_4AN_genes__prokka","1006","44","3","2","13.8","Your pipeline for **Prokka annotation on Listeria monocytogenes** from paired-end Illumina FASTQ data has been approved. The pipeline will include:

1. **Trimming**: `step_1PP_trimming__fastp` for paired-end Illumina reads.
2. **Assembly**: `step_2AS_denovo__shovill` for assembling the trimmed reads","nextflow.enable.dsl=2

// --- IMPORTS ---

include { getSingleInput } from '../functions/parameters.nf'

include { step_1PP_trimming__fastp } from '../steps/step_1PP_trimming__fastp'

include { step_2AS_denovo__shovill } from '../steps/step_2AS_denovo__shovill'

include { step_4AN_genes__prokka } from '../steps/step_4AN_genes__prokka'

include { getEmpty } from '../functions/common.nf'

// --- GLOBALS ---

def prokkaKingdom = 'Bacteria'

def prokkaGenusSpecies = 'Listeria monocytogenes'

// --- INLINE PROCESSES ---

// --- SUB WORKFLOWS ---

workflow wf_assembly_and_annotation {
    
    take:
        
        trimmed_reads
        
    
    main:
        assembly = step_2AS_denovo__shovill(trimmed_reads)

        prokka_input = assembly.map { [ it[0], it[1], prokkaKingdom, '-', '-', getEmpty() ] }
        step_4AN_genes__prokka(prokka_input)
    
}

// --- ENTRYPOINT ---
workflow {
    trimmed_reads = step_1PP_trimming__fastp(getSingleInput())
    wf_assembly_and_annotation(trimmed_reads)
}","nextflow.enable.dsl=2

include { getSingleInput; optionalOrDefault; param } from '../functions/parameters.nf'
include { step_1PP_trimming__fastp } from '../steps/step_1PP_trimming__fastp'
include { step_2AS_denovo__shovill } from '../steps/step_2AS_denovo__shovill'
include { step_4AN_genes__prokka } from '../steps/step_4AN_genes__prokka'
workflow {
    trimmed   = step_1PP_trimming__fastp(getSingleInput()).trimmed
    assembled = step_2AS_denovo__shovill(trimmed).assembly
    step_4AN_genes__prokka(assembled)
}
"
"K30_prokka_eco_fastp_shovill","K30_prokka_eco_fastp_shovill","K30","Prokka annotation on Escherichia coli from paired-end Illumina FASTQ (fastp + shovill + prokka).","Y","N","silent_no_op","No process placeholders appeared. when: clause filtered everything?","0","7","Y","","","","step_1PP_trimming__fastp, step_2AS_denovo__shovill, step_4AN_genes__prokka","step_1PP_trimming__fastp, step_2AS_denovo__shovill, step_4AN_genes__prokka","step_1PP_trimming__fastp, step_2AS_denovo__shovill, step_4AN_genes__prokka","1135","61","3","2","25.7","Pipeline approved! The Nextflow DSL2 pipeline for **Prokka annotation on Escherichia coli from paired-end Illumina FASTQ** will be built using the following steps:

1. **Trimming**: `step_1PP_trimming__fastp` for paired-end Illumina FASTQ files.
2. **Assembly**: `step_2AS_denovo__shovill` for de nov","nextflow.enable.dsl=2

// --- IMPORTS ---

include { step_2AS_denovo__shovill } from '../steps/step_2AS_denovo__shovill'

include { step_1PP_trimming__fastp } from '../steps/step_1PP_trimming__fastp'

include { step_4AN_genes__prokka } from '../steps/step_4AN_genes__prokka'

include { getEmpty } from '../functions/common.nf'

// --- GLOBALS ---

def kingdomEcoli = 'Bacteria'

// --- INLINE PROCESSES ---

// --- SUB WORKFLOWS ---

workflow wf_trim_and_assemble {
    
    take:
        
        rawreads
        
    
    main:
        trimmed = step_1PP_trimming__fastp(rawreads)

        shovill_out = step_2AS_denovo__shovill(trimmed)

        quast(shovill_out.assembly)
    
    emit:
        
        assembly = shovill_out.assembly
        
    
}

workflow wf_annotate_prokka {
    
    take:
        
        assembly
        
    
    main:
        step_4AN_genes__prokka(assembly.map { [ it[0], it[1], kingdomEcoli, '-', '-', getEmpty() ] })
    
}

// --- ENTRYPOINT ---
workflow {
    rawreads = Channel.fromPath(params.reads)

    wf_trim_and_assemble(rawreads)

    wf_annotate_prokka(wf_trim_and_assemble.assembly)
}","nextflow.enable.dsl=2

include { getSingleInput; optionalOrDefault; param } from '../functions/parameters.nf'
include { step_1PP_trimming__fastp } from '../steps/step_1PP_trimming__fastp'
include { step_2AS_denovo__shovill } from '../steps/step_2AS_denovo__shovill'
include { step_4AN_genes__prokka } from '../steps/step_4AN_genes__prokka'
workflow {
    trimmed   = step_1PP_trimming__fastp(getSingleInput()).trimmed
    assembled = step_2AS_denovo__shovill(trimmed).assembly
    step_4AN_genes__prokka(assembled)
}
"
"K31_prokka_sal_fastp_shovill","K31_prokka_sal_fastp_shovill","K31","Prokka annotation on Salmonella enterica from paired-end Illumina FASTQ (fastp + shovill + prokka).","Y","Y","none","","7","7","Y","","","","step_1PP_trimming__fastp, step_2AS_denovo__shovill, step_4AN_genes__prokka","step_1PP_trimming__fastp, step_2AS_denovo__shovill, step_4AN_genes__prokka","step_1PP_trimming__fastp, step_2AS_denovo__shovill, step_4AN_genes__prokka","885","34","3","2","17.9","Pipeline approved! The draft plan has been finalized and will be handed off to the Architect for implementation.","nextflow.enable.dsl=2

// --- IMPORTS ---

include { getSingleInput } from '../functions/parameters.nf'

include { step_4AN_genes__prokka } from '../steps/step_4AN_genes__prokka'

include { getEmpty } from '../functions/common.nf'

include { step_1PP_trimming__fastp } from '../steps/step_1PP_trimming__fastp'

include { step_2AS_denovo__shovill } from '../steps/step_2AS_denovo__shovill'

// --- GLOBALS ---

def kingdom = 'Bacteria'

// --- INLINE PROCESSES ---

// --- SUB WORKFLOWS ---

// --- ENTRYPOINT ---
workflow {
    // Step 1: Trimming with fastp
    trimmed = step_1PP_trimming__fastp(getSingleInput()).trimmed

    // Step 2: Assembly with Shovill
    assembly = step_2AS_denovo__shovill(trimmed).assembly

    // Step 3: Annotation with Prokka
    prokka_input = assembly.map { [ it[0], it[1], kingdom, '-', '-', getEmpty() ] }
    step_4AN_genes__prokka(prokka_input)
}","nextflow.enable.dsl=2

include { getSingleInput; optionalOrDefault; param } from '../functions/parameters.nf'
include { step_1PP_trimming__fastp } from '../steps/step_1PP_trimming__fastp'
include { step_2AS_denovo__shovill } from '../steps/step_2AS_denovo__shovill'
include { step_4AN_genes__prokka } from '../steps/step_4AN_genes__prokka'
workflow {
    trimmed   = step_1PP_trimming__fastp(getSingleInput()).trimmed
    assembled = step_2AS_denovo__shovill(trimmed).assembly
    step_4AN_genes__prokka(assembled)
}
"
"K32_prokka_cam_fastp_shovill","K32_prokka_cam_fastp_shovill","K32","Prokka annotation on Campylobacter jejuni from paired-end Illumina FASTQ (fastp + shovill + prokka).","Y","Y","none","","7","7","Y","","","","step_1PP_trimming__fastp, step_2AS_denovo__shovill, step_4AN_genes__prokka","step_1PP_trimming__fastp, step_2AS_denovo__shovill, step_4AN_genes__prokka","step_1PP_trimming__fastp, step_2AS_denovo__shovill, step_4AN_genes__prokka","1005","45","3","2","17.8","Understood! The pipeline for **Prokka annotation on *Campylobacter jejuni* from paired-end Illumina FASTQ** has been approved. Here is the detailed plan for the Architect Agent:

---

### **Draft Plan for Architect Agent**

#### **Pipeline Overview**
This pipeline processes paired-end Illumina FASTQ","nextflow.enable.dsl=2

// --- IMPORTS ---

include { getSingleInput } from '../functions/parameters.nf'

include { step_1PP_trimming__fastp } from '../steps/step_1PP_trimming__fastp'

include { step_2AS_denovo__shovill } from '../steps/step_2AS_denovo__shovill'

include { step_4AN_genes__prokka } from '../steps/step_4AN_genes__prokka'

include { getEmpty } from '../functions/common.nf'

// --- GLOBALS ---

def prokkaKingdom = 'Bacteria'

def prokkaSpecies = 'jejuni'

// --- INLINE PROCESSES ---

// --- SUB WORKFLOWS ---

workflow wf_campylobacter_assembly_annotation {
    
    take:
        
        rawreads
        
    
    main:
        trimmed = step_1PP_trimming__fastp(rawreads).trimmed

        assembly = step_2AS_denovo__shovill(trimmed).assembly

        prokka_input = assembly.map { [ it[0], it[1], prokkaKingdom, '-', '-', getEmpty() ] }
        step_4AN_genes__prokka(prokka_input)
    
}

// --- ENTRYPOINT ---
workflow {
    wf_campylobacter_assembly_annotation(getSingleInput())
}","nextflow.enable.dsl=2

include { getSingleInput; optionalOrDefault; param } from '../functions/parameters.nf'
include { step_1PP_trimming__fastp } from '../steps/step_1PP_trimming__fastp'
include { step_2AS_denovo__shovill } from '../steps/step_2AS_denovo__shovill'
include { step_4AN_genes__prokka } from '../steps/step_4AN_genes__prokka'
workflow {
    trimmed   = step_1PP_trimming__fastp(getSingleInput()).trimmed
    assembled = step_2AS_denovo__shovill(trimmed).assembly
    step_4AN_genes__prokka(assembled)
}
"
"K33_flaA_cam_fastp_shovill","K33_flaA_cam_fastp_shovill","K33","flaA typing on Campylobacter jejuni from paired-end Illumina FASTQ (fastp + shovill + flaA).","Y","Y","none","","7","7","Y","","","","step_1PP_trimming__fastp, step_2AS_denovo__shovill, step_4TY_flaA__flaA","step_1PP_trimming__fastp, step_2AS_denovo__shovill, step_4TY_flaA__flaA","step_1PP_trimming__fastp, step_2AS_denovo__shovill, step_4TY_flaA__flaA","809","33","3","2","11.7","Pipeline approved. Proceeding with the construction of the flaA typing pipeline for *Campylobacter jejuni* using paired-end Illumina FASTQ reads.","nextflow.enable.dsl=2

// --- IMPORTS ---

include { getSingleInput } from '../functions/parameters.nf'

include { step_4TY_flaA__flaA } from '../steps/step_4TY_flaA__flaA'

include { step_1PP_trimming__fastp } from '../steps/step_1PP_trimming__fastp'

include { step_2AS_denovo__shovill } from '../steps/step_2AS_denovo__shovill'

// --- GLOBALS ---

def flaASchemaName = 'flaA'

def flaAGenusAllowed = ['campylobacter']

// --- INLINE PROCESSES ---

// --- SUB WORKFLOWS ---

// --- ENTRYPOINT ---
workflow {
    // Step 1: Trimming with fastp
    trimmed = step_1PP_trimming__fastp(getSingleInput()).trimmed

    // Step 2: Assembly with shovill
    assembly = step_2AS_denovo__shovill(trimmed).assembly

    // Step 3: flaA typing with flaA
    step_4TY_flaA__flaA(assembly, ['Campylobacter', 'jejuni'])
}","nextflow.enable.dsl=2

include { getSingleInput; optionalOrDefault; param } from '../functions/parameters.nf'
include { step_1PP_trimming__fastp } from '../steps/step_1PP_trimming__fastp'
include { step_2AS_denovo__shovill } from '../steps/step_2AS_denovo__shovill'
include { step_4TY_flaA__flaA } from '../steps/step_4TY_flaA__flaA'
workflow {
    trimmed   = step_1PP_trimming__fastp(getSingleInput()).trimmed
    assembled = step_2AS_denovo__shovill(trimmed).assembly
    step_4TY_flaA__flaA(assembled, param('genus_species'))
}
"
"K34_staramr_cam_fastp_shovill","K34_staramr_cam_fastp_shovill","K34","staramr AMR profiling on Campylobacter jejuni from paired-end Illumina FASTQ (fastp + shovill + staramr).","Y","Y","none","","7","7","Y","","","","step_1PP_trimming__fastp, step_2AS_denovo__shovill, step_4AN_AMR__staramr","step_1PP_trimming__fastp, step_2AS_denovo__shovill, step_4AN_AMR__staramr","step_1PP_trimming__fastp, step_2AS_denovo__shovill, step_4AN_AMR__staramr","763","29","3","2","15.4","Pipeline approved! The Nextflow DSL2 pipeline for **staramr AMR profiling on Campylobacter jejuni** will be built using the following steps:

1. **Preprocessing**: Trim paired-end Illumina FASTQ reads using `fastp`.
2. **Assembly**: Assemble trimmed reads using `shovill`.
3. **AMR Profiling**: Run `","nextflow.enable.dsl=2

// --- IMPORTS ---

include { step_4AN_AMR__staramr } from '../steps/step_4AN_AMR__staramr'

include { step_1PP_trimming__fastp } from '../steps/step_1PP_trimming__fastp'

include { step_2AS_denovo__shovill } from '../steps/step_2AS_denovo__shovill'

// --- GLOBALS ---

def genusSpecies = 'Campylobacter jejuni'

// --- INLINE PROCESSES ---

// --- SUB WORKFLOWS ---

// --- ENTRYPOINT ---
workflow {
    def input_fastq = Channel.fromPath(params.input)
        .map { file -> [file.baseName, file] }
        .groupTuple()
        .map { it -> [it[0], it[1][0], it[1][1]] }

    trimmed_reads = step_1PP_trimming__fastp(input_fastq)
    assembly = step_2AS_denovo__shovill(trimmed_reads)
    step_4AN_AMR__staramr(assembly, genusSpecies)
}","nextflow.enable.dsl=2

include { getSingleInput; optionalOrDefault; param } from '../functions/parameters.nf'
include { step_1PP_trimming__fastp } from '../steps/step_1PP_trimming__fastp'
include { step_2AS_denovo__shovill } from '../steps/step_2AS_denovo__shovill'
include { step_4AN_AMR__staramr } from '../steps/step_4AN_AMR__staramr'
workflow {
    trimmed   = step_1PP_trimming__fastp(getSingleInput()).trimmed
    assembled = step_2AS_denovo__shovill(trimmed).assembly
    step_4AN_AMR__staramr(assembled, param('genus_species'))
}
"
"K35_mlst_lis_fastp_unicycler","K35_mlst_lis_fastp_unicycler","K35","MLST typing on Listeria monocytogenes from paired-end Illumina FASTQ (fastp + unicycler + mlst).","Y","Y","none","","7","7","Y","","","","step_1PP_trimming__fastp, step_2AS_denovo__unicycler, step_4TY_MLST__mlst","step_1PP_trimming__fastp, step_2AS_denovo__unicycler, step_4TY_MLST__mlst","step_1PP_trimming__fastp, step_2AS_denovo__unicycler, step_4TY_MLST__mlst","637","30","3","2","14.3","Pipeline approved. Proceeding with the construction of the MLST typing pipeline for *Listeria monocytogenes* using paired-end Illumina FASTQ data.","nextflow.enable.dsl=2

// --- IMPORTS ---

include { step_4TY_MLST__mlst } from '../steps/step_4TY_MLST__mlst'

include { getSingleInput } from '../functions/parameters.nf'

include { step_1PP_trimming__fastp } from '../steps/step_1PP_trimming__fastp'

include { step_2AS_denovo__unicycler } from '../steps/step_2AS_denovo__unicycler'

// --- GLOBALS ---

def mlstSchema = 'listeria'

// --- INLINE PROCESSES ---

// --- SUB WORKFLOWS ---

// --- ENTRYPOINT ---
workflow {
    reads = getSingleInput()

    trimmed = step_1PP_trimming__fastp(reads)

    assembly = step_2AS_denovo__unicycler(trimmed)

    step_4TY_MLST__mlst(assembly)
}","nextflow.enable.dsl=2

include { getSingleInput; optionalOrDefault; param } from '../functions/parameters.nf'
include { step_1PP_trimming__fastp } from '../steps/step_1PP_trimming__fastp'
include { step_2AS_denovo__unicycler } from '../steps/step_2AS_denovo__unicycler'
include { step_4TY_MLST__mlst } from '../steps/step_4TY_MLST__mlst'
workflow {
    trimmed   = step_1PP_trimming__fastp(getSingleInput()).trimmed
    assembled = step_2AS_denovo__unicycler(trimmed).assembled
    step_4TY_MLST__mlst(assembled)
}
"
"K36_mlst_eco_fastp_unicycler","K36_mlst_eco_fastp_unicycler","K36","MLST typing on Escherichia coli from paired-end Illumina FASTQ (fastp + unicycler + mlst).","Y","Y","none","","7","7","Y","","","","step_1PP_trimming__fastp, step_2AS_denovo__unicycler, step_4TY_MLST__mlst","step_1PP_trimming__fastp, step_2AS_denovo__unicycler, step_4TY_MLST__mlst","step_1PP_trimming__fastp, step_2AS_denovo__unicycler, step_4TY_MLST__mlst","695","32","3","2","11.1","Your pipeline for MLST typing on *Escherichia coli* from paired-end Illumina FASTQ data has been approved and will proceed as follows:

1. **Preprocessing**: Trimming raw reads using `fastp` (`step_1PP_trimming__fastp`).
2. **Assembly**: Assembling trimmed reads into contigs using `Unicycler` (`step","nextflow.enable.dsl=2

// --- IMPORTS ---

include { step_4TY_MLST__mlst } from '../steps/step_4TY_MLST__mlst'

include { getSingleInput } from '../functions/parameters.nf'

include { step_1PP_trimming__fastp } from '../steps/step_1PP_trimming__fastp'

include { step_2AS_denovo__unicycler } from '../steps/step_2AS_denovo__unicycler'

// --- GLOBALS ---

def ecoliSchema = 'ecoli'

def ecoliSchemaExcluded = 'none'

// --- INLINE PROCESSES ---

// --- SUB WORKFLOWS ---

// --- ENTRYPOINT ---
workflow {
    rawreads = getSingleInput()

    trimmed = step_1PP_trimming__fastp(rawreads).trimmed

    assembled = step_2AS_denovo__unicycler(trimmed).assembled

    step_4TY_MLST__mlst(assembled)
}","nextflow.enable.dsl=2

include { getSingleInput; optionalOrDefault; param } from '../functions/parameters.nf'
include { step_1PP_trimming__fastp } from '../steps/step_1PP_trimming__fastp'
include { step_2AS_denovo__unicycler } from '../steps/step_2AS_denovo__unicycler'
include { step_4TY_MLST__mlst } from '../steps/step_4TY_MLST__mlst'
workflow {
    trimmed   = step_1PP_trimming__fastp(getSingleInput()).trimmed
    assembled = step_2AS_denovo__unicycler(trimmed).assembled
    step_4TY_MLST__mlst(assembled)
}
"
"K37_mlst_sal_fastp_unicycler","K37_mlst_sal_fastp_unicycler","K37","MLST typing on Salmonella enterica from paired-end Illumina FASTQ (fastp + unicycler + mlst).","Y","Y","none","","7","7","Y","","","","step_1PP_trimming__fastp, step_2AS_denovo__unicycler, step_4TY_MLST__mlst","step_1PP_trimming__fastp, step_2AS_denovo__unicycler, step_4TY_MLST__mlst","step_1PP_trimming__fastp, step_2AS_denovo__unicycler, step_4TY_MLST__mlst","648","26","3","2","11.8","Pipeline approved! The Nextflow DSL2 pipeline for MLST typing on *Salmonella enterica* from paired-end Illumina FASTQ data will be built using the following steps:

1. **Preprocessing**: Trim raw reads using `fastp` (`step_1PP_trimming__fastp`).
2. **Assembly**: Assemble trimmed reads into contigs u","nextflow.enable.dsl=2

// --- IMPORTS ---

include { getSingleInput } from '../functions/parameters.nf'

include { step_1PP_trimming__fastp } from '../steps/step_1PP_trimming__fastp'

include { step_2AS_denovo__unicycler } from '../steps/step_2AS_denovo__unicycler'

include { step_4TY_MLST__mlst } from '../steps/step_4TY_MLST__mlst'

// --- GLOBALS ---

def mlstExcludedSchemas = 'ecoli,campylobacter'

// --- INLINE PROCESSES ---

// --- SUB WORKFLOWS ---

// --- ENTRYPOINT ---
workflow {
    trimmed = step_1PP_trimming__fastp(getSingleInput())
    assembled = step_2AS_denovo__unicycler(trimmed)
    step_4TY_MLST__mlst(assembled.assembled)
}","nextflow.enable.dsl=2

include { getSingleInput; optionalOrDefault; param } from '../functions/parameters.nf'
include { step_1PP_trimming__fastp } from '../steps/step_1PP_trimming__fastp'
include { step_2AS_denovo__unicycler } from '../steps/step_2AS_denovo__unicycler'
include { step_4TY_MLST__mlst } from '../steps/step_4TY_MLST__mlst'
workflow {
    trimmed   = step_1PP_trimming__fastp(getSingleInput()).trimmed
    assembled = step_2AS_denovo__unicycler(trimmed).assembled
    step_4TY_MLST__mlst(assembled)
}
"
"K38_mlst_cam_fastp_unicycler","K38_mlst_cam_fastp_unicycler","K38","MLST typing on Campylobacter jejuni from paired-end Illumina FASTQ (fastp + unicycler + mlst).","Y","Y","none","","7","7","Y","","","","step_1PP_trimming__fastp, step_2AS_denovo__unicycler, step_4TY_MLST__mlst","step_1PP_trimming__fastp, step_2AS_denovo__unicycler, step_4TY_MLST__mlst","step_1PP_trimming__fastp, step_2AS_denovo__unicycler, step_4TY_MLST__mlst","985","42","3","2","13.0","Your pipeline for MLST typing on *Campylobacter jejuni* from paired-end Illumina FASTQ data has been approved. The detailed plan will now be generated for the Architect Agent.","nextflow.enable.dsl=2

// --- IMPORTS ---

include { step_4TY_MLST__mlst } from '../steps/step_4TY_MLST__mlst'

include { getSingleInput } from '../functions/parameters.nf'

include { step_1PP_trimming__fastp } from '../steps/step_1PP_trimming__fastp'

include { step_2AS_denovo__unicycler } from '../steps/step_2AS_denovo__unicycler'

// --- GLOBALS ---

def mlstContainer = ""ghcr.io/genpat-it/mlst-w-db:2.23.0--60b8b2e3dd_231219.124455""

def unicyclerContainer = ""docker.io/biocontainers/unicycler:v0.4.7dfsg-2-deb_cv1""

def fastpContainer = ""ghcr.io/genpat-it/fastp:0.23.1--e4ac3df4c5""

// --- INLINE PROCESSES ---

// --- SUB WORKFLOWS ---

workflow wf_campylobacter_mlst {
    
    take:
        
        rawreads
        
    
    main:
        trimmed = step_1PP_trimming__fastp(rawreads)
        assembly = step_2AS_denovo__unicycler(trimmed)
        step_4TY_MLST__mlst(assembly.assembled)
    
}

// --- ENTRYPOINT ---
workflow {
    wf_campylobacter_mlst(getSingleInput())
}","nextflow.enable.dsl=2

include { getSingleInput; optionalOrDefault; param } from '../functions/parameters.nf'
include { step_1PP_trimming__fastp } from '../steps/step_1PP_trimming__fastp'
include { step_2AS_denovo__unicycler } from '../steps/step_2AS_denovo__unicycler'
include { step_4TY_MLST__mlst } from '../steps/step_4TY_MLST__mlst'
workflow {
    trimmed   = step_1PP_trimming__fastp(getSingleInput()).trimmed
    assembled = step_2AS_denovo__unicycler(trimmed).assembled
    step_4TY_MLST__mlst(assembled)
}
"
"K39_chewbbaca_lis_fastp_unicycler","K39_chewbbaca_lis_fastp_unicycler","K39","cgMLST allelic profiling on Listeria monocytogenes from paired-end Illumina FASTQ (fastp + unicycler + chewbbaca).","Y","Y","none","","9","9","Y","","","","step_1PP_trimming__fastp, step_2AS_denovo__unicycler, step_4TY_cgMLST__chewbbaca","step_1PP_trimming__fastp, step_2AS_denovo__unicycler, step_4TY_cgMLST__chewbbaca","step_1PP_trimming__fastp, step_2AS_denovo__unicycler, step_4TY_cgMLST__chewbbaca","743","28","3","2","14.3","Pipeline approved! The detailed plan for the Architect Agent has been generated.","nextflow.enable.dsl=2

// --- IMPORTS ---

include { getSingleInput } from '../functions/parameters.nf'

include { step_1PP_trimming__fastp } from '../steps/step_1PP_trimming__fastp'

include { step_2AS_denovo__unicycler } from '../steps/step_2AS_denovo__unicycler'

include { step_4TY_cgMLST__chewbbaca } from '../steps/step_4TY_cgMLST__chewbbaca'

// --- GLOBALS ---

def genusSpecies = ['Listeria', 'monocytogenes']

def cgMLSTSchema = 'listeria_monocytogenes'

// --- INLINE PROCESSES ---

// --- SUB WORKFLOWS ---

// --- ENTRYPOINT ---
workflow {
    trimmed = step_1PP_trimming__fastp(getSingleInput())
    assembled = step_2AS_denovo__unicycler(trimmed)
    step_4TY_cgMLST__chewbbaca(assembled.assembled, genusSpecies, cgMLSTSchema)
}","nextflow.enable.dsl=2

include { getSingleInput; optionalOrDefault; param } from '../functions/parameters.nf'
include { step_1PP_trimming__fastp } from '../steps/step_1PP_trimming__fastp'
include { step_2AS_denovo__unicycler } from '../steps/step_2AS_denovo__unicycler'
include { step_4TY_cgMLST__chewbbaca } from '../steps/step_4TY_cgMLST__chewbbaca'
workflow {
    trimmed   = step_1PP_trimming__fastp(getSingleInput()).trimmed
    assembled = step_2AS_denovo__unicycler(trimmed).assembled
    step_4TY_cgMLST__chewbbaca(assembled, param('genus_species'), optionalOrDefault('schema', ''))
}
"
"K40_chewbbaca_eco_fastp_unicycler","K40_chewbbaca_eco_fastp_unicycler","K40","cgMLST allelic profiling on Escherichia coli from paired-end Illumina FASTQ (fastp + unicycler + chewbbaca).","Y","Y","none","","9","9","Y","","","","step_1PP_trimming__fastp, step_2AS_denovo__unicycler, step_4TY_cgMLST__chewbbaca","step_1PP_trimming__fastp, step_2AS_denovo__unicycler, step_4TY_cgMLST__chewbbaca","step_1PP_trimming__fastp, step_2AS_denovo__unicycler, step_4TY_cgMLST__chewbbaca","720","28","3","2","12.0","Pipeline approved. The Nextflow DSL2 pipeline for cgMLST allelic profiling on *Escherichia coli* from paired-end Illumina FASTQ reads will be built as follows:","nextflow.enable.dsl=2

// --- IMPORTS ---

include { getSingleInput } from '../functions/parameters.nf'

include { step_1PP_trimming__fastp } from '../steps/step_1PP_trimming__fastp'

include { step_2AS_denovo__unicycler } from '../steps/step_2AS_denovo__unicycler'

include { step_4TY_cgMLST__chewbbaca } from '../steps/step_4TY_cgMLST__chewbbaca'

// --- GLOBALS ---

def escherichiaColiSchema = 'e_coli_chewie_2360_210531'

// --- INLINE PROCESSES ---

// --- SUB WORKFLOWS ---

// --- ENTRYPOINT ---
workflow {
    trimmed = step_1PP_trimming__fastp(getSingleInput())

    assembly = step_2AS_denovo__unicycler(trimmed)

    step_4TY_cgMLST__chewbbaca(assembly.assembled, 'escherichia_coli', escherichiaColiSchema)
}","nextflow.enable.dsl=2

include { getSingleInput; optionalOrDefault; param } from '../functions/parameters.nf'
include { step_1PP_trimming__fastp } from '../steps/step_1PP_trimming__fastp'
include { step_2AS_denovo__unicycler } from '../steps/step_2AS_denovo__unicycler'
include { step_4TY_cgMLST__chewbbaca } from '../steps/step_4TY_cgMLST__chewbbaca'
workflow {
    trimmed   = step_1PP_trimming__fastp(getSingleInput()).trimmed
    assembled = step_2AS_denovo__unicycler(trimmed).assembled
    step_4TY_cgMLST__chewbbaca(assembled, param('genus_species'), optionalOrDefault('schema', ''))
}
"
"K41_chewbbaca_sal_fastp_unicycler","K41_chewbbaca_sal_fastp_unicycler","K41","cgMLST allelic profiling on Salmonella enterica from paired-end Illumina FASTQ (fastp + unicycler + chewbbaca).","Y","Y","none","","9","9","Y","","","","step_1PP_trimming__fastp, step_2AS_denovo__unicycler, step_4TY_cgMLST__chewbbaca","step_1PP_trimming__fastp, step_2AS_denovo__unicycler, step_4TY_cgMLST__chewbbaca","step_1PP_trimming__fastp, step_2AS_denovo__unicycler, step_4TY_cgMLST__chewbbaca","918","40","3","2","14.0","Pipeline approved! The detailed plan will now be generated for the Architect.","nextflow.enable.dsl=2

// --- IMPORTS ---

include { step_4TY_cgMLST__chewbbaca } from '../steps/step_4TY_cgMLST__chewbbaca'

include { getSingleInput } from '../functions/parameters.nf'

include { step_1PP_trimming__fastp } from '../steps/step_1PP_trimming__fastp'

include { step_2AS_denovo__unicycler } from '../steps/step_2AS_denovo__unicycler'

// --- GLOBALS ---

def chewbbacaSchema = ""s_enterica_chewie_3255_210531""

def chewbbacaSpecies = ""Salmonella_enterica""

// --- INLINE PROCESSES ---

// --- SUB WORKFLOWS ---

workflow wf_salmonella_cgmlst {
    
    take:
        
        raw_reads
        
    
    main:
        trimmed = step_1PP_trimming__fastp(raw_reads).trimmed
        assembled = step_2AS_denovo__unicycler(trimmed).assembled
        step_4TY_cgMLST__chewbbaca(assembled, chewbbacaSpecies, chewbbacaSchema)
    
}

// --- ENTRYPOINT ---
workflow {
    wf_salmonella_cgmlst(getSingleInput())
}","nextflow.enable.dsl=2

include { getSingleInput; optionalOrDefault; param } from '../functions/parameters.nf'
include { step_1PP_trimming__fastp } from '../steps/step_1PP_trimming__fastp'
include { step_2AS_denovo__unicycler } from '../steps/step_2AS_denovo__unicycler'
include { step_4TY_cgMLST__chewbbaca } from '../steps/step_4TY_cgMLST__chewbbaca'
workflow {
    trimmed   = step_1PP_trimming__fastp(getSingleInput()).trimmed
    assembled = step_2AS_denovo__unicycler(trimmed).assembled
    step_4TY_cgMLST__chewbbaca(assembled, param('genus_species'), optionalOrDefault('schema', ''))
}
"
"K42_abricate_lis_fastp_unicycler","K42_abricate_lis_fastp_unicycler","K42","ABRicate AMR screening on Listeria monocytogenes from paired-end Illumina FASTQ (fastp + unicycler + abricate).","Y","Y","none","","7","7","Y","","","","step_1PP_trimming__fastp, step_2AS_denovo__unicycler, step_4AN_AMR__abricate","step_1PP_trimming__fastp, step_2AS_denovo__unicycler, step_4AN_AMR__abricate","step_1PP_trimming__fastp, step_2AS_denovo__unicycler, step_4AN_AMR__abricate","626","26","3","2","10.3","Your pipeline for ABRicate AMR screening on *Listeria monocytogenes* from paired-end Illumina FASTQ data has been approved and will be built as described.","nextflow.enable.dsl=2

// --- IMPORTS ---

include { step_4AN_AMR__abricate } from '../steps/step_4AN_AMR__abricate'

include { getSingleInput } from '../functions/parameters.nf'

include { step_1PP_trimming__fastp } from '../steps/step_1PP_trimming__fastp'

include { step_2AS_denovo__unicycler } from '../steps/step_2AS_denovo__unicycler'

// --- GLOBALS ---

def amrDb = 'vfdb'

// --- INLINE PROCESSES ---

// --- SUB WORKFLOWS ---

// --- ENTRYPOINT ---
workflow {
    trimmed = step_1PP_trimming__fastp(getSingleInput())
    assembly = step_2AS_denovo__unicycler(trimmed)
    step_4AN_AMR__abricate(assembly.assembled)
}","nextflow.enable.dsl=2

include { getSingleInput; optionalOrDefault; param } from '../functions/parameters.nf'
include { step_1PP_trimming__fastp } from '../steps/step_1PP_trimming__fastp'
include { step_2AS_denovo__unicycler } from '../steps/step_2AS_denovo__unicycler'
include { step_4AN_AMR__abricate } from '../steps/step_4AN_AMR__abricate'
workflow {
    trimmed   = step_1PP_trimming__fastp(getSingleInput()).trimmed
    assembled = step_2AS_denovo__unicycler(trimmed).assembled
    step_4AN_AMR__abricate(assembled)
}
"
"K43_abricate_eco_fastp_unicycler","K43_abricate_eco_fastp_unicycler","K43","ABRicate AMR screening on Escherichia coli from paired-end Illumina FASTQ (fastp + unicycler + abricate).","Y","N","file_not_found","WARN: file not found: '/mnt/data/cohesive_llm_bench_scratch/_shared_inputdir/2026/2026.ECO.110.1.1/0SQ_rawreads/DS99999-DT260224_import/result/*.fastq*'","3","7","Y","","","","step_1PP_trimming__fastp, step_2AS_denovo__unicycler, step_4AN_AMR__abricate","step_2AS_denovo__unicycler, step_4AN_AMR__abricate, step_1PP_trimming__fastp","step_1PP_trimming__fastp, step_2AS_denovo__unicycler, step_4AN_AMR__abricate","1535","74","3","2","15.7","Your pipeline has been approved and will proceed with the following steps:

1. **Preprocessing**: Trim paired-end Illumina FASTQ reads using `fastp`.
2. **Assembly**: Assemble the trimmed reads using `Unicycler`.
3. **AMR Screening**: Screen the assembled contigs for antimicrobial resistance genes u","nextflow.enable.dsl=2

// --- IMPORTS ---

include { step_4AN_AMR__abricate } from '../steps/step_4AN_AMR__abricate'

include { extractKey } from '../functions/common.nf'

include { getSingleInput } from '../functions/parameters.nf'

include { step_1PP_trimming__fastp } from '../steps/step_1PP_trimming__fastp'

include { step_2AS_denovo__unicycler } from '../steps/step_2AS_denovo__unicycler'

// --- GLOBALS ---

def amrDb = 'vfdb'

// --- INLINE PROCESSES ---

// --- SUB WORKFLOWS ---

workflow wf_abricate_amr_screening {
    
    take:
        
        trimmed_reads
        
    
    main:
        trimmed_reads.multiMap {
            trimmed: it
        }.set { prep }

        unicycler_out = step_2AS_denovo__unicycler(prep.trimmed)
        assembly_filter_out = assembly_filter(unicycler_out.assembled)

        step_4AN_AMR__abricate(assembly_filter_out.fasta)
    
}

workflow wf_preprocess_trim {
    
    take:
        
        reads
        
    
    main:
        trimmed = step_1PP_trimming__fastp(reads).trimmed

        fastqc(trimmed)
        readsCheckInput = reads.cross(trimmed) { extractKey(it) }.multiMap {
            rawreads: it[0]
            trimmed: it[1]
        }
        sample_reads_check(readsCheckInput.rawreads, readsCheckInput.trimmed)

        trimmed_reads = trimmed
    
    emit:
        
        trimmed_reads
        
    
}

// --- ENTRYPOINT ---
workflow {
    reads = getSingleInput()

    wf_preprocess_trim(reads)
    wf_abricate_amr_screening(wf_preprocess_trim.out.trimmed_reads)
}","nextflow.enable.dsl=2

include { getSingleInput; optionalOrDefault; param } from '../functions/parameters.nf'
include { step_1PP_trimming__fastp } from '../steps/step_1PP_trimming__fastp'
include { step_2AS_denovo__unicycler } from '../steps/step_2AS_denovo__unicycler'
include { step_4AN_AMR__abricate } from '../steps/step_4AN_AMR__abricate'
workflow {
    trimmed   = step_1PP_trimming__fastp(getSingleInput()).trimmed
    assembled = step_2AS_denovo__unicycler(trimmed).assembled
    step_4AN_AMR__abricate(assembled)
}
"
"K44_abricate_sal_fastp_unicycler","K44_abricate_sal_fastp_unicycler","K44","ABRicate AMR screening on Salmonella enterica from paired-end Illumina FASTQ (fastp + unicycler + abricate).","Y","Y","none","","7","7","Y","","","","step_1PP_trimming__fastp, step_2AS_denovo__unicycler, step_4AN_AMR__abricate","step_1PP_trimming__fastp, step_2AS_denovo__unicycler, step_4AN_AMR__abricate","step_1PP_trimming__fastp, step_2AS_denovo__unicycler, step_4AN_AMR__abricate","762","38","3","2","16.6","Pipeline approved! The detailed plan for the Architect Agent will be generated now.","nextflow.enable.dsl=2

// --- IMPORTS ---

include { step_4AN_AMR__abricate } from '../steps/step_4AN_AMR__abricate'

include { getSingleInput } from '../functions/parameters.nf'

include { step_1PP_trimming__fastp } from '../steps/step_1PP_trimming__fastp'

include { step_2AS_denovo__unicycler } from '../steps/step_2AS_denovo__unicycler'

// --- GLOBALS ---

// --- INLINE PROCESSES ---

// --- SUB WORKFLOWS ---

workflow wf_abricate_amr_screening {
    
    take:
        
        raw_reads
        
    
    main:
        trimmed = step_1PP_trimming__fastp(raw_reads)

        assembly = step_2AS_denovo__unicycler(trimmed)

        step_4AN_AMR__abricate(assembly)
    
}

// --- ENTRYPOINT ---
workflow {
    wf_abricate_amr_screening(getSingleInput())
}","nextflow.enable.dsl=2

include { getSingleInput; optionalOrDefault; param } from '../functions/parameters.nf'
include { step_1PP_trimming__fastp } from '../steps/step_1PP_trimming__fastp'
include { step_2AS_denovo__unicycler } from '../steps/step_2AS_denovo__unicycler'
include { step_4AN_AMR__abricate } from '../steps/step_4AN_AMR__abricate'
workflow {
    trimmed   = step_1PP_trimming__fastp(getSingleInput()).trimmed
    assembled = step_2AS_denovo__unicycler(trimmed).assembled
    step_4AN_AMR__abricate(assembled)
}
"
"K45_abricate_cam_fastp_unicycler","K45_abricate_cam_fastp_unicycler","K45","ABRicate AMR screening on Campylobacter jejuni from paired-end Illumina FASTQ (fastp + unicycler + abricate).","Y","Y","none","","7","7","Y","","","","step_1PP_trimming__fastp, step_2AS_denovo__unicycler, step_4AN_AMR__abricate","step_1PP_trimming__fastp, step_2AS_denovo__unicycler, step_4AN_AMR__abricate","step_1PP_trimming__fastp, step_2AS_denovo__unicycler, step_4AN_AMR__abricate","596","24","3","2","14.9","Your pipeline for ABRicate AMR screening on *Campylobacter jejuni* from paired-end Illumina FASTQ data has been approved. The pipeline will include:

1. **Preprocessing**: Trimming reads using `fastp`.
2. **Assembly**: De novo assembly using `Unicycler`.
3. **AMR Screening**: Running ABRicate on the","nextflow.enable.dsl=2

// --- IMPORTS ---

include { step_4AN_AMR__abricate } from '../steps/step_4AN_AMR__abricate'

include { getSingleInput } from '../functions/parameters.nf'

include { step_1PP_trimming__fastp } from '../steps/step_1PP_trimming__fastp'

include { step_2AS_denovo__unicycler } from '../steps/step_2AS_denovo__unicycler'

// --- GLOBALS ---

// --- INLINE PROCESSES ---

// --- SUB WORKFLOWS ---

// --- ENTRYPOINT ---
workflow {
    trimmed = step_1PP_trimming__fastp(getSingleInput())
    assembly = step_2AS_denovo__unicycler(trimmed)
    step_4AN_AMR__abricate(assembly)
}","nextflow.enable.dsl=2

include { getSingleInput; optionalOrDefault; param } from '../functions/parameters.nf'
include { step_1PP_trimming__fastp } from '../steps/step_1PP_trimming__fastp'
include { step_2AS_denovo__unicycler } from '../steps/step_2AS_denovo__unicycler'
include { step_4AN_AMR__abricate } from '../steps/step_4AN_AMR__abricate'
workflow {
    trimmed   = step_1PP_trimming__fastp(getSingleInput()).trimmed
    assembled = step_2AS_denovo__unicycler(trimmed).assembled
    step_4AN_AMR__abricate(assembled)
}
"
"K46_prokka_lis_fastp_unicycler","K46_prokka_lis_fastp_unicycler","K46","Prokka annotation on Listeria monocytogenes from paired-end Illumina FASTQ (fastp + unicycler + prokka).","Y","Y","none","","7","7","Y","","","","step_1PP_trimming__fastp, step_2AS_denovo__unicycler, step_4AN_genes__prokka","step_1PP_trimming__fastp, step_2AS_denovo__unicycler, step_4AN_genes__prokka","step_1PP_trimming__fastp, step_2AS_denovo__unicycler, step_4AN_genes__prokka","950","41","3","2","13.9","Pipeline approved! I will now generate the detailed plan for the Architect Agent.","nextflow.enable.dsl=2

// --- IMPORTS ---

include { getSingleInput } from '../functions/parameters.nf'

include { step_1PP_trimming__fastp } from '../steps/step_1PP_trimming__fastp'

include { step_4AN_genes__prokka } from '../steps/step_4AN_genes__prokka'

include { getEmpty } from '../functions/common.nf'

include { step_2AS_denovo__unicycler } from '../steps/step_2AS_denovo__unicycler'

// --- GLOBALS ---

def prokkaKingdom = 'Bacteria'

// --- INLINE PROCESSES ---

// --- SUB WORKFLOWS ---

workflow wf_prokka_annotation {
    
    take:
        
        rawReads
        
    
    main:
        trimmed = step_1PP_trimming__fastp(rawReads).trimmed
        assembled = step_2AS_denovo__unicycler(trimmed).assembled
        prokka_input = assembled.map { [ it[0], it[1], prokkaKingdom, '-', '-', getEmpty() ] }
        step_4AN_genes__prokka(prokka_input)
    
}

// --- ENTRYPOINT ---
workflow {
    wf_prokka_annotation(getSingleInput())
}","nextflow.enable.dsl=2

include { getSingleInput; optionalOrDefault; param } from '../functions/parameters.nf'
include { step_1PP_trimming__fastp } from '../steps/step_1PP_trimming__fastp'
include { step_2AS_denovo__unicycler } from '../steps/step_2AS_denovo__unicycler'
include { step_4AN_genes__prokka } from '../steps/step_4AN_genes__prokka'
workflow {
    trimmed   = step_1PP_trimming__fastp(getSingleInput()).trimmed
    assembled = step_2AS_denovo__unicycler(trimmed).assembled
    step_4AN_genes__prokka(assembled)
}
"
"K47_prokka_eco_fastp_unicycler","K47_prokka_eco_fastp_unicycler","K47","Prokka annotation on Escherichia coli from paired-end Illumina FASTQ (fastp + unicycler + prokka).","N","N","arity_error","ERROR ~ Workflow `wf_prokka_e_coli_annotation:step_4AN_genes__prokka` declares 1 input channels but 7 were given","3","7","N","","step_2AS_denovo__unicycler","","step_1PP_trimming__fastp, step_4AN_genes__prokka","step_4AN_genes__prokka, step_1PP_trimming__fastp","step_1PP_trimming__fastp, step_2AS_denovo__unicycler, step_4AN_genes__prokka","1024","50","2","2","21.2","Pipeline approved! The detailed plan for the Architect Agent will be generated now.","nextflow.enable.dsl=2

// --- IMPORTS ---

include { getEmpty } from '../functions/common.nf'

include { getSingleInput } from '../functions/parameters.nf'

include { step_1PP_trimming__fastp } from '../steps/step_1PP_trimming__fastp'

include { step_4AN_genes__prokka } from '../steps/step_4AN_genes__prokka'

// --- GLOBALS ---

def prokkaKingdom = 'Bacteria'

def prokkaGenus = 'Escherichia'

def prokkaSpecies = 'coli'

// --- INLINE PROCESSES ---

// --- SUB WORKFLOWS ---

workflow wf_prokka_e_coli_annotation {
    
    take:
        
        trimmed
        
    
    main:
        trimmed.multiMap {
            trimmed: it
            kingdom: prokkaKingdom
            genus: prokkaGenus
            species: prokkaSpecies
            riscd_ref: '-'
            refid: '-'
            refpath: getEmpty()
        }.set { prokkaIn }
        step_4AN_genes__prokka(prokkaIn)
    
}

// --- ENTRYPOINT ---
workflow {
    trimmed = step_1PP_trimming__fastp(getSingleInput())
    wf_prokka_e_coli_annotation(trimmed)
}","nextflow.enable.dsl=2

include { getSingleInput; optionalOrDefault; param } from '../functions/parameters.nf'
include { step_1PP_trimming__fastp } from '../steps/step_1PP_trimming__fastp'
include { step_2AS_denovo__unicycler } from '../steps/step_2AS_denovo__unicycler'
include { step_4AN_genes__prokka } from '../steps/step_4AN_genes__prokka'
workflow {
    trimmed   = step_1PP_trimming__fastp(getSingleInput()).trimmed
    assembled = step_2AS_denovo__unicycler(trimmed).assembled
    step_4AN_genes__prokka(assembled)
}
"
"K48_prokka_sal_fastp_unicycler","K48_prokka_sal_fastp_unicycler","K48","Prokka annotation on Salmonella enterica from paired-end Illumina FASTQ (fastp + unicycler + prokka).","N","N","arity_error","ERROR ~ Workflow `step_1PP_trimming__fastp` declares 1 input channels but 0 were given","3","7","N","step_0SQ_rawreads__fastq","","","step_0SQ_rawreads__fastq, step_1PP_trimming__fastp, step_2AS_denovo__unicycler, step_4AN_genes__prokka","step_0SQ_rawreads__fastq, step_1PP_trimming__fastp, step_2AS_denovo__unicycler, step_4AN_genes__prokka","step_1PP_trimming__fastp, step_2AS_denovo__unicycler, step_4AN_genes__prokka","1143","38","4","2","54.3","Pipeline approved! The detailed plan for the Architect Agent will be generated based on the selected tools and modules.","nextflow.enable.dsl=2

// --- IMPORTS ---

include { getInput } from '../functions/parameters.nf'

include { step_4AN_genes__prokka } from '../steps/step_4AN_genes__prokka'

include { getEmpty } from '../functions/common.nf'

include { step_1PP_trimming__fastp } from '../steps/step_1PP_trimming__fastp'

include { step_0SQ_rawreads__fastq } from '../steps/step_0SQ_rawreads__fastq'

include { step_2AS_denovo__unicycler } from '../steps/step_2AS_denovo__unicycler'

// --- GLOBALS ---

def prokkaKingdom = 'Bacteria'

// --- INLINE PROCESSES ---

// --- SUB WORKFLOWS ---

// --- ENTRYPOINT ---
workflow {
    // Step 1: Accept paired-end Illumina FASTQ files
    rawreads = step_0SQ_rawreads__fastq(getInput())

    // Step 2: Trim adapters and low-quality bases using fastp
    trimmed = step_1PP_trimming__fastp(rawreads).trimmed

    // Step 3: Assemble trimmed reads into contigs using Unicycler
    assembled = step_2AS_denovo__unicycler(trimmed).assembled

    // Step 4: Annotate assembled contigs for Salmonella enterica using Prokka
    step_4AN_genes__prokka(assembled.map { [it[0], it[1], prokkaKingdom, '-', '-', getEmpty()] })
}","nextflow.enable.dsl=2

include { getSingleInput; optionalOrDefault; param } from '../functions/parameters.nf'
include { step_1PP_trimming__fastp } from '../steps/step_1PP_trimming__fastp'
include { step_2AS_denovo__unicycler } from '../steps/step_2AS_denovo__unicycler'
include { step_4AN_genes__prokka } from '../steps/step_4AN_genes__prokka'
workflow {
    trimmed   = step_1PP_trimming__fastp(getSingleInput()).trimmed
    assembled = step_2AS_denovo__unicycler(trimmed).assembled
    step_4AN_genes__prokka(assembled)
}
"
"K49_prokka_cam_fastp_unicycler","K49_prokka_cam_fastp_unicycler","K49","Prokka annotation on Campylobacter jejuni from paired-end Illumina FASTQ (fastp + unicycler + prokka).","Y","Y","none","","7","7","Y","","","","step_1PP_trimming__fastp, step_2AS_denovo__unicycler, step_4AN_genes__prokka","step_1PP_trimming__fastp, step_2AS_denovo__unicycler, step_4AN_genes__prokka","step_1PP_trimming__fastp, step_2AS_denovo__unicycler, step_4AN_genes__prokka","850","33","3","2","15.6","Pipeline approved. The draft plan will be finalized and sent to the Architect for implementation.","nextflow.enable.dsl=2

// --- IMPORTS ---

include { getSingleInput } from '../functions/parameters.nf'

include { step_4AN_genes__prokka } from '../steps/step_4AN_genes__prokka'

include { getEmpty } from '../functions/common.nf'

include { step_1PP_trimming__fastp } from '../steps/step_1PP_trimming__fastp'

include { step_2AS_denovo__unicycler } from '../steps/step_2AS_denovo__unicycler'

// --- GLOBALS ---

def prokkaKingdom = 'Bacteria'

def prokkaReference = '-'

def prokkaRisCd = '-'

// --- INLINE PROCESSES ---

// --- SUB WORKFLOWS ---

// --- ENTRYPOINT ---
workflow {
    trimmed = step_1PP_trimming__fastp(getSingleInput())
    assembly = step_2AS_denovo__unicycler(trimmed)
    prokka_input = assembly.map { [ prokkaRisCd, it[1], prokkaKingdom, prokkaRisCd, prokkaReference, getEmpty() ] }
    step_4AN_genes__prokka(prokka_input)
}","nextflow.enable.dsl=2

include { getSingleInput; optionalOrDefault; param } from '../functions/parameters.nf'
include { step_1PP_trimming__fastp } from '../steps/step_1PP_trimming__fastp'
include { step_2AS_denovo__unicycler } from '../steps/step_2AS_denovo__unicycler'
include { step_4AN_genes__prokka } from '../steps/step_4AN_genes__prokka'
workflow {
    trimmed   = step_1PP_trimming__fastp(getSingleInput()).trimmed
    assembled = step_2AS_denovo__unicycler(trimmed).assembled
    step_4AN_genes__prokka(assembled)
}
"
"K50_flaA_cam_fastp_unicycler","K50_flaA_cam_fastp_unicycler","K50","flaA typing on Campylobacter jejuni from paired-end Illumina FASTQ (fastp + unicycler + flaA).","Y","Y","file_not_found","WARN: file not found: '/mnt/data/cohesive_llm_bench_scratch/_shared_inputdir/2026/2026.CAM.113.1.1/0SQ_rawreads/DS99999-DT260224_import/result/*.fastq*'","7","7","Y","","","","step_1PP_trimming__fastp, step_2AS_denovo__unicycler, step_4TY_flaA__flaA","step_1PP_trimming__fastp, step_2AS_denovo__unicycler, step_4TY_flaA__flaA","step_1PP_trimming__fastp, step_2AS_denovo__unicycler, step_4TY_flaA__flaA","1249","74","3","2","39.1","Pipeline approved! The Nextflow DSL2 pipeline for **flaA typing on *Campylobacter jejuni*** from paired-end Illumina FASTQ data will be built using the following steps:

1. **Preprocessing**: Trim raw Illumina FASTQ reads using `fastp`.
2. **Assembly**: Assemble trimmed reads into a draft genome usi","nextflow.enable.dsl=2

// --- IMPORTS ---

include { step_4TY_flaA__flaA } from '../steps/step_4TY_flaA__flaA'

include { getSingleInput } from '../functions/parameters.nf'

include { step_1PP_trimming__fastp } from '../steps/step_1PP_trimming__fastp'

include { step_2AS_denovo__unicycler } from '../steps/step_2AS_denovo__unicycler'

// --- GLOBALS ---

def flaASchema = 'flaA'

def flaAGenus = 'campylobacter'

// --- INLINE PROCESSES ---

// --- SUB WORKFLOWS ---

workflow wf_flaA_typing {
    
    take:
        
        raw_reads
        
        genus_species
        
    
    main:
        trimmed = step_1PP_trimming__fastp(raw_reads)

        assembly = step_2AS_denovo__unicycler(trimmed)
        step_4TY_flaA__flaA(assembly, genus_species)
    
}

workflow module_qc_fastqc {
    
    take:
        
        reads
        
    
    main:
        fastqc(reads)
    
}

workflow module_qc_quast {
    
    take:
        
        assembly
        
    
    main:
        quast(assembly)
    
}

// --- ENTRYPOINT ---
workflow {
    def genus_species = [flaAGenus, 'jejuni']

    def raw_reads = getSingleInput()

    wf_flaA_typing(raw_reads, genus_species)

    module_qc_fastqc(raw_reads)
    module_qc_quast(wf_flaA_typing.assembly)
}","nextflow.enable.dsl=2

include { getSingleInput; optionalOrDefault; param } from '../functions/parameters.nf'
include { step_1PP_trimming__fastp } from '../steps/step_1PP_trimming__fastp'
include { step_2AS_denovo__unicycler } from '../steps/step_2AS_denovo__unicycler'
include { step_4TY_flaA__flaA } from '../steps/step_4TY_flaA__flaA'
workflow {
    trimmed   = step_1PP_trimming__fastp(getSingleInput()).trimmed
    assembled = step_2AS_denovo__unicycler(trimmed).assembled
    step_4TY_flaA__flaA(assembled, param('genus_species'))
}
"
"K51_staramr_cam_fastp_unicycler","K51_staramr_cam_fastp_unicycler","K51","staramr AMR profiling on Campylobacter jejuni from paired-end Illumina FASTQ (fastp + unicycler + staramr).","Y","Y","none","","7","7","Y","","","","step_1PP_trimming__fastp, step_2AS_denovo__unicycler, step_4AN_AMR__staramr","step_1PP_trimming__fastp, step_2AS_denovo__unicycler, step_4AN_AMR__staramr","step_1PP_trimming__fastp, step_2AS_denovo__unicycler, step_4AN_AMR__staramr","662","28","3","2","13.4","Pipeline approved! The detailed plan for the Architect has been generated and is ready for implementation.","nextflow.enable.dsl=2

// --- IMPORTS ---

include { getSingleInput } from '../functions/parameters.nf'

include { step_4AN_AMR__staramr } from '../steps/step_4AN_AMR__staramr'

include { step_1PP_trimming__fastp } from '../steps/step_1PP_trimming__fastp'

include { step_2AS_denovo__unicycler } from '../steps/step_2AS_denovo__unicycler'

// --- GLOBALS ---

def genusSpecies = 'Campylobacter jejuni'

// --- INLINE PROCESSES ---

// --- SUB WORKFLOWS ---

// --- ENTRYPOINT ---
workflow {
    trimmed = step_1PP_trimming__fastp(getSingleInput())

    assembly = step_2AS_denovo__unicycler(trimmed)

    step_4AN_AMR__staramr(assembly.assembled, genusSpecies)
}","nextflow.enable.dsl=2

include { getSingleInput; optionalOrDefault; param } from '../functions/parameters.nf'
include { step_1PP_trimming__fastp } from '../steps/step_1PP_trimming__fastp'
include { step_2AS_denovo__unicycler } from '../steps/step_2AS_denovo__unicycler'
include { step_4AN_AMR__staramr } from '../steps/step_4AN_AMR__staramr'
workflow {
    trimmed   = step_1PP_trimming__fastp(getSingleInput()).trimmed
    assembled = step_2AS_denovo__unicycler(trimmed).assembled
    step_4AN_AMR__staramr(assembled, param('genus_species'))
}
"
"K52_mlst_lis_trimmomatic_spades","K52_mlst_lis_trimmomatic_spades","K52","MLST typing on Listeria monocytogenes from paired-end Illumina FASTQ (trimmomatic + spades + mlst).","Y","Y","none","","7","7","Y","","","","step_1PP_trimming__trimmomatic, step_2AS_denovo__spades, step_4TY_MLST__mlst","step_1PP_trimming__trimmomatic, step_2AS_denovo__spades, step_4TY_MLST__mlst","step_1PP_trimming__trimmomatic, step_2AS_denovo__spades, step_4TY_MLST__mlst","649","26","3","2","11.4","Pipeline approved. Proceeding with MLST typing for *Listeria monocytogenes* using Trimmomatic, SPAdes, and MLST.","nextflow.enable.dsl=2

// --- IMPORTS ---

include { step_2AS_denovo__spades } from '../steps/step_2AS_denovo__spades'

include { step_1PP_trimming__trimmomatic } from '../steps/step_1PP_trimming__trimmomatic'

include { getSingleInput } from '../functions/parameters.nf'

include { step_4TY_MLST__mlst } from '../steps/step_4TY_MLST__mlst'

// --- GLOBALS ---

def mlstSchema = 'listeria_monocytogenes'

// --- INLINE PROCESSES ---

// --- SUB WORKFLOWS ---

// --- ENTRYPOINT ---
workflow {
    trimmed = step_1PP_trimming__trimmomatic(getSingleInput())
    assembly = step_2AS_denovo__spades(trimmed)
    step_4TY_MLST__mlst(assembly.assembled)
}","nextflow.enable.dsl=2

include { getSingleInput; optionalOrDefault; param } from '../functions/parameters.nf'
include { step_1PP_trimming__trimmomatic } from '../steps/step_1PP_trimming__trimmomatic'
include { step_2AS_denovo__spades } from '../steps/step_2AS_denovo__spades'
include { step_4TY_MLST__mlst } from '../steps/step_4TY_MLST__mlst'
workflow {
    trimmed   = step_1PP_trimming__trimmomatic(getSingleInput()).trimmed
    assembled = step_2AS_denovo__spades(trimmed).assembled
    step_4TY_MLST__mlst(assembled)
}
"
"K53_mlst_eco_trimmomatic_spades","K53_mlst_eco_trimmomatic_spades","K53","MLST typing on Escherichia coli from paired-end Illumina FASTQ (trimmomatic + spades + mlst).","Y","Y","none","","7","7","Y","","","","step_1PP_trimming__trimmomatic, step_2AS_denovo__spades, step_4TY_MLST__mlst","step_2AS_denovo__spades, step_4TY_MLST__mlst, step_1PP_trimming__trimmomatic","step_1PP_trimming__trimmomatic, step_2AS_denovo__spades, step_4TY_MLST__mlst","986","45","3","2","24.0","Understood! The pipeline for MLST typing on *Escherichia coli* from paired-end Illumina FASTQ data has been approved. Here is the detailed plan for the Architect Agent:","nextflow.enable.dsl=2

// --- IMPORTS ---

include { step_2AS_denovo__spades } from '../steps/step_2AS_denovo__spades'

include { step_1PP_trimming__trimmomatic } from '../steps/step_1PP_trimming__trimmomatic'

include { getSingleInput } from '../functions/parameters.nf'

include { step_4TY_MLST__mlst } from '../steps/step_4TY_MLST__mlst'

// --- GLOBALS ---

def escherichiaColiSchema = 'escherichia_coli'

def step4TyMlstExcludedSchemas = 'ecoli,cgmlst'

// --- INLINE PROCESSES ---

// --- SUB WORKFLOWS ---

workflow wf_mlst_ecoli {
    
    take:
        
        trimmed
        
    
    main:
        trimmed.multiMap {
            trimmed: it
            assembly: [ it[0], it[1] ]
        }.set { trimmedAndAssembly }

        spades_out = step_2AS_denovo__spades(trimmedAndAssembly.trimmed)
        step_4TY_MLST__mlst(spades_out.assembled)
    
}

// --- ENTRYPOINT ---
workflow {
    trimmed = step_1PP_trimming__trimmomatic(getSingleInput())
    wf_mlst_ecoli(trimmed)
}","nextflow.enable.dsl=2

include { getSingleInput; optionalOrDefault; param } from '../functions/parameters.nf'
include { step_1PP_trimming__trimmomatic } from '../steps/step_1PP_trimming__trimmomatic'
include { step_2AS_denovo__spades } from '../steps/step_2AS_denovo__spades'
include { step_4TY_MLST__mlst } from '../steps/step_4TY_MLST__mlst'
workflow {
    trimmed   = step_1PP_trimming__trimmomatic(getSingleInput()).trimmed
    assembled = step_2AS_denovo__spades(trimmed).assembled
    step_4TY_MLST__mlst(assembled)
}
"
"K54_mlst_sal_trimmomatic_spades","K54_mlst_sal_trimmomatic_spades","K54","MLST typing on Salmonella enterica from paired-end Illumina FASTQ (trimmomatic + spades + mlst).","Y","N","file_not_found","WARN: file not found: '/mnt/data/cohesive_llm_bench_scratch/_shared_inputdir/2026/2026.SAL.112.1.1/0SQ_rawreads/DS99999-DT260224_import/result/*.fastq*'","0","7","N","","step_1PP_trimming__trimmomatic, step_2AS_denovo__spades, step_4TY_MLST__mlst","","","","step_1PP_trimming__trimmomatic, step_2AS_denovo__spades, step_4TY_MLST__mlst","645","40","0","2","13.6","Your pipeline for MLST typing on *Salmonella enterica* from paired-end Illumina FASTQ data has been approved. The pipeline will include:

1. **Trimmomatic** (`step_1PP_trimming__trimmomatic`) for trimming raw reads.
2. **SPAdes** (`step_2AS_denovo__spades`) for de novo assembly of trimmed reads.
3. ","nextflow.enable.dsl=2

// --- IMPORTS ---

include { getSingleInput } from '../functions/parameters.nf'

// --- GLOBALS ---

def mlstStep = '4TY_MLST'

def mlstMethod = 'mlst'

def spadesStep = '2AS_denovo'

def spadesMethod = 'spades'

def trimmomaticStep = '1PP_trimming'

def trimmomaticMethod = 'trimmomatic'

// --- INLINE PROCESSES ---

// --- SUB WORKFLOWS ---

workflow wf_salmonella_mlst {
    
    take:
        
        rawreads
        
    
    main:
        rawreads | step_1PP_trimming__trimmomatic | step_2AS_denovo__spades | step_4TY_MLST__mlst
    
}

// --- ENTRYPOINT ---
workflow {
    wf_salmonella_mlst(getSingleInput())
}","nextflow.enable.dsl=2

include { getSingleInput; optionalOrDefault; param } from '../functions/parameters.nf'
include { step_1PP_trimming__trimmomatic } from '../steps/step_1PP_trimming__trimmomatic'
include { step_2AS_denovo__spades } from '../steps/step_2AS_denovo__spades'
include { step_4TY_MLST__mlst } from '../steps/step_4TY_MLST__mlst'
workflow {
    trimmed   = step_1PP_trimming__trimmomatic(getSingleInput()).trimmed
    assembled = step_2AS_denovo__spades(trimmed).assembled
    step_4TY_MLST__mlst(assembled)
}
"
"K55_mlst_cam_trimmomatic_spades","K55_mlst_cam_trimmomatic_spades","K55","MLST typing on Campylobacter jejuni from paired-end Illumina FASTQ (trimmomatic + spades + mlst).","Y","Y","none","","7","7","Y","","","","step_1PP_trimming__trimmomatic, step_2AS_denovo__spades, step_4TY_MLST__mlst","step_1PP_trimming__trimmomatic, step_2AS_denovo__spades, step_4TY_MLST__mlst","step_1PP_trimming__trimmomatic, step_2AS_denovo__spades, step_4TY_MLST__mlst","754","36","3","2","16.8","Your pipeline for **MLST typing on *Campylobacter jejuni*** from paired-end Illumina FASTQ files has been approved. I will now generate the detailed plan for the Architect.","nextflow.enable.dsl=2

// --- IMPORTS ---

include { step_2AS_denovo__spades } from '../steps/step_2AS_denovo__spades'

include { step_1PP_trimming__trimmomatic } from '../steps/step_1PP_trimming__trimmomatic'

include { getSingleInput } from '../functions/parameters.nf'

include { step_4TY_MLST__mlst } from '../steps/step_4TY_MLST__mlst'

// --- GLOBALS ---

// --- INLINE PROCESSES ---

// --- SUB WORKFLOWS ---

workflow wf_campylobacter_mlst {
    
    take:
        
        raw_reads
        
    
    main:
        trimmed = step_1PP_trimming__trimmomatic(raw_reads)
        assembled = step_2AS_denovo__spades(trimmed)
        step_4TY_MLST__mlst(assembled)
    
}

// --- ENTRYPOINT ---
workflow {
    wf_campylobacter_mlst(getSingleInput())
}","nextflow.enable.dsl=2

include { getSingleInput; optionalOrDefault; param } from '../functions/parameters.nf'
include { step_1PP_trimming__trimmomatic } from '../steps/step_1PP_trimming__trimmomatic'
include { step_2AS_denovo__spades } from '../steps/step_2AS_denovo__spades'
include { step_4TY_MLST__mlst } from '../steps/step_4TY_MLST__mlst'
workflow {
    trimmed   = step_1PP_trimming__trimmomatic(getSingleInput()).trimmed
    assembled = step_2AS_denovo__spades(trimmed).assembled
    step_4TY_MLST__mlst(assembled)
}
"
"K56_chewbbaca_lis_trimmomatic_spades","K56_chewbbaca_lis_trimmomatic_spades","K56","cgMLST allelic profiling on Listeria monocytogenes from paired-end Illumina FASTQ (trimmomatic + spades + chewbbaca).","Y","Y","none","","9","9","Y","","","","step_1PP_trimming__trimmomatic, step_2AS_denovo__spades, step_4TY_cgMLST__chewbbaca","step_1PP_trimming__trimmomatic, step_2AS_denovo__spades, step_4TY_cgMLST__chewbbaca","step_1PP_trimming__trimmomatic, step_2AS_denovo__spades, step_4TY_cgMLST__chewbbaca","997","41","3","2","18.5","Pipeline approved! I will now generate the detailed plan for the Nextflow DSL2 pipeline.","nextflow.enable.dsl=2

// --- IMPORTS ---

include { step_2AS_denovo__spades } from '../steps/step_2AS_denovo__spades'

include { step_1PP_trimming__trimmomatic } from '../steps/step_1PP_trimming__trimmomatic'

include { getSingleInput } from '../functions/parameters.nf'

include { step_4TY_cgMLST__chewbbaca } from '../steps/step_4TY_cgMLST__chewbbaca'

// --- GLOBALS ---

def listeriaMonocytogenesSchema = 'l_mono_chewie_1748_220623'

def listeriaMonocytogenesGenusSpecies = 'listeria_monocytogenes'

// --- INLINE PROCESSES ---

// --- SUB WORKFLOWS ---

workflow wf_cgmlst_listeria_monocytogenes {
    
    take:
        
        rawreads
        
    
    main:
        trimmed = step_1PP_trimming__trimmomatic(rawreads)

        assembly = step_2AS_denovo__spades(trimmed)
        step_4TY_cgMLST__chewbbaca(assembly.assembled, listeriaMonocytogenesGenusSpecies, listeriaMonocytogenesSchema)
    
}

// --- ENTRYPOINT ---
workflow {
    wf_cgmlst_listeria_monocytogenes(getSingleInput())
}","nextflow.enable.dsl=2

include { getSingleInput; optionalOrDefault; param } from '../functions/parameters.nf'
include { step_1PP_trimming__trimmomatic } from '../steps/step_1PP_trimming__trimmomatic'
include { step_2AS_denovo__spades } from '../steps/step_2AS_denovo__spades'
include { step_4TY_cgMLST__chewbbaca } from '../steps/step_4TY_cgMLST__chewbbaca'
workflow {
    trimmed   = step_1PP_trimming__trimmomatic(getSingleInput()).trimmed
    assembled = step_2AS_denovo__spades(trimmed).assembled
    step_4TY_cgMLST__chewbbaca(assembled, param('genus_species'), optionalOrDefault('schema', ''))
}
"
"K57_chewbbaca_eco_trimmomatic_spades","K57_chewbbaca_eco_trimmomatic_spades","K57","cgMLST allelic profiling on Escherichia coli from paired-end Illumina FASTQ (trimmomatic + spades + chewbbaca).","Y","N","file_not_found","WARN: file not found: '/mnt/data/cohesive_llm_bench_scratch/_shared_inputdir/2026/2026.ECO.113.1.1/0SQ_rawreads/DS99999-DT260224_import/result/*.fastq*'","3","9","N","step_1PP_trimming__fastp","step_1PP_trimming__trimmomatic","","step_1PP_trimming__fastp, step_2AS_denovo__spades, step_4TY_cgMLST__chewbbaca","step_2AS_denovo__spades, step_4TY_cgMLST__chewbbaca, step_1PP_trimming__fastp","step_1PP_trimming__trimmomatic, step_2AS_denovo__spades, step_4TY_cgMLST__chewbbaca","1528","77","3","2","19.2","Understood! The pipeline for **cgMLST allelic profiling on *Escherichia coli*** from paired-end Illumina FASTQ data has been approved. Here is the detailed plan for the Architect Agent:","nextflow.enable.dsl=2

// --- IMPORTS ---

include { step_2AS_denovo__spades } from '../steps/step_2AS_denovo__spades'

include { getSingleInput } from '../functions/parameters.nf'

include { step_1PP_trimming__fastp } from '../steps/step_1PP_trimming__fastp'

include { step_4TY_cgMLST__chewbbaca } from '../steps/step_4TY_cgMLST__chewbbaca'

// --- GLOBALS ---

def ecoliSchema = 'e_coli_chewie_2360_210531'

def ecoliGenusSpecies = 'escherichia_coli'

// --- INLINE PROCESSES ---

// --- SUB WORKFLOWS ---

workflow wf_cgmlst_ecoli {
    
    take:
        
        trimmed
        
    
    main:
        trimmed.multiMap {
            trimmed: it
            genus_species: ecoliGenusSpecies
            schema: ecoliSchema
        }.set { prep }

        step_2AS_denovo__spades(prep.trimmed)

        spades_out = step_2AS_denovo__spades.out.assembled

        spades_out.multiMap {
            assembly: it
            genus_species: prep.genus_species
            schema: prep.schema
        }.set { cgmlst_input }

        step_4TY_cgMLST__chewbbaca(cgmlst_input.assembly, cgmlst_input.genus_species, cgmlst_input.schema)
    
}

workflow wf_trim_and_qc {
    
    take:
        
        rawreads
        
    
    main:
        step_1PP_trimming__fastp(rawreads)

        trimmed = step_1PP_trimming__fastp.out.trimmed

        fastqc(trimmed)
    
    emit:
        
        trimmed
        
    
}

// --- ENTRYPOINT ---
workflow {
    wf_trim_and_qc(getSingleInput())

    wf_cgmlst_ecoli(wf_trim_and_qc.trimmed)
}","nextflow.enable.dsl=2

include { getSingleInput; optionalOrDefault; param } from '../functions/parameters.nf'
include { step_1PP_trimming__trimmomatic } from '../steps/step_1PP_trimming__trimmomatic'
include { step_2AS_denovo__spades } from '../steps/step_2AS_denovo__spades'
include { step_4TY_cgMLST__chewbbaca } from '../steps/step_4TY_cgMLST__chewbbaca'
workflow {
    trimmed   = step_1PP_trimming__trimmomatic(getSingleInput()).trimmed
    assembled = step_2AS_denovo__spades(trimmed).assembled
    step_4TY_cgMLST__chewbbaca(assembled, param('genus_species'), optionalOrDefault('schema', ''))
}
"
"K58_chewbbaca_sal_trimmomatic_spades","K58_chewbbaca_sal_trimmomatic_spades","K58","cgMLST allelic profiling on Salmonella enterica from paired-end Illumina FASTQ (trimmomatic + spades + chewbbaca).","Y","N","missing_param","ERROR ~ missing required param: step_3TX_species__kmerfinder__db","0","9","N","step_1PP_trimming__fastp, step_3TX_species__kmerfinder","step_1PP_trimming__trimmomatic","","step_1PP_trimming__fastp, step_2AS_denovo__spades, step_3TX_species__kmerfinder, step_4TY_cgMLST__chewbbaca","step_1PP_trimming__fastp, step_2AS_denovo__spades, step_3TX_species__kmerfinder, step_4TY_cgMLST__chewbbaca","step_1PP_trimming__trimmomatic, step_2AS_denovo__spades, step_4TY_cgMLST__chewbbaca","1312","53","4","2","17.5","Pipeline approved. The Nextflow DSL2 pipeline for **cgMLST allelic profiling on *Salmonella enterica*** from paired-end Illumina FASTQ data will be built as follows:

1. **Preprocessing**: Trim reads using `fastp`.
2. **Assembly**: Assemble trimmed reads using `SPAdes`.
3. **Species Confirmation**: ","nextflow.enable.dsl=2

// --- IMPORTS ---

include { extractKey } from '../functions/common.nf'

include { getSingleInput } from '../functions/parameters.nf'

include { step_4TY_cgMLST__chewbbaca } from '../steps/step_4TY_cgMLST__chewbbaca'

include { step_1PP_trimming__fastp } from '../steps/step_1PP_trimming__fastp'

include { step_2AS_denovo__spades } from '../steps/step_2AS_denovo__spades'

include { step_3TX_species__kmerfinder } from '../steps/step_3TX_species__kmerfinder'

// --- GLOBALS ---

def genusSpecies = 'Salmonella_enterica'

def cgMLSTSchema = 's_enterica_chewie_3255_210531'

// --- INLINE PROCESSES ---

// --- SUB WORKFLOWS ---

workflow wf_salmonella_cgmlst {
    
    take:
        
        rawreads
        
    
    main:
        trimmed = step_1PP_trimming__fastp(rawreads).trimmed

        assembly = step_2AS_denovo__spades(trimmed).assembled

        assigned_species = step_3TX_species__kmerfinder(assembly).assigned_species

        assemblyAndSpecies = assembly.cross(assigned_species) { extractKey(it) }.multiMap {
            assembly: it[0]
            species: it[1][1]
        }

        step_4TY_cgMLST__chewbbaca(assemblyAndSpecies.assembly, assemblyAndSpecies.species, cgMLSTSchema)
    
}

// --- ENTRYPOINT ---
workflow {
    wf_salmonella_cgmlst(getSingleInput())
}","nextflow.enable.dsl=2

include { getSingleInput; optionalOrDefault; param } from '../functions/parameters.nf'
include { step_1PP_trimming__trimmomatic } from '../steps/step_1PP_trimming__trimmomatic'
include { step_2AS_denovo__spades } from '../steps/step_2AS_denovo__spades'
include { step_4TY_cgMLST__chewbbaca } from '../steps/step_4TY_cgMLST__chewbbaca'
workflow {
    trimmed   = step_1PP_trimming__trimmomatic(getSingleInput()).trimmed
    assembled = step_2AS_denovo__spades(trimmed).assembled
    step_4TY_cgMLST__chewbbaca(assembled, param('genus_species'), optionalOrDefault('schema', ''))
}
"
"K59_abricate_lis_trimmomatic_spades","K59_abricate_lis_trimmomatic_spades","K59","ABRicate AMR screening on Listeria monocytogenes from paired-end Illumina FASTQ (trimmomatic + spades + abricate).","Y","N","file_not_found","WARN: file not found: '/mnt/data/cohesive_llm_bench_scratch/_shared_inputdir/2026/2026.LIS.114.1.1/0SQ_rawreads/DS99999-DT260224_import/result/*.fastq*'","6","7","N","step_1PP_trimming__fastp","step_1PP_trimming__trimmomatic","","step_1PP_trimming__fastp, step_2AS_denovo__spades, step_4AN_AMR__abricate","step_1PP_trimming__fastp, step_2AS_denovo__spades, step_4AN_AMR__abricate","step_1PP_trimming__trimmomatic, step_2AS_denovo__spades, step_4AN_AMR__abricate","1007","56","3","2","21.3","Pipeline approved. The Nextflow DSL2 pipeline will include:

1. **Trimming**: `step_1PP_trimming__fastp` for paired-end Illumina FASTQ reads.
2. **Assembly**: `step_2AS_denovo__spades` for de novo assembly of trimmed reads.
3. **AMR Screening**: `step_4AN_AMR__abricate` for AMR gene detection on the","nextflow.enable.dsl=2

// --- IMPORTS ---

include { step_4AN_AMR__abricate } from '../steps/step_4AN_AMR__abricate'

include { step_2AS_denovo__spades } from '../steps/step_2AS_denovo__spades'

include { getSingleInput } from '../functions/parameters.nf'

include { step_1PP_trimming__fastp } from '../steps/step_1PP_trimming__fastp'

// --- GLOBALS ---

def amrDb = 'vfdb'

// --- INLINE PROCESSES ---

// --- SUB WORKFLOWS ---

workflow wf_trim_and_assemble {
    
    take:
        
        raw_reads
        
    
    main:
        trimmed = step_1PP_trimming__fastp(raw_reads)
        assembled = step_2AS_denovo__spades(trimmed)
    
    emit:
        
        assembly = assembled
        
    
}

workflow wf_abricate_screen {
    
    take:
        
        assembly
        
    
    main:
        step_4AN_AMR__abricate(assembly)
    
}

// --- ENTRYPOINT ---
workflow {
    raw_reads = getSingleInput()
    wf_trim_and_assemble(raw_reads)
    wf_abricate_screen(wf_trim_and_assemble.assembly)
}","nextflow.enable.dsl=2

include { getSingleInput; optionalOrDefault; param } from '../functions/parameters.nf'
include { step_1PP_trimming__trimmomatic } from '../steps/step_1PP_trimming__trimmomatic'
include { step_2AS_denovo__spades } from '../steps/step_2AS_denovo__spades'
include { step_4AN_AMR__abricate } from '../steps/step_4AN_AMR__abricate'
workflow {
    trimmed   = step_1PP_trimming__trimmomatic(getSingleInput()).trimmed
    assembled = step_2AS_denovo__spades(trimmed).assembled
    step_4AN_AMR__abricate(assembled)
}
"
"K60_abricate_eco_trimmomatic_spades","K60_abricate_eco_trimmomatic_spades","K60","ABRicate AMR screening on Escherichia coli from paired-end Illumina FASTQ (trimmomatic + spades + abricate).","Y","Y","none","","7","7","Y","","","","step_1PP_trimming__trimmomatic, step_2AS_denovo__spades, step_4AN_AMR__abricate","step_1PP_trimming__trimmomatic, step_2AS_denovo__spades, step_4AN_AMR__abricate","step_1PP_trimming__trimmomatic, step_2AS_denovo__spades, step_4AN_AMR__abricate","797","38","3","2","11.8","Your pipeline for ABRicate AMR screening on *Escherichia coli* from paired-end Illumina FASTQ data has been approved. Here is the detailed plan for the Architect Agent:

### **Draft Plan**
1. **Input**: Paired-end Illumina FASTQ files.
2. **Trimming**: Use `step_1PP_trimming__trimmomatic` to trim th","nextflow.enable.dsl=2

// --- IMPORTS ---

include { step_4AN_AMR__abricate } from '../steps/step_4AN_AMR__abricate'

include { step_2AS_denovo__spades } from '../steps/step_2AS_denovo__spades'

include { step_1PP_trimming__trimmomatic } from '../steps/step_1PP_trimming__trimmomatic'

include { getSingleInput } from '../functions/parameters.nf'

// --- GLOBALS ---

def params = ""${params}""

// --- INLINE PROCESSES ---

// --- SUB WORKFLOWS ---

workflow wf_trim_assemble_amr {
    
    take:
        
        raw_reads
        
    
    main:
        trimmed = step_1PP_trimming__trimmomatic(raw_reads)
        assembled = step_2AS_denovo__spades(trimmed)
        step_4AN_AMR__abricate(assembled.assembled)
    
}

// --- ENTRYPOINT ---
workflow {
    wf_trim_assemble_amr(getSingleInput())
}","nextflow.enable.dsl=2

include { getSingleInput; optionalOrDefault; param } from '../functions/parameters.nf'
include { step_1PP_trimming__trimmomatic } from '../steps/step_1PP_trimming__trimmomatic'
include { step_2AS_denovo__spades } from '../steps/step_2AS_denovo__spades'
include { step_4AN_AMR__abricate } from '../steps/step_4AN_AMR__abricate'
workflow {
    trimmed   = step_1PP_trimming__trimmomatic(getSingleInput()).trimmed
    assembled = step_2AS_denovo__spades(trimmed).assembled
    step_4AN_AMR__abricate(assembled)
}
"
"L01_mlst_chewbbaca_lis","L01_mlst_chewbbaca_lis","L01","From paired Illumina FASTQ of Listeria monocytogenes: trim with fastp, assemble with SPAdes, then run mlst and chewbbaca in parallel.","Y","Y","none","","10","10","Y","","","","step_1PP_trimming__fastp, step_2AS_denovo__spades, step_4TY_MLST__mlst, step_4TY_cgMLST__chewbbaca","step_1PP_trimming__fastp, step_2AS_denovo__spades, step_4TY_MLST__mlst, step_4TY_cgMLST__chewbbaca","step_1PP_trimming__fastp, step_2AS_denovo__spades, step_4TY_MLST__mlst, step_4TY_cgMLST__chewbbaca","977","36","4","2","23.2","Pipeline approved! Proceeding with the detailed design.","nextflow.enable.dsl=2

// --- IMPORTS ---

include { step_4TY_MLST__mlst } from '../steps/step_4TY_MLST__mlst'

include { step_2AS_denovo__spades } from '../steps/step_2AS_denovo__spades'

include { getSingleInput } from '../functions/parameters.nf'

include { step_4TY_cgMLST__chewbbaca } from '../steps/step_4TY_cgMLST__chewbbaca'

include { step_1PP_trimming__fastp } from '../steps/step_1PP_trimming__fastp'

// --- GLOBALS ---

def genusSpecies = 'Listeria monocytogenes'

def cgMLSTSchema = 'l_mono_chewie_1748_220623'

// --- INLINE PROCESSES ---

// --- SUB WORKFLOWS ---

// --- ENTRYPOINT ---
workflow {
    // Step 1: Trimming with fastp
    trimmed = step_1PP_trimming__fastp(getSingleInput()).trimmed

    // Step 2: De novo assembly with SPAdes
    assembled = step_2AS_denovo__spades(trimmed).assembled

    // Step 3: Parallel typing with MLST and cgMLST
    step_4TY_MLST__mlst(assembled)
    step_4TY_cgMLST__chewbbaca(assembled, genusSpecies, cgMLSTSchema)
}","nextflow.enable.dsl=2

include { getSingleInput; optionalOrDefault; param } from '../functions/parameters.nf'
include { step_1PP_trimming__fastp } from '../steps/step_1PP_trimming__fastp'
include { step_2AS_denovo__spades } from '../steps/step_2AS_denovo__spades'
include { step_4TY_MLST__mlst } from '../steps/step_4TY_MLST__mlst'
include { step_4TY_cgMLST__chewbbaca } from '../steps/step_4TY_cgMLST__chewbbaca'
workflow {
    trimmed   = step_1PP_trimming__fastp(getSingleInput()).trimmed
    assembled = step_2AS_denovo__spades(trimmed).assembled
    step_4TY_MLST__mlst(assembled)
    step_4TY_cgMLST__chewbbaca(assembled, param('genus_species'), optionalOrDefault('schema', ''))
}
"
"L02_mlst_chewbbaca_eco","L02_mlst_chewbbaca_eco","L02","From paired Illumina FASTQ of Escherichia coli: trim with fastp, assemble with SPAdes, then run mlst and chewbbaca in parallel.","Y","Y","none","","10","10","Y","","","","step_1PP_trimming__fastp, step_2AS_denovo__spades, step_4TY_MLST__mlst, step_4TY_cgMLST__chewbbaca","step_1PP_trimming__fastp, step_2AS_denovo__spades, step_4TY_MLST__mlst, step_4TY_cgMLST__chewbbaca","step_1PP_trimming__fastp, step_2AS_denovo__spades, step_4TY_MLST__mlst, step_4TY_cgMLST__chewbbaca","813","31","4","2","13.3","Pipeline approved. Proceeding with the construction of the Nextflow DSL2 pipeline for Escherichia coli using paired Illumina FASTQ data.","nextflow.enable.dsl=2

// --- IMPORTS ---

include { step_4TY_MLST__mlst } from '../steps/step_4TY_MLST__mlst'

include { step_2AS_denovo__spades } from '../steps/step_2AS_denovo__spades'

include { getSingleInput } from '../functions/parameters.nf'

include { step_4TY_cgMLST__chewbbaca } from '../steps/step_4TY_cgMLST__chewbbaca'

include { step_1PP_trimming__fastp } from '../steps/step_1PP_trimming__fastp'

// --- GLOBALS ---

def genusSpecies = 'escherichia_coli'

def cgMLSTSchema = ''

// --- INLINE PROCESSES ---

// --- SUB WORKFLOWS ---

// --- ENTRYPOINT ---
workflow {
    trimmed = step_1PP_trimming__fastp(getSingleInput()).trimmed
    assembled = step_2AS_denovo__spades(trimmed).assembled
    step_4TY_MLST__mlst(assembled)
    step_4TY_cgMLST__chewbbaca(assembled, genusSpecies, cgMLSTSchema)
}","nextflow.enable.dsl=2

include { getSingleInput; optionalOrDefault; param } from '../functions/parameters.nf'
include { step_1PP_trimming__fastp } from '../steps/step_1PP_trimming__fastp'
include { step_2AS_denovo__spades } from '../steps/step_2AS_denovo__spades'
include { step_4TY_MLST__mlst } from '../steps/step_4TY_MLST__mlst'
include { step_4TY_cgMLST__chewbbaca } from '../steps/step_4TY_cgMLST__chewbbaca'
workflow {
    trimmed   = step_1PP_trimming__fastp(getSingleInput()).trimmed
    assembled = step_2AS_denovo__spades(trimmed).assembled
    step_4TY_MLST__mlst(assembled)
    step_4TY_cgMLST__chewbbaca(assembled, param('genus_species'), optionalOrDefault('schema', ''))
}
"
"L03_mlst_chewbbaca_sal","L03_mlst_chewbbaca_sal","L03","From paired Illumina FASTQ of Salmonella enterica: trim with fastp, assemble with SPAdes, then run mlst and chewbbaca in parallel.","Y","Y","none","","10","10","Y","","","","step_1PP_trimming__fastp, step_2AS_denovo__spades, step_4TY_MLST__mlst, step_4TY_cgMLST__chewbbaca","step_1PP_trimming__fastp, step_2AS_denovo__spades, step_4TY_MLST__mlst, step_4TY_cgMLST__chewbbaca","step_1PP_trimming__fastp, step_2AS_denovo__spades, step_4TY_MLST__mlst, step_4TY_cgMLST__chewbbaca","848","34","4","2","14.8","Pipeline approved. Proceeding with the following steps:

1. **Trimming**: `step_1PP_trimming__fastp` for paired Illumina FASTQ files.
2. **Assembly**: `step_2AS_denovo__spades` for assembling trimmed reads.
3. **Typing**: `step_4TY_MLST__mlst` and `step_4TY_cgMLST__chewbbaca` in parallel for MLST an","nextflow.enable.dsl=2

// --- IMPORTS ---

include { step_4TY_MLST__mlst } from '../steps/step_4TY_MLST__mlst'

include { step_2AS_denovo__spades } from '../steps/step_2AS_denovo__spades'

include { getSingleInput } from '../functions/parameters.nf'

include { step_4TY_cgMLST__chewbbaca } from '../steps/step_4TY_cgMLST__chewbbaca'

include { step_1PP_trimming__fastp } from '../steps/step_1PP_trimming__fastp'

// --- GLOBALS ---

def genusSpecies = 'Salmonella_enterica'

def cgMLSTSchema = 's_enterica_chewie_3255_210531'

// --- INLINE PROCESSES ---

// --- SUB WORKFLOWS ---

// --- ENTRYPOINT ---
workflow {
    trimmed = step_1PP_trimming__fastp(getSingleInput()).trimmed

    assembled = step_2AS_denovo__spades(trimmed).assembled

    step_4TY_MLST__mlst(assembled)

    step_4TY_cgMLST__chewbbaca(assembled, genusSpecies, cgMLSTSchema)
}","nextflow.enable.dsl=2

include { getSingleInput; optionalOrDefault; param } from '../functions/parameters.nf'
include { step_1PP_trimming__fastp } from '../steps/step_1PP_trimming__fastp'
include { step_2AS_denovo__spades } from '../steps/step_2AS_denovo__spades'
include { step_4TY_MLST__mlst } from '../steps/step_4TY_MLST__mlst'
include { step_4TY_cgMLST__chewbbaca } from '../steps/step_4TY_cgMLST__chewbbaca'
workflow {
    trimmed   = step_1PP_trimming__fastp(getSingleInput()).trimmed
    assembled = step_2AS_denovo__spades(trimmed).assembled
    step_4TY_MLST__mlst(assembled)
    step_4TY_cgMLST__chewbbaca(assembled, param('genus_species'), optionalOrDefault('schema', ''))
}
"
"L04_mlst_abricate_lis","L04_mlst_abricate_lis","L04","From paired Illumina FASTQ of Listeria monocytogenes: trim with fastp, assemble with SPAdes, then run mlst and abricate in parallel.","Y","N","file_not_found","WARN: file not found: '/mnt/data/cohesive_llm_bench_scratch/_shared_inputdir/2026/2026.LIS.116.1.1/0SQ_rawreads/DS99999-DT260224_import/result/*.fastq*'","4","8","Y","","","","step_1PP_trimming__fastp, step_2AS_denovo__spades, step_4AN_AMR__abricate, step_4TY_MLST__mlst","step_2AS_denovo__spades, step_4TY_MLST__mlst, step_4AN_AMR__abricate, step_1PP_trimming__fastp","step_1PP_trimming__fastp, step_2AS_denovo__spades, step_4AN_AMR__abricate, step_4TY_MLST__mlst","1693","74","4","2","24.8","Pipeline approved! The Nextflow DSL2 pipeline will be built as described.","nextflow.enable.dsl=2

// --- IMPORTS ---

include { step_4AN_AMR__abricate } from '../steps/step_4AN_AMR__abricate'

include { step_4TY_MLST__mlst } from '../steps/step_4TY_MLST__mlst'

include { extractKey } from '../functions/common.nf'

include { getSingleInput } from '../functions/parameters.nf'

include { step_1PP_trimming__fastp } from '../steps/step_1PP_trimming__fastp'

include { step_2AS_denovo__spades } from '../steps/step_2AS_denovo__spades'

include { module_qc_fastqc } from '../modules/module_qc_fastqc'

// --- GLOBALS ---

def listeriaMLSTSchema = 'listeria'

def abricateDB = 'vfdb'

// --- INLINE PROCESSES ---

// --- SUB WORKFLOWS ---

workflow wf_listeria_typing {
    
    take:
        
        trimmed_fasta
        
    
    main:
        trimmed_fasta.multiMap {
            trimmed: it
            assembly: [ it[0], it[1] ]
        }.set { prep }

        spades_out = step_2AS_denovo__spades(prep.trimmed)
        step_4TY_MLST__mlst(spades_out.assembled.map { [ it[0], it[1] ] })
        step_4AN_AMR__abricate(spades_out.assembled.map { [ it[0], it[1] ] })
    
}

workflow wf_listeria_qc {
    
    take:
        
        rawreads
        
    
    main:
        trimmed = step_1PP_trimming__fastp(rawreads)
        module_qc_fastqc(trimmed)

        readsCheckInput = rawreads.cross(trimmed) { extractKey(it) }.multiMap {
            rawreads: it[0]
            trimmed: it[1]
        }
        sample_reads_check(readsCheckInput.rawreads, readsCheckInput.trimmed)
    
}

// --- ENTRYPOINT ---
workflow {
    wf_listeria_qc(getSingleInput())

    trimmed_fasta = step_1PP_trimming__fastp(getSingleInput())

    wf_listeria_typing(trimmed_fasta.trimmed)
}","nextflow.enable.dsl=2

include { getSingleInput; optionalOrDefault; param } from '../functions/parameters.nf'
include { step_1PP_trimming__fastp } from '../steps/step_1PP_trimming__fastp'
include { step_2AS_denovo__spades } from '../steps/step_2AS_denovo__spades'
include { step_4TY_MLST__mlst } from '../steps/step_4TY_MLST__mlst'
include { step_4AN_AMR__abricate } from '../steps/step_4AN_AMR__abricate'
workflow {
    trimmed   = step_1PP_trimming__fastp(getSingleInput()).trimmed
    assembled = step_2AS_denovo__spades(trimmed).assembled
    step_4TY_MLST__mlst(assembled)
    step_4AN_AMR__abricate(assembled)
}
"
"L05_mlst_abricate_eco","L05_mlst_abricate_eco","L05","From paired Illumina FASTQ of Escherichia coli: trim with fastp, assemble with SPAdes, then run mlst and abricate in parallel.","Y","N","file_not_found","WARN: file not found: '/mnt/data/cohesive_llm_bench_scratch/_shared_inputdir/2026/2026.ECO.116.1.1/0SQ_rawreads/DS99999-DT260224_import/result/*.fastq*'","3","8","Y","","","","step_1PP_trimming__fastp, step_2AS_denovo__spades, step_4AN_AMR__abricate, step_4TY_MLST__mlst","step_2AS_denovo__spades, step_4TY_MLST__mlst, step_4AN_AMR__abricate, step_1PP_trimming__fastp","step_1PP_trimming__fastp, step_2AS_denovo__spades, step_4AN_AMR__abricate, step_4TY_MLST__mlst","1341","63","4","2","43.0","Your pipeline has been approved and will proceed with the following steps:

1. **Trimming**: Use `step_1PP_trimming__fastp` to trim the paired Illumina FASTQ reads.
2. **Assembly**: Use `step_2AS_denovo__spades` to assemble the trimmed reads.
3. **Typing**: Run `step_4TY_MLST__mlst` and `step_4AN_AM","nextflow.enable.dsl=2

// --- IMPORTS ---

include { step_4AN_AMR__abricate } from '../steps/step_4AN_AMR__abricate'

include { step_4TY_MLST__mlst } from '../steps/step_4TY_MLST__mlst'

include { extractKey } from '../functions/common.nf'

include { getSingleInput } from '../functions/parameters.nf'

include { step_1PP_trimming__fastp } from '../steps/step_1PP_trimming__fastp'

include { step_2AS_denovo__spades } from '../steps/step_2AS_denovo__spades'

// --- GLOBALS ---

def escherichiaColiSchema = 'escherichia coli'

// --- INLINE PROCESSES ---

// --- SUB WORKFLOWS ---

workflow wf_ecoli_typing {
    
    take:
        
        trimmed
        
    
    main:
        assembled = step_2AS_denovo__spades(trimmed).assembled

        step_4TY_MLST__mlst(assembled)
        step_4AN_AMR__abricate(assembled)
    
}

workflow wf_ecoli_qc {
    
    take:
        
        rawreads
        
    
    main:
        trimmed = step_1PP_trimming__fastp(rawreads).trimmed

        fastqc(rawreads)
        readsCheckInput = rawreads.cross(trimmed) { extractKey(it) }.multiMap {
            rawreads: it[0]
            trimmed: it[1]
        }
        sample_reads_check(readsCheckInput.rawreads, readsCheckInput.trimmed)
    
}

// --- ENTRYPOINT ---
workflow {
    wf_ecoli_qc(getSingleInput())
    wf_ecoli_typing(wf_ecoli_qc.trimmed)
}","nextflow.enable.dsl=2

include { getSingleInput; optionalOrDefault; param } from '../functions/parameters.nf'
include { step_1PP_trimming__fastp } from '../steps/step_1PP_trimming__fastp'
include { step_2AS_denovo__spades } from '../steps/step_2AS_denovo__spades'
include { step_4TY_MLST__mlst } from '../steps/step_4TY_MLST__mlst'
include { step_4AN_AMR__abricate } from '../steps/step_4AN_AMR__abricate'
workflow {
    trimmed   = step_1PP_trimming__fastp(getSingleInput()).trimmed
    assembled = step_2AS_denovo__spades(trimmed).assembled
    step_4TY_MLST__mlst(assembled)
    step_4AN_AMR__abricate(assembled)
}
"
"L06_chewbbaca_abricate_lis","L06_chewbbaca_abricate_lis","L06","From paired Illumina FASTQ of Listeria monocytogenes: trim with fastp, assemble with SPAdes, then run chewbbaca and abricate in parallel.","Y","N","file_not_found","WARN: file not found: '/mnt/data/cohesive_llm_bench_scratch/_shared_inputdir/2026/2026.LIS.117.1.1/0SQ_rawreads/DS99999-DT260224_import/result/*.fastq*'","6","10","N","","step_4TY_cgMLST__chewbbaca","","step_1PP_trimming__fastp, step_2AS_denovo__spades, step_4AN_AMR__abricate","step_1PP_trimming__fastp, step_2AS_denovo__spades, step_4AN_AMR__abricate","step_1PP_trimming__fastp, step_2AS_denovo__spades, step_4AN_AMR__abricate, step_4TY_cgMLST__chewbbaca","1032","46","3","2","14.0","Pipeline approved. The Nextflow DSL2 pipeline will be built as follows:

1. **Trim paired Illumina FASTQ** using `step_1PP_trimming__fastp`.
2. **Assemble trimmed reads** using `step_2AS_denovo__spades`.
3. **Run chewbbaca** (`step_4TY_cgMLST__chewbbaca`) for cgMLST typing.
4. **Run abricate** (`ste","nextflow.enable.dsl=2

// --- IMPORTS ---

include { step_4AN_AMR__abricate } from '../steps/step_4AN_AMR__abricate'

include { step_2AS_denovo__spades } from '../steps/step_2AS_denovo__spades'

include { getSingleInput } from '../functions/parameters.nf'

include { step_1PP_trimming__fastp } from '../steps/step_1PP_trimming__fastp'

// --- GLOBALS ---

def chewbbacaSchema = 'l_mono_chewie_1748_220623'

def chewbbacaSchemaPath = ""/schemas/Listeria_monocytogenes_Pasteur_cgMLST_2022-06-23T18_03_54.613576.zip""

def genusSpecies = 'Listeria monocytogenes'

// --- INLINE PROCESSES ---

// --- SUB WORKFLOWS ---

workflow wf_listeria_monocytogenes {
    
    take:
        
        rawReads
        
    
    main:
        trimmed = step_1PP_trimming__fastp(rawReads).trimmed

        assembly = step_2AS_denovo__spades(trimmed).assembled

        chewbbaca(assembly, genusSpecies, chewbbacaSchema)

        step_4AN_AMR__abricate(assembly)
    
}

// --- ENTRYPOINT ---
workflow {
    wf_listeria_monocytogenes(getSingleInput())
}","nextflow.enable.dsl=2

include { getSingleInput; optionalOrDefault; param } from '../functions/parameters.nf'
include { step_1PP_trimming__fastp } from '../steps/step_1PP_trimming__fastp'
include { step_2AS_denovo__spades } from '../steps/step_2AS_denovo__spades'
include { step_4TY_cgMLST__chewbbaca } from '../steps/step_4TY_cgMLST__chewbbaca'
include { step_4AN_AMR__abricate } from '../steps/step_4AN_AMR__abricate'
workflow {
    trimmed   = step_1PP_trimming__fastp(getSingleInput()).trimmed
    assembled = step_2AS_denovo__spades(trimmed).assembled
    step_4TY_cgMLST__chewbbaca(assembled, param('genus_species'), optionalOrDefault('schema', ''))
    step_4AN_AMR__abricate(assembled)
}
"
"L07_chewbbaca_prokka_lis","L07_chewbbaca_prokka_lis","L07","From paired Illumina FASTQ of Listeria monocytogenes: trim with fastp, assemble with SPAdes, then run chewbbaca and prokka in parallel.","Y","Y","none","","10","10","Y","","","","step_1PP_trimming__fastp, step_2AS_denovo__spades, step_4AN_genes__prokka, step_4TY_cgMLST__chewbbaca","step_2AS_denovo__spades, step_4TY_cgMLST__chewbbaca, step_4AN_genes__prokka, step_1PP_trimming__fastp","step_1PP_trimming__fastp, step_2AS_denovo__spades, step_4AN_genes__prokka, step_4TY_cgMLST__chewbbaca","1586","56","4","2","16.0","Pipeline approved! The Nextflow DSL2 pipeline will be built as follows:

1. **Trimming**: `step_1PP_trimming__fastp` for paired Illumina FASTQ data.
2. **Assembly**: `step_2AS_denovo__spades` for assembling trimmed reads.
3. **Typing and Annotation**:
   - `step_4TY_cgMLST__chewbbaca` for cgMLST typ","nextflow.enable.dsl=2

// --- IMPORTS ---

include { getSingleInput } from '../functions/parameters.nf'

include { step_4TY_cgMLST__chewbbaca } from '../steps/step_4TY_cgMLST__chewbbaca'

include { step_1PP_trimming__fastp } from '../steps/step_1PP_trimming__fastp'

include { step_2AS_denovo__spades } from '../steps/step_2AS_denovo__spades'

include { step_4AN_genes__prokka } from '../steps/step_4AN_genes__prokka'

include { getEmpty } from '../functions/common.nf'

// --- GLOBALS ---

def genusSpecies = 'Listeria monocytogenes'

def chewbbacaSchema = 'l_mono_chewie_1748_220623'

// --- INLINE PROCESSES ---

// --- SUB WORKFLOWS ---

workflow wf_assembly_and_typing {
    
    take:
        
        trimmed
        
    
    main:
        assembled = step_2AS_denovo__spades(trimmed).assembled

        // Prepare inputs for chewbbaca and prokka
        // chewbbaca expects: [riscd, assembly, genus_species]
        chewbbaca_input = assembled.map { [ it[0], it[1], genusSpecies ] }
        step_4TY_cgMLST__chewbbaca(chewbbaca_input, genusSpecies, chewbbacaSchema)

        // prokka expects: [riscd, assembly, kingdom, riscd_ref, refid, refpath]
        // For bacteria, we use 'Bacteria' kingdom and no reference
        prokka_input = assembled.map { [ it[0], it[1], 'Bacteria', '-', '-', getEmpty() ] }
        step_4AN_genes__prokka(prokka_input)
    
}

// --- ENTRYPOINT ---
workflow {
    // Step 1: Trimming
    trimmed = step_1PP_trimming__fastp(getSingleInput()).trimmed

    // Step 2: Assembly and parallel typing/annotation
    wf_assembly_and_typing(trimmed)
}","nextflow.enable.dsl=2

include { getSingleInput; optionalOrDefault; param } from '../functions/parameters.nf'
include { step_1PP_trimming__fastp } from '../steps/step_1PP_trimming__fastp'
include { step_2AS_denovo__spades } from '../steps/step_2AS_denovo__spades'
include { step_4TY_cgMLST__chewbbaca } from '../steps/step_4TY_cgMLST__chewbbaca'
include { step_4AN_genes__prokka } from '../steps/step_4AN_genes__prokka'
workflow {
    trimmed   = step_1PP_trimming__fastp(getSingleInput()).trimmed
    assembled = step_2AS_denovo__spades(trimmed).assembled
    step_4TY_cgMLST__chewbbaca(assembled, param('genus_species'), optionalOrDefault('schema', ''))
    step_4AN_genes__prokka(assembled)
}
"
"L08_chewbbaca_prokka_sal","L08_chewbbaca_prokka_sal","L08","From paired Illumina FASTQ of Salmonella enterica: trim with fastp, assemble with SPAdes, then run chewbbaca and prokka in parallel.","Y","Y","none","","10","10","Y","","","","step_1PP_trimming__fastp, step_2AS_denovo__spades, step_4AN_genes__prokka, step_4TY_cgMLST__chewbbaca","step_1PP_trimming__fastp, step_2AS_denovo__spades, step_4TY_cgMLST__chewbbaca, step_4AN_genes__prokka","step_1PP_trimming__fastp, step_2AS_denovo__spades, step_4AN_genes__prokka, step_4TY_cgMLST__chewbbaca","880","32","4","2","15.4","Pipeline approved. Proceeding with the following steps:

1. **Trimming**: `step_1PP_trimming__fastp` for paired Illumina FASTQ trimming.
2. **Assembly**: `step_2AS_denovo__spades` for assembling the trimmed reads.
3. **Typing and Annotation**: 
   - `step_4TY_cgMLST__chewbbaca` for cgMLST typing.
  ","nextflow.enable.dsl=2

// --- IMPORTS ---

include { step_2AS_denovo__spades } from '../steps/step_2AS_denovo__spades'

include { getSingleInput } from '../functions/parameters.nf'

include { step_4AN_genes__prokka } from '../steps/step_4AN_genes__prokka'

include { step_4TY_cgMLST__chewbbaca } from '../steps/step_4TY_cgMLST__chewbbaca'

include { step_1PP_trimming__fastp } from '../steps/step_1PP_trimming__fastp'

// --- GLOBALS ---

def genusSpecies = 'Salmonella enterica'

def cgMLSTSchema = 's_enterica_chewie_3255_210531'

// --- INLINE PROCESSES ---

// --- SUB WORKFLOWS ---

// --- ENTRYPOINT ---
workflow {
    rawreads = getSingleInput()
    trimmed = step_1PP_trimming__fastp(rawreads)
    assembled = step_2AS_denovo__spades(trimmed)
    step_4TY_cgMLST__chewbbaca(assembled.assembled, genusSpecies, cgMLSTSchema)
    step_4AN_genes__prokka(assembled.assembled)
}","nextflow.enable.dsl=2

include { getSingleInput; optionalOrDefault; param } from '../functions/parameters.nf'
include { step_1PP_trimming__fastp } from '../steps/step_1PP_trimming__fastp'
include { step_2AS_denovo__spades } from '../steps/step_2AS_denovo__spades'
include { step_4TY_cgMLST__chewbbaca } from '../steps/step_4TY_cgMLST__chewbbaca'
include { step_4AN_genes__prokka } from '../steps/step_4AN_genes__prokka'
workflow {
    trimmed   = step_1PP_trimming__fastp(getSingleInput()).trimmed
    assembled = step_2AS_denovo__spades(trimmed).assembled
    step_4TY_cgMLST__chewbbaca(assembled, param('genus_species'), optionalOrDefault('schema', ''))
    step_4AN_genes__prokka(assembled)
}
"
"L09_mlst_prokka_eco","L09_mlst_prokka_eco","L09","From paired Illumina FASTQ of Escherichia coli: trim with fastp, assemble with SPAdes, then run mlst and prokka in parallel.","Y","Y","none","","8","8","Y","","","","step_1PP_trimming__fastp, step_2AS_denovo__spades, step_4AN_genes__prokka, step_4TY_MLST__mlst","step_1PP_trimming__fastp, step_2AS_denovo__spades, step_4TY_MLST__mlst, step_4AN_genes__prokka","step_1PP_trimming__fastp, step_2AS_denovo__spades, step_4AN_genes__prokka, step_4TY_MLST__mlst","1217","41","4","2","14.1","Pipeline approved! I will now generate the detailed plan for the Nextflow DSL2 pipeline based on your requirements.","nextflow.enable.dsl=2

// --- IMPORTS ---

include { step_4TY_MLST__mlst } from '../steps/step_4TY_MLST__mlst'

include { step_2AS_denovo__spades } from '../steps/step_2AS_denovo__spades'

include { getSingleInput } from '../functions/parameters.nf'

include { step_4AN_genes__prokka } from '../steps/step_4AN_genes__prokka'

include { getEmpty } from '../functions/common.nf'

include { step_1PP_trimming__fastp } from '../steps/step_1PP_trimming__fastp'

// --- GLOBALS ---

def kingdom = 'Bacteria'

// --- INLINE PROCESSES ---

// --- SUB WORKFLOWS ---

// --- ENTRYPOINT ---
workflow {
    // Step 1: Trimming with fastp
    trimmed = step_1PP_trimming__fastp(getSingleInput()).trimmed

    // Step 2: De Novo Assembly with SPAdes
    assembly = step_2AS_denovo__spades(trimmed).assembled

    // Step 3: MLST Typing (parallel to Prokka)
    step_4TY_MLST__mlst(assembly)

    // Step 4: Gene Annotation with Prokka (parallel to MLST)
    // Prokka requires: [riscd, assembly, kingdom, riscd_ref, refid, refpath]
    // For Bacteria, we use empty placeholders for refid and refpath
    assembly.map { [ it[0], it[1], kingdom, '-', '-', getEmpty() ] }.set { prokkaInput }
    step_4AN_genes__prokka(prokkaInput)
}","nextflow.enable.dsl=2

include { getSingleInput; optionalOrDefault; param } from '../functions/parameters.nf'
include { step_1PP_trimming__fastp } from '../steps/step_1PP_trimming__fastp'
include { step_2AS_denovo__spades } from '../steps/step_2AS_denovo__spades'
include { step_4TY_MLST__mlst } from '../steps/step_4TY_MLST__mlst'
include { step_4AN_genes__prokka } from '../steps/step_4AN_genes__prokka'
workflow {
    trimmed   = step_1PP_trimming__fastp(getSingleInput()).trimmed
    assembled = step_2AS_denovo__spades(trimmed).assembled
    step_4TY_MLST__mlst(assembled)
    step_4AN_genes__prokka(assembled)
}
"
"L10_mlst_prokka_sal","L10_mlst_prokka_sal","L10","From paired Illumina FASTQ of Salmonella enterica: trim with fastp, assemble with SPAdes, then run mlst and prokka in parallel.","Y","Y","none","","8","8","Y","","","","step_1PP_trimming__fastp, step_2AS_denovo__spades, step_4AN_genes__prokka, step_4TY_MLST__mlst","step_2AS_denovo__spades, step_4TY_MLST__mlst, step_4AN_genes__prokka, step_1PP_trimming__fastp","step_1PP_trimming__fastp, step_2AS_denovo__spades, step_4AN_genes__prokka, step_4TY_MLST__mlst","999","43","4","2","13.4","Pipeline approved! The Nextflow DSL2 pipeline will be built as follows:

1. **Input**: Paired Illumina FASTQ files for *Salmonella enterica*.
2. **Preprocessing**: Trim reads using `step_1PP_trimming__fastp`.
3. **Assembly**: Assemble trimmed reads with `step_2AS_denovo__spades`.
4. **Typing and Ann","nextflow.enable.dsl=2

// --- IMPORTS ---

include { step_4TY_MLST__mlst } from '../steps/step_4TY_MLST__mlst'

include { getSingleInput } from '../functions/parameters.nf'

include { step_1PP_trimming__fastp } from '../steps/step_1PP_trimming__fastp'

include { step_2AS_denovo__spades } from '../steps/step_2AS_denovo__spades'

include { step_4AN_genes__prokka } from '../steps/step_4AN_genes__prokka'

include { getEmpty } from '../functions/common.nf'

// --- GLOBALS ---

def kingdom = 'Bacteria'

// --- INLINE PROCESSES ---

// --- SUB WORKFLOWS ---

workflow wf_salmonella_enterica {
    
    take:
        
        trimmed
        
    
    main:
        assembled = step_2AS_denovo__spades(trimmed).assembled
        step_4TY_MLST__mlst(assembled)
        step_4AN_genes__prokka(assembled.map { [ it[0], it[1], kingdom, '-', '-', getEmpty() ] })
    
}

// --- ENTRYPOINT ---
workflow {
    trimmed = step_1PP_trimming__fastp(getSingleInput()).trimmed
    wf_salmonella_enterica(trimmed)
}","nextflow.enable.dsl=2

include { getSingleInput; optionalOrDefault; param } from '../functions/parameters.nf'
include { step_1PP_trimming__fastp } from '../steps/step_1PP_trimming__fastp'
include { step_2AS_denovo__spades } from '../steps/step_2AS_denovo__spades'
include { step_4TY_MLST__mlst } from '../steps/step_4TY_MLST__mlst'
include { step_4AN_genes__prokka } from '../steps/step_4AN_genes__prokka'
workflow {
    trimmed   = step_1PP_trimming__fastp(getSingleInput()).trimmed
    assembled = step_2AS_denovo__spades(trimmed).assembled
    step_4TY_MLST__mlst(assembled)
    step_4AN_genes__prokka(assembled)
}
"
"L11_abricate_prokka_lis","L11_abricate_prokka_lis","L11","From paired Illumina FASTQ of Listeria monocytogenes: trim with fastp, assemble with SPAdes, then run abricate and prokka in parallel.","Y","Y","none","","8","8","Y","","","","step_1PP_trimming__fastp, step_2AS_denovo__spades, step_4AN_AMR__abricate, step_4AN_genes__prokka","step_2AS_denovo__spades, step_4AN_genes__prokka, step_4AN_AMR__abricate, step_1PP_trimming__fastp","step_1PP_trimming__fastp, step_2AS_denovo__spades, step_4AN_AMR__abricate, step_4AN_genes__prokka","1448","71","4","2","12.4","Pipeline approved! The Nextflow DSL2 pipeline will be built as follows:

1. **Preprocessing**: Trim paired Illumina FASTQ reads using `fastp` (`step_1PP_trimming__fastp`).
2. **Assembly**: Assemble the trimmed reads using SPAdes (`step_2AS_denovo__spades`).
3. **Annotation and AMR**: Run **Abricate*","nextflow.enable.dsl=2

// --- IMPORTS ---

include { step_4AN_AMR__abricate } from '../steps/step_4AN_AMR__abricate'

include { getSingleInput } from '../functions/parameters.nf'

include { step_1PP_trimming__fastp } from '../steps/step_1PP_trimming__fastp'

include { step_2AS_denovo__spades } from '../steps/step_2AS_denovo__spades'

include { step_4AN_genes__prokka } from '../steps/step_4AN_genes__prokka'

include { getEmpty } from '../functions/common.nf'

// --- GLOBALS ---

def kingdom = 'Bacteria'

// --- INLINE PROCESSES ---

// --- SUB WORKFLOWS ---

workflow wf_assembly_and_annotation {
    
    take:
        
        trimmed
        
    
    main:
        trimmed.multiMap {
            trimmed: it
            kingdom: kingdom
        }.set { trimmedAndKingdom }

        spades_out = step_2AS_denovo__spades(trimmedAndKingdom.trimmed)

        prokka_input = spades_out.assembled.map { [ it[0], it[1], kingdom, '-', '-', getEmpty() ] }
        step_4AN_genes__prokka(prokka_input)

        step_4AN_AMR__abricate(spades_out.assembled)
    
}

workflow module_denovo {
    
    take:
        
        trimmed
        
    
    main:
        denovo_out = step_2AS_denovo__spades(trimmed)
    
    emit:
        
        assembled = denovo_out.assembled
        
    
}

// --- ENTRYPOINT ---
workflow {
    trimmed = step_1PP_trimming__fastp(getSingleInput())

    wf_assembly_and_annotation(trimmed)

    module_denovo(trimmed)
}","nextflow.enable.dsl=2

include { getSingleInput; optionalOrDefault; param } from '../functions/parameters.nf'
include { step_1PP_trimming__fastp } from '../steps/step_1PP_trimming__fastp'
include { step_2AS_denovo__spades } from '../steps/step_2AS_denovo__spades'
include { step_4AN_AMR__abricate } from '../steps/step_4AN_AMR__abricate'
include { step_4AN_genes__prokka } from '../steps/step_4AN_genes__prokka'
workflow {
    trimmed   = step_1PP_trimming__fastp(getSingleInput()).trimmed
    assembled = step_2AS_denovo__spades(trimmed).assembled
    step_4AN_AMR__abricate(assembled)
    step_4AN_genes__prokka(assembled)
}
"
"L12_abricate_prokka_sal","L12_abricate_prokka_sal","L12","From paired Illumina FASTQ of Salmonella enterica: trim with fastp, assemble with SPAdes, then run abricate and prokka in parallel.","Y","N","file_not_found","WARN: file not found: '/mnt/data/cohesive_llm_bench_scratch/_shared_inputdir/2026/2026.SAL.117.1.1/0SQ_rawreads/DS99999-DT260224_import/result/*.fastq*'","6","8","Y","","","","step_1PP_trimming__fastp, step_2AS_denovo__spades, step_4AN_AMR__abricate, step_4AN_genes__prokka","step_2AS_denovo__spades, step_4AN_AMR__abricate, step_4AN_genes__prokka, step_1PP_trimming__fastp","step_1PP_trimming__fastp, step_2AS_denovo__spades, step_4AN_AMR__abricate, step_4AN_genes__prokka","1454","73","4","2","14.6","Pipeline approved. Proceeding with the plan.","nextflow.enable.dsl=2

// --- IMPORTS ---

include { step_4AN_AMR__abricate } from '../steps/step_4AN_AMR__abricate'

include { getSingleInput } from '../functions/parameters.nf'

include { step_1PP_trimming__fastp } from '../steps/step_1PP_trimming__fastp'

include { step_2AS_denovo__spades } from '../steps/step_2AS_denovo__spades'

include { step_4AN_genes__prokka } from '../steps/step_4AN_genes__prokka'

include { getEmpty } from '../functions/common.nf'

// --- GLOBALS ---

def kingdomSalmonella = 'Bacteria'

// --- INLINE PROCESSES ---

// --- SUB WORKFLOWS ---

workflow wf_salmonella_assembly {
    
    take:
        
        trimmed
        
    
    main:
        spades_out = step_2AS_denovo__spades(trimmed)
        quast(spades_out.assembled)
    
    emit:
        
        assembly = spades_out.assembled
        
    
}

workflow wf_salmonella_amr {
    
    take:
        
        assembly
        
    
    main:
        step_4AN_AMR__abricate(assembly)
    
}

workflow wf_salmonella_annotation {
    
    take:
        
        assembly
        
    
    main:
        step_4AN_genes__prokka(assembly.map { [ it[0], it[1], kingdomSalmonella, '-', '-', getEmpty() ] })
    
}

// --- ENTRYPOINT ---
workflow {
    trimmed = step_1PP_trimming__fastp(getSingleInput())
    wf_salmonella_assembly(trimmed)
    wf_salmonella_amr(wf_salmonella_assembly.out.assembly)
    wf_salmonella_annotation(wf_salmonella_assembly.out.assembly)
}","nextflow.enable.dsl=2

include { getSingleInput; optionalOrDefault; param } from '../functions/parameters.nf'
include { step_1PP_trimming__fastp } from '../steps/step_1PP_trimming__fastp'
include { step_2AS_denovo__spades } from '../steps/step_2AS_denovo__spades'
include { step_4AN_AMR__abricate } from '../steps/step_4AN_AMR__abricate'
include { step_4AN_genes__prokka } from '../steps/step_4AN_genes__prokka'
workflow {
    trimmed   = step_1PP_trimming__fastp(getSingleInput()).trimmed
    assembled = step_2AS_denovo__spades(trimmed).assembled
    step_4AN_AMR__abricate(assembled)
    step_4AN_genes__prokka(assembled)
}
"
"L13_mlst_flaA_cam","L13_mlst_flaA_cam","L13","From paired Illumina FASTQ of Campylobacter jejuni: trim with fastp, assemble with SPAdes, then run mlst and flaA in parallel.","Y","Y","none","","8","8","Y","","","","step_1PP_trimming__fastp, step_2AS_denovo__spades, step_4TY_MLST__mlst, step_4TY_flaA__flaA","step_1PP_trimming__fastp, step_2AS_denovo__spades, step_4TY_MLST__mlst, step_4TY_flaA__flaA","step_1PP_trimming__fastp, step_2AS_denovo__spades, step_4TY_MLST__mlst, step_4TY_flaA__flaA","756","29","4","2","11.9","Pipeline approved. The Nextflow DSL2 pipeline will be built as follows:

1. **Trim paired Illumina FASTQ reads** using `fastp` (`step_1PP_trimming__fastp`).
2. **De novo assemble** the trimmed reads using `SPAdes` (`step_2AS_denovo__spades`).
3. **Run MLST typing** (`step_4TY_MLST__mlst`) and **flaA","nextflow.enable.dsl=2

// --- IMPORTS ---

include { step_4TY_MLST__mlst } from '../steps/step_4TY_MLST__mlst'

include { step_2AS_denovo__spades } from '../steps/step_2AS_denovo__spades'

include { getSingleInput } from '../functions/parameters.nf'

include { step_4TY_flaA__flaA } from '../steps/step_4TY_flaA__flaA'

include { step_1PP_trimming__fastp } from '../steps/step_1PP_trimming__fastp'

// --- GLOBALS ---

def genusSpecies = 'Campylobacter jejuni'

// --- INLINE PROCESSES ---

// --- SUB WORKFLOWS ---

// --- ENTRYPOINT ---
workflow {
    trimmed = step_1PP_trimming__fastp(getSingleInput()).trimmed
    assembly = step_2AS_denovo__spades(trimmed).assembled
    step_4TY_MLST__mlst(assembly)
    step_4TY_flaA__flaA(assembly, genusSpecies)
}","nextflow.enable.dsl=2

include { getSingleInput; optionalOrDefault; param } from '../functions/parameters.nf'
include { step_1PP_trimming__fastp } from '../steps/step_1PP_trimming__fastp'
include { step_2AS_denovo__spades } from '../steps/step_2AS_denovo__spades'
include { step_4TY_MLST__mlst } from '../steps/step_4TY_MLST__mlst'
include { step_4TY_flaA__flaA } from '../steps/step_4TY_flaA__flaA'
workflow {
    trimmed   = step_1PP_trimming__fastp(getSingleInput()).trimmed
    assembled = step_2AS_denovo__spades(trimmed).assembled
    step_4TY_MLST__mlst(assembled)
    step_4TY_flaA__flaA(assembled, param('genus_species'))
}
"
"L14_mlst_staramr_cam","L14_mlst_staramr_cam","L14","From paired Illumina FASTQ of Campylobacter jejuni: trim with fastp, assemble with SPAdes, then run mlst and staramr in parallel.","Y","Y","none","","8","8","Y","","","","step_1PP_trimming__fastp, step_2AS_denovo__spades, step_4AN_AMR__staramr, step_4TY_MLST__mlst","step_1PP_trimming__fastp, step_2AS_denovo__spades, step_4TY_MLST__mlst, step_4AN_AMR__staramr","step_1PP_trimming__fastp, step_2AS_denovo__spades, step_4AN_AMR__staramr, step_4TY_MLST__mlst","765","32","4","2","15.9","Understood! The pipeline for **Campylobacter jejuni** (paired Illumina FASTQ) has been approved. Here’s the detailed plan for the Architect Agent:

---

### **Approved Pipeline Plan**

#### **Objective**: Process paired Illumina FASTQ reads for *Campylobacter jejuni*, assemble the genome, and perfor","nextflow.enable.dsl=2

// --- IMPORTS ---

include { step_4TY_MLST__mlst } from '../steps/step_4TY_MLST__mlst'

include { step_4AN_AMR__staramr } from '../steps/step_4AN_AMR__staramr'

include { step_2AS_denovo__spades } from '../steps/step_2AS_denovo__spades'

include { getSingleInput } from '../functions/parameters.nf'

include { step_1PP_trimming__fastp } from '../steps/step_1PP_trimming__fastp'

// --- GLOBALS ---

def genusSpecies = 'campylobacter_jejuni'

// --- INLINE PROCESSES ---

// --- SUB WORKFLOWS ---

// --- ENTRYPOINT ---
workflow {
    trimmed = step_1PP_trimming__fastp(getSingleInput()).trimmed

    assembly = step_2AS_denovo__spades(trimmed).assembled

    step_4TY_MLST__mlst(assembly)

    step_4AN_AMR__staramr(assembly, genusSpecies)
}","nextflow.enable.dsl=2

include { getSingleInput; optionalOrDefault; param } from '../functions/parameters.nf'
include { step_1PP_trimming__fastp } from '../steps/step_1PP_trimming__fastp'
include { step_2AS_denovo__spades } from '../steps/step_2AS_denovo__spades'
include { step_4TY_MLST__mlst } from '../steps/step_4TY_MLST__mlst'
include { step_4AN_AMR__staramr } from '../steps/step_4AN_AMR__staramr'
workflow {
    trimmed   = step_1PP_trimming__fastp(getSingleInput()).trimmed
    assembled = step_2AS_denovo__spades(trimmed).assembled
    step_4TY_MLST__mlst(assembled)
    step_4AN_AMR__staramr(assembled, param('genus_species'))
}
"
"L15_flaA_staramr_cam","L15_flaA_staramr_cam","L15","From paired Illumina FASTQ of Campylobacter jejuni: trim with fastp, assemble with SPAdes, then run flaA and staramr in parallel.","Y","Y","none","","8","8","Y","","","","step_1PP_trimming__fastp, step_2AS_denovo__spades, step_4AN_AMR__staramr, step_4TY_flaA__flaA","step_1PP_trimming__fastp, step_2AS_denovo__spades, step_4TY_flaA__flaA, step_4AN_AMR__staramr","step_1PP_trimming__fastp, step_2AS_denovo__spades, step_4AN_AMR__staramr, step_4TY_flaA__flaA","938","34","4","2","13.7","Pipeline approved! I will now generate the detailed plan for the Architect Agent.","nextflow.enable.dsl=2

// --- IMPORTS ---

include { step_4AN_AMR__staramr } from '../steps/step_4AN_AMR__staramr'

include { step_2AS_denovo__spades } from '../steps/step_2AS_denovo__spades'

include { getSingleInput } from '../functions/parameters.nf'

include { step_4TY_flaA__flaA } from '../steps/step_4TY_flaA__flaA'

include { step_1PP_trimming__fastp } from '../steps/step_1PP_trimming__fastp'

// --- GLOBALS ---

def genusSpecies = 'Campylobacter jejuni'

// --- INLINE PROCESSES ---

// --- SUB WORKFLOWS ---

// --- ENTRYPOINT ---
workflow {
    // Step 1: Trimming with fastp
    trimmed = step_1PP_trimming__fastp(getSingleInput()).trimmed

    // Step 2: Assembly with SPAdes
    assembled = step_2AS_denovo__spades(trimmed).assembled

    // Step 3: Typing and AMR Detection (parallel execution)
    flaA_out = step_4TY_flaA__flaA(assembled, genusSpecies)
    staramr_out = step_4AN_AMR__staramr(assembled, genusSpecies)
}","nextflow.enable.dsl=2

include { getSingleInput; optionalOrDefault; param } from '../functions/parameters.nf'
include { step_1PP_trimming__fastp } from '../steps/step_1PP_trimming__fastp'
include { step_2AS_denovo__spades } from '../steps/step_2AS_denovo__spades'
include { step_4TY_flaA__flaA } from '../steps/step_4TY_flaA__flaA'
include { step_4AN_AMR__staramr } from '../steps/step_4AN_AMR__staramr'
workflow {
    trimmed   = step_1PP_trimming__fastp(getSingleInput()).trimmed
    assembled = step_2AS_denovo__spades(trimmed).assembled
    step_4TY_flaA__flaA(assembled, param('genus_species'))
    step_4AN_AMR__staramr(assembled, param('genus_species'))
}
"
"L16_flaA_abricate_cam","L16_flaA_abricate_cam","L16","From paired Illumina FASTQ of Campylobacter jejuni: trim with fastp, assemble with SPAdes, then run flaA and abricate in parallel.","Y","Y","none","","8","8","Y","","","","step_1PP_trimming__fastp, step_2AS_denovo__spades, step_4AN_AMR__abricate, step_4TY_flaA__flaA","step_1PP_trimming__fastp, step_2AS_denovo__spades, step_4TY_flaA__flaA, step_4AN_AMR__abricate","step_1PP_trimming__fastp, step_2AS_denovo__spades, step_4AN_AMR__abricate, step_4TY_flaA__flaA","768","32","4","2","16.9","Pipeline approved. The Nextflow DSL2 pipeline will be built as follows:

1. **Trim paired Illumina FASTQ reads** using `step_1PP_trimming__fastp`.
2. **Assemble trimmed reads** using `step_2AS_denovo__spades`.
3. **Run flaA typing** (`step_4TY_flaA__flaA`) and **AMR detection with Abricate** (`step_","nextflow.enable.dsl=2

// --- IMPORTS ---

include { step_4AN_AMR__abricate } from '../steps/step_4AN_AMR__abricate'

include { step_2AS_denovo__spades } from '../steps/step_2AS_denovo__spades'

include { getSingleInput } from '../functions/parameters.nf'

include { step_4TY_flaA__flaA } from '../steps/step_4TY_flaA__flaA'

include { step_1PP_trimming__fastp } from '../steps/step_1PP_trimming__fastp'

// --- GLOBALS ---

def genusSpecies = 'Campylobacter jejuni'

// --- INLINE PROCESSES ---

// --- SUB WORKFLOWS ---

// --- ENTRYPOINT ---
workflow {
    trimmed = step_1PP_trimming__fastp(getSingleInput()).trimmed

    assembly = step_2AS_denovo__spades(trimmed).assembled

    step_4TY_flaA__flaA(assembly, genusSpecies)

    step_4AN_AMR__abricate(assembly)
}","nextflow.enable.dsl=2

include { getSingleInput; optionalOrDefault; param } from '../functions/parameters.nf'
include { step_1PP_trimming__fastp } from '../steps/step_1PP_trimming__fastp'
include { step_2AS_denovo__spades } from '../steps/step_2AS_denovo__spades'
include { step_4TY_flaA__flaA } from '../steps/step_4TY_flaA__flaA'
include { step_4AN_AMR__abricate } from '../steps/step_4AN_AMR__abricate'
workflow {
    trimmed   = step_1PP_trimming__fastp(getSingleInput()).trimmed
    assembled = step_2AS_denovo__spades(trimmed).assembled
    step_4TY_flaA__flaA(assembled, param('genus_species'))
    step_4AN_AMR__abricate(assembled)
}
"
"L17_staramr_abricate_cam","L17_staramr_abricate_cam","L17","From paired Illumina FASTQ of Campylobacter jejuni: trim with fastp, assemble with SPAdes, then run staramr and abricate in parallel.","Y","N","file_not_found","WARN: file not found: '/mnt/data/cohesive_llm_bench_scratch/_shared_inputdir/2026/2026.CAM.120.1.1/0SQ_rawreads/DS99999-DT260224_import/result/*.fastq*'","6","8","N","","step_4AN_AMR__abricate, step_4AN_AMR__staramr","","step_1PP_trimming__fastp, step_2AS_denovo__spades","step_2AS_denovo__spades, step_1PP_trimming__fastp","step_1PP_trimming__fastp, step_2AS_denovo__spades, step_4AN_AMR__abricate, step_4AN_AMR__staramr","903","44","2","2","15.2","Pipeline approved! The Nextflow DSL2 pipeline will be built as described.","nextflow.enable.dsl=2

// --- IMPORTS ---

include { step_2AS_denovo__spades } from '../steps/step_2AS_denovo__spades'

include { getSingleInput } from '../functions/parameters.nf'

include { step_1PP_trimming__fastp } from '../steps/step_1PP_trimming__fastp'

// --- GLOBALS ---

def campylobacterSpecies = 'campylobacter_jejuni'

// --- INLINE PROCESSES ---

// --- SUB WORKFLOWS ---

workflow wf_campy_amr {
    
    take:
        
        trimmed_reads
        
    
    main:
        spades_out = step_2AS_denovo__spades(trimmed_reads)

        staramr( spades_out.assembled, campylobacterSpecies )
        abricate( spades_out.assembled )
    
}

// --- ENTRYPOINT ---
workflow {
    // 1. Trimming
    trimmed_reads = step_1PP_trimming__fastp(getSingleInput()).trimmed

    // 2. Assembly
    // (handled inside wf_campy_amr)

    // 3. AMR annotation (parallel)
    wf_campy_amr(trimmed_reads)
}","nextflow.enable.dsl=2

include { getSingleInput; optionalOrDefault; param } from '../functions/parameters.nf'
include { step_1PP_trimming__fastp } from '../steps/step_1PP_trimming__fastp'
include { step_2AS_denovo__spades } from '../steps/step_2AS_denovo__spades'
include { step_4AN_AMR__staramr } from '../steps/step_4AN_AMR__staramr'
include { step_4AN_AMR__abricate } from '../steps/step_4AN_AMR__abricate'
workflow {
    trimmed   = step_1PP_trimming__fastp(getSingleInput()).trimmed
    assembled = step_2AS_denovo__spades(trimmed).assembled
    step_4AN_AMR__staramr(assembled, param('genus_species'))
    step_4AN_AMR__abricate(assembled)
}
"
"L18_staramr_prokka_cam","L18_staramr_prokka_cam","L18","From paired Illumina FASTQ of Campylobacter jejuni: trim with fastp, assemble with SPAdes, then run staramr and prokka in parallel.","Y","Y","none","","8","8","Y","","","","step_1PP_trimming__fastp, step_2AS_denovo__spades, step_4AN_AMR__staramr, step_4AN_genes__prokka","step_2AS_denovo__spades, step_4AN_genes__prokka, step_4AN_AMR__staramr, step_1PP_trimming__fastp","step_1PP_trimming__fastp, step_2AS_denovo__spades, step_4AN_AMR__staramr, step_4AN_genes__prokka","1587","70","4","2","17.3","Pipeline approved. Proceeding with the following steps for Campylobacter jejuni:

1. **Trim reads** using `fastp` (`step_1PP_trimming__fastp`).
2. **Assemble** trimmed reads with `SPAdes` (`step_2AS_denovo__spades`).
3. **Run Prokka** (`step_4AN_genes__prokka`) for gene annotation.
4. **Run staramr*","nextflow.enable.dsl=2

// --- IMPORTS ---

include { getSingleInput } from '../functions/parameters.nf'

include { step_1PP_trimming__fastp } from '../steps/step_1PP_trimming__fastp'

include { step_2AS_denovo__spades } from '../steps/step_2AS_denovo__spades'

include { step_4AN_AMR__staramr } from '../steps/step_4AN_AMR__staramr'

include { step_4AN_genes__prokka } from '../steps/step_4AN_genes__prokka'

include { getEmpty } from '../functions/common.nf'

// --- GLOBALS ---

def campylobacterKingdom = 'Bacteria'

def campylobacterGenusSpecies = 'campylobacter_jejuni'

// --- INLINE PROCESSES ---

// --- SUB WORKFLOWS ---

workflow wf_campylobacter_assembly_annotation {
    
    take:
        
        trimmed
        
    
    main:
        trimmed.multiMap {
            trimmed: it
            kingdom: campylobacterKingdom
            genus_species: campylobacterGenusSpecies
        }.set { assemblyInput }

        spades_out = step_2AS_denovo__spades(trimmed)

        step_4AN_genes__prokka(spades_out.assembled.map { [ it[0], it[1], assemblyInput.kingdom, '-', '-', getEmpty() ] })
        step_4AN_AMR__staramr(spades_out.assembled, assemblyInput.genus_species)
    
}

workflow wf_campylobacter_trimming {
    
    take:
        
        rawreads
        
    
    main:
        trimmed = step_1PP_trimming__fastp(rawreads).trimmed
    
    emit:
        
        trimmed
        
    
}

// --- ENTRYPOINT ---
workflow {
    ch_rawreads = getSingleInput()
    ch_trimmed = wf_campylobacter_trimming(ch_rawreads)
    wf_campylobacter_assembly_annotation(ch_trimmed)
}","nextflow.enable.dsl=2

include { getSingleInput; optionalOrDefault; param } from '../functions/parameters.nf'
include { step_1PP_trimming__fastp } from '../steps/step_1PP_trimming__fastp'
include { step_2AS_denovo__spades } from '../steps/step_2AS_denovo__spades'
include { step_4AN_AMR__staramr } from '../steps/step_4AN_AMR__staramr'
include { step_4AN_genes__prokka } from '../steps/step_4AN_genes__prokka'
workflow {
    trimmed   = step_1PP_trimming__fastp(getSingleInput()).trimmed
    assembled = step_2AS_denovo__spades(trimmed).assembled
    step_4AN_AMR__staramr(assembled, param('genus_species'))
    step_4AN_genes__prokka(assembled)
}
"
"L19_flaA_prokka_cam","L19_flaA_prokka_cam","L19","From paired Illumina FASTQ of Campylobacter jejuni: trim with fastp, assemble with SPAdes, then run flaA and prokka in parallel.","Y","Y","none","","8","8","Y","","","","step_1PP_trimming__fastp, step_2AS_denovo__spades, step_4AN_genes__prokka, step_4TY_flaA__flaA","step_1PP_trimming__fastp, step_2AS_denovo__spades, step_4TY_flaA__flaA, step_4AN_genes__prokka","step_1PP_trimming__fastp, step_2AS_denovo__spades, step_4AN_genes__prokka, step_4TY_flaA__flaA","790","34","4","2","14.6","Pipeline approved. The Nextflow DSL2 pipeline will be built as follows:

1. **Trim reads** with `fastp` (`step_1PP_trimming__fastp`).
2. **Assemble** the trimmed reads with `SPAdes` (`step_2AS_denovo__spades`).
3. **Run `flaA`** (`step_4TY_flaA__flaA`) for Campylobacter typing.
4. **Run `prokka`** (","nextflow.enable.dsl=2

// --- IMPORTS ---

include { step_2AS_denovo__spades } from '../steps/step_2AS_denovo__spades'

include { getSingleInput } from '../functions/parameters.nf'

include { step_4AN_genes__prokka } from '../steps/step_4AN_genes__prokka'

include { step_4TY_flaA__flaA } from '../steps/step_4TY_flaA__flaA'

include { step_1PP_trimming__fastp } from '../steps/step_1PP_trimming__fastp'

// --- GLOBALS ---

def genusSpecies = 'Campylobacter jejuni'

// --- INLINE PROCESSES ---

// --- SUB WORKFLOWS ---

// --- ENTRYPOINT ---
workflow {
    reads = getSingleInput()

    trimmed = step_1PP_trimming__fastp(reads).trimmed

    assembled = step_2AS_denovo__spades(trimmed).assembled

    step_4TY_flaA__flaA(assembled, genusSpecies)

    step_4AN_genes__prokka(assembled)
}","nextflow.enable.dsl=2

include { getSingleInput; optionalOrDefault; param } from '../functions/parameters.nf'
include { step_1PP_trimming__fastp } from '../steps/step_1PP_trimming__fastp'
include { step_2AS_denovo__spades } from '../steps/step_2AS_denovo__spades'
include { step_4TY_flaA__flaA } from '../steps/step_4TY_flaA__flaA'
include { step_4AN_genes__prokka } from '../steps/step_4AN_genes__prokka'
workflow {
    trimmed   = step_1PP_trimming__fastp(getSingleInput()).trimmed
    assembled = step_2AS_denovo__spades(trimmed).assembled
    step_4TY_flaA__flaA(assembled, param('genus_species'))
    step_4AN_genes__prokka(assembled)
}
"
"L20_mlst_prokka_lis","L20_mlst_prokka_lis","L20","From paired Illumina FASTQ of Listeria monocytogenes: trim with fastp, assemble with SPAdes, then run mlst and prokka in parallel.","Y","Y","none","","8","8","Y","","","","step_1PP_trimming__fastp, step_2AS_denovo__spades, step_4AN_genes__prokka, step_4TY_MLST__mlst","step_2AS_denovo__spades, step_4TY_MLST__mlst, step_4AN_genes__prokka, step_1PP_trimming__fastp","step_1PP_trimming__fastp, step_2AS_denovo__spades, step_4AN_genes__prokka, step_4TY_MLST__mlst","1233","52","4","2","23.6","Pipeline approved. The Nextflow DSL2 pipeline will be built as follows:

1. **Trimming**: `step_1PP_trimming__fastp` for paired Illumina FASTQ files.
2. **Assembly**: `step_2AS_denovo__spades` for assembling trimmed reads.
3. **Typing and Annotation**:
   - `step_4TY_MLST__mlst` for sequence typing.","nextflow.enable.dsl=2

// --- IMPORTS ---

include { step_4TY_MLST__mlst } from '../steps/step_4TY_MLST__mlst'

include { getSingleInput } from '../functions/parameters.nf'

include { step_1PP_trimming__fastp } from '../steps/step_1PP_trimming__fastp'

include { step_2AS_denovo__spades } from '../steps/step_2AS_denovo__spades'

include { step_4AN_genes__prokka } from '../steps/step_4AN_genes__prokka'

include { getEmpty } from '../functions/common.nf'

// --- GLOBALS ---

def kingdomListeria = 'Bacteria'

// --- INLINE PROCESSES ---

// --- SUB WORKFLOWS ---

workflow wf_assembly_and_typing {
    
    take:
        
        trimmed_reads
        
    
    main:
        trimmed_reads.multiMap {
            trimmed: it
            assembly: [ it[0], file(""${it[0]}_assembly.fasta"") ]
        }.set { prep }

        spades_out = step_2AS_denovo__spades(prep.trimmed)

        assembly = spades_out.assembled.map { [ it[0], it[1] ] }

        step_4TY_MLST__mlst(assembly)
        step_4AN_genes__prokka(assembly.map { [ it[0], it[1], kingdomListeria, '-', '-', getEmpty() ] })
    
}

// --- ENTRYPOINT ---
workflow {
    trimmed_reads = step_1PP_trimming__fastp(getSingleInput())

    wf_assembly_and_typing(trimmed_reads)
}","nextflow.enable.dsl=2

include { getSingleInput; optionalOrDefault; param } from '../functions/parameters.nf'
include { step_1PP_trimming__fastp } from '../steps/step_1PP_trimming__fastp'
include { step_2AS_denovo__spades } from '../steps/step_2AS_denovo__spades'
include { step_4TY_MLST__mlst } from '../steps/step_4TY_MLST__mlst'
include { step_4AN_genes__prokka } from '../steps/step_4AN_genes__prokka'
workflow {
    trimmed   = step_1PP_trimming__fastp(getSingleInput()).trimmed
    assembled = step_2AS_denovo__spades(trimmed).assembled
    step_4TY_MLST__mlst(assembled)
    step_4AN_genes__prokka(assembled)
}
"
"M01_mlst+chewbbaca+abricate_lis","M01_mlst+chewbbaca+abricate_lis","M01","Comprehensive typing+AMR+annotation pipeline for Listeria monocytogenes from paired Illumina FASTQ: trim, assemble, then run mlst, chewbbaca, abricate in parallel on the assembly.","Y","Y","none","","12","11","N","step_4AN_genes__prokka","","","step_1PP_trimming__fastp, step_2AS_denovo__spades, step_4AN_AMR__abricate, step_4AN_genes__prokka, step_4TY_MLST__mlst, step_4TY_cgMLST__chewbbaca","step_1PP_trimming__fastp, step_2AS_denovo__spades, step_4TY_MLST__mlst, step_4TY_cgMLST__chewbbaca, step_4AN_AMR__abricate, step_4AN_genes__prokka","step_1PP_trimming__fastp, step_2AS_denovo__spades, step_4AN_AMR__abricate, step_4TY_MLST__mlst, step_4TY_cgMLST__chewbbaca","1355","56","6","2","17.9","Pipeline approved! The detailed plan for the Architect has been generated. The pipeline will include trimming with `fastp`, de novo assembly with `SPAdes`, and parallel execution of MLST, cgMLST, ABRicate, and Prokka for typing, AMR, and annotation.","nextflow.enable.dsl=2

// --- IMPORTS ---

include { step_4AN_AMR__abricate } from '../steps/step_4AN_AMR__abricate'

include { step_4TY_MLST__mlst } from '../steps/step_4TY_MLST__mlst'

include { getSingleInput } from '../functions/parameters.nf'

include { step_4TY_cgMLST__chewbbaca } from '../steps/step_4TY_cgMLST__chewbbaca'

include { step_1PP_trimming__fastp } from '../steps/step_1PP_trimming__fastp'

include { step_2AS_denovo__spades } from '../steps/step_2AS_denovo__spades'

include { step_4AN_genes__prokka } from '../steps/step_4AN_genes__prokka'

include { getEmpty } from '../functions/common.nf'

// --- GLOBALS ---

def genusSpecies = 'Listeria monocytogenes'

def cgMLSTSchema = 'l_mono_chewie_1748_220623'

// --- INLINE PROCESSES ---

// --- SUB WORKFLOWS ---

workflow wf_listeria_typing_amr_annotation {
    
    take:
        
        raw_reads
        
    
    main:
        trimmed = step_1PP_trimming__fastp(raw_reads)

        assembly = step_2AS_denovo__spades(trimmed)

        step_4TY_MLST__mlst(assembly)

        step_4TY_cgMLST__chewbbaca(assembly, genusSpecies, cgMLSTSchema)

        step_4AN_AMR__abricate(assembly)

        step_4AN_genes__prokka(assembly.map { [ it[0], it[1], 'Bacteria', '-', '-', getEmpty() ] })
    
}

// --- ENTRYPOINT ---
workflow {
    wf_listeria_typing_amr_annotation(getSingleInput())
}","nextflow.enable.dsl=2

include { getSingleInput; optionalOrDefault; param } from '../functions/parameters.nf'
include { step_1PP_trimming__fastp } from '../steps/step_1PP_trimming__fastp'
include { step_2AS_denovo__spades } from '../steps/step_2AS_denovo__spades'
include { step_4TY_MLST__mlst } from '../steps/step_4TY_MLST__mlst'
include { step_4TY_cgMLST__chewbbaca } from '../steps/step_4TY_cgMLST__chewbbaca'
include { step_4AN_AMR__abricate } from '../steps/step_4AN_AMR__abricate'
workflow {
    trimmed   = step_1PP_trimming__fastp(getSingleInput()).trimmed
    assembled = step_2AS_denovo__spades(trimmed).assembled
    step_4TY_MLST__mlst(assembled)
    step_4TY_cgMLST__chewbbaca(assembled, param('genus_species'), optionalOrDefault('schema', ''))
    step_4AN_AMR__abricate(assembled)
}
"
"M02_mlst+chewbbaca+prokka_sal","M02_mlst+chewbbaca+prokka_sal","M02","Comprehensive typing+AMR+annotation pipeline for Salmonella enterica from paired Illumina FASTQ: trim, assemble, then run mlst, chewbbaca, prokka in parallel on the assembly.","Y","N","file_not_found","WARN: file not found: '/mnt/data/cohesive_llm_bench_scratch/_shared_inputdir/2026/2026.SAL.118.1.1/0SQ_rawreads/DS99999-DT260224_import/result/*.fastq*'","7","11","N","step_2AS_denovo__shovill","step_2AS_denovo__spades","","step_1PP_trimming__fastp, step_2AS_denovo__shovill, step_4AN_genes__prokka, step_4TY_MLST__mlst, step_4TY_cgMLST__chewbbaca","step_1PP_trimming__fastp, step_2AS_denovo__shovill, step_4TY_MLST__mlst, step_4TY_cgMLST__chewbbaca, step_4AN_genes__prokka","step_1PP_trimming__fastp, step_2AS_denovo__spades, step_4AN_genes__prokka, step_4TY_MLST__mlst, step_4TY_cgMLST__chewbbaca","1613","57","5","2","18.3","Pipeline approved. The comprehensive typing+AMR+annotation pipeline for **Salmonella enterica** will be built as follows:

1. **Trimming**: `step_1PP_trimming__fastp` for preprocessing Illumina reads.
2. **Assembly**: `step_2AS_denovo__shovill` for de novo assembly.
3. **Typing and Annotation**:
   ","nextflow.enable.dsl=2

// --- IMPORTS ---

include { step_4TY_MLST__mlst } from '../steps/step_4TY_MLST__mlst'

include { extractKey; getEmpty } from '../functions/common.nf'

include { getSingleInput } from '../functions/parameters.nf'

include { step_4TY_cgMLST__chewbbaca } from '../steps/step_4TY_cgMLST__chewbbaca'

include { step_1PP_trimming__fastp } from '../steps/step_1PP_trimming__fastp'

include { step_2AS_denovo__shovill } from '../steps/step_2AS_denovo__shovill'

include { step_4AN_genes__prokka } from '../steps/step_4AN_genes__prokka'

// --- GLOBALS ---

def genusSpecies = 'Salmonella_enterica'

def cgMLSTSchema = 's_enterica_chewie_3255_210531'

// --- INLINE PROCESSES ---

// --- SUB WORKFLOWS ---

workflow wf_salmonella_typing_amr_annotation {
    
    take:
        
        rawReads
        
    
    main:
        trimmed = step_1PP_trimming__fastp(rawReads).trimmed
        assembly = step_2AS_denovo__shovill(trimmed).assembly

        // Parallel typing and annotation
        step_4TY_MLST__mlst(assembly)

        assembly.cross(genusSpecies).cross(cgMLSTSchema) { extractKey(it) }.map {
            [ it[0][0], it[0][1], it[1] ]
        }.set { chewbbacaInput }
        step_4TY_cgMLST__chewbbaca(chewbbacaInput, genusSpecies, cgMLSTSchema)

        // Prokka requires [riscd, assembly, kingdom, riscd_ref, refid, refpath]
        // For bacteria, use '-' for refid and refpath
        step_4AN_genes__prokka(assembly.map { [ it[0], it[1], 'Bacteria', '-', '-', getEmpty() ] })
    
}

// --- ENTRYPOINT ---
workflow {
    wf_salmonella_typing_amr_annotation(getSingleInput())
}","nextflow.enable.dsl=2

include { getSingleInput; optionalOrDefault; param } from '../functions/parameters.nf'
include { step_1PP_trimming__fastp } from '../steps/step_1PP_trimming__fastp'
include { step_2AS_denovo__spades } from '../steps/step_2AS_denovo__spades'
include { step_4TY_MLST__mlst } from '../steps/step_4TY_MLST__mlst'
include { step_4TY_cgMLST__chewbbaca } from '../steps/step_4TY_cgMLST__chewbbaca'
include { step_4AN_genes__prokka } from '../steps/step_4AN_genes__prokka'
workflow {
    trimmed   = step_1PP_trimming__fastp(getSingleInput()).trimmed
    assembled = step_2AS_denovo__spades(trimmed).assembled
    step_4TY_MLST__mlst(assembled)
    step_4TY_cgMLST__chewbbaca(assembled, param('genus_species'), optionalOrDefault('schema', ''))
    step_4AN_genes__prokka(assembled)
}
"
"M03_mlst+abricate+prokka_eco","M03_mlst+abricate+prokka_eco","M03","Comprehensive typing+AMR+annotation pipeline for Escherichia coli from paired Illumina FASTQ: trim, assemble, then run mlst, abricate, prokka in parallel on the assembly.","Y","N","missing_param","ERROR ~ missing required param: step_3TX_species__kmerfinder__db","0","9","N","step_2AS_mapping__bowtie, step_3TX_species__kmerfinder, step_4AN_AMR__staramr, step_4TY_cgMLST__chewbbaca, step_4TY_flaA__flaA","step_1PP_trimming__fastp, step_2AS_denovo__spades","","step_2AS_mapping__bowtie, step_3TX_species__kmerfinder, step_4AN_AMR__abricate, step_4AN_AMR__staramr, step_4AN_genes__prokka, step_4TY_MLST__mlst, step_4TY_cgMLST__chewbbaca, step_4TY_flaA__flaA","step_3TX_species__kmerfinder, step_2AS_mapping__bowtie, step_4AN_AMR__abricate, step_4AN_genes__prokka, step_4AN_AMR__staramr, step_4TY_MLST__mlst, step_4TY_flaA__flaA, step_4TY_cgMLST__chewbbaca","step_1PP_trimming__fastp, step_2AS_denovo__spades, step_4AN_AMR__abricate, step_4AN_genes__prokka, step_4TY_MLST__mlst","2304","75","8","2","15.0","Pipeline approved. The comprehensive *Escherichia coli* typing+AMR+annotation pipeline will be built as follows:

1. **Preprocessing**: Trim paired Illumina FASTQ reads using `fastp`.
2. **Assembly**: Assemble trimmed reads using `SPAdes`.
3. **Parallel Steps**:
   - **MLST**: Run `step_4TY_MLST__ml","nextflow.enable.dsl=2

// --- IMPORTS ---

include { step_4AN_AMR__abricate } from '../steps/step_4AN_AMR__abricate'

include { step_4TY_MLST__mlst } from '../steps/step_4TY_MLST__mlst'

include { extractKey; getEmpty } from '../functions/common.nf'

include { getAssembly; getTrimmedReads } from '../functions/parameters.nf'

include { step_4TY_cgMLST__chewbbaca } from '../steps/step_4TY_cgMLST__chewbbaca'

include { step_2AS_mapping__bowtie } from '../steps/step_2AS_mapping__bowtie'

include { step_4AN_AMR__staramr } from '../steps/step_4AN_AMR__staramr'

include { step_3TX_species__kmerfinder } from '../steps/step_3TX_species__kmerfinder'

include { step_4AN_genes__prokka } from '../steps/step_4AN_genes__prokka'

include { step_4TY_flaA__flaA } from '../steps/step_4TY_flaA__flaA'

// --- GLOBALS ---

def bacterialKingdom = 'Bacteria'

def skipBestrefMapping = params.skip_bestref_mapping ?: false

// --- INLINE PROCESSES ---

// --- SUB WORKFLOWS ---

workflow wf_ecoli_typing_amr_annotation {
    
    take:
        
        trimmed_reads
        
        assembly
        
    
    main:
        assigned_species = step_3TX_species__kmerfinder(assembly).assigned_species

        if (!skipBestrefMapping) {
            trimmed_reads.cross(assigned_species) { extractKey(it) }.multiMap { 
                trimmed: it[0]
                species: it[1][1]
                referencePath: it[1][2]
            }.set { trimAndSpecies }
            step_2AS_mapping__bowtie(trimAndSpecies.trimmed, trimAndSpecies.referencePath)
        }

        step_4AN_AMR__abricate(assembly)

        step_4AN_genes__prokka(assembly.map{ [ it[0], it[1], bacterialKingdom, '-', '-', getEmpty() ] })

        assembly.cross(assigned_species) { extractKey(it) }.multiMap { 
            assembly: it[0]
            species: it[1][1]
        }.set { assemblyAndSpecies }

        step_4AN_AMR__staramr(assemblyAndSpecies.assembly, assemblyAndSpecies.species)
        step_4TY_MLST__mlst(assemblyAndSpecies.assembly)
        step_4TY_flaA__flaA(assemblyAndSpecies.assembly, assemblyAndSpecies.species)
        step_4TY_cgMLST__chewbbaca(assemblyAndSpecies.assembly, assemblyAndSpecies.species, '')
    
}

// --- ENTRYPOINT ---
workflow {
    wf_ecoli_typing_amr_annotation(getTrimmedReads(true), getAssembly())
}","nextflow.enable.dsl=2

include { getSingleInput; optionalOrDefault; param } from '../functions/parameters.nf'
include { step_1PP_trimming__fastp } from '../steps/step_1PP_trimming__fastp'
include { step_2AS_denovo__spades } from '../steps/step_2AS_denovo__spades'
include { step_4TY_MLST__mlst } from '../steps/step_4TY_MLST__mlst'
include { step_4AN_AMR__abricate } from '../steps/step_4AN_AMR__abricate'
include { step_4AN_genes__prokka } from '../steps/step_4AN_genes__prokka'
workflow {
    trimmed   = step_1PP_trimming__fastp(getSingleInput()).trimmed
    assembled = step_2AS_denovo__spades(trimmed).assembled
    step_4TY_MLST__mlst(assembled)
    step_4AN_AMR__abricate(assembled)
    step_4AN_genes__prokka(assembled)
}
"
"M04_mlst+abricate+prokka_lis","M04_mlst+abricate+prokka_lis","M04","Comprehensive typing+AMR+annotation pipeline for Listeria monocytogenes from paired Illumina FASTQ: trim, assemble, then run mlst, abricate, prokka in parallel on the assembly.","Y","N","file_not_found","WARN: file not found: '/mnt/data/cohesive_llm_bench_scratch/_shared_inputdir/2026/2026.LIS.122.1.1/0SQ_rawreads/DS99999-DT260224_import/result/*.fastq*'","6","9","Y","","","","step_1PP_trimming__fastp, step_2AS_denovo__spades, step_4AN_AMR__abricate, step_4AN_genes__prokka, step_4TY_MLST__mlst","step_2AS_denovo__spades, step_4TY_MLST__mlst, step_4AN_AMR__abricate, step_4AN_genes__prokka, step_1PP_trimming__fastp","step_1PP_trimming__fastp, step_2AS_denovo__spades, step_4AN_AMR__abricate, step_4AN_genes__prokka, step_4TY_MLST__mlst","1688","90","5","2","20.8","Understood! The pipeline for **Listeria monocytogenes** from paired Illumina FASTQ reads has been approved. Here is the detailed plan for the Architect Agent:

---

### **Draft Plan for Architect Agent**

#### **Pipeline Overview**
A Nextflow DSL2 pipeline for **Listeria monocytogenes** from paired ","nextflow.enable.dsl=2

// --- IMPORTS ---

include { step_4AN_AMR__abricate } from '../steps/step_4AN_AMR__abricate'

include { step_4TY_MLST__mlst } from '../steps/step_4TY_MLST__mlst'

include { getSingleInput } from '../functions/parameters.nf'

include { step_1PP_trimming__fastp } from '../steps/step_1PP_trimming__fastp'

include { step_2AS_denovo__spades } from '../steps/step_2AS_denovo__spades'

include { step_4AN_genes__prokka } from '../steps/step_4AN_genes__prokka'

include { getEmpty } from '../functions/common.nf'

// --- GLOBALS ---

def listeriaKingdom = 'Bacteria'

def listeriaSchema = 'listeria'

// --- INLINE PROCESSES ---

// --- SUB WORKFLOWS ---

workflow wf_listeria_assembly {
    
    take:
        
        trimmed
        
    
    main:
        spades_out = step_2AS_denovo__spades(trimmed)
    
    emit:
        
        assembly = spades_out.assembled
        
    
}

workflow wf_listeria_typing {
    
    take:
        
        assembly
        
    
    main:
        step_4TY_MLST__mlst(assembly)
    
}

workflow wf_listeria_amr {
    
    take:
        
        assembly
        
    
    main:
        step_4AN_AMR__abricate(assembly)
    
}

workflow wf_listeria_annotation {
    
    take:
        
        assembly
        
    
    main:
        step_4AN_genes__prokka(assembly.map { [ it[0], it[1], listeriaKingdom, '-', '-', getEmpty() ] })
    
}

// --- ENTRYPOINT ---
workflow {
    trimmed = step_1PP_trimming__fastp(getSingleInput())

    wf_listeria_assembly(trimmed)
    wf_listeria_typing(wf_listeria_assembly.assembly)
    wf_listeria_amr(wf_listeria_assembly.assembly)
    wf_listeria_annotation(wf_listeria_assembly.assembly)
}","nextflow.enable.dsl=2

include { getSingleInput; optionalOrDefault; param } from '../functions/parameters.nf'
include { step_1PP_trimming__fastp } from '../steps/step_1PP_trimming__fastp'
include { step_2AS_denovo__spades } from '../steps/step_2AS_denovo__spades'
include { step_4TY_MLST__mlst } from '../steps/step_4TY_MLST__mlst'
include { step_4AN_AMR__abricate } from '../steps/step_4AN_AMR__abricate'
include { step_4AN_genes__prokka } from '../steps/step_4AN_genes__prokka'
workflow {
    trimmed   = step_1PP_trimming__fastp(getSingleInput()).trimmed
    assembled = step_2AS_denovo__spades(trimmed).assembled
    step_4TY_MLST__mlst(assembled)
    step_4AN_AMR__abricate(assembled)
    step_4AN_genes__prokka(assembled)
}
"
"M05_mlst+flaA+staramr_cam","M05_mlst+flaA+staramr_cam","M05","Comprehensive typing+AMR+annotation pipeline for Campylobacter jejuni from paired Illumina FASTQ: trim, assemble, then run mlst, flaA, staramr in parallel on the assembly.","Y","Y","none","","10","9","N","step_4AN_genes__prokka","","","step_1PP_trimming__fastp, step_2AS_denovo__spades, step_4AN_AMR__staramr, step_4AN_genes__prokka, step_4TY_MLST__mlst, step_4TY_flaA__flaA","step_1PP_trimming__fastp, step_2AS_denovo__spades, step_4TY_MLST__mlst, step_4TY_flaA__flaA, step_4AN_AMR__staramr, step_4AN_genes__prokka","step_1PP_trimming__fastp, step_2AS_denovo__spades, step_4AN_AMR__staramr, step_4TY_MLST__mlst, step_4TY_flaA__flaA","1151","40","6","2","20.3","The pipeline has been approved and will be built as follows:

1. **Input**: Paired Illumina FASTQ files.
2. **Step 1**: Trim reads using `fastp` (`step_1PP_trimming__fastp`).
3. **Step 2**: Assemble trimmed reads using `SPAdes` (`step_2AS_denovo__spades`).
4. **Step 3**: Run the following tools in p","nextflow.enable.dsl=2

// --- IMPORTS ---

include { step_4TY_MLST__mlst } from '../steps/step_4TY_MLST__mlst'

include { getSingleInput } from '../functions/parameters.nf'

include { step_1PP_trimming__fastp } from '../steps/step_1PP_trimming__fastp'

include { step_2AS_denovo__spades } from '../steps/step_2AS_denovo__spades'

include { step_4AN_AMR__staramr } from '../steps/step_4AN_AMR__staramr'

include { step_4AN_genes__prokka } from '../steps/step_4AN_genes__prokka'

include { getEmpty } from '../functions/common.nf'

include { step_4TY_flaA__flaA } from '../steps/step_4TY_flaA__flaA'

// --- GLOBALS ---

def genusSpecies = 'Campylobacter jejuni'

// --- INLINE PROCESSES ---

// --- SUB WORKFLOWS ---

// --- ENTRYPOINT ---
workflow {
    def trimmed = step_1PP_trimming__fastp(getSingleInput())

    def assembly = step_2AS_denovo__spades(trimmed)

    // Parallel execution of typing, AMR, and annotation
    step_4TY_MLST__mlst(assembly)
    step_4TY_flaA__flaA(assembly, genusSpecies)
    step_4AN_AMR__staramr(assembly, genusSpecies)
    step_4AN_genes__prokka(assembly.map { [ it[0], it[1], 'Bacteria', '-', '-', getEmpty() ] })
}","nextflow.enable.dsl=2

include { getSingleInput; optionalOrDefault; param } from '../functions/parameters.nf'
include { step_1PP_trimming__fastp } from '../steps/step_1PP_trimming__fastp'
include { step_2AS_denovo__spades } from '../steps/step_2AS_denovo__spades'
include { step_4TY_MLST__mlst } from '../steps/step_4TY_MLST__mlst'
include { step_4TY_flaA__flaA } from '../steps/step_4TY_flaA__flaA'
include { step_4AN_AMR__staramr } from '../steps/step_4AN_AMR__staramr'
workflow {
    trimmed   = step_1PP_trimming__fastp(getSingleInput()).trimmed
    assembled = step_2AS_denovo__spades(trimmed).assembled
    step_4TY_MLST__mlst(assembled)
    step_4TY_flaA__flaA(assembled, param('genus_species'))
    step_4AN_AMR__staramr(assembled, param('genus_species'))
}
"
"M06_mlst+flaA+abricate_cam","M06_mlst+flaA+abricate_cam","M06","Comprehensive typing+AMR+annotation pipeline for Campylobacter jejuni from paired Illumina FASTQ: trim, assemble, then run mlst, flaA, abricate in parallel on the assembly.","Y","Y","none","","9","9","N","step_2AS_denovo__shovill","step_2AS_denovo__spades","","step_1PP_trimming__fastp, step_2AS_denovo__shovill, step_4AN_AMR__abricate, step_4TY_MLST__mlst, step_4TY_flaA__flaA","step_1PP_trimming__fastp, step_2AS_denovo__shovill, step_4TY_MLST__mlst, step_4TY_flaA__flaA, step_4AN_AMR__abricate","step_1PP_trimming__fastp, step_2AS_denovo__spades, step_4AN_AMR__abricate, step_4TY_MLST__mlst, step_4TY_flaA__flaA","1035","46","5","2","19.1","Understood! I will now generate the detailed pipeline plan for the **Campylylobacter jejuni** typing+AMR+annotation pipeline using the tools and steps approved by you.","nextflow.enable.dsl=2

// --- IMPORTS ---

include { step_4AN_AMR__abricate } from '../steps/step_4AN_AMR__abricate'

include { step_4TY_MLST__mlst } from '../steps/step_4TY_MLST__mlst'

include { getSingleInput } from '../functions/parameters.nf'

include { step_1PP_trimming__fastp } from '../steps/step_1PP_trimming__fastp'

include { step_2AS_denovo__shovill } from '../steps/step_2AS_denovo__shovill'

include { step_4TY_flaA__flaA } from '../steps/step_4TY_flaA__flaA'

// --- GLOBALS ---

def genusSpecies = 'Campylobacter jejuni'

// --- INLINE PROCESSES ---

// --- SUB WORKFLOWS ---

workflow wf_campylobacter_typing_amr {
    
    take:
        
        reads
        
    
    main:
        trimmed_reads = step_1PP_trimming__fastp(reads)

        assembly = step_2AS_denovo__shovill(trimmed_reads)

        step_4TY_MLST__mlst(assembly)
        step_4TY_flaA__flaA(assembly, genusSpecies)
        step_4AN_AMR__abricate(assembly)
    
}

// --- ENTRYPOINT ---
workflow {
    wf_campylobacter_typing_amr(getSingleInput())
}","nextflow.enable.dsl=2

include { getSingleInput; optionalOrDefault; param } from '../functions/parameters.nf'
include { step_1PP_trimming__fastp } from '../steps/step_1PP_trimming__fastp'
include { step_2AS_denovo__spades } from '../steps/step_2AS_denovo__spades'
include { step_4TY_MLST__mlst } from '../steps/step_4TY_MLST__mlst'
include { step_4TY_flaA__flaA } from '../steps/step_4TY_flaA__flaA'
include { step_4AN_AMR__abricate } from '../steps/step_4AN_AMR__abricate'
workflow {
    trimmed   = step_1PP_trimming__fastp(getSingleInput()).trimmed
    assembled = step_2AS_denovo__spades(trimmed).assembled
    step_4TY_MLST__mlst(assembled)
    step_4TY_flaA__flaA(assembled, param('genus_species'))
    step_4AN_AMR__abricate(assembled)
}
"
"M07_flaA+staramr+prokka_cam","M07_flaA+staramr+prokka_cam","M07","Comprehensive typing+AMR+annotation pipeline for Campylobacter jejuni from paired Illumina FASTQ: trim, assemble, then run flaA, staramr, prokka in parallel on the assembly.","Y","Y","none","","9","9","Y","","","","step_1PP_trimming__fastp, step_2AS_denovo__spades, step_4AN_AMR__staramr, step_4AN_genes__prokka, step_4TY_flaA__flaA","step_2AS_denovo__spades, step_4TY_flaA__flaA, step_4AN_AMR__staramr, step_4AN_genes__prokka, step_1PP_trimming__fastp","step_1PP_trimming__fastp, step_2AS_denovo__spades, step_4AN_AMR__staramr, step_4AN_genes__prokka, step_4TY_flaA__flaA","1362","52","5","2","17.0","The pipeline has been approved and will proceed with the following steps:

1. **Trim** paired Illumina FASTQ files using `fastp`.
2. **Assemble** the trimmed reads into contigs using `SPAdes`.
3. **Run `flaA`** for Campylobacter typing.
4. **Run `staramr`** for AMR detection.
5. **Run `prokka`** for","nextflow.enable.dsl=2

// --- IMPORTS ---

include { getSingleInput } from '../functions/parameters.nf'

include { step_1PP_trimming__fastp } from '../steps/step_1PP_trimming__fastp'

include { step_4AN_AMR__staramr } from '../steps/step_4AN_AMR__staramr'

include { step_2AS_denovo__spades } from '../steps/step_2AS_denovo__spades'

include { step_4AN_genes__prokka } from '../steps/step_4AN_genes__prokka'

include { getEmpty } from '../functions/common.nf'

include { step_4TY_flaA__flaA } from '../steps/step_4TY_flaA__flaA'

// --- GLOBALS ---

def genusSpecies = 'Campylobacter jejuni'

// --- INLINE PROCESSES ---

// --- SUB WORKFLOWS ---

workflow wf_assembly_and_typing {
    
    take:
        
        trimmed
        
    
    main:
        trimmed.multiMap {
            trimmed: it
            genus_species: genusSpecies
        }.set { trimmedAndSpecies }

        spades_out = step_2AS_denovo__spades(trimmedAndSpecies.trimmed)
        step_4TY_flaA__flaA(spades_out.assembled, trimmedAndSpecies.genus_species)
        step_4AN_AMR__staramr(spades_out.assembled, trimmedAndSpecies.genus_species)
        step_4AN_genes__prokka(spades_out.assembled.map { [ it[0], it[1], 'Bacteria', '-', '-', getEmpty() ] })
    
}

// --- ENTRYPOINT ---
workflow {
    trimmed = step_1PP_trimming__fastp(getSingleInput())

    wf_assembly_and_typing(trimmed)
}","nextflow.enable.dsl=2

include { getSingleInput; optionalOrDefault; param } from '../functions/parameters.nf'
include { step_1PP_trimming__fastp } from '../steps/step_1PP_trimming__fastp'
include { step_2AS_denovo__spades } from '../steps/step_2AS_denovo__spades'
include { step_4TY_flaA__flaA } from '../steps/step_4TY_flaA__flaA'
include { step_4AN_AMR__staramr } from '../steps/step_4AN_AMR__staramr'
include { step_4AN_genes__prokka } from '../steps/step_4AN_genes__prokka'
workflow {
    trimmed   = step_1PP_trimming__fastp(getSingleInput()).trimmed
    assembled = step_2AS_denovo__spades(trimmed).assembled
    step_4TY_flaA__flaA(assembled, param('genus_species'))
    step_4AN_AMR__staramr(assembled, param('genus_species'))
    step_4AN_genes__prokka(assembled)
}
"
"M08_mlst+staramr+prokka_cam","M08_mlst+staramr+prokka_cam","M08","Comprehensive typing+AMR+annotation pipeline for Campylobacter jejuni from paired Illumina FASTQ: trim, assemble, then run mlst, staramr, prokka in parallel on the assembly.","Y","N","file_not_found","WARN: file not found: '/mnt/data/cohesive_llm_bench_scratch/_shared_inputdir/2026/2026.CAM.126.1.1/0SQ_rawreads/DS99999-DT260224_import/result/*.fastq*'","6","9","Y","","","","step_1PP_trimming__fastp, step_2AS_denovo__spades, step_4AN_AMR__staramr, step_4AN_genes__prokka, step_4TY_MLST__mlst","step_2AS_denovo__spades, step_4TY_MLST__mlst, step_4AN_AMR__staramr, step_4AN_genes__prokka, step_1PP_trimming__fastp","step_1PP_trimming__fastp, step_2AS_denovo__spades, step_4AN_AMR__staramr, step_4AN_genes__prokka, step_4TY_MLST__mlst","1870","97","5","2","18.6","Understood! The pipeline for **Campylobacter jejuni** from paired Illumina FASTQ data has been approved. Here is the detailed plan for the Architect Agent:

---

### **Draft Plan for Architect Agent**

#### **Pipeline Overview**
A Nextflow DSL2 pipeline will be built to process paired Illumina FASTQ","nextflow.enable.dsl=2

// --- IMPORTS ---

include { step_4TY_MLST__mlst } from '../steps/step_4TY_MLST__mlst'

include { getSingleInput } from '../functions/parameters.nf'

include { step_1PP_trimming__fastp } from '../steps/step_1PP_trimming__fastp'

include { step_4AN_AMR__staramr } from '../steps/step_4AN_AMR__staramr'

include { step_2AS_denovo__spades } from '../steps/step_2AS_denovo__spades'

include { step_4AN_genes__prokka } from '../steps/step_4AN_genes__prokka'

include { getEmpty } from '../functions/common.nf'

// --- GLOBALS ---

def genusSpecies = 'Campylobacter jejuni'

// --- INLINE PROCESSES ---

// --- SUB WORKFLOWS ---

workflow wf_campylobacter_assembly {
    
    take:
        
        trimmed
        
    
    main:
        spades_out = step_2AS_denovo__spades(trimmed)
    
    emit:
        
        assembly = spades_out.assembled
        
    
}

workflow wf_campylobacter_mlst {
    
    take:
        
        assembly
        
    
    main:
        step_4TY_MLST__mlst(assembly)
    
}

workflow wf_campylobacter_amr {
    
    take:
        
        assembly
        
        genusSpecies
        
    
    main:
        step_4AN_AMR__staramr(assembly, genusSpecies)
    
}

workflow wf_campylobacter_annotation {
    
    take:
        
        assembly
        
    
    main:
        step_4AN_genes__prokka(assembly.map { [ it[0], it[1], 'Bacteria', '-', '-', getEmpty() ] })
    
}

// --- ENTRYPOINT ---
workflow {
    // Input handling
    rawreads = getSingleInput()

    // Preprocessing: Trimming
    trimmed = step_1PP_trimming__fastp(rawreads).trimmed

    // De novo Assembly
    wf_campylobacter_assembly(trimmed)

    // Parallel downstream analyses
    wf_campylobacter_mlst(spades_out.assembled)
    wf_campylobacter_amr(spades_out.assembled, genusSpecies)
    wf_campylobacter_annotation(spades_out.assembled)
}","nextflow.enable.dsl=2

include { getSingleInput; optionalOrDefault; param } from '../functions/parameters.nf'
include { step_1PP_trimming__fastp } from '../steps/step_1PP_trimming__fastp'
include { step_2AS_denovo__spades } from '../steps/step_2AS_denovo__spades'
include { step_4TY_MLST__mlst } from '../steps/step_4TY_MLST__mlst'
include { step_4AN_AMR__staramr } from '../steps/step_4AN_AMR__staramr'
include { step_4AN_genes__prokka } from '../steps/step_4AN_genes__prokka'
workflow {
    trimmed   = step_1PP_trimming__fastp(getSingleInput()).trimmed
    assembled = step_2AS_denovo__spades(trimmed).assembled
    step_4TY_MLST__mlst(assembled)
    step_4AN_AMR__staramr(assembled, param('genus_species'))
    step_4AN_genes__prokka(assembled)
}
"
"M09_chewbbaca+abricate+prokka_lis","M09_chewbbaca+abricate+prokka_lis","M09","Comprehensive typing+AMR+annotation pipeline for Listeria monocytogenes from paired Illumina FASTQ: trim, assemble, then run chewbbaca, abricate, prokka in parallel on the assembly.","Y","N","missing_param","ERROR ~ missing required param: step_3TX_species__kmerfinder__db","0","11","N","step_2AS_denovo__shovill, step_3TX_species__kmerfinder","step_2AS_denovo__spades","","step_1PP_trimming__fastp, step_2AS_denovo__shovill, step_3TX_species__kmerfinder, step_4AN_AMR__abricate, step_4AN_genes__prokka, step_4TY_cgMLST__chewbbaca","step_1PP_trimming__fastp, step_2AS_denovo__shovill, step_3TX_species__kmerfinder, step_4TY_cgMLST__chewbbaca, step_4AN_AMR__abricate, step_4AN_genes__prokka","step_1PP_trimming__fastp, step_2AS_denovo__spades, step_4AN_AMR__abricate, step_4AN_genes__prokka, step_4TY_cgMLST__chewbbaca","1410","51","6","2","23.6","Pipeline approved! The comprehensive typing+AMR+annotation pipeline for *Listeria monocytogenes* will include:

1. **Trimming**: `step_1PP_trimming__fastp` for paired Illumina FASTQ reads.
2. **Assembly**: `step_2AS_denovo__shovill` to generate a draft assembly from trimmed reads.
3. **Species Confi","nextflow.enable.dsl=2

// --- IMPORTS ---

include { step_4AN_AMR__abricate } from '../steps/step_4AN_AMR__abricate'

include { getSingleInput } from '../functions/parameters.nf'

include { step_4TY_cgMLST__chewbbaca } from '../steps/step_4TY_cgMLST__chewbbaca'

include { step_1PP_trimming__fastp } from '../steps/step_1PP_trimming__fastp'

include { step_2AS_denovo__shovill } from '../steps/step_2AS_denovo__shovill'

include { step_3TX_species__kmerfinder } from '../steps/step_3TX_species__kmerfinder'

include { step_4AN_genes__prokka } from '../steps/step_4AN_genes__prokka'

include { getEmpty } from '../functions/common.nf'

// --- GLOBALS ---

def genusSpecies = 'listeria_monocytogenes'

def cgMLSTSchema = 'l_mono_chewie_1748_220623'

// --- INLINE PROCESSES ---

// --- SUB WORKFLOWS ---

workflow wf_listeria_monocytogenes_typing {
    
    take:
        
        rawreads
        
    
    main:
        trimmed = step_1PP_trimming__fastp(rawreads).trimmed
        assembly = step_2AS_denovo__shovill(trimmed).assembly
        kmerfinder_out = step_3TX_species__kmerfinder(assembly)
        step_4TY_cgMLST__chewbbaca(assembly, genusSpecies, cgMLSTSchema)
        step_4AN_AMR__abricate(assembly)
        step_4AN_genes__prokka(assembly.map { [ it[0], it[1], 'Bacteria', '-', '-', getEmpty() ] })
    
}

// --- ENTRYPOINT ---
workflow {
    wf_listeria_monocytogenes_typing(getSingleInput())
}","nextflow.enable.dsl=2

include { getSingleInput; optionalOrDefault; param } from '../functions/parameters.nf'
include { step_1PP_trimming__fastp } from '../steps/step_1PP_trimming__fastp'
include { step_2AS_denovo__spades } from '../steps/step_2AS_denovo__spades'
include { step_4TY_cgMLST__chewbbaca } from '../steps/step_4TY_cgMLST__chewbbaca'
include { step_4AN_AMR__abricate } from '../steps/step_4AN_AMR__abricate'
include { step_4AN_genes__prokka } from '../steps/step_4AN_genes__prokka'
workflow {
    trimmed   = step_1PP_trimming__fastp(getSingleInput()).trimmed
    assembled = step_2AS_denovo__spades(trimmed).assembled
    step_4TY_cgMLST__chewbbaca(assembled, param('genus_species'), optionalOrDefault('schema', ''))
    step_4AN_AMR__abricate(assembled)
    step_4AN_genes__prokka(assembled)
}
"
"M10_chewbbaca+abricate+prokka_eco","M10_chewbbaca+abricate+prokka_eco","M10","Comprehensive typing+AMR+annotation pipeline for Escherichia coli from paired Illumina FASTQ: trim, assemble, then run chewbbaca, abricate, prokka in parallel on the assembly.","Y","Y","none","","11","11","Y","","","","step_1PP_trimming__fastp, step_2AS_denovo__spades, step_4AN_AMR__abricate, step_4AN_genes__prokka, step_4TY_cgMLST__chewbbaca","step_1PP_trimming__fastp, step_2AS_denovo__spades, step_4TY_cgMLST__chewbbaca, step_4AN_AMR__abricate, step_4AN_genes__prokka","step_1PP_trimming__fastp, step_2AS_denovo__spades, step_4AN_AMR__abricate, step_4AN_genes__prokka, step_4TY_cgMLST__chewbbaca","1589","58","5","2","29.6","The pipeline has been approved and will proceed with the following steps:

1. **Input**: Paired Illumina FASTQ reads.
2. **Step 1**: Trim reads using `fastp`.
3. **Step 2**: Assemble trimmed reads using `SPAdes`.
4. **Step 3**: Run `chewbbaca` (cgMLST typing), `abricate` (AMR gene detection), and `p","nextflow.enable.dsl=2

// --- IMPORTS ---

include { step_4AN_AMR__abricate } from '../steps/step_4AN_AMR__abricate'

include { getSingleInput } from '../functions/parameters.nf'

include { step_4TY_cgMLST__chewbbaca } from '../steps/step_4TY_cgMLST__chewbbaca'

include { step_1PP_trimming__fastp } from '../steps/step_1PP_trimming__fastp'

include { step_2AS_denovo__spades } from '../steps/step_2AS_denovo__spades'

include { step_4AN_genes__prokka } from '../steps/step_4AN_genes__prokka'

include { getEmpty } from '../functions/common.nf'

// --- GLOBALS ---

def escherichiaColiSchema = 'e_coli_chewie_2360_210531'

def escherichiaColiGenusSpecies = 'escherichia_coli'

// --- INLINE PROCESSES ---

// --- SUB WORKFLOWS ---

workflow wf_ecoli_typing_amr_annotation {
    
    take:
        
        raw_reads
        
    
    main:
        trimmed = step_1PP_trimming__fastp(raw_reads)

        assembly = step_2AS_denovo__spades(trimmed)

        // Prepare inputs for parallel tools
        assembly.multiMap {
            assembly: it
            genus_species: escherichiaColiGenusSpecies
            schema: escherichiaColiSchema
        }.set { assemblyAndMetadata }

        // Parallel processing of assembly
        step_4TY_cgMLST__chewbbaca(assemblyAndMetadata.assembly, assemblyAndMetadata.genus_species, assemblyAndMetadata.schema)
        step_4AN_AMR__abricate(assembly)
        step_4AN_genes__prokka(assembly.map { [ it[0], it[1], 'Bacteria', '-', '-', getEmpty() ] })
    
}

// --- ENTRYPOINT ---
workflow {
    wf_ecoli_typing_amr_annotation(getSingleInput())
}","nextflow.enable.dsl=2

include { getSingleInput; optionalOrDefault; param } from '../functions/parameters.nf'
include { step_1PP_trimming__fastp } from '../steps/step_1PP_trimming__fastp'
include { step_2AS_denovo__spades } from '../steps/step_2AS_denovo__spades'
include { step_4TY_cgMLST__chewbbaca } from '../steps/step_4TY_cgMLST__chewbbaca'
include { step_4AN_AMR__abricate } from '../steps/step_4AN_AMR__abricate'
include { step_4AN_genes__prokka } from '../steps/step_4AN_genes__prokka'
workflow {
    trimmed   = step_1PP_trimming__fastp(getSingleInput()).trimmed
    assembled = step_2AS_denovo__spades(trimmed).assembled
    step_4TY_cgMLST__chewbbaca(assembled, param('genus_species'), optionalOrDefault('schema', ''))
    step_4AN_AMR__abricate(assembled)
    step_4AN_genes__prokka(assembled)
}
"
"N01_canonical_mlst_lis","N01_canonical_mlst_lis","N01","Canonical bacterial typing pipeline (fastp + SPAdes + mlst) on paired Illumina FASTQ of Listeria monocytogenes.","Y","Y","none","","7","7","Y","","","","step_1PP_trimming__fastp, step_2AS_denovo__spades, step_4TY_MLST__mlst","step_1PP_trimming__fastp, step_2AS_denovo__spades, step_4TY_MLST__mlst","step_1PP_trimming__fastp, step_2AS_denovo__spades, step_4TY_MLST__mlst","1011","44","3","2","20.4","Pipeline approved! I will now generate the detailed plan for the canonical bacterial typing pipeline for *Listeria monocytogenes* using paired Illumina FASTQ data.","nextflow.enable.dsl=2

// --- IMPORTS ---

include { step_2AS_denovo__spades } from '../steps/step_2AS_denovo__spades'

include { getSingleInput } from '../functions/parameters.nf'

include { step_1PP_trimming__fastp } from '../steps/step_1PP_trimming__fastp'

include { step_4TY_MLST__mlst } from '../steps/step_4TY_MLST__mlst'

// --- GLOBALS ---

def step_1PP_trimming__fastp_riscd = '230401-020223040100512127-1PP_trimming-fastp'

def step_2AS_denovo__spades_riscd = '230401-020223040100512127-2AS_denovo-spades'

def step_4TY_MLST__mlst_riscd = '230401-020223040100512127-4TY_MLST-mlst'

// --- INLINE PROCESSES ---

// --- SUB WORKFLOWS ---

workflow wf_listeria_monocytogenes_typing {
    
    take:
        
        raw_reads
        
    
    main:
        trimmed = step_1PP_trimming__fastp(raw_reads)

        assembly = step_2AS_denovo__spades(trimmed)

        step_4TY_MLST__mlst(assembly.assembled)
    
}

// --- ENTRYPOINT ---
workflow {
    wf_listeria_monocytogenes_typing(getSingleInput())
}","nextflow.enable.dsl=2

include { getSingleInput; optionalOrDefault; param } from '../functions/parameters.nf'
include { step_1PP_trimming__fastp } from '../steps/step_1PP_trimming__fastp'
include { step_2AS_denovo__spades } from '../steps/step_2AS_denovo__spades'
include { step_4TY_MLST__mlst } from '../steps/step_4TY_MLST__mlst'
workflow {
    trimmed   = step_1PP_trimming__fastp(getSingleInput()).trimmed
    assembled = step_2AS_denovo__spades(trimmed).assembled
    step_4TY_MLST__mlst(assembled)
}
"
"N02_canonical_mlst_eco","N02_canonical_mlst_eco","N02","Canonical bacterial typing pipeline (fastp + SPAdes + mlst) on paired Illumina FASTQ of Escherichia coli.","Y","Y","none","","7","7","Y","","","","step_1PP_trimming__fastp, step_2AS_denovo__spades, step_4TY_MLST__mlst","step_1PP_trimming__fastp, step_2AS_denovo__spades, step_4TY_MLST__mlst","step_1PP_trimming__fastp, step_2AS_denovo__spades, step_4TY_MLST__mlst","695","29","3","2","16.4","Pipeline approved. The canonical bacterial typing pipeline for *Escherichia coli* will include:

1. **Preprocessing**: `fastp` (`step_1PP_trimming__fastp`) for trimming adapters and low-quality bases from paired Illumina FASTQ reads.
2. **Assembly**: `SPAdes` (`step_2AS_denovo__spades`) for de novo ","nextflow.enable.dsl=2

// --- IMPORTS ---

include { step_2AS_denovo__spades } from '../steps/step_2AS_denovo__spades'

include { getSingleInput } from '../functions/parameters.nf'

include { step_1PP_trimming__fastp } from '../steps/step_1PP_trimming__fastp'

include { step_4TY_MLST__mlst } from '../steps/step_4TY_MLST__mlst'

// --- GLOBALS ---

def escherichiaColiSchema = 'escherichia_coli'

def spadesKmers = '21,33,55,77'

// --- INLINE PROCESSES ---

// --- SUB WORKFLOWS ---

// --- ENTRYPOINT ---
workflow {
    reads = getSingleInput()
    trimmed = step_1PP_trimming__fastp(reads).trimmed
    assembly = step_2AS_denovo__spades(trimmed).assembled
    step_4TY_MLST__mlst(assembly)
}","nextflow.enable.dsl=2

include { getSingleInput; optionalOrDefault; param } from '../functions/parameters.nf'
include { step_1PP_trimming__fastp } from '../steps/step_1PP_trimming__fastp'
include { step_2AS_denovo__spades } from '../steps/step_2AS_denovo__spades'
include { step_4TY_MLST__mlst } from '../steps/step_4TY_MLST__mlst'
workflow {
    trimmed   = step_1PP_trimming__fastp(getSingleInput()).trimmed
    assembled = step_2AS_denovo__spades(trimmed).assembled
    step_4TY_MLST__mlst(assembled)
}
"
"N03_canonical_mlst_sal","N03_canonical_mlst_sal","N03","Canonical bacterial typing pipeline (fastp + SPAdes + mlst) on paired Illumina FASTQ of Salmonella enterica.","Y","Y","none","","7","7","Y","","","","step_1PP_trimming__fastp, step_2AS_denovo__spades, step_4TY_MLST__mlst","step_1PP_trimming__fastp, step_2AS_denovo__spades, step_4TY_MLST__mlst","step_1PP_trimming__fastp, step_2AS_denovo__spades, step_4TY_MLST__mlst","660","28","3","2","14.2","Pipeline approved. The canonical bacterial typing pipeline for **Salmonella enterica** will include the following steps:

1. **Preprocessing**: Trim raw reads using `fastp` (`step_1PP_trimming__fastp`).
2. **Assembly**: Assemble trimmed reads using `SPAdes` (`step_2AS_denovo__spades`).
3. **Typing**","nextflow.enable.dsl=2

// --- IMPORTS ---

include { getSingleInput } from '../functions/parameters.nf'

include { step_1PP_trimming__fastp } from '../steps/step_1PP_trimming__fastp'

include { step_2AS_denovo__spades } from '../steps/step_2AS_denovo__spades'

include { step_4TY_MLST__mlst } from '../steps/step_4TY_MLST__mlst'

// --- GLOBALS ---

def mlstExcludedSchemas = 'Campylobacter jejuni,Helicobacter pylori'

// --- INLINE PROCESSES ---

// --- SUB WORKFLOWS ---

// --- ENTRYPOINT ---
workflow {
    trimmed = step_1PP_trimming__fastp(getSingleInput())

    assembly = step_2AS_denovo__spades(trimmed)

    step_4TY_MLST__mlst(assembly.assembled)
}","nextflow.enable.dsl=2

include { getSingleInput; optionalOrDefault; param } from '../functions/parameters.nf'
include { step_1PP_trimming__fastp } from '../steps/step_1PP_trimming__fastp'
include { step_2AS_denovo__spades } from '../steps/step_2AS_denovo__spades'
include { step_4TY_MLST__mlst } from '../steps/step_4TY_MLST__mlst'
workflow {
    trimmed   = step_1PP_trimming__fastp(getSingleInput()).trimmed
    assembled = step_2AS_denovo__spades(trimmed).assembled
    step_4TY_MLST__mlst(assembled)
}
"
"N04_canonical_mlst_cam","N04_canonical_mlst_cam","N04","Canonical bacterial typing pipeline (fastp + SPAdes + mlst) on paired Illumina FASTQ of Campylobacter jejuni.","Y","Y","none","","7","7","Y","","","","step_1PP_trimming__fastp, step_2AS_denovo__spades, step_4TY_MLST__mlst","step_1PP_trimming__fastp, step_2AS_denovo__spades, step_4TY_MLST__mlst","step_1PP_trimming__fastp, step_2AS_denovo__spades, step_4TY_MLST__mlst","668","27","3","2","14.3","Pipeline approved. The canonical bacterial typing pipeline for Campylobacter jejuni will be built as follows:

1. **Preprocessing**: Trim paired Illumina FASTQ reads using `step_1PP_trimming__fastp`.
2. **Assembly**: Assemble the trimmed reads into contigs using `step_2AS_denovo__spades`.
3. **Typin","nextflow.enable.dsl=2

// --- IMPORTS ---

include { step_2AS_denovo__spades } from '../steps/step_2AS_denovo__spades'

include { getSingleInput } from '../functions/parameters.nf'

include { step_1PP_trimming__fastp } from '../steps/step_1PP_trimming__fastp'

include { step_4TY_MLST__mlst } from '../steps/step_4TY_MLST__mlst'

// --- GLOBALS ---

def mlstExcludedSchemas = 'campylobacter:abaI'

// --- INLINE PROCESSES ---

// --- SUB WORKFLOWS ---

// --- ENTRYPOINT ---
workflow {
    rawreads = getSingleInput()
    trimmed = step_1PP_trimming__fastp(rawreads).trimmed
    assembly = step_2AS_denovo__spades(trimmed).assembled
    step_4TY_MLST__mlst(assembly)
}","nextflow.enable.dsl=2

include { getSingleInput; optionalOrDefault; param } from '../functions/parameters.nf'
include { step_1PP_trimming__fastp } from '../steps/step_1PP_trimming__fastp'
include { step_2AS_denovo__spades } from '../steps/step_2AS_denovo__spades'
include { step_4TY_MLST__mlst } from '../steps/step_4TY_MLST__mlst'
workflow {
    trimmed   = step_1PP_trimming__fastp(getSingleInput()).trimmed
    assembled = step_2AS_denovo__spades(trimmed).assembled
    step_4TY_MLST__mlst(assembled)
}
"
"N05_canonical_cgmlst_lis","N05_canonical_cgmlst_lis","N05","Standard cgMLST pipeline (fastp + SPAdes + chewbbaca) on paired Illumina FASTQ of Listeria monocytogenes.","Y","Y","none","","9","9","Y","","","","step_1PP_trimming__fastp, step_2AS_denovo__spades, step_4TY_cgMLST__chewbbaca","step_1PP_trimming__fastp, step_2AS_denovo__spades, step_4TY_cgMLST__chewbbaca","step_1PP_trimming__fastp, step_2AS_denovo__spades, step_4TY_cgMLST__chewbbaca","1069","48","3","2","17.8","Pipeline approved. The Nextflow DSL2 pipeline for **cgMLST analysis of *Listeria monocytogenes*** using paired Illumina FASTQ data will be built with the following steps:

1. **Preprocessing**: Trimming with `fastp` (`step_1PP_trimming__fastp`).
2. **Assembly**: De novo assembly with `SPAdes` (`step","nextflow.enable.dsl=2

// --- IMPORTS ---

include { step_2AS_denovo__spades } from '../steps/step_2AS_denovo__spades'

include { getSingleInput } from '../functions/parameters.nf'

include { step_1PP_trimming__fastp } from '../steps/step_1PP_trimming__fastp'

include { step_4TY_cgMLST__chewbbaca } from '../steps/step_4TY_cgMLST__chewbbaca'

// --- GLOBALS ---

def species = 'Listeria monocytogenes'

def cgmlst_schema = params.cgmlst_schema ?: 'lmonocytogenes'

// --- INLINE PROCESSES ---

// --- SUB WORKFLOWS ---

workflow wf_listeria_cgmlst {
    
    take:
        
        raw_reads
        
    
    main:
        trimmed = step_1PP_trimming__fastp(raw_reads)

        assembly = step_2AS_denovo__spades(trimmed)

        assembly.multiMap {
            assembly: it
            species: species
            schema: cgmlst_schema
        }.set { assemblyAndMeta }

        step_4TY_cgMLST__chewbbaca(assemblyAndMeta.assembly, assemblyAndMeta.species, assemblyAndMeta.schema)
    
}

// --- ENTRYPOINT ---
workflow {
    wf_listeria_cgmlst(getSingleInput())
}","nextflow.enable.dsl=2

include { getSingleInput; optionalOrDefault; param } from '../functions/parameters.nf'
include { step_1PP_trimming__fastp } from '../steps/step_1PP_trimming__fastp'
include { step_2AS_denovo__spades } from '../steps/step_2AS_denovo__spades'
include { step_4TY_cgMLST__chewbbaca } from '../steps/step_4TY_cgMLST__chewbbaca'
workflow {
    trimmed   = step_1PP_trimming__fastp(getSingleInput()).trimmed
    assembled = step_2AS_denovo__spades(trimmed).assembled
    step_4TY_cgMLST__chewbbaca(assembled, param('genus_species'), optionalOrDefault('schema', ''))
}
"
"N06_canonical_cgmlst_eco","N06_canonical_cgmlst_eco","N06","Standard cgMLST pipeline (fastp + SPAdes + chewbbaca) on paired Illumina FASTQ of Escherichia coli.","Y","Y","none","","9","9","Y","","","","step_1PP_trimming__fastp, step_2AS_denovo__spades, step_4TY_cgMLST__chewbbaca","step_1PP_trimming__fastp, step_2AS_denovo__spades, step_4TY_cgMLST__chewbbaca","step_1PP_trimming__fastp, step_2AS_denovo__spades, step_4TY_cgMLST__chewbbaca","850","40","3","2","17.2","Pipeline approved. Proceeding with the detailed design for the standard cgMLST pipeline for *Escherichia coli* using paired Illumina FASTQ reads.","nextflow.enable.dsl=2

// --- IMPORTS ---

include { step_2AS_denovo__spades } from '../steps/step_2AS_denovo__spades'

include { getSingleInput } from '../functions/parameters.nf'

include { step_1PP_trimming__fastp } from '../steps/step_1PP_trimming__fastp'

include { step_4TY_cgMLST__chewbbaca } from '../steps/step_4TY_cgMLST__chewbbaca'

// --- GLOBALS ---

def genusSpecies = 'escherichia_coli'

def schema = 'e_coli_chewie_2360_210531'

// --- INLINE PROCESSES ---

// --- SUB WORKFLOWS ---

workflow wf_cgmlst_ecoli {
    
    take:
        
        reads
        
    
    main:
        trimmed = step_1PP_trimming__fastp(reads)
        assembled = step_2AS_denovo__spades(trimmed)
        step_4TY_cgMLST__chewbbaca(assembled.assembled, genusSpecies, schema)
    
}

// --- ENTRYPOINT ---
workflow {
    wf_cgmlst_ecoli(getSingleInput())
}","nextflow.enable.dsl=2

include { getSingleInput; optionalOrDefault; param } from '../functions/parameters.nf'
include { step_1PP_trimming__fastp } from '../steps/step_1PP_trimming__fastp'
include { step_2AS_denovo__spades } from '../steps/step_2AS_denovo__spades'
include { step_4TY_cgMLST__chewbbaca } from '../steps/step_4TY_cgMLST__chewbbaca'
workflow {
    trimmed   = step_1PP_trimming__fastp(getSingleInput()).trimmed
    assembled = step_2AS_denovo__spades(trimmed).assembled
    step_4TY_cgMLST__chewbbaca(assembled, param('genus_species'), optionalOrDefault('schema', ''))
}
"
"N07_canonical_cgmlst_sal","N07_canonical_cgmlst_sal","N07","Standard cgMLST pipeline (fastp + SPAdes + chewbbaca) on paired Illumina FASTQ of Salmonella enterica.","Y","Y","none","","9","9","Y","","","","step_1PP_trimming__fastp, step_2AS_denovo__spades, step_4TY_cgMLST__chewbbaca","step_1PP_trimming__fastp, step_2AS_denovo__spades, step_4TY_cgMLST__chewbbaca","step_1PP_trimming__fastp, step_2AS_denovo__spades, step_4TY_cgMLST__chewbbaca","753","29","3","2","12.5","Pipeline approved. Proceeding with the standard cgMLST pipeline for *Salmonella enterica* using paired Illumina FASTQ reads.","nextflow.enable.dsl=2

// --- IMPORTS ---

include { step_2AS_denovo__spades } from '../steps/step_2AS_denovo__spades'

include { getSingleInput } from '../functions/parameters.nf'

include { step_1PP_trimming__fastp } from '../steps/step_1PP_trimming__fastp'

include { step_4TY_cgMLST__chewbbaca } from '../steps/step_4TY_cgMLST__chewbbaca'

// --- GLOBALS ---

def genusSpecies = 'Salmonella_enterica'

def schemaName = 's_enterica_chewie_3255_210531'

// --- INLINE PROCESSES ---

// --- SUB WORKFLOWS ---

// --- ENTRYPOINT ---
workflow {
    reads = getSingleInput()
    trimmed = step_1PP_trimming__fastp(reads).trimmed
    assembly = step_2AS_denovo__spades(trimmed).assembled
    step_4TY_cgMLST__chewbbaca(assembly, genusSpecies, schemaName)
}","nextflow.enable.dsl=2

include { getSingleInput; optionalOrDefault; param } from '../functions/parameters.nf'
include { step_1PP_trimming__fastp } from '../steps/step_1PP_trimming__fastp'
include { step_2AS_denovo__spades } from '../steps/step_2AS_denovo__spades'
include { step_4TY_cgMLST__chewbbaca } from '../steps/step_4TY_cgMLST__chewbbaca'
workflow {
    trimmed   = step_1PP_trimming__fastp(getSingleInput()).trimmed
    assembled = step_2AS_denovo__spades(trimmed).assembled
    step_4TY_cgMLST__chewbbaca(assembled, param('genus_species'), optionalOrDefault('schema', ''))
}
"
"NA01_mlst_cam_assembly","NA01_mlst_cam_assembly","NA01","Run mlst on a pre-existing Campylobacter jejuni assembly.","Y","Y","none","","1","1","Y","","","","step_4TY_MLST__mlst","step_4TY_MLST__mlst","step_4TY_MLST__mlst","395","21","1","2","7.9","Understood! I will proceed with running MLST on your pre-existing Campylobacter jejuni assembly using the `step_4TY_MLST__mlst` component.","nextflow.enable.dsl=2

// --- IMPORTS ---

include { step_4TY_MLST__mlst } from '../steps/step_4TY_MLST__mlst'

include { getSingleInput } from '../functions/parameters.nf'

// --- GLOBALS ---

def campyMlstSchema = ""campylobacter jejuni""

// --- INLINE PROCESSES ---

// --- SUB WORKFLOWS ---

// --- ENTRYPOINT ---
workflow {
    assembly = getSingleInput()
    step_4TY_MLST__mlst(assembly)
}","nextflow.enable.dsl=2

include { getInput; optionalOrDefault; param } from '../functions/parameters.nf'
include { step_4TY_MLST__mlst } from '../steps/step_4TY_MLST__mlst'
workflow {
    step_4TY_MLST__mlst(getInput())
}
"
"NA02_mlst_sal_assembly","NA02_mlst_sal_assembly","NA02","Run mlst on a pre-existing Salmonella enterica assembly.","Y","Y","none","","1","1","Y","","","","step_4TY_MLST__mlst","step_4TY_MLST__mlst","step_4TY_MLST__mlst","398","21","1","2","10.0","Understood! I will proceed with running MLST on your pre-existing Salmonella enterica assembly using the `step_4TY_MLST__mlst` component.","nextflow.enable.dsl=2

// --- IMPORTS ---

include { step_4TY_MLST__mlst } from '../steps/step_4TY_MLST__mlst'

include { getSingleInput } from '../functions/parameters.nf'

// --- GLOBALS ---

def mlstExcludedSchemas = 'ecoli,campylobacter'

// --- INLINE PROCESSES ---

// --- SUB WORKFLOWS ---

// --- ENTRYPOINT ---
workflow {
    assembly = getSingleInput()
    step_4TY_MLST__mlst(assembly)
}","nextflow.enable.dsl=2

include { getInput; optionalOrDefault; param } from '../functions/parameters.nf'
include { step_4TY_MLST__mlst } from '../steps/step_4TY_MLST__mlst'
workflow {
    step_4TY_MLST__mlst(getInput())
}
"
"NA03_abricate_lis_assembly","NA03_abricate_lis_assembly","NA03","Run abricate on a pre-existing Listeria monocytogenes assembly.","Y","N","missing_param","ERROR ~ missing required param: step_3TX_species__kmerfinder__db","0","1","N","step_2AS_mapping__bowtie, step_3TX_species__kmerfinder, step_4AN_AMR__staramr, step_4AN_genes__prokka, step_4TY_MLST__mlst, step_4TY_cgMLST__chewbbaca, step_4TY_flaA__flaA","","","step_2AS_mapping__bowtie, step_3TX_species__kmerfinder, step_4AN_AMR__abricate, step_4AN_AMR__staramr, step_4AN_genes__prokka, step_4TY_MLST__mlst, step_4TY_cgMLST__chewbbaca, step_4TY_flaA__flaA","step_3TX_species__kmerfinder, step_2AS_mapping__bowtie, step_4AN_AMR__abricate, step_4AN_genes__prokka, step_4AN_AMR__staramr, step_4TY_MLST__mlst, step_4TY_flaA__flaA, step_4TY_cgMLST__chewbbaca","step_4AN_AMR__abricate","2361","79","8","2","22.5","Understood! The pipeline will use the `module_typing_bacteria` template, which includes Abricate for AMR gene detection on your Listeria monocytogenes assembly. The detailed plan is being prepared for the Architect Agent.","nextflow.enable.dsl=2

// --- IMPORTS ---

include { step_4AN_AMR__abricate } from '../steps/step_4AN_AMR__abricate'

include { step_4TY_MLST__mlst } from '../steps/step_4TY_MLST__mlst'

include { extractKey; getEmpty } from '../functions/common.nf'

include { getAssembly; getTrimmedReads } from '../functions/parameters.nf'

include { step_4TY_cgMLST__chewbbaca } from '../steps/step_4TY_cgMLST__chewbbaca'

include { step_2AS_mapping__bowtie } from '../steps/step_2AS_mapping__bowtie'

include { step_4AN_AMR__staramr } from '../steps/step_4AN_AMR__staramr'

include { step_3TX_species__kmerfinder } from '../steps/step_3TX_species__kmerfinder'

include { step_4AN_genes__prokka } from '../steps/step_4AN_genes__prokka'

include { step_4TY_flaA__flaA } from '../steps/step_4TY_flaA__flaA'

// --- GLOBALS ---

def genusSpecies = 'Listeria monocytogenes'

// --- INLINE PROCESSES ---

// --- SUB WORKFLOWS ---

workflow module_typing_bacteria {
    
    take:
        
        trimmed
        
        assembly
        
    
    main:
        assigned_species = step_3TX_species__kmerfinder(assembly).assigned_species

        if (!params.skip_bestref_mapping) {
          trimmed.cross(assigned_species) { extractKey(it) }.multiMap { 
            trimmed: it[0]
            species: it[1][1]
            referencePath: it[1][2]
          }.set { trimAndAndSpecies }
          step_2AS_mapping__bowtie(trimAndAndSpecies.trimmed, trimAndAndSpecies.referencePath)
        }

        step_4AN_AMR__abricate(assembly)

        step_4AN_genes__prokka(assembly.map{ [ it[0], it[1], 'Bacteria', '-', '-', getEmpty() ] })

        assembly.cross(assigned_species) { extractKey(it) }.multiMap { 
          assembly: it[0]
          species: it[1][1]
        }.set { assemblyAndSpecies }

        step_4AN_AMR__staramr(assemblyAndSpecies.assembly, assemblyAndSpecies.species)
        step_4TY_MLST__mlst(assemblyAndSpecies.assembly)
        step_4TY_flaA__flaA(assemblyAndSpecies.assembly, assemblyAndSpecies.species)
        step_4TY_cgMLST__chewbbaca(assemblyAndSpecies.assembly, assemblyAndSpecies.species, schemaPath)
    
    emit:
        
        genus_species = assigned_species
        
    
}

// --- ENTRYPOINT ---
workflow {
    schemaPath = params.schema ? file(params.schema) : getEmpty()
    module_typing_bacteria(getTrimmedReads(true), getAssembly())
}","nextflow.enable.dsl=2

include { getInput; optionalOrDefault; param } from '../functions/parameters.nf'
include { step_4AN_AMR__abricate } from '../steps/step_4AN_AMR__abricate'
workflow {
    step_4AN_AMR__abricate(getInput())
}
"
"NA04_abricate_sal_assembly","NA04_abricate_sal_assembly","NA04","Run abricate on a pre-existing Salmonella enterica assembly.","Y","Y","none","","1","1","Y","","","","step_4AN_AMR__abricate","step_4AN_AMR__abricate","step_4AN_AMR__abricate","383","21","1","2","10.0","Approved! The pipeline will use Abricate (`step_4AN_AMR__abricate`) to annotate antimicrobial resistance genes in your pre-existing *Salmonella enterica* assembly.","nextflow.enable.dsl=2

// --- IMPORTS ---

include { step_4AN_AMR__abricate } from '../steps/step_4AN_AMR__abricate'

include { getSingleInput } from '../functions/parameters.nf'

// --- GLOBALS ---

def abricateDb = 'vfdb'

// --- INLINE PROCESSES ---

// --- SUB WORKFLOWS ---

// --- ENTRYPOINT ---
workflow {
    assembly = getSingleInput()
    step_4AN_AMR__abricate(assembly)
}","nextflow.enable.dsl=2

include { getInput; optionalOrDefault; param } from '../functions/parameters.nf'
include { step_4AN_AMR__abricate } from '../steps/step_4AN_AMR__abricate'
workflow {
    step_4AN_AMR__abricate(getInput())
}
"
"NA05_abricate_cam_assembly","NA05_abricate_cam_assembly","NA05","Run abricate on a pre-existing Campylobacter jejuni assembly.","Y","Y","none","","1","1","Y","","","","step_4AN_AMR__abricate","step_4AN_AMR__abricate","step_4AN_AMR__abricate","383","21","1","2","8.9","Approved! The pipeline will run Abricate (`step_4AN_AMR__abricate`) on your pre-existing *Campylobacter jejuni* assembly to identify antimicrobial resistance genes.","nextflow.enable.dsl=2

// --- IMPORTS ---

include { step_4AN_AMR__abricate } from '../steps/step_4AN_AMR__abricate'

include { getSingleInput } from '../functions/parameters.nf'

// --- GLOBALS ---

def abricateDb = 'vfdb'

// --- INLINE PROCESSES ---

// --- SUB WORKFLOWS ---

// --- ENTRYPOINT ---
workflow {
    assembly = getSingleInput()
    step_4AN_AMR__abricate(assembly)
}","nextflow.enable.dsl=2

include { getInput; optionalOrDefault; param } from '../functions/parameters.nf'
include { step_4AN_AMR__abricate } from '../steps/step_4AN_AMR__abricate'
workflow {
    step_4AN_AMR__abricate(getInput())
}
"
"NA06_prokka_sal_assembly","NA06_prokka_sal_assembly","NA06","Run prokka on a pre-existing Salmonella enterica assembly.","Y","Y","none","","1","1","Y","","","","step_4AN_genes__prokka","step_4AN_genes__prokka","step_4AN_genes__prokka","544","24","1","2","11.1","Understood! I will proceed with running Prokka on your pre-existing *Salmonella enterica* assembly using the `step_4AN_genes__prokka` component.","nextflow.enable.dsl=2

// --- IMPORTS ---

include { getEmpty } from '../functions/common.nf'

include { getSingleInput } from '../functions/parameters.nf'

include { step_4AN_genes__prokka } from '../steps/step_4AN_genes__prokka'

// --- GLOBALS ---

def kingdomSalmonella = 'Bacteria'

// --- INLINE PROCESSES ---

// --- SUB WORKFLOWS ---

// --- ENTRYPOINT ---
workflow {
    assembly = getSingleInput()
    prokka_input = assembly.map { [ it[0], it[1], kingdomSalmonella, '-', '-', getEmpty() ] }
    step_4AN_genes__prokka(prokka_input)
}","nextflow.enable.dsl=2

include { getInput; optionalOrDefault; param } from '../functions/parameters.nf'
include { step_4AN_genes__prokka } from '../steps/step_4AN_genes__prokka'
workflow {
    step_4AN_genes__prokka(getInput())
}
"
"NA07_prokka_cam_assembly","NA07_prokka_cam_assembly","NA07","Run prokka on a pre-existing Campylobacter jejuni assembly.","Y","Y","none","","1","1","Y","","","","step_4AN_genes__prokka","step_4AN_genes__prokka","step_4AN_genes__prokka","861","32","1","2","9.3","Understood! I will proceed with running Prokka on your pre-existing Campylobacter jejuni assembly.","nextflow.enable.dsl=2

// --- IMPORTS ---

include { getEmpty } from '../functions/common.nf'

include { getSingleInput } from '../functions/parameters.nf'

include { step_4AN_genes__prokka } from '../steps/step_4AN_genes__prokka'

// --- GLOBALS ---

def kingdomCampylobacter = 'Bacteria'

def prokkaKingdom = 'Campylobacter'

// --- INLINE PROCESSES ---

// --- SUB WORKFLOWS ---

// --- ENTRYPOINT ---
workflow {
    // Provide the pre-existing Campylobacter jejuni assembly as input to Prokka
    assembly = getSingleInput()

    // Prepare input for Prokka: [riscd, assembly, kingdom, riscd_ref, refid, refpath]
    // Since no reference is provided, use empty values for refid and refpath
    prokka_input = assembly.map { [ it[0], it[1], prokkaKingdom, '-', '-', getEmpty() ] }

    // Execute Prokka annotation
    step_4AN_genes__prokka(prokka_input)
}","nextflow.enable.dsl=2

include { getInput; optionalOrDefault; param } from '../functions/parameters.nf'
include { step_4AN_genes__prokka } from '../steps/step_4AN_genes__prokka'
workflow {
    step_4AN_genes__prokka(getInput())
}
"
"NA08_prokka_eco_assembly","NA08_prokka_eco_assembly","NA08","Run prokka on a pre-existing Escherichia coli assembly.","Y","N","file_not_found","WARN: file not found: '/mnt/data/cohesive_llm_bench_scratch/_shared_inputdir/2026/2026.ECO.122.1.1/2AS_import/DS99999-DT260224_external/result/*.fasta'","0","1","Y","","","","step_4AN_genes__prokka","step_4AN_genes__prokka","step_4AN_genes__prokka","708","30","1","2","12.1","Understood! I will proceed with running Prokka on your pre-existing *Escherichia coli* assembly as a standalone step. If you later want to integrate this into a larger pipeline (e.g., adding AMR annotation or species confirmation), let me know!","nextflow.enable.dsl=2

// --- IMPORTS ---

include { getInput } from '../functions/parameters.nf'

include { step_4AN_genes__prokka } from '../steps/step_4AN_genes__prokka'

include { getEmpty } from '../functions/common.nf'

// --- GLOBALS ---

def kingdom = 'Bacteria'

// --- INLINE PROCESSES ---

// --- SUB WORKFLOWS ---

// --- ENTRYPOINT ---
workflow {
    getInput()
        .multiMap {
            assembly: it
            kingdom: kingdom
            reference: [ '-', '-', getEmpty() ]
        }
        .set { prokkaInput }

    step_4AN_genes__prokka(prokkaInput.assembly, prokkaInput.assembly, prokkaInput.kingdom, prokkaInput.reference[0], prokkaInput.reference[1], prokkaInput.reference[2])
}","nextflow.enable.dsl=2

include { getInput; optionalOrDefault; param } from '../functions/parameters.nf'
include { step_4AN_genes__prokka } from '../steps/step_4AN_genes__prokka'
workflow {
    step_4AN_genes__prokka(getInput())
}
"
"O01_spades_lis","O01_spades_lis","O01","De novo assembly with spades from paired Illumina FASTQ of Listeria monocytogenes.","Y","N","missing_param","ERROR ~ missing required param: hosts_dir","0","3","N","step_1PP_hostdepl__bowtie","","","step_1PP_hostdepl__bowtie, step_2AS_denovo__spades","step_1PP_hostdepl__bowtie, step_2AS_denovo__spades","step_2AS_denovo__spades","1382","64","2","2","11.9","Understood! I will proceed with the **`module_denovo`** pipeline for de novo assembly of *Listeria monocytogenes* using paired Illumina FASTQ reads. This includes host depletion with Bowtie and assembly with SPAdes.","nextflow.enable.dsl=2

// --- IMPORTS ---

include { step_2AS_denovo__spades } from '../steps/step_2AS_denovo__spades'

include { extractKey } from '../functions/common.nf'

include { getSingleInput } from '../functions/parameters.nf'

include { step_1PP_hostdepl__bowtie } from '../steps/step_1PP_hostdepl__bowtie'

// --- GLOBALS ---

def hostRiscd = '220308-020220308005121273-1PP_hostdepl-bowtie'

def hostCode = 'GRCh38'

def hostPath = ""${params.assets_dir}/module_denovo/GRCh38.fasta""

// --- INLINE PROCESSES ---

// --- SUB WORKFLOWS ---

workflow module_denovo {
    
    take:
        
        trimmedReads
        
        host
        
    
    main:
        trimmedReads.cross(host) { extractKey(it) }
            .map { [ it[0][0], it[0][1], it[1][1] ] } //riscd, reads, host
            .branch {
                with_host: it[1][1]
                without_host: true
            }
        .set { branchedTrimmed }

        depleted = step_1PP_hostdepl__bowtie(branchedTrimmed.with_host)

        branchedTrimmed.without_host
            .mix(depleted)
            .map { it[0,1] }
            .set{ denovoInput }

        assembled = step_2AS_denovo__spades(denovoInput)
    
    emit:
        
        assembled
        
        depleted
        
    
}

// --- ENTRYPOINT ---
workflow {
    module_denovo(getSingleInput(), [hostRiscd, hostCode, file(hostPath)])
}","nextflow.enable.dsl=2

include { getSingleInput; optionalOrDefault; param } from '../functions/parameters.nf'
include { step_2AS_denovo__spades } from '../steps/step_2AS_denovo__spades'
workflow {
    step_2AS_denovo__spades(getSingleInput())
}
"
"O02_spades_sal","O02_spades_sal","O02","De novo assembly with spades from paired Illumina FASTQ of Salmonella enterica.","Y","N","missing_param","ERROR ~ missing required param: hosts_dir","0","3","N","step_1PP_hostdepl__bowtie","","","step_1PP_hostdepl__bowtie, step_2AS_denovo__spades","step_1PP_hostdepl__bowtie, step_2AS_denovo__spades","step_2AS_denovo__spades","1271","60","2","2","13.0","Understood! The pipeline will proceed with **Option 1**: Host depletion + SPAdes assembly using the `module_denovo` template. This will include:

1. **Host depletion** using `step_1PP_hostdepl__bowtie` (if a host reference is provided).
2. **De novo assembly** using `step_2AS_denovo__spades`.

I wil","nextflow.enable.dsl=2

// --- IMPORTS ---

include { extractKey } from '../functions/common.nf'

include { getHost; getSingleInput } from '../functions/parameters.nf'

include { step_1PP_hostdepl__bowtie } from '../steps/step_1PP_hostdepl__bowtie'

include { step_2AS_denovo__spades } from '../steps/step_2AS_denovo__spades'

// --- GLOBALS ---

def spadesRiscd = '220308-020220308005121273-2AS_import-external'

// --- INLINE PROCESSES ---

// --- SUB WORKFLOWS ---

workflow module_denovo {
    
    take:
        
        trimmedReads
        
        host
        
    
    main:
        trimmedReads.cross(host) { extractKey(it) }
            .map { [ it[0][0], it[0][1], it[1][1] ] } // riscd, reads, host
            .branch {
                with_host: it[1][1]
                without_host: true
            }
        .set { branchedTrimmed }

        depleted = step_1PP_hostdepl__bowtie(branchedTrimmed.with_host)

        branchedTrimmed.without_host
            .mix(depleted)
            .map { it[0,1] }
        .set{ denovoInput }

        assembled = step_2AS_denovo__spades(denovoInput)
    
    emit:
        
        assembled
        
        depleted
        
    
}

// --- ENTRYPOINT ---
workflow {
    module_denovo(getSingleInput(), getHost())
}","nextflow.enable.dsl=2

include { getSingleInput; optionalOrDefault; param } from '../functions/parameters.nf'
include { step_2AS_denovo__spades } from '../steps/step_2AS_denovo__spades'
workflow {
    step_2AS_denovo__spades(getSingleInput())
}
"
"O03_spades_cam","O03_spades_cam","O03","De novo assembly with spades from paired Illumina FASTQ of Campylobacter jejuni.","Y","N","missing_param","ERROR ~ missing required param: hosts_dir","0","3","N","step_1PP_hostdepl__bowtie, step_1PP_trimming__fastp","","","step_1PP_hostdepl__bowtie, step_1PP_trimming__fastp, step_2AS_denovo__spades","step_1PP_trimming__fastp, step_1PP_hostdepl__bowtie, step_2AS_denovo__spades","step_2AS_denovo__spades","1066","50","3","2","12.7","Your pipeline has been approved and will proceed with the following steps:

1. **Preprocessing**: Trim raw reads using `fastp` (`step_1PP_trimming__fastp`).
2. **Host Depletion**: Remove host contamination using `bowtie` (`step_1PP_hostdepl__bowtie`).
3. **Assembly**: Assemble the reads using SPAdes","nextflow.enable.dsl=2

// --- IMPORTS ---

include { extractKey } from '../functions/common.nf'

include { getSingleInput } from '../functions/parameters.nf'

include { step_1PP_trimming__fastp } from '../steps/step_1PP_trimming__fastp'

include { step_1PP_hostdepl__bowtie } from '../steps/step_1PP_hostdepl__bowtie'

include { step_2AS_denovo__spades } from '../steps/step_2AS_denovo__spades'

// --- GLOBALS ---

def hostRef = ""${params.hosts_dir}/human""

// --- INLINE PROCESSES ---

// --- SUB WORKFLOWS ---

workflow wf_campylobacter_denovo {
    
    take:
        
        rawReads
        
    
    main:
        trimmed = step_1PP_trimming__fastp(rawReads).trimmed

        trimmed.cross(hostRef) { extractKey(it) }.map { [ it[0][0], it[0][1], it[1][1] ] }.set { prep }

        depleted = step_1PP_hostdepl__bowtie(prep)

        spades_out = step_2AS_denovo__spades(depleted)
        assembly = spades_out.assembled
    
    emit:
        
        assembly
        
    
}

// --- ENTRYPOINT ---
workflow {
    wf_campylobacter_denovo(getSingleInput())
}","nextflow.enable.dsl=2

include { getSingleInput; optionalOrDefault; param } from '../functions/parameters.nf'
include { step_2AS_denovo__spades } from '../steps/step_2AS_denovo__spades'
workflow {
    step_2AS_denovo__spades(getSingleInput())
}
"
"O04_shovill_lis","O04_shovill_lis","O04","De novo assembly with shovill from paired Illumina FASTQ of Listeria monocytogenes.","Y","Y","none","","6","3","N","step_1PP_trimming__fastp","","","step_1PP_trimming__fastp, step_2AS_denovo__shovill","step_1PP_trimming__fastp, step_2AS_denovo__shovill","step_2AS_denovo__shovill","747","40","2","2","11.4","Understood! The pipeline for de novo assembly of *Listeria monocytogenes* from paired Illumina FASTQ reads using Shovill has been approved. Here is the detailed plan for the Architect Agent:","nextflow.enable.dsl=2

// --- IMPORTS ---

include { getSingleInput } from '../functions/parameters.nf'

include { step_1PP_trimming__fastp } from '../steps/step_1PP_trimming__fastp'

include { step_2AS_denovo__shovill } from '../steps/step_2AS_denovo__shovill'

// --- GLOBALS ---

def params = ""${params}""

// --- INLINE PROCESSES ---

// --- SUB WORKFLOWS ---

workflow wf_listeria_monocytogenes_assembly {
    
    take:
        
        rawreads
        
    
    main:
        trimmed = step_1PP_trimming__fastp(rawreads).trimmed
        assembly = step_2AS_denovo__shovill(trimmed).assembly
    
    emit:
        
        assembly
        
    
}

// --- ENTRYPOINT ---
workflow {
    wf_listeria_monocytogenes_assembly(getSingleInput())
}","nextflow.enable.dsl=2

include { getSingleInput; optionalOrDefault; param } from '../functions/parameters.nf'
include { step_2AS_denovo__shovill } from '../steps/step_2AS_denovo__shovill'
workflow {
    step_2AS_denovo__shovill(getSingleInput())
}
"
"O05_shovill_sal","O05_shovill_sal","O05","De novo assembly with shovill from paired Illumina FASTQ of Salmonella enterica.","Y","N","missing_param","ERROR ~ missing required param: hosts_dir","0","3","N","step_0SQ_rawreads__fastq, step_1PP_hostdepl__bowtie, step_1PP_trimming__fastp","","","step_0SQ_rawreads__fastq, step_1PP_hostdepl__bowtie, step_1PP_trimming__fastp, step_2AS_denovo__shovill","step_1PP_hostdepl__bowtie, step_2AS_denovo__shovill, step_0SQ_rawreads__fastq, step_1PP_trimming__fastp","step_2AS_denovo__shovill","1562","76","4","2","12.5","Understood! The pipeline for de novo assembly of *Salmonella enterica* from paired Illumina FASTQ reads using Shovill has been approved. Here is the detailed plan for the Architect Agent:","nextflow.enable.dsl=2

// --- IMPORTS ---

include { getSingleInput } from '../functions/parameters.nf'

include { step_1PP_trimming__fastp } from '../steps/step_1PP_trimming__fastp'

include { step_1PP_hostdepl__bowtie } from '../steps/step_1PP_hostdepl__bowtie'

include { step_2AS_denovo__shovill } from '../steps/step_2AS_denovo__shovill'

include { step_0SQ_rawreads__fastq } from '../steps/step_0SQ_rawreads__fastq'

// --- GLOBALS ---

def hostRiscd = '220308-020220308005121273-1PP_hostdepl-external'

def hostCode = 'human'

def hostPath = ""${params.assets_dir}/module_hostdepletion_external/human.fasta""

// --- INLINE PROCESSES ---

// --- SUB WORKFLOWS ---

workflow wf_deplete_and_assemble {
    
    take:
        
        trimmed
        
    
    main:
        trimmedAndHost = trimmed.multiMap {
            trimmed: it
            host: [ hostRiscd, hostCode, file(hostPath) ]
        }

        depleted = step_1PP_hostdepl__bowtie(trimmedAndHost)
        ready = depleted.mix(trimmed).map { it[0,1] }

        assembly = step_2AS_denovo__shovill(ready)
    
    emit:
        
        assembly
        
    
}

workflow wf_qc_assembly {
    
    take:
        
        assembly
        
    
    main:
        quast(assembly)
        if (!params.skip_checkm) {
            checkm(assembly)
        }
    
}

// --- ENTRYPOINT ---
workflow {
    rawreads = step_0SQ_rawreads__fastq(getSingleInput())

    trimmed = step_1PP_trimming__fastp(rawreads)

    wf_deplete_and_assemble(trimmed)

    wf_qc_assembly(wf_deplete_and_assemble.assembly)
}","nextflow.enable.dsl=2

include { getSingleInput; optionalOrDefault; param } from '../functions/parameters.nf'
include { step_2AS_denovo__shovill } from '../steps/step_2AS_denovo__shovill'
workflow {
    step_2AS_denovo__shovill(getSingleInput())
}
"
"O06_shovill_cam","O06_shovill_cam","O06","De novo assembly with shovill from paired Illumina FASTQ of Campylobacter jejuni.","Y","Y","none","","3","3","Y","","","","step_2AS_denovo__shovill","step_2AS_denovo__shovill","step_2AS_denovo__shovill","678","39","1","2","9.9","Understood! The pipeline will proceed with the `module_wgs_bacteria` template, which uses `step_2AS_denovo__shovill` for de novo assembly of *Campylobacter jejuni* from paired Illumina FASTQ reads.","nextflow.enable.dsl=2

// --- IMPORTS ---

include { getSingleInput } from '../functions/parameters.nf'

include { step_2AS_denovo__shovill } from '../steps/step_2AS_denovo__shovill'

// --- GLOBALS ---

def assemblyTool = 'shovill'

def assemblyRiscd = '231010-020223101005121273-2AS_denovo-shovill'

// --- INLINE PROCESSES ---

// --- SUB WORKFLOWS ---

workflow module_wgs_bacteria {
    
    take:
        
        trimmedReads
        
    
    main:
        step_2AS_denovo__shovill(trimmedReads)
    
    emit:
        
        assembly = step_2AS_denovo__shovill.out.assembly
        
    
}

// --- ENTRYPOINT ---
workflow {
    module_wgs_bacteria(getSingleInput())
}","nextflow.enable.dsl=2

include { getSingleInput; optionalOrDefault; param } from '../functions/parameters.nf'
include { step_2AS_denovo__shovill } from '../steps/step_2AS_denovo__shovill'
workflow {
    step_2AS_denovo__shovill(getSingleInput())
}
"
"O07_unicycler_lis","O07_unicycler_lis","O07","De novo assembly with unicycler from paired Illumina FASTQ of Listeria monocytogenes.","Y","Y","none","","6","3","N","step_1PP_trimming__fastp","","","step_1PP_trimming__fastp, step_2AS_denovo__unicycler","step_1PP_trimming__fastp, step_2AS_denovo__unicycler","step_2AS_denovo__unicycler","1066","47","2","2","23.1","Understood! I will proceed with the custom pipeline for de novo assembly of *Listeria monocytogenes* using Unicycler. Here is the plan:","nextflow.enable.dsl=2

// --- IMPORTS ---

include { getSingleInput } from '../functions/parameters.nf'

include { step_1PP_trimming__fastp } from '../steps/step_1PP_trimming__fastp'

include { step_2AS_denovo__unicycler } from '../steps/step_2AS_denovo__unicycler'

// --- GLOBALS ---

def unicyclerContainer = ""docker.io/biocontainers/unicycler:v0.4.7dfsg-2-deb_cv1""

def fastpContainer = ""ghcr.io/genpat-it/fastp:0.23.1--e4ac3df4c5""

def python3Container = ""ghcr.io/genpat-it/python3:3.10.1--29cf21c1f1""

def quastContainer = ""quay.io/biocontainers/quast:4.4--boost1.61_1""

// --- INLINE PROCESSES ---

// --- SUB WORKFLOWS ---

workflow wf_listeria_monocytogenes_unicycler {
    
    take:
        
        raw_reads
        
    
    main:
        trimmed = step_1PP_trimming__fastp(raw_reads)
        assembled = step_2AS_denovo__unicycler(trimmed)
        assembled_scaffolds = assembled.assembled
    
    emit:
        
        assembled_scaffolds
        
    
}

// --- ENTRYPOINT ---
workflow {
    wf_listeria_monocytogenes_unicycler(getSingleInput())
}","nextflow.enable.dsl=2

include { getSingleInput; optionalOrDefault; param } from '../functions/parameters.nf'
include { step_2AS_denovo__unicycler } from '../steps/step_2AS_denovo__unicycler'
workflow {
    step_2AS_denovo__unicycler(getSingleInput())
}
"
"O08_unicycler_eco","O08_unicycler_eco","O08","De novo assembly with unicycler from paired Illumina FASTQ of Escherichia coli.","Y","N","missing_param","ERROR ~ missing required param: hosts_dir","0","3","N","step_1PP_hostdepl__bowtie, step_1PP_trimming__fastp","","","step_1PP_hostdepl__bowtie, step_1PP_trimming__fastp, step_2AS_denovo__unicycler","step_1PP_trimming__fastp, step_1PP_hostdepl__bowtie, step_2AS_denovo__unicycler","step_2AS_denovo__unicycler","1289","57","3","2","47.5","Pipeline approved. Proceeding with the de novo assembly pipeline for *Escherichia coli* using Unicycler.","nextflow.enable.dsl=2

// --- IMPORTS ---

include { step_1PP_hostdepl__bowtie } from '../steps/step_1PP_hostdepl__bowtie'

include { getSingleInput } from '../functions/parameters.nf'

include { step_1PP_trimming__fastp } from '../steps/step_1PP_trimming__fastp'

include { step_2AS_denovo__unicycler } from '../steps/step_2AS_denovo__unicycler'

// --- GLOBALS ---

def hostDepletionRiscd = '220308-020220308005121273-1PP_hostdepl-external'

def hostDepletionCode = 'escherichia_coli_k12_mg1655'

def hostDepletionPath = ""${params.hosts_dir}/escherichia_coli_k12_mg1655""

// --- INLINE PROCESSES ---

// --- SUB WORKFLOWS ---

workflow wf_preprocess_e_coli {
    
    take:
        
        rawReads
        
    
    main:
        trimmedReads = step_1PP_trimming__fastp(rawReads).trimmed

        trimmedAndHost = trimmedReads.multiMap {
            reads: it
            host: [hostDepletionRiscd, hostDepletionCode, file(hostDepletionPath)]
        }

        trimmedDepleted = step_1PP_hostdepl__bowtie(trimmedAndHost)

        assembly = step_2AS_denovo__unicycler(trimmedDepleted).assembled
    
    emit:
        
        trimmedReads
        
        assembly
        
    
}

// --- ENTRYPOINT ---
workflow {
    rawReads = getSingleInput()
    wf_preprocess_e_coli(rawReads)
}","nextflow.enable.dsl=2

include { getSingleInput; optionalOrDefault; param } from '../functions/parameters.nf'
include { step_2AS_denovo__unicycler } from '../steps/step_2AS_denovo__unicycler'
workflow {
    step_2AS_denovo__unicycler(getSingleInput())
}
"
"O09_unicycler_cam","O09_unicycler_cam","O09","De novo assembly with unicycler from paired Illumina FASTQ of Campylobacter jejuni.","Y","N","silent_no_op","No process placeholders appeared. when: clause filtered everything?","0","3","N","step_1PP_trimming__fastp","","","step_1PP_trimming__fastp, step_2AS_denovo__unicycler","step_1PP_trimming__fastp, step_2AS_denovo__unicycler","step_2AS_denovo__unicycler","759","38","2","2","21.9","Understood! The pipeline for **Campylobacter jejuni** de novo assembly from paired Illumina FASTQ reads will proceed with the following steps:

1. **Trimming**: Adapter trimming and quality filtering using `step_1PP_trimming__fastp`.
2. **Assembly**: De novo assembly using `step_2AS_denovo__unicycle","nextflow.enable.dsl=2

// --- IMPORTS ---

include { getSingleInput } from '../functions/parameters.nf'

include { step_1PP_trimming__fastp } from '../steps/step_1PP_trimming__fastp'

include { step_2AS_denovo__unicycler } from '../steps/step_2AS_denovo__unicycler'

// --- GLOBALS ---

def params = [:]

def params.outdir = '${workflow.launchDir}/results'

// --- INLINE PROCESSES ---

// --- SUB WORKFLOWS ---

workflow wf_campylobacter_assembly {
    
    take:
        
        raw_reads
        
    
    main:
        trimmed = step_1PP_trimming__fastp(raw_reads).trimmed
        assembly = step_2AS_denovo__unicycler(trimmed).assembled
    
}

// --- ENTRYPOINT ---
workflow {
    raw_reads = getSingleInput()
    wf_campylobacter_assembly(raw_reads)
}","nextflow.enable.dsl=2

include { getSingleInput; optionalOrDefault; param } from '../functions/parameters.nf'
include { step_2AS_denovo__unicycler } from '../steps/step_2AS_denovo__unicycler'
workflow {
    step_2AS_denovo__unicycler(getSingleInput())
}
"
"O10_plasmidspades_eco","O10_plasmidspades_eco","O10","De novo assembly with plasmidspades from paired Illumina FASTQ of Escherichia coli.","Y","N","missing_param","ERROR ~ missing required param: hosts_dir","0","3","N","step_1PP_hostdepl__bowtie, step_1PP_trimming__fastp, step_2AS_denovo__spades","step_2AS_denovo__plasmidspades","","step_1PP_hostdepl__bowtie, step_1PP_trimming__fastp, step_2AS_denovo__spades","step_1PP_trimming__fastp, step_1PP_hostdepl__bowtie, step_2AS_denovo__spades","step_2AS_denovo__plasmidspades","1449","50","3","2","15.3","Understood! The pipeline will proceed with **SPAdes** (`step_2AS_denovo__spades`) for de novo assembly of *Escherichia coli* paired Illumina FASTQ reads, including preprocessing steps for trimming and host depletion. The detailed plan will be generated for the Architect.","nextflow.enable.dsl=2

// --- IMPORTS ---

include { getHostUnkeyed; getSingleInput } from '../functions/parameters.nf'

include { step_2AS_denovo__spades } from '../steps/step_2AS_denovo__spades'

include { extractKey } from '../functions/common.nf'

include { module_qc_quast } from '../modules/module_qc_quast'

include { step_1PP_trimming__fastp } from '../steps/step_1PP_trimming__fastp'

include { step_1PP_hostdepl__bowtie } from '../steps/step_1PP_hostdepl__bowtie'

// --- GLOBALS ---

def hostGenome = ""${params.hosts_dir}/human_hg38""

def hostGenomeRiscd = '220308-020220308005121273-1PP_hostdepl-external'

// --- INLINE PROCESSES ---

// --- SUB WORKFLOWS ---

// --- ENTRYPOINT ---
workflow {
    // Step 1: Trimming with fastp
    trimmed = step_1PP_trimming__fastp(getSingleInput()).trimmed

    // Step 2: Host Depletion with Bowtie2
    // Prepare input: [riscd, reads, host]
    trimmed.cross(getHostUnkeyed()) { extractKey(it) }.map {
        [ it[0][0], it[0][1], it[1][1] ]
    }.set { trimmedAndHost }

    // Perform host depletion
    depleted = step_1PP_hostdepl__bowtie(trimmedAndHost).depleted

    // Step 3: De Novo Assembly with SPAdes
    // Prepare input: [riscd, reads]
    spades_out = step_2AS_denovo__spades(depleted.map { [ it[0], it[1] ] })

    // Optional: Publish assembly results
    spades_out.assembled.view()

    // Optional: Run QUAST for quality assessment
    module_qc_quast(spades_out.assembled)
}","nextflow.enable.dsl=2

include { getSingleInput; optionalOrDefault; param } from '../functions/parameters.nf'
include { step_2AS_denovo__plasmidspades } from '../steps/step_2AS_denovo__plasmidspades'
workflow {
    step_2AS_denovo__plasmidspades(getSingleInput())
}
"
"P01_chopper_flye_mlst_lis","P01_chopper_flye_mlst_lis","P01","Nanopore pipeline for Listeria monocytogenes: chopper trimming + Flye assembly + mlst.","Y","Y","none","","5","5","Y","","","","step_1PP_trimming__chopper, step_2AS_denovo__flye, step_4TY_MLST__mlst","step_1PP_trimming__chopper, step_2AS_denovo__flye, step_4TY_MLST__mlst","step_1PP_trimming__chopper, step_2AS_denovo__flye, step_4TY_MLST__mlst","802","29","3","2","26.1","Pipeline approved! The Nanopore pipeline for *Listeria monocytogenes* will include:

1. **Trimming**: `step_1PP_trimming__chopper` for Nanopore read filtering.
2. **Assembly**: `step_2AS_denovo__flye` for de novo assembly.
3. **Typing**: `step_4TY_MLST__mlst` for MLST analysis.

The Architect Agent ","nextflow.enable.dsl=2

// --- IMPORTS ---

include { step_1PP_trimming__chopper } from '../steps/step_1PP_trimming__chopper'

include { step_4TY_MLST__mlst } from '../steps/step_4TY_MLST__mlst'

include { step_2AS_denovo__flye } from '../steps/step_2AS_denovo__flye'

include { getSingleInput } from '../functions/parameters.nf'

// --- GLOBALS ---

def listeriaMonocytogenesSchema = 'listeria_monocytogenes'

def listeriaMonocytogenesRisCd = '240315-020224031500512127-4TY_import-external'

// --- INLINE PROCESSES ---

// --- SUB WORKFLOWS ---

// --- ENTRYPOINT ---
workflow {
    rawReads = getSingleInput()
    trimmed = step_1PP_trimming__chopper(rawReads).trimmed
    assembly = step_2AS_denovo__flye(trimmed).assembly
    step_4TY_MLST__mlst(assembly.map { [listeriaMonocytogenesRisCd, it] })
}","nextflow.enable.dsl=2

include { getSingleInput; optionalOrDefault; param } from '../functions/parameters.nf'
include { step_1PP_trimming__chopper } from '../steps/step_1PP_trimming__chopper'
include { step_2AS_denovo__flye } from '../steps/step_2AS_denovo__flye'
include { step_4TY_MLST__mlst } from '../steps/step_4TY_MLST__mlst'
workflow {
    trimmed   = step_1PP_trimming__chopper(getSingleInput()).trimmed
    assembled = step_2AS_denovo__flye(trimmed).assembly
    step_4TY_MLST__mlst(assembled)
}
"
"P02_chopper_flye_mlst_sal","P02_chopper_flye_mlst_sal","P02","Nanopore pipeline for Salmonella enterica: chopper trimming + Flye assembly + mlst.","Y","N","silent_no_op","No process placeholders appeared. when: clause filtered everything?","0","5","N","step_1PP_hostdepl__minimap2","","","step_1PP_hostdepl__minimap2, step_1PP_trimming__chopper, step_2AS_denovo__flye, step_4TY_MLST__mlst","step_1PP_hostdepl__minimap2, step_1PP_trimming__chopper, step_2AS_denovo__flye, step_4TY_MLST__mlst","step_1PP_trimming__chopper, step_2AS_denovo__flye, step_4TY_MLST__mlst","1831","70","4","2","150.9","Your pipeline has been approved and will proceed with the following steps:

1. **Host Depletion**: Use `step_1PP_hostdepl__minimap2` to deplete host reads.
2. **Chopper Trimming**: Use `step_1PP_trimming__chopper` for Nanopore read trimming.
3. **Flye Assembly**: Use `step_2AS_denovo__flye` to assem","nextflow.enable.dsl=2

// --- IMPORTS ---

include { step_4TY_MLST__mlst } from '../steps/step_4TY_MLST__mlst'

include { extractKey } from '../functions/common.nf'

include { getHostReference; getSingleInput } from '../functions/parameters.nf'

include { step_1PP_trimming__chopper } from '../steps/step_1PP_trimming__chopper'

include { step_1PP_hostdepl__minimap2 } from '../steps/step_1PP_hostdepl__minimap2'

include { step_2AS_denovo__flye } from '../steps/step_2AS_denovo__flye'

// --- GLOBALS ---

def hostDepletionMethod = 'minimap2'

def hostDepletionRisCd = '231219-020223121900512127-1PP_hostdepl-minimap2'

def trimmingMethod = 'chopper'

def trimmingRisCd = '231219-020223121900512127-1PP_trimming-chopper'

def assemblyMethod = 'flye'

def assemblyRisCd = '231219-020223121900512127-2AS_denovo-flye'

def mlstMethod = 'mlst'

def mlstRisCd = '231219-020223121900512127-4TY_MLST-mlst'

// --- INLINE PROCESSES ---

// --- SUB WORKFLOWS ---

workflow wf_salmonella_nanopore {
    
    take:
        
        raw_reads
        
        host_reference
        
    
    main:
        raw_reads.cross(host_reference) { extractKey(it) }.multiMap {
            reads: it[0]
            host:  it[1]
        }.set { prep }

        step_1PP_hostdepl__minimap2_out = step_1PP_hostdepl__minimap2(prep.reads, prep.host)
        depleted_reads = step_1PP_hostdepl__minimap2_out.depleted

        step_1PP_trimming__chopper_out = step_1PP_trimming__chopper(depleted_reads)
        trimmed_reads = step_1PP_trimming__chopper_out.trimmed

        step_2AS_denovo__flye_out = step_2AS_denovo__flye(trimmed_reads)
        assembled_contigs = step_2AS_denovo__flye_out.assembly

        step_4TY_MLST__mlst(assembled_contigs)
    
}

// --- ENTRYPOINT ---
workflow {
    wf_salmonella_nanopore(getSingleInput(), getHostReference())
}","nextflow.enable.dsl=2

include { getSingleInput; optionalOrDefault; param } from '../functions/parameters.nf'
include { step_1PP_trimming__chopper } from '../steps/step_1PP_trimming__chopper'
include { step_2AS_denovo__flye } from '../steps/step_2AS_denovo__flye'
include { step_4TY_MLST__mlst } from '../steps/step_4TY_MLST__mlst'
workflow {
    trimmed   = step_1PP_trimming__chopper(getSingleInput()).trimmed
    assembled = step_2AS_denovo__flye(trimmed).assembly
    step_4TY_MLST__mlst(assembled)
}
"
"P03_chopper_flye_mlst_eco","P03_chopper_flye_mlst_eco","P03","Nanopore pipeline for Escherichia coli: chopper trimming + Flye assembly + mlst.","Y","Y","none","","5","5","Y","","","","step_1PP_trimming__chopper, step_2AS_denovo__flye, step_4TY_MLST__mlst","step_1PP_trimming__chopper, step_2AS_denovo__flye, step_4TY_MLST__mlst","step_1PP_trimming__chopper, step_2AS_denovo__flye, step_4TY_MLST__mlst","701","27","3","2","22.0","Pipeline approved! The Nextflow DSL2 pipeline for **Escherichia coli** Nanopore data will include:

1. **Trimming**: `step_1PP_trimming__chopper` for Nanopore read trimming.
2. **Assembly**: `step_2AS_denovo__flye` for de novo assembly.
3. **Typing**: `step_4TY_MLST__mlst` for sequence typing.

The ","nextflow.enable.dsl=2

// --- IMPORTS ---

include { step_1PP_trimming__chopper } from '../steps/step_1PP_trimming__chopper'

include { step_4TY_MLST__mlst } from '../steps/step_4TY_MLST__mlst'

include { step_2AS_denovo__flye } from '../steps/step_2AS_denovo__flye'

include { getSingleInput } from '../functions/parameters.nf'

// --- GLOBALS ---

def ecoliRiscd = '230415-020223041500512127-4TY_import-external'

// --- INLINE PROCESSES ---

// --- SUB WORKFLOWS ---

// --- ENTRYPOINT ---
workflow {
    raw_reads = getSingleInput()
    trimmed = step_1PP_trimming__chopper(raw_reads).trimmed
    assembly = step_2AS_denovo__flye(trimmed).assembly
    step_4TY_MLST__mlst([ecoliRiscd, assembly])
}","nextflow.enable.dsl=2

include { getSingleInput; optionalOrDefault; param } from '../functions/parameters.nf'
include { step_1PP_trimming__chopper } from '../steps/step_1PP_trimming__chopper'
include { step_2AS_denovo__flye } from '../steps/step_2AS_denovo__flye'
include { step_4TY_MLST__mlst } from '../steps/step_4TY_MLST__mlst'
workflow {
    trimmed   = step_1PP_trimming__chopper(getSingleInput()).trimmed
    assembled = step_2AS_denovo__flye(trimmed).assembly
    step_4TY_MLST__mlst(assembled)
}
"
"P04_chopper_flye_mlst_cam","P04_chopper_flye_mlst_cam","P04","Nanopore pipeline for Campylobacter jejuni: chopper trimming + Flye assembly + mlst.","N","N","arity_error","ERROR ~ Workflow `step_1PP_trimming__chopper` declares 1 input channels but 0 were given","3","5","N","step_0SQ_rawreads__fastq, step_4AN_genes__prokka","step_4TY_MLST__mlst","","step_0SQ_rawreads__fastq, step_1PP_trimming__chopper, step_2AS_denovo__flye, step_4AN_genes__prokka","step_0SQ_rawreads__fastq, step_1PP_trimming__chopper, step_2AS_denovo__flye, step_4AN_genes__prokka","step_1PP_trimming__chopper, step_2AS_denovo__flye, step_4TY_MLST__mlst","1230","41","4","2","14.0","Proceeding with the approved pipeline for **Campylobacter jejuni** using Nanopore data: **Chopper trimming + Flye assembly + Prokka annotation**.","nextflow.enable.dsl=2

// --- IMPORTS ---

include { step_1PP_trimming__chopper } from '../steps/step_1PP_trimming__chopper'

include { getSingleInput } from '../functions/parameters.nf'

include { step_4AN_genes__prokka } from '../steps/step_4AN_genes__prokka'

include { getEmpty } from '../functions/common.nf'

include { step_2AS_denovo__flye } from '../steps/step_2AS_denovo__flye'

include { step_0SQ_rawreads__fastq } from '../steps/step_0SQ_rawreads__fastq'

// --- GLOBALS ---

def prokkaKingdom = 'Bacteria'

// --- INLINE PROCESSES ---

// --- SUB WORKFLOWS ---

// --- ENTRYPOINT ---
workflow {
    // Step 1: Input raw Nanopore reads
    raw_reads = step_0SQ_rawreads__fastq(getSingleInput())

    // Step 2: Trimming with Chopper
    trimmed_reads = step_1PP_trimming__chopper(raw_reads).trimmed

    // Step 3: Assembly with Flye
    assembly = step_2AS_denovo__flye(trimmed_reads).assembly

    // Step 4: Annotation with Prokka
    // Prokka requires: [riscd, assembly, kingdom, riscd_ref, refid, refpath]
    // For Campylobacter jejuni (Bacteria), no GenBank reference is needed
    prokka_input = assembly.map { [ it[0], it[1], prokkaKingdom, '-', '-', getEmpty() ] }
    step_4AN_genes__prokka(prokka_input)
}","nextflow.enable.dsl=2

include { getSingleInput; optionalOrDefault; param } from '../functions/parameters.nf'
include { step_1PP_trimming__chopper } from '../steps/step_1PP_trimming__chopper'
include { step_2AS_denovo__flye } from '../steps/step_2AS_denovo__flye'
include { step_4TY_MLST__mlst } from '../steps/step_4TY_MLST__mlst'
workflow {
    trimmed   = step_1PP_trimming__chopper(getSingleInput()).trimmed
    assembled = step_2AS_denovo__flye(trimmed).assembly
    step_4TY_MLST__mlst(assembled)
}
"
"P05_chopper_flye_abricate_lis","P05_chopper_flye_abricate_lis","P05","Nanopore pipeline for Listeria monocytogenes: chopper trimming + Flye assembly + abricate.","Y","Y","none","","7","5","Y","","","","step_1PP_trimming__chopper, step_2AS_denovo__flye, step_4AN_AMR__abricate","step_1PP_trimming__chopper, step_2AS_denovo__flye, step_4AN_AMR__abricate","step_1PP_trimming__chopper, step_2AS_denovo__flye, step_4AN_AMR__abricate","2046","86","3","2","16.5","Proceeding with the custom pipeline for Listeria monocytogenes using Nanopore data. The pipeline will include:

1. **Chopper trimming** (`step_1PP_trimming__chopper`) for preprocessing Nanopore reads.
2. **Flye assembly** (`step_2AS_denovo__flye`) for de novo assembly of the trimmed reads.
3. **Abri","nextflow.enable.dsl=2

// --- IMPORTS ---

include { step_4AN_AMR__abricate } from '../steps/step_4AN_AMR__abricate'

include { getSingleInput } from '../functions/parameters.nf'

include { module_qc_nanoplot } from '../modules/module_qc_nanoplot'

include { step_1PP_trimming__chopper } from '../steps/step_1PP_trimming__chopper'

include { module_qc_quast } from '../modules/module_qc_quast'

include { step_2AS_denovo__flye } from '../steps/step_2AS_denovo__flye'

// --- GLOBALS ---

def listeriaRiscd = '220308-020220308005121273-1PP_custom'

def trimRiscd = '220308-020220308005121273-1PP_chopper'

def assemblyRiscd = '220308-020220308005121273-2AS_flye'

def abricateRiscd = '220308-020220308005121273-4AN_abricate'

// --- INLINE PROCESSES ---

// --- SUB WORKFLOWS ---

workflow wf_listeria_nanopore_abricate {
    
    take:
        
        raw_nanopore_reads
        
    
    main:
        raw_nanopore_reads.multiMap {
            reads: it
            riscd: listeriaRiscd
        }.set { shaped }

        trimmed = step_1PP_trimming__chopper(shaped.reads).trimmed
        trimmed.multiMap {
            reads: it
            riscd: trimRiscd
        }.set { trimmed_shaped }

        assembly = step_2AS_denovo__flye(trimmed_shaped.reads).assembly
        assembly.multiMap {
            assembly: it
            riscd: assemblyRiscd
        }.set { assembly_shaped }

        step_4AN_AMR__abricate(assembly_shaped.assembly)
    
}

workflow wf_listeria_nanopore_abricate_qc {
    
    take:
        
        raw_nanopore_reads
        
    
    main:
        raw_nanopore_reads.multiMap {
            reads: it
            riscd: listeriaRiscd
        }.set { shaped }

        trimmed = step_1PP_trimming__chopper(shaped.reads).trimmed
        module_qc_nanoplot(trimmed)

        assembly = step_2AS_denovo__flye(trimmed).assembly
        module_qc_quast(assembly)
    
}

// --- ENTRYPOINT ---
workflow {
    ch_raw = getSingleInput()
    wf_listeria_nanopore_abricate(ch_raw)
    wf_listeria_nanopore_abricate_qc(ch_raw)
}","nextflow.enable.dsl=2

include { getSingleInput; optionalOrDefault; param } from '../functions/parameters.nf'
include { step_1PP_trimming__chopper } from '../steps/step_1PP_trimming__chopper'
include { step_2AS_denovo__flye } from '../steps/step_2AS_denovo__flye'
include { step_4AN_AMR__abricate } from '../steps/step_4AN_AMR__abricate'
workflow {
    trimmed   = step_1PP_trimming__chopper(getSingleInput()).trimmed
    assembled = step_2AS_denovo__flye(trimmed).assembly
    step_4AN_AMR__abricate(assembled)
}
"
"P06_chopper_flye_abricate_eco","P06_chopper_flye_abricate_eco","P06","Nanopore pipeline for Escherichia coli: chopper trimming + Flye assembly + abricate.","Y","Y","none","","5","5","N","step_4AN_AMR__staramr","step_4AN_AMR__abricate","","step_1PP_trimming__chopper, step_2AS_denovo__flye, step_4AN_AMR__staramr","step_1PP_trimming__chopper, step_2AS_denovo__flye, step_4AN_AMR__staramr","step_1PP_trimming__chopper, step_2AS_denovo__flye, step_4AN_AMR__abricate","828","38","3","2","14.6","Your pipeline has been approved and will proceed with the following steps:

1. **Preprocessing**: Chopper trimming (`step_1PP_trimming__chopper`) for Nanopore reads.
2. **Assembly**: Flye (`step_2AS_denovo__flye`) for Nanopore long-read assembly.
3. **AMR Annotation**: staramr (`step_4AN_AMR__staram","nextflow.enable.dsl=2

// --- IMPORTS ---

include { step_1PP_trimming__chopper } from '../steps/step_1PP_trimming__chopper'

include { step_4AN_AMR__staramr } from '../steps/step_4AN_AMR__staramr'

include { step_2AS_denovo__flye } from '../steps/step_2AS_denovo__flye'

include { getSingleInput } from '../functions/parameters.nf'

// --- GLOBALS ---

def escherichiaColiSpecies = 'escherichia_coli'

// --- INLINE PROCESSES ---

// --- SUB WORKFLOWS ---

workflow wf_ecoli_nanopore_amr {
    
    take:
        
        rawreads
        
    
    main:
        trimmed = step_1PP_trimming__chopper(rawreads).trimmed
        assembly = step_2AS_denovo__flye(trimmed).assembly
        step_4AN_AMR__staramr(assembly, escherichiaColiSpecies)
    
}

// --- ENTRYPOINT ---
workflow {
    wf_ecoli_nanopore_amr(getSingleInput())
}","nextflow.enable.dsl=2

include { getSingleInput; optionalOrDefault; param } from '../functions/parameters.nf'
include { step_1PP_trimming__chopper } from '../steps/step_1PP_trimming__chopper'
include { step_2AS_denovo__flye } from '../steps/step_2AS_denovo__flye'
include { step_4AN_AMR__abricate } from '../steps/step_4AN_AMR__abricate'
workflow {
    trimmed   = step_1PP_trimming__chopper(getSingleInput()).trimmed
    assembled = step_2AS_denovo__flye(trimmed).assembly
    step_4AN_AMR__abricate(assembled)
}
"
"P07_chopper_flye_abricate_sal","P07_chopper_flye_abricate_sal","P07","Nanopore pipeline for Salmonella enterica: chopper trimming + Flye assembly + abricate.","Y","N","missing_param","ERROR ~ missing required param: host","0","5","Y","","","","step_1PP_trimming__chopper, step_2AS_denovo__flye, step_4AN_AMR__abricate","step_1PP_trimming__chopper, step_2AS_denovo__flye, step_4AN_AMR__abricate","step_1PP_trimming__chopper, step_2AS_denovo__flye, step_4AN_AMR__abricate","1643","72","3","2","182.7","Pipeline approved. The Nanopore pipeline for *Salmonella enterica* will include the following steps:

1. **Trimming**: `step_1PP_trimming__chopper` for Nanopore read trimming.
2. **Assembly**: `step_2AS_denovo__flye` for de novo assembly.
3. **AMR Annotation**: `step_4AN_AMR__abricate` for AMR gene ","nextflow.enable.dsl=2

// --- IMPORTS ---

include { step_4AN_AMR__abricate } from '../steps/step_4AN_AMR__abricate'

include { getHost; getReferenceOptional; getSingleInput } from '../functions/parameters.nf'

include { step_1PP_trimming__chopper } from '../steps/step_1PP_trimming__chopper'

include { step_2AS_denovo__flye } from '../steps/step_2AS_denovo__flye'

// --- GLOBALS ---

def abricateDbName = 'viruses_TREF'

def abricateDbRiscd = '220308-020220308005121273-4AN_import-external'

// --- INLINE PROCESSES ---

// --- SUB WORKFLOWS ---

workflow wf_salmonella_nanopore {
    
    take:
        
        raw_reads
        
        host_genome
        
        reference_fasta
        
        reference_gb
        
    
    main:
        raw_reads.multiMap {
            reads: it
            host: host_genome
            reference: reference_fasta
            referenceGB: reference_gb
        }.set { prep }

        trimmed = step_1PP_trimming__chopper(prep.reads)

        flye_out = step_2AS_denovo__flye(trimmed)
        step_4AN_AMR__abricate(flye_out.assembly, [abricateDbRiscd, abricateDbName])

        trimmed.set { trimmed_reads }
        flye_out.assembly.set { assembly }
        abricate_out.calls.set { amr_annotation }
    
    emit:
        
        trimmed_reads
        
        assembly
        
        amr_annotation
        
    
}

// --- ENTRYPOINT ---
workflow {
    raw_reads = getSingleInput()
    host_genome = getHost()
    reference_fasta = getReferenceOptional('fa')
    reference_gb = getReferenceOptional('gb')

    wf_salmonella_nanopore(raw_reads, host_genome, reference_fasta, reference_gb)
}","nextflow.enable.dsl=2

include { getSingleInput; optionalOrDefault; param } from '../functions/parameters.nf'
include { step_1PP_trimming__chopper } from '../steps/step_1PP_trimming__chopper'
include { step_2AS_denovo__flye } from '../steps/step_2AS_denovo__flye'
include { step_4AN_AMR__abricate } from '../steps/step_4AN_AMR__abricate'
workflow {
    trimmed   = step_1PP_trimming__chopper(getSingleInput()).trimmed
    assembled = step_2AS_denovo__flye(trimmed).assembly
    step_4AN_AMR__abricate(assembled)
}
"
"P08_chopper_flye_prokka_lis","P08_chopper_flye_prokka_lis","P08","Nanopore pipeline for Listeria monocytogenes: chopper trimming + Flye assembly + prokka.","Y","Y","none","","5","5","Y","","","","step_1PP_trimming__chopper, step_2AS_denovo__flye, step_4AN_genes__prokka","step_1PP_trimming__chopper, step_2AS_denovo__flye, step_4AN_genes__prokka","step_1PP_trimming__chopper, step_2AS_denovo__flye, step_4AN_genes__prokka","1063","46","3","2","14.7","Pipeline approved. The Nanopore pipeline for *Listeria monocytogenes* will include:

1. **Trimming**: `step_1PP_trimming__chopper` for Nanopore read trimming.
2. **Assembly**: `step_2AS_denovo__flye` for de novo assembly of trimmed reads.
3. **Annotation**: `step_4AN_genes__prokka` for annotating th","nextflow.enable.dsl=2

// --- IMPORTS ---

include { getSingleInput } from '../functions/parameters.nf'

include { step_1PP_trimming__chopper } from '../steps/step_1PP_trimming__chopper'

include { step_4AN_genes__prokka } from '../steps/step_4AN_genes__prokka'

include { getEmpty } from '../functions/common.nf'

include { step_2AS_denovo__flye } from '../steps/step_2AS_denovo__flye'

// --- GLOBALS ---

def prokkaKingdom = 'Bacteria'

def prokkaSpecies = 'Listeria monocytogenes'

// --- INLINE PROCESSES ---

// --- SUB WORKFLOWS ---

workflow wf_listeria_nanopore {
    
    take:
        
        nanopore_reads
        
    
    main:
        trimmed = step_1PP_trimming__chopper(nanopore_reads)

        assembly = step_2AS_denovo__flye(trimmed)

        // Prokka requires: [riscd, assembly, kingdom, riscd_ref, refid, refpath]
        prokka_input = assembly.map { [ it[0], it[1], prokkaKingdom, '-', '-', getEmpty() ] }
        step_4AN_genes__prokka(prokka_input)
    
}

// --- ENTRYPOINT ---
workflow {
    wf_listeria_nanopore(getSingleInput())
}","nextflow.enable.dsl=2

include { getSingleInput; optionalOrDefault; param } from '../functions/parameters.nf'
include { step_1PP_trimming__chopper } from '../steps/step_1PP_trimming__chopper'
include { step_2AS_denovo__flye } from '../steps/step_2AS_denovo__flye'
include { step_4AN_genes__prokka } from '../steps/step_4AN_genes__prokka'
workflow {
    trimmed   = step_1PP_trimming__chopper(getSingleInput()).trimmed
    assembled = step_2AS_denovo__flye(trimmed).assembly
    step_4AN_genes__prokka(assembled)
}
"
"P09_chopper_flye_chewbbaca_lis","P09_chopper_flye_chewbbaca_lis","P09","Nanopore pipeline for Listeria monocytogenes: chopper trimming + Flye assembly + chewbbaca.","Y","N","partial_dag","Only 5/7 expected processes appeared in the DAG","5","7","N","step_4TY_MLST__mlst","step_4TY_cgMLST__chewbbaca","","step_1PP_trimming__chopper, step_2AS_denovo__flye, step_4TY_MLST__mlst","step_1PP_trimming__chopper, step_2AS_denovo__flye, step_4TY_MLST__mlst","step_1PP_trimming__chopper, step_2AS_denovo__flye, step_4TY_cgMLST__chewbbaca","853","34","3","2","11.8","Pipeline approved. Proceeding with the Nanopore pipeline for *Listeria monocytogenes* using Chopper trimming, Flye assembly, and MLST typing.","nextflow.enable.dsl=2

// --- IMPORTS ---

include { step_1PP_trimming__chopper } from '../steps/step_1PP_trimming__chopper'

include { step_4TY_MLST__mlst } from '../steps/step_4TY_MLST__mlst'

include { step_2AS_denovo__flye } from '../steps/step_2AS_denovo__flye'

include { getSingleInput } from '../functions/parameters.nf'

// --- GLOBALS ---

def step1RisCd = '240515-020224051500512127-1PP_trimming-chopper'

def step2RisCd = '240515-020224051500512127-2AS_denovo-flye'

def step3RisCd = '240515-020224051500512127-4TY_MLST-mlst'

// --- INLINE PROCESSES ---

// --- SUB WORKFLOWS ---

// --- ENTRYPOINT ---
workflow {
    rawreads = getSingleInput()

    trimmed = step_1PP_trimming__chopper([step1RisCd, rawreads]).trimmed

    assembly = step_2AS_denovo__flye([step2RisCd, trimmed]).assembly

    step_4TY_MLST__mlst([step3RisCd, assembly])
}","nextflow.enable.dsl=2

include { getSingleInput; optionalOrDefault; param } from '../functions/parameters.nf'
include { step_1PP_trimming__chopper } from '../steps/step_1PP_trimming__chopper'
include { step_2AS_denovo__flye } from '../steps/step_2AS_denovo__flye'
include { step_4TY_cgMLST__chewbbaca } from '../steps/step_4TY_cgMLST__chewbbaca'
workflow {
    trimmed   = step_1PP_trimming__chopper(getSingleInput()).trimmed
    assembled = step_2AS_denovo__flye(trimmed).assembly
    step_4TY_cgMLST__chewbbaca(assembled, param('genus_species'), optionalOrDefault('schema', ''))
}
"
"P10_chopper_flye_chewbbaca_sal","P10_chopper_flye_chewbbaca_sal","P10","Nanopore pipeline for Salmonella enterica: chopper trimming + Flye assembly + chewbbaca.","Y","Y","none","","7","7","Y","","","","step_1PP_trimming__chopper, step_2AS_denovo__flye, step_4TY_cgMLST__chewbbaca","step_1PP_trimming__chopper, step_2AS_denovo__flye, step_4TY_cgMLST__chewbbaca","step_1PP_trimming__chopper, step_2AS_denovo__flye, step_4TY_cgMLST__chewbbaca","779","32","3","2","11.9","Pipeline approved! The detailed plan for the Architect has been generated.","nextflow.enable.dsl=2

// --- IMPORTS ---

include { step_1PP_trimming__chopper } from '../steps/step_1PP_trimming__chopper'

include { step_4TY_cgMLST__chewbbaca } from '../steps/step_4TY_cgMLST__chewbbaca'

include { step_2AS_denovo__flye } from '../steps/step_2AS_denovo__flye'

include { getSingleInput } from '../functions/parameters.nf'

// --- GLOBALS ---

def chewbbacaSpecies = 'salmonella_enterica'

def chewbbacaSchema = 's_enterica_chewie_3255_210531'

// --- INLINE PROCESSES ---

// --- SUB WORKFLOWS ---

// --- ENTRYPOINT ---
workflow {
    rawreads = getSingleInput()

    trimmed = step_1PP_trimming__chopper(rawreads).trimmed

    assembly = step_2AS_denovo__flye(trimmed).assembly

    step_4TY_cgMLST__chewbbaca(assembly, chewbbacaSpecies, chewbbacaSchema)
}","nextflow.enable.dsl=2

include { getSingleInput; optionalOrDefault; param } from '../functions/parameters.nf'
include { step_1PP_trimming__chopper } from '../steps/step_1PP_trimming__chopper'
include { step_2AS_denovo__flye } from '../steps/step_2AS_denovo__flye'
include { step_4TY_cgMLST__chewbbaca } from '../steps/step_4TY_cgMLST__chewbbaca'
workflow {
    trimmed   = step_1PP_trimming__chopper(getSingleInput()).trimmed
    assembled = step_2AS_denovo__flye(trimmed).assembly
    step_4TY_cgMLST__chewbbaca(assembled, param('genus_species'), optionalOrDefault('schema', ''))
}
"
"Q01_kmerfinder_fastp_spades_lis","Q01_kmerfinder_fastp_spades_lis","Q01","In parallel, identify the species with kmerfinder and trim+assemble paired Illumina FASTQ of Listeria monocytogenes with fastp + spades.","Y","Y","none","","7","7","Y","","","","step_1PP_trimming__fastp, step_2AS_denovo__spades, step_3TX_species__kmerfinder","step_1PP_trimming__fastp, step_2AS_denovo__spades, step_3TX_species__kmerfinder","step_1PP_trimming__fastp, step_2AS_denovo__spades, step_3TX_species__kmerfinder","941","33","3","2","21.6","Proceeding with the pipeline as approved. Here is the detailed plan for the Nextflow DSL2 pipeline:

### Pipeline Overview
1. **Preprocessing**: Trim paired Illumina FASTQ reads using `step_1PP_trimming__fastp`.
2. **Assembly**: Assemble the trimmed reads using `step_2AS_denovo__spades`.
3. **Specie","nextflow.enable.dsl=2

// --- IMPORTS ---

include { getSingleInput } from '../functions/parameters.nf'

include { step_1PP_trimming__fastp } from '../steps/step_1PP_trimming__fastp'

include { step_2AS_denovo__spades } from '../steps/step_2AS_denovo__spades'

include { step_3TX_species__kmerfinder } from '../steps/step_3TX_species__kmerfinder'

// --- GLOBALS ---

def kmerfinderSpeciesDir = ""${params.assets_dir}/step_3TX_species__kmerfinder/Bacteria_DB""

def kmerfinderViralDir = ""${params.assets_dir}/step_3TX_species__kmerfinder/Viral_DB""

// --- INLINE PROCESSES ---

// --- SUB WORKFLOWS ---

// --- ENTRYPOINT ---
workflow {
    // Step 1: Trimming with fastp
    trimmed = step_1PP_trimming__fastp(getSingleInput()).trimmed

    // Step 2: De novo assembly with SPAdes
    spades_out = step_2AS_denovo__spades(trimmed)

    // Step 3: Species identification with KmerFinder
    step_3TX_species__kmerfinder(spades_out.assembled)
}","nextflow.enable.dsl=2

include { getSingleInput; optionalOrDefault; param } from '../functions/parameters.nf'
include { step_3TX_species__kmerfinder } from '../steps/step_3TX_species__kmerfinder'
include { step_1PP_trimming__fastp } from '../steps/step_1PP_trimming__fastp'
include { step_2AS_denovo__spades } from '../steps/step_2AS_denovo__spades'
workflow {
    raw = getSingleInput()
    step_3TX_species__kmerfinder(raw)
    trimmed   = step_1PP_trimming__fastp(raw).trimmed
    assembled = step_2AS_denovo__spades(trimmed).assembled
}
"
"Q02_kmerfinder_fastp_spades_eco","Q02_kmerfinder_fastp_spades_eco","Q02","In parallel, identify the species with kmerfinder and trim+assemble paired Illumina FASTQ of Escherichia coli with fastp + spades.","Y","Y","none","","7","7","Y","","","","step_1PP_trimming__fastp, step_2AS_denovo__spades, step_3TX_species__kmerfinder","step_3TX_species__kmerfinder, step_1PP_trimming__fastp, step_2AS_denovo__spades","step_1PP_trimming__fastp, step_2AS_denovo__spades, step_3TX_species__kmerfinder","1413","67","3","2","27.9","Your pipeline has been approved and will proceed with the following steps:

1. **Species Identification**: `step_3TX_species__kmerfinder` will identify the species from the raw paired Illumina FASTQ files.
2. **Preprocessing**: `step_1PP_trimming__fastp` will trim the raw reads to remove adapters an","nextflow.enable.dsl=2

// --- IMPORTS ---

include { step_2AS_denovo__spades } from '../steps/step_2AS_denovo__spades'

include { getSingleInput } from '../functions/parameters.nf'

include { step_1PP_trimming__fastp } from '../steps/step_1PP_trimming__fastp'

include { step_3TX_species__kmerfinder } from '../steps/step_3TX_species__kmerfinder'

// --- GLOBALS ---

def speciesRiscd = '231010-020223101000000000-3TX_species-kmerfinder'

def trimRiscd = '231010-020223101000000000-1PP_trimming-fastp'

def assemblyRiscd = '231010-020223101000000000-2AS_denovo-spades'

// --- INLINE PROCESSES ---

// --- SUB WORKFLOWS ---

workflow wf_species_identification {
    
    take:
        
        raw_reads
        
    
    main:
        kmerfinder_out = step_3TX_species__kmerfinder(raw_reads)
    
    emit:
        
        assigned_species = kmerfinder_out.assigned_species
        
    
}

workflow wf_preprocess_assemble {
    
    take:
        
        raw_reads
        
    
    main:
        trimmed_out = step_1PP_trimming__fastp(raw_reads)
        spades_out = step_2AS_denovo__spades(trimmed_out.trimmed)
    
    emit:
        
        assembled = spades_out.assembled
        
    
}

// --- ENTRYPOINT ---
workflow {
    // Species identification (parallel)
    wf_species_identification(getSingleInput())

    // Preprocessing and assembly (parallel)
    wf_preprocess_assemble(getSingleInput())
}","nextflow.enable.dsl=2

include { getSingleInput; optionalOrDefault; param } from '../functions/parameters.nf'
include { step_3TX_species__kmerfinder } from '../steps/step_3TX_species__kmerfinder'
include { step_1PP_trimming__fastp } from '../steps/step_1PP_trimming__fastp'
include { step_2AS_denovo__spades } from '../steps/step_2AS_denovo__spades'
workflow {
    raw = getSingleInput()
    step_3TX_species__kmerfinder(raw)
    trimmed   = step_1PP_trimming__fastp(raw).trimmed
    assembled = step_2AS_denovo__spades(trimmed).assembled
}
"
"Q03_kmerfinder_fastp_spades_sal","Q03_kmerfinder_fastp_spades_sal","Q03","In parallel, identify the species with kmerfinder and trim+assemble paired Illumina FASTQ of Salmonella enterica with fastp + spades.","Y","N","file_not_found","WARN: file not found: '/mnt/data/cohesive_llm_bench_scratch/_shared_inputdir/2026/2026.SAL.129.1.1/0SQ_rawreads/DS99999-DT260224_import/result/*.fastq*'","4","7","N","step_0SQ_rawreads__fastq","","","step_0SQ_rawreads__fastq, step_1PP_trimming__fastp, step_2AS_denovo__spades, step_3TX_species__kmerfinder","step_0SQ_rawreads__fastq, step_1PP_trimming__fastp, step_2AS_denovo__spades, step_3TX_species__kmerfinder","step_1PP_trimming__fastp, step_2AS_denovo__spades, step_3TX_species__kmerfinder","1127","38","4","2","13.0","Pipeline approved. Proceeding with the design.","nextflow.enable.dsl=2

// --- IMPORTS ---

include { step_2AS_denovo__spades } from '../steps/step_2AS_denovo__spades'

include { getSingleInput } from '../functions/parameters.nf'

include { step_3TX_species__kmerfinder } from '../steps/step_3TX_species__kmerfinder'

include { step_1PP_trimming__fastp } from '../steps/step_1PP_trimming__fastp'

include { step_0SQ_rawreads__fastq } from '../steps/step_0SQ_rawreads__fastq'

// --- GLOBALS ---

def kmerfinderSpeciesDir = ""${params.assets_dir}/step_3TX_species__kmerfinder""

def kmerfinderReferenceDir = ""${kmerfinderSpeciesDir}/Bacteria/Fasta/""

// --- INLINE PROCESSES ---

// --- SUB WORKFLOWS ---

// --- ENTRYPOINT ---
workflow {
    // Step 1: Accept paired Illumina FASTQ reads as input
    reads = step_0SQ_rawreads__fastq(getSingleInput()).reads

    // Step 2: Trim reads using fastp
    trimmed = step_1PP_trimming__fastp(reads).trimmed

    // Step 3: Assemble trimmed reads using SPAdes
    assembled = step_2AS_denovo__spades(trimmed).assembled

    // Step 4: Identify species using KmerFinder on assembled contigs
    step_3TX_species__kmerfinder(assembled)
}","nextflow.enable.dsl=2

include { getSingleInput; optionalOrDefault; param } from '../functions/parameters.nf'
include { step_3TX_species__kmerfinder } from '../steps/step_3TX_species__kmerfinder'
include { step_1PP_trimming__fastp } from '../steps/step_1PP_trimming__fastp'
include { step_2AS_denovo__spades } from '../steps/step_2AS_denovo__spades'
workflow {
    raw = getSingleInput()
    step_3TX_species__kmerfinder(raw)
    trimmed   = step_1PP_trimming__fastp(raw).trimmed
    assembled = step_2AS_denovo__spades(trimmed).assembled
}
"
"Q04_kmerfinder_fastp_shovill_lis","Q04_kmerfinder_fastp_shovill_lis","Q04","In parallel, identify the species with kmerfinder and trim+assemble paired Illumina FASTQ of Listeria monocytogenes with fastp + shovill.","Y","Y","none","","7","7","Y","","","","step_1PP_trimming__fastp, step_2AS_denovo__shovill, step_3TX_species__kmerfinder","step_1PP_trimming__fastp, step_2AS_denovo__shovill, step_3TX_species__kmerfinder","step_1PP_trimming__fastp, step_2AS_denovo__shovill, step_3TX_species__kmerfinder","891","30","3","2","10.2","Proceeding with the pipeline design for species identification and assembly of *Listeria monocytogenes* paired Illumina FASTQ reads using fastp, shovill, and kmerfinder.","nextflow.enable.dsl=2

// --- IMPORTS ---

include { getSingleInput } from '../functions/parameters.nf'

include { step_1PP_trimming__fastp } from '../steps/step_1PP_trimming__fastp'

include { step_3TX_species__kmerfinder } from '../steps/step_3TX_species__kmerfinder'

include { step_2AS_denovo__shovill } from '../steps/step_2AS_denovo__shovill'

// --- GLOBALS ---

def step_1PP_trimming__fastp__riscd = '230415-020223041500512127-1PP_trimming-fastp'

def step_2AS_denovo__shovill__riscd = '230415-020223041500512127-2AS_denovo-shovill'

def step_3TX_species__kmerfinder__riscd = '230415-020223041500512127-3TX_species-kmerfinder'

// --- INLINE PROCESSES ---

// --- SUB WORKFLOWS ---

// --- ENTRYPOINT ---
workflow {
    trimmed = step_1PP_trimming__fastp(getSingleInput()).trimmed
    assembly = step_2AS_denovo__shovill(trimmed).assembly
    step_3TX_species__kmerfinder(assembly)
}","nextflow.enable.dsl=2

include { getSingleInput; optionalOrDefault; param } from '../functions/parameters.nf'
include { step_3TX_species__kmerfinder } from '../steps/step_3TX_species__kmerfinder'
include { step_1PP_trimming__fastp } from '../steps/step_1PP_trimming__fastp'
include { step_2AS_denovo__shovill } from '../steps/step_2AS_denovo__shovill'
workflow {
    raw = getSingleInput()
    step_3TX_species__kmerfinder(raw)
    trimmed   = step_1PP_trimming__fastp(raw).trimmed
    assembled = step_2AS_denovo__shovill(trimmed).assembly
}
"
"Q05_kmerfinder_fastp_shovill_eco","Q05_kmerfinder_fastp_shovill_eco","Q05","In parallel, identify the species with kmerfinder and trim+assemble paired Illumina FASTQ of Escherichia coli with fastp + shovill.","Y","N","silent_no_op","No process placeholders appeared. when: clause filtered everything?","0","7","Y","","","","step_1PP_trimming__fastp, step_2AS_denovo__shovill, step_3TX_species__kmerfinder","step_3TX_species__kmerfinder, step_1PP_trimming__fastp, step_2AS_denovo__shovill","step_1PP_trimming__fastp, step_2AS_denovo__shovill, step_3TX_species__kmerfinder","1616","88","3","2","21.2","Understood! The pipeline will proceed with the following steps in parallel:

1. **Species Identification**: `step_3TX_species__kmerfinder` (KmerFinder) to identify the species from the raw reads.
2. **Trimming**: `step_1PP_trimming__fastp` to trim the Illumina FASTQ reads.
3. **Assembly**: `step_2AS","nextflow.enable.dsl=2

// --- IMPORTS ---

include { getSingleInput } from '../functions/parameters.nf'

include { step_1PP_trimming__fastp } from '../steps/step_1PP_trimming__fastp'

include { step_3TX_species__kmerfinder } from '../steps/step_3TX_species__kmerfinder'

include { step_2AS_denovo__shovill } from '../steps/step_2AS_denovo__shovill'

// --- GLOBALS ---

def params = [:]

def workflow = [:]

// --- INLINE PROCESSES ---

// --- SUB WORKFLOWS ---

workflow wf_ecoli_species_identification {
    
    take:
        
        raw_reads
        
    
    main:
        kmerfinder_out = step_3TX_species__kmerfinder(raw_reads)
    
    emit:
        
        assigned_species = kmerfinder_out.assigned_species
        
    
}

workflow wf_ecoli_trimming {
    
    take:
        
        raw_reads
        
    
    main:
        fastp_out = step_1PP_trimming__fastp(raw_reads)
    
    emit:
        
        trimmed = fastp_out.trimmed
        
    
}

workflow wf_ecoli_assembly {
    
    take:
        
        trimmed_reads
        
    
    main:
        shovill_out = step_2AS_denovo__shovill(trimmed_reads)
    
    emit:
        
        assembly = shovill_out.assembly
        
    
}

// --- ENTRYPOINT ---
workflow {
    // Parallel species identification and trimming
    raw_reads = getSingleInput()

    // Species identification (KmerFinder)
    wf_ecoli_species_identification(raw_reads)

    // Trimming (fastp)
    wf_ecoli_trimming(raw_reads)

    // Assembly (Shovill) - depends on trimmed reads
    trimmed_reads = wf_ecoli_trimming.out.trimmed
    wf_ecoli_assembly(trimmed_reads)
}","nextflow.enable.dsl=2

include { getSingleInput; optionalOrDefault; param } from '../functions/parameters.nf'
include { step_3TX_species__kmerfinder } from '../steps/step_3TX_species__kmerfinder'
include { step_1PP_trimming__fastp } from '../steps/step_1PP_trimming__fastp'
include { step_2AS_denovo__shovill } from '../steps/step_2AS_denovo__shovill'
workflow {
    raw = getSingleInput()
    step_3TX_species__kmerfinder(raw)
    trimmed   = step_1PP_trimming__fastp(raw).trimmed
    assembled = step_2AS_denovo__shovill(trimmed).assembly
}
"
"Q06_kmerfinder_fastp_shovill_sal","Q06_kmerfinder_fastp_shovill_sal","Q06","In parallel, identify the species with kmerfinder and trim+assemble paired Illumina FASTQ of Salmonella enterica with fastp + shovill.","Y","N","silent_no_op","No process placeholders appeared. when: clause filtered everything?","0","7","Y","","","","step_1PP_trimming__fastp, step_2AS_denovo__shovill, step_3TX_species__kmerfinder","step_1PP_trimming__fastp, step_2AS_denovo__shovill, step_3TX_species__kmerfinder","step_1PP_trimming__fastp, step_2AS_denovo__shovill, step_3TX_species__kmerfinder","826","33","3","2","12.3","Your pipeline has been approved and will proceed with the following steps:

1. **Trimming**: Paired Illumina FASTQ reads will be trimmed using `step_1PP_trimming__fastp`.
2. **Assembly**: The trimmed reads will be assembled using `step_2AS_denovo__shovill`.
3. **Species Identification**: The assembl","nextflow.enable.dsl=2

// --- IMPORTS ---

include { getSingleInput } from '../functions/parameters.nf'

include { step_1PP_trimming__fastp } from '../steps/step_1PP_trimming__fastp'

include { step_3TX_species__kmerfinder } from '../steps/step_3TX_species__kmerfinder'

include { step_2AS_denovo__shovill } from '../steps/step_2AS_denovo__shovill'

// --- GLOBALS ---

def params = [:]

def workflow = [:]

// --- INLINE PROCESSES ---

// --- SUB WORKFLOWS ---

// --- ENTRYPOINT ---
workflow {
    // Step 1: Trim paired Illumina FASTQ reads using fastp
    trimmed = step_1PP_trimming__fastp(getSingleInput()).trimmed

    // Step 2: Assemble trimmed reads using shovill
    assembly = step_2AS_denovo__shovill(trimmed).assembly

    // Step 3: Identify species using KmerFinder
    step_3TX_species__kmerfinder(assembly)
}","nextflow.enable.dsl=2

include { getSingleInput; optionalOrDefault; param } from '../functions/parameters.nf'
include { step_3TX_species__kmerfinder } from '../steps/step_3TX_species__kmerfinder'
include { step_1PP_trimming__fastp } from '../steps/step_1PP_trimming__fastp'
include { step_2AS_denovo__shovill } from '../steps/step_2AS_denovo__shovill'
workflow {
    raw = getSingleInput()
    step_3TX_species__kmerfinder(raw)
    trimmed   = step_1PP_trimming__fastp(raw).trimmed
    assembled = step_2AS_denovo__shovill(trimmed).assembly
}
"
"Q07_mash_fastp_spades_lis","Q07_mash_fastp_spades_lis","Q07","In parallel, identify the species with mash and trim+assemble paired Illumina FASTQ of Listeria monocytogenes with fastp + spades.","Y","Y","none","","7","7","Y","","","","step_1PP_trimming__fastp, step_2AS_denovo__spades, step_3TX_species__mash","step_1PP_trimming__fastp, step_3TX_species__mash, step_2AS_denovo__spades","step_1PP_trimming__fastp, step_2AS_denovo__spades, step_3TX_species__mash","1300","72","3","2","17.3","Pipeline approved. The detailed plan for the Architect Agent will be generated now.","nextflow.enable.dsl=2

// --- IMPORTS ---

include { step_2AS_denovo__spades } from '../steps/step_2AS_denovo__spades'

include { step_3TX_species__mash } from '../steps/step_3TX_species__mash'

include { getSingleInput } from '../functions/parameters.nf'

include { step_1PP_trimming__fastp } from '../steps/step_1PP_trimming__fastp'

// --- GLOBALS ---

def stepNameTrimming = '1PP_trimming'

def methodNameTrimming = 'fastp'

def stepNameSpecies = '3TX_species'

def methodNameSpecies = 'mash'

def stepNameAssembly = '2AS_denovo'

def methodNameAssembly = 'spades'

// --- INLINE PROCESSES ---

// --- SUB WORKFLOWS ---

workflow wf_trim_and_identify {
    
    take:
        
        rawReads
        
    
    main:
        fastpOut = step_1PP_trimming__fastp(rawReads)
        step_3TX_species__mash(fastpOut.trimmed)
    
    emit:
        
        trimmed = fastpOut.trimmed
        
    
}

workflow wf_assemble_from_trimmed {
    
    take:
        
        trimmed
        
    
    main:
        spadesOut = step_2AS_denovo__spades(trimmed)
    
    emit:
        
        assembled = spadesOut.assembled
        
    
}

// --- ENTRYPOINT ---
workflow {
    rawReads = getSingleInput()

    wf_trim_and_identify(rawReads)
    wf_assemble_from_trimmed(wf_trim_and_identify.out.trimmed)
}","nextflow.enable.dsl=2

include { getSingleInput; optionalOrDefault; param } from '../functions/parameters.nf'
include { step_3TX_species__mash } from '../steps/step_3TX_species__mash'
include { step_1PP_trimming__fastp } from '../steps/step_1PP_trimming__fastp'
include { step_2AS_denovo__spades } from '../steps/step_2AS_denovo__spades'
workflow {
    raw = getSingleInput()
    step_3TX_species__mash(raw)
    trimmed   = step_1PP_trimming__fastp(raw).trimmed
    assembled = step_2AS_denovo__spades(trimmed).assembled
}
"
"Q08_mash_fastp_spades_eco","Q08_mash_fastp_spades_eco","Q08","In parallel, identify the species with mash and trim+assemble paired Illumina FASTQ of Escherichia coli with fastp + spades.","Y","N","file_not_found","WARN: file not found: '/mnt/data/cohesive_llm_bench_scratch/_shared_inputdir/2026/2026.ECO.129.1.1/0SQ_rawreads/DS99999-DT260224_import/result/*.fastq*'","0","7","Y","","","","step_1PP_trimming__fastp, step_2AS_denovo__spades, step_3TX_species__mash","step_1PP_trimming__fastp, step_3TX_species__mash, step_2AS_denovo__spades","step_1PP_trimming__fastp, step_2AS_denovo__spades, step_3TX_species__mash","1056","37","3","2","18.0","Pipeline approved. The Nextflow DSL2 pipeline will be built as follows:

1. **Input**: Paired Illumina FASTQ reads (Escherichia coli).
2. **Trimming**: `step_1PP_trimming__fastp` (fastp) to trim the reads.
3. **Species Identification**: `step_3TX_species__mash` (Mash) to identify the species from th","nextflow.enable.dsl=2

// --- IMPORTS ---

include { getSingleInput } from '../functions/parameters.nf'

include { step_3TX_species__mash } from '../steps/step_3TX_species__mash'

include { step_1PP_trimming__fastp } from '../steps/step_1PP_trimming__fastp'

include { step_2AS_denovo__spades } from '../steps/step_2AS_denovo__spades'

// --- GLOBALS ---

def step_1PP_trimming__fastp = '../steps/1PP_trimming__fastp.nf'

def step_3TX_species__mash = '../steps/3TX_species__mash.nf'

def step_2AS_denovo__spades = '../steps/2AS_denovo__spades.nf'

// --- INLINE PROCESSES ---

// --- SUB WORKFLOWS ---

// --- ENTRYPOINT ---
workflow {
    trimmed = step_1PP_trimming__fastp(getSingleInput())

    // Species identification (Mash) - runs in parallel on trimmed reads
    step_3TX_species__mash(trimmed)

    // Assembly (SPAdes) - runs in parallel on trimmed reads
    assembled = step_2AS_denovo__spades(trimmed)

    // Publish assembly results (optional downstream usage)
    publishDir mode: 'rellink', ""${params.outdir}/assembly"", pattern: '*.fasta'
}","nextflow.enable.dsl=2

include { getSingleInput; optionalOrDefault; param } from '../functions/parameters.nf'
include { step_3TX_species__mash } from '../steps/step_3TX_species__mash'
include { step_1PP_trimming__fastp } from '../steps/step_1PP_trimming__fastp'
include { step_2AS_denovo__spades } from '../steps/step_2AS_denovo__spades'
workflow {
    raw = getSingleInput()
    step_3TX_species__mash(raw)
    trimmed   = step_1PP_trimming__fastp(raw).trimmed
    assembled = step_2AS_denovo__spades(trimmed).assembled
}
"
"Q09_mash_fastp_spades_sal","Q09_mash_fastp_spades_sal","Q09","In parallel, identify the species with mash and trim+assemble paired Illumina FASTQ of Salmonella enterica with fastp + spades.","Y","Y","none","","7","7","Y","","","","step_1PP_trimming__fastp, step_2AS_denovo__spades, step_3TX_species__mash","step_3TX_species__mash, step_1PP_trimming__fastp, step_2AS_denovo__spades","step_1PP_trimming__fastp, step_2AS_denovo__spades, step_3TX_species__mash","993","42","3","2","13.0","Your pipeline has been approved and will proceed with the following steps:

1. **Species Identification**: Use `step_3TX_species__mash` to identify the species from the raw paired Illumina FASTQ reads of *Salmonella enterica*.
2. **Preprocessing**: Trim the reads using `step_1PP_trimming__fastp`.
3.","nextflow.enable.dsl=2

// --- IMPORTS ---

include { step_2AS_denovo__spades } from '../steps/step_2AS_denovo__spades'

include { step_3TX_species__mash } from '../steps/step_3TX_species__mash'

include { getSingleInput } from '../functions/parameters.nf'

include { step_1PP_trimming__fastp } from '../steps/step_1PP_trimming__fastp'

// --- GLOBALS ---

def seqType = 'illumina_paired'

// --- INLINE PROCESSES ---

// --- SUB WORKFLOWS ---

// --- ENTRYPOINT ---
workflow {
    rawreads = getSingleInput()

    // Parallel species identification with Mash
    mash_out = step_3TX_species__mash(rawreads)

    // Parallel trimming with fastp
    trimmed = step_1PP_trimming__fastp(rawreads).trimmed

    // Assembly of trimmed reads with SPAdes
    spades_out = step_2AS_denovo__spades(trimmed)

    // Publish Mash species identification report
    mash_out.set { _ }

    // Publish trimmed reads
    trimmed.set { _ }

    // Publish assembled contigs
    spades_out.assembled.set { _ }
}","nextflow.enable.dsl=2

include { getSingleInput; optionalOrDefault; param } from '../functions/parameters.nf'
include { step_3TX_species__mash } from '../steps/step_3TX_species__mash'
include { step_1PP_trimming__fastp } from '../steps/step_1PP_trimming__fastp'
include { step_2AS_denovo__spades } from '../steps/step_2AS_denovo__spades'
workflow {
    raw = getSingleInput()
    step_3TX_species__mash(raw)
    trimmed   = step_1PP_trimming__fastp(raw).trimmed
    assembled = step_2AS_denovo__spades(trimmed).assembled
}
"
"Q10_mash_fastp_shovill_lis","Q10_mash_fastp_shovill_lis","Q10","In parallel, identify the species with mash and trim+assemble paired Illumina FASTQ of Listeria monocytogenes with fastp + shovill.","Y","Y","none","","8","7","Y","","","","step_1PP_trimming__fastp, step_2AS_denovo__shovill, step_3TX_species__mash","step_2AS_denovo__shovill, step_3TX_species__mash, step_1PP_trimming__fastp","step_1PP_trimming__fastp, step_2AS_denovo__shovill, step_3TX_species__mash","1526","70","3","2","24.2","Pipeline approved. Proceeding with the detailed plan for parallel species identification (Mash) and trimming+assembly (fastp + shovill) for Listeria monocytogenes.","nextflow.enable.dsl=2

// --- IMPORTS ---

include { getSingleInput } from '../functions/parameters.nf'

include { step_1PP_trimming__fastp } from '../steps/step_1PP_trimming__fastp'

include { step_2AS_denovo__shovill } from '../steps/step_2AS_denovo__shovill'

include { module_qc_quast } from '../modules/module_qc_quast'

include { step_3TX_species__mash } from '../steps/step_3TX_species__mash'

include { module_qc_fastqc } from '../modules/module_qc_fastqc'

// --- GLOBALS ---

def mashDbPath = ""${params.assets_dir}/mash/refseq/refseq.genomes.k21s1000.msh""

def mashGramPath = ""${params.assets_dir}/mash/BACTpipe/resources/gram_stain.txt""

// --- INLINE PROCESSES ---

// --- SUB WORKFLOWS ---

workflow wf_trim_and_assemble {
    
    take:
        
        trimmed
        
    
    main:
        shovill_out = step_2AS_denovo__shovill(trimmed)
        module_qc_quast(shovill_out.assembly)
    
    emit:
        
        assembly = shovill_out.assembly
        
    
}

workflow wf_species_id {
    
    take:
        
        reads
        
    
    main:
        step_3TX_species__mash(reads)
    
}

// --- ENTRYPOINT ---
workflow {
    // Instantiate input channels
    reads_ch = getSingleInput()
    mash_db_ch = Channel.fromPath(mashDbPath)

    // Parallel execution: trimming+assembly and species identification
    trimmed = step_1PP_trimming__fastp(reads_ch)
    wf_trim_and_assemble(trimmed)
    wf_species_id(reads_ch)

    // Optional: QC on raw reads (if needed)
    // module_qc_fastqc(reads_ch)
}","nextflow.enable.dsl=2

include { getSingleInput; optionalOrDefault; param } from '../functions/parameters.nf'
include { step_3TX_species__mash } from '../steps/step_3TX_species__mash'
include { step_1PP_trimming__fastp } from '../steps/step_1PP_trimming__fastp'
include { step_2AS_denovo__shovill } from '../steps/step_2AS_denovo__shovill'
workflow {
    raw = getSingleInput()
    step_3TX_species__mash(raw)
    trimmed   = step_1PP_trimming__fastp(raw).trimmed
    assembled = step_2AS_denovo__shovill(trimmed).assembly
}
"
"R01_kmerfinder_cam","R01_kmerfinder_cam","R01","kmerfinder on paired Illumina FASTQ of Campylobacter jejuni.","Y","Y","file_not_found","WARN: file not found: '/mnt/data/cohesive_llm_bench_scratch/_shared_inputdir/2026/2026.CAM.135.1.1/0SQ_rawreads/DS99999-DT260224_import/result/*.fastq*'","7","1","N","step_1PP_trimming__fastp, step_2AS_denovo__spades","","","step_1PP_trimming__fastp, step_2AS_denovo__spades, step_3TX_species__kmerfinder","step_1PP_trimming__fastp, step_2AS_denovo__spades, step_3TX_species__kmerfinder","step_3TX_species__kmerfinder","1240","38","3","2","21.8","Understood! The pipeline for **Campylobacter jejuni** species identification using KmerFinder on paired Illumina FASTQ reads has been approved. Here is the detailed plan for the Architect Agent:

---

### **Draft Plan for Architect Agent**

#### **Objective**: Species identification of *Campylobacte","nextflow.enable.dsl=2

// --- IMPORTS ---

include { getSingleInput } from '../functions/parameters.nf'

include { step_1PP_trimming__fastp } from '../steps/step_1PP_trimming__fastp'

include { step_2AS_denovo__spades } from '../steps/step_2AS_denovo__spades'

include { step_3TX_species__kmerfinder } from '../steps/step_3TX_species__kmerfinder'

// --- GLOBALS ---

def step_1PP_trimming__fastp__riscd = '230412-020223041200512127-1PP_trimming-fastp'

def step_2AS_denovo__spades__riscd = '230412-020223041200512127-2AS_denovo-spades'

def step_3TX_species__kmerfinder__riscd = '230412-020223041200512127-3TX_species-kmerfinder'

// --- INLINE PROCESSES ---

// --- SUB WORKFLOWS ---

// --- ENTRYPOINT ---
workflow {
    // Step 1: Trimming with fastp
    trimmed = step_1PP_trimming__fastp(getSingleInput()).trimmed

    // Step 2: Assembly with SPAdes
    spades_out = step_2AS_denovo__spades(trimmed)

    // Step 3: Species identification with KmerFinder
    kmerfinder_out = step_3TX_species__kmerfinder(spades_out.assembled)

    // Publish KmerFinder output (species identification report)
    publishDir mode: 'rellink', ""${params.outdir}/species_identification"", pattern: '*.tsv', saveAs: { filename -> flattenPath(filename) }
}","nextflow.enable.dsl=2

include { getInput; optionalOrDefault; param } from '../functions/parameters.nf'
include { step_3TX_species__kmerfinder } from '../steps/step_3TX_species__kmerfinder'
workflow {
    step_3TX_species__kmerfinder(getInput())
}
"
"R02_kmerfinder_sal","R02_kmerfinder_sal","R02","kmerfinder on paired Illumina FASTQ of Salmonella enterica.","Y","Y","none","","9","1","N","step_1PP_trimming__fastp, step_2AS_denovo__spades, step_4AN_AMR__abricate, step_4AN_genes__prokka","","","step_1PP_trimming__fastp, step_2AS_denovo__spades, step_3TX_species__kmerfinder, step_4AN_AMR__abricate, step_4AN_genes__prokka","step_1PP_trimming__fastp, step_2AS_denovo__spades, step_3TX_species__kmerfinder, step_4AN_genes__prokka, step_4AN_AMR__abricate","step_3TX_species__kmerfinder","1862","56","5","2","15.3","Your pipeline has been approved and will proceed with the following steps:

1. **Preprocessing**: Trim raw Illumina paired-end FASTQ reads using `fastp`.
2. **Assembly**: Assemble the trimmed reads into contigs using SPAdes.
3. **Species Identification**: Confirm species as *Salmonella enterica* usi","nextflow.enable.dsl=2

// --- IMPORTS ---

include { step_4AN_AMR__abricate } from '../steps/step_4AN_AMR__abricate'

include { step_2AS_denovo__spades } from '../steps/step_2AS_denovo__spades'

include { getSingleInput } from '../functions/parameters.nf'

include { step_3TX_species__kmerfinder } from '../steps/step_3TX_species__kmerfinder'

include { step_4AN_genes__prokka } from '../steps/step_4AN_genes__prokka'

include { getEmpty } from '../functions/common.nf'

include { step_1PP_trimming__fastp } from '../steps/step_1PP_trimming__fastp'

// --- GLOBALS ---

def kingdom = 'Bacteria'

def step_1PP_trimming__fastp_riscd = '230405-020223040500512127-1PP_trimming-fastp'

def step_2AS_denovo__spades_riscd = '230405-020223040500512127-2AS_denovo-spades'

def step_3TX_species__kmerfinder_riscd = '230405-020223040500512127-3TX_species-kmerfinder'

def step_4AN_genes__prokka_riscd = '230405-020223040500512127-4AN_genes-prokka'

def step_4AN_AMR__abricate_riscd = '230405-020223040500512127-4AN_AMR-abricate'

// --- INLINE PROCESSES ---

// --- SUB WORKFLOWS ---

// --- ENTRYPOINT ---
workflow {
    // Step 1: Trimming
    trimmed = step_1PP_trimming__fastp(getSingleInput()).map { [ step_1PP_trimming__fastp_riscd, it[1], it[2] ] }

    // Step 2: Assembly
    assembly = step_2AS_denovo__spades(trimmed).map { [ step_2AS_denovo__spades_riscd, it[1], it[2] ] }

    // Step 3: Species Identification
    species_out = step_3TX_species__kmerfinder(assembly).map { [ step_3TX_species__kmerfinder_riscd, it[1], it[2] ] }

    // Step 4: Gene Annotation
    prokka_in = assembly.multiMap {
        assembly: [ step_4AN_genes__prokka_riscd, it[1], it[2], '-', '-', getEmpty() ]
    }
    step_4AN_genes__prokka(prokka_in.assembly)

    // Step 5: AMR Detection
    step_4AN_AMR__abricate(assembly.map { [ step_4AN_AMR__abricate_riscd, it[1], it[2] ] })
}","nextflow.enable.dsl=2

include { getInput; optionalOrDefault; param } from '../functions/parameters.nf'
include { step_3TX_species__kmerfinder } from '../steps/step_3TX_species__kmerfinder'
workflow {
    step_3TX_species__kmerfinder(getInput())
}
"
"R03_mash_sal","R03_mash_sal","R03","mash on paired Illumina FASTQ of Salmonella enterica.","Y","N","missing_param","ERROR ~ missing required param: step_3TX_species__kmerfinder__db","0","1","N","step_3TX_species__kmerfinder","step_3TX_species__mash","","step_3TX_species__kmerfinder","step_3TX_species__kmerfinder","step_3TX_species__mash","540","23","1","2","8.9","Understood! Proceeding with **KmerFinder (`step_3TX_species__kmerfinder`)** for species identification of *Salmonella enterica* from paired Illumina FASTQ data.","nextflow.enable.dsl=2

// --- IMPORTS ---

include { getSingleInput } from '../functions/parameters.nf'

include { step_3TX_species__kmerfinder } from '../steps/step_3TX_species__kmerfinder'

// --- GLOBALS ---

def kmerfinderSpeciesDir = ""${params.assets_dir}/step_3TX_species__kmerfinder__db""

// --- INLINE PROCESSES ---

// --- SUB WORKFLOWS ---

// --- ENTRYPOINT ---
workflow {
    def reads = getSingleInput()

    // Directly pass paired FASTQ files to KmerFinder for species identification
    step_3TX_species__kmerfinder(reads)
}","nextflow.enable.dsl=2

include { getSingleInput; optionalOrDefault; param } from '../functions/parameters.nf'
include { step_3TX_species__mash } from '../steps/step_3TX_species__mash'
workflow {
    step_3TX_species__mash(getSingleInput())
}
"
"R04_mash_eco","R04_mash_eco","R04","mash on paired Illumina FASTQ of Escherichia coli.","Y","Y","file_not_found","WARN: file not found: '/mnt/data/cohesive_llm_bench_scratch/_shared_inputdir/2026/2026.ECO.130.1.1/0SQ_rawreads/DS99999-DT260224_import/result/*.fastq*'","4","1","N","step_1PP_trimming__fastp, step_2AS_denovo__spades","","","step_1PP_trimming__fastp, step_2AS_denovo__spades, step_3TX_species__mash","step_1PP_trimming__fastp, step_3TX_species__mash, step_2AS_denovo__spades","step_3TX_species__mash","1635","77","3","2","12.0","Proceeding with the approved pipeline for *Escherichia coli* paired Illumina FASTQ reads using Mash for species classification.","nextflow.enable.dsl=2

// --- IMPORTS ---

include { step_2AS_denovo__spades } from '../steps/step_2AS_denovo__spades'

include { step_3TX_species__mash } from '../steps/step_3TX_species__mash'

include { getSingleInput } from '../functions/parameters.nf'

include { step_1PP_trimming__fastp } from '../steps/step_1PP_trimming__fastp'

// --- GLOBALS ---

def params = ""${params}""

// --- INLINE PROCESSES ---

// --- SUB WORKFLOWS ---

workflow wf_ecoli_trimming {
    
    take:
        
        rawreads
        
    
    main:
        trimmed = step_1PP_trimming__fastp(rawreads).trimmed
    
    emit:
        
        trimmed
        
    
}

workflow wf_ecoli_species_classification {
    
    take:
        
        trimmed
        
    
    main:
        step_3TX_species__mash(trimmed)
        species_assignment = mash_out
    
    emit:
        
        species_assignment
        
    
}

// --- ENTRYPOINT ---
workflow {
    // Step 1: Trimming
    trimmed = wf_ecoli_trimming(getSingleInput())

    // Step 2: Species Classification
    species_assignment = wf_ecoli_species_classification(trimmed)

    // Optional Step 3: Genome Assembly (only if species is Escherichia coli)
    // Check species assignment and proceed conditionally
    species_assignment.branch {
        escherichia_coli: it.text.contains('Escherichia coli')
        other: true
    }.set { species_branch }

    assembled = species_branch.escherichia_coli.collectFile {
        step_2AS_denovo__spades(trimmed).assembled
    }

    // Emit final outputs (handled by publishDir in processes)
    // No explicit emit in entrypoint per schema rules
}","nextflow.enable.dsl=2

include { getSingleInput; optionalOrDefault; param } from '../functions/parameters.nf'
include { step_3TX_species__mash } from '../steps/step_3TX_species__mash'
workflow {
    step_3TX_species__mash(getSingleInput())
}
"
"R05_kraken2_lis","R05_kraken2_lis","R05","kraken2 on paired Illumina FASTQ of Listeria monocytogenes.","Y","N","missing_param","ERROR ~ missing required param: step_3TX_species__kmerfinder__db","0","2","N","step_0SQ_rawreads__fastq, step_3TX_species__kmerfinder","","","step_0SQ_rawreads__fastq, step_3TX_class__kraken2, step_3TX_species__kmerfinder","step_0SQ_rawreads__fastq, step_3TX_class__kraken2, step_3TX_species__kmerfinder","step_3TX_class__kraken2","1334","42","3","2","12.5","Pipeline approved. Proceeding with the following steps:

1. **Quality Control**: `step_0SQ_rawreads__fastq` for raw read assessment.
2. **Taxonomic Classification**: `step_3TX_class__kraken2` for genus-level classification.
3. **Species Identification**: `step_3TX_species__kmerfinder` for species-le","nextflow.enable.dsl=2

// --- IMPORTS ---

include { step_3TX_class__kraken2 } from '../steps/step_3TX_class__kraken2'

include { getSingleInput } from '../functions/parameters.nf'

include { step_0SQ_rawreads__fastq } from '../steps/step_0SQ_rawreads__fastq'

include { step_3TX_species__kmerfinder } from '../steps/step_3TX_species__kmerfinder'

// --- GLOBALS ---

def step_0SQ_rawreads__fastq = '../steps/step_0SQ_rawreads__fastq.nf'

def step_3TX_class__kraken2 = '../steps/step_3TX_class__kraken2.nf'

def step_3TX_species__kmerfinder = '../steps/step_3TX_species__kmerfinder.nf'

// --- INLINE PROCESSES ---

// --- SUB WORKFLOWS ---

// --- ENTRYPOINT ---
workflow {
    rawreads = getSingleInput()

    // Step 1: Quality Control (QC) of Raw Reads
    step_0SQ_rawreads__fastq(rawreads)

    // Step 2: Taxonomic Classification with Kraken2
    kraken2_out = step_3TX_class__kraken2(rawreads)

    // Step 3: Species-Level Identification with KmerFinder
    kmerfinder_out = step_3TX_species__kmerfinder(rawreads)

    // Emit the genus_report and assigned_species channels for downstream use
    // Note: These are the named emits from the respective processes
    // Kraken2 emits 'genus_report' and KmerFinder emits 'assigned_species'
    // No further processing needed as the outputs are already in the required format
}","nextflow.enable.dsl=2

include { getSingleInput; optionalOrDefault; param } from '../functions/parameters.nf'
include { step_3TX_class__kraken2 } from '../steps/step_3TX_class__kraken2'
workflow {
    step_3TX_class__kraken2(getSingleInput())
}
"
"R06_kraken2_eco","R06_kraken2_eco","R06","kraken2 on paired Illumina FASTQ of Escherichia coli.","Y","N","missing_param","ERROR ~ missing required param: hosts_dir","0","2","N","step_1PP_hostdepl__bowtie, step_2AS_denovo__spades","","","step_1PP_hostdepl__bowtie, step_2AS_denovo__spades, step_3TX_class__kraken2","step_3TX_class__kraken2, step_1PP_hostdepl__bowtie, step_2AS_denovo__spades","step_3TX_class__kraken2","2528","107","3","2","38.4","Your pipeline has been approved and will proceed with the following steps:

1. **Quality Control**: FastQC (`step_0SQ_rawreads__fastq`) to assess read quality.
2. **Taxonomic Classification**: Kraken2 (`step_3TX_class__kraken2`) for species identification and classification.
3. **Optional Host Deple","nextflow.enable.dsl=2

// --- IMPORTS ---

include { extractKey } from '../functions/common.nf'

include { getSingleInput; isIlluminaPaired } from '../functions/parameters.nf'

include { step_3TX_class__kraken2 } from '../steps/step_3TX_class__kraken2'

include { step_1PP_hostdepl__bowtie } from '../steps/step_1PP_hostdepl__bowtie'

include { step_2AS_denovo__spades } from '../steps/step_2AS_denovo__spades'

include { module_qc_fastqc } from '../modules/module_qc_fastqc'

// --- GLOBALS ---

def seqType = 'illumina_paired'

def hostRiscd = '220308-020220308005121273-1PP_hostdepl-external'

def hostCode = 'GRCh38'

def hostPath = ""${params.assets_dir}/module_covid_emergency/GRCh38.fasta""

// --- INLINE PROCESSES ---

// --- SUB WORKFLOWS ---

workflow wf_taxonomic_classification {
    
    take:
        
        raw_reads
        
    
    main:
        raw_reads.branch {
            illumina: isIlluminaPaired(it[1])
            other: true
        }.set { ch_tech }

        // Run FastQC on raw reads
        module_qc_fastqc(ch_tech.illumina)

        // Taxonomic classification with Kraken2
        kraken2_out = step_3TX_class__kraken2(ch_tech.illumina)
    
    emit:
        
        genus_report = kraken2_out.genus_report
        
    
}

workflow wf_host_depletion {
    
    take:
        
        raw_reads
        
        host_ref
        
    
    main:
        raw_reads.cross(host_ref) { extractKey(it) }.map { [ it[0][0], it[0][1], it[1][1] ] }.set { prep }

        // Perform host depletion using Bowtie
        depleted = step_1PP_hostdepl__bowtie(prep)
    
}

workflow wf_assembly {
    
    take:
        
        reads_for_assembly
        
    
    main:
        // Assemble reads using SPAdes
        spades_out = step_2AS_denovo__spades(reads_for_assembly)
    
    emit:
        
        assembled = spades_out.assembled
        
    
}

// --- ENTRYPOINT ---
workflow {
    // Step 1: Taxonomic classification
    raw_reads = getSingleInput()
    wf_taxonomic_classification(raw_reads)

    // Step 2: Optional host depletion (decision based on Kraken2 results would be manual; here we assume it's needed)
    // Prepare host reference
    host_ref = [ hostRiscd, hostCode, file(hostPath) ]
    wf_host_depletion(raw_reads, host_ref)

    // Step 3: Optional assembly (using host-depleted reads)
    // Note: In a real pipeline, this would be conditional based on user input or Kraken2 results
    // Here we assume assembly is desired after host depletion
    wf_assembly(depleted)
}","nextflow.enable.dsl=2

include { getSingleInput; optionalOrDefault; param } from '../functions/parameters.nf'
include { step_3TX_class__kraken2 } from '../steps/step_3TX_class__kraken2'
workflow {
    step_3TX_class__kraken2(getSingleInput())
}
"
"R07_kraken2_sal","R07_kraken2_sal","R07","kraken2 on paired Illumina FASTQ of Salmonella enterica.","Y","N","missing_param","ERROR ~ missing required param: step_3TX_species__kmerfinder__db","0","2","N","step_2AS_mapping__bowtie, step_3TX_species__kmerfinder, step_4AN_AMR__abricate, step_4AN_AMR__staramr, step_4AN_genes__prokka, step_4TY_MLST__mlst, step_4TY_cgMLST__chewbbaca, step_4TY_flaA__flaA","step_3TX_class__kraken2","","step_2AS_mapping__bowtie, step_3TX_species__kmerfinder, step_4AN_AMR__abricate, step_4AN_AMR__staramr, step_4AN_genes__prokka, step_4TY_MLST__mlst, step_4TY_cgMLST__chewbbaca, step_4TY_flaA__flaA","step_3TX_species__kmerfinder, step_2AS_mapping__bowtie, step_4AN_AMR__abricate, step_4AN_genes__prokka, step_4AN_AMR__staramr, step_4TY_MLST__mlst, step_4TY_flaA__flaA, step_4TY_cgMLST__chewbbaca","step_3TX_class__kraken2","2391","80","8","2","14.2","Understood! I will proceed with the full bacterial typing pipeline for *Salmonella enterica* using the `module_typing_bacteria` template. This will include preprocessing, assembly, AMR gene detection, species confirmation, and typing steps.","nextflow.enable.dsl=2

// --- IMPORTS ---

include { step_4AN_AMR__abricate } from '../steps/step_4AN_AMR__abricate'

include { step_4TY_MLST__mlst } from '../steps/step_4TY_MLST__mlst'

include { extractKey; getEmpty } from '../functions/common.nf'

include { getAssembly; getTrimmedReads } from '../functions/parameters.nf'

include { step_4TY_cgMLST__chewbbaca } from '../steps/step_4TY_cgMLST__chewbbaca'

include { step_2AS_mapping__bowtie } from '../steps/step_2AS_mapping__bowtie'

include { step_4AN_AMR__staramr } from '../steps/step_4AN_AMR__staramr'

include { step_3TX_species__kmerfinder } from '../steps/step_3TX_species__kmerfinder'

include { step_4AN_genes__prokka } from '../steps/step_4AN_genes__prokka'

include { step_4TY_flaA__flaA } from '../steps/step_4TY_flaA__flaA'

// --- GLOBALS ---

def genusSpecies = 'Salmonella_enterica'

def schema = ""${params.assets_dir}/module_typing_bacteria/salmonella_cgmlst_schema""

// --- INLINE PROCESSES ---

// --- SUB WORKFLOWS ---

workflow wf_salmonella_typing {
    
    take:
        
        trimmed
        
        assembly
        
    
    main:
        assigned_species = step_3TX_species__kmerfinder(assembly).assigned_species

        if (!params.skip_bestref_mapping) {
            trimmed.cross(assigned_species) { extractKey(it) }.multiMap { 
                trimmed: it[0]
                species: it[1][1]
                referencePath: it[1][2]
            }.set { trimAndAndSpecies }
            step_2AS_mapping__bowtie(trimAndAndSpecies.trimmed, trimAndAndSpecies.referencePath)
        }

        step_4AN_AMR__abricate(assembly)

        step_4AN_genes__prokka(assembly.map{ [ it[0], it[1], 'Bacteria', '-', '-', getEmpty() ] })

        assembly.cross(assigned_species) { extractKey(it) }.multiMap { 
            assembly: it[0]
            species: it[1][1]
        }.set { assemblyAndSpecies }

        step_4AN_AMR__staramr(assemblyAndSpecies.assembly, assemblyAndSpecies.species)
        step_4TY_MLST__mlst(assemblyAndSpecies.assembly)
        step_4TY_flaA__flaA(assemblyAndSpecies.assembly, assemblyAndSpecies.species)
        step_4TY_cgMLST__chewbbaca(assemblyAndSpecies.assembly, assemblyAndSpecies.species, schema)
    
    emit:
        
        genus_species = assigned_species
        
    
}

// --- ENTRYPOINT ---
workflow {
    wf_salmonella_typing(getTrimmedReads(true), getAssembly())
}","nextflow.enable.dsl=2

include { getSingleInput; optionalOrDefault; param } from '../functions/parameters.nf'
include { step_3TX_class__kraken2 } from '../steps/step_3TX_class__kraken2'
workflow {
    step_3TX_class__kraken2(getSingleInput())
}
"
"R08_kraken2_cam","R08_kraken2_cam","R08","kraken2 on paired Illumina FASTQ of Campylobacter jejuni.","Y","N","file_not_found","WARN: file not found: '/mnt/data/cohesive_llm_bench_scratch/_shared_inputdir/2026/2026.CAM.136.1.1/0SQ_rawreads/DS99999-DT260224_import/result/*.fastq*'","0","2","N","step_0SQ_rawreads__fastq, step_1PP_trimming__fastp","","","step_0SQ_rawreads__fastq, step_1PP_trimming__fastp, step_3TX_class__kraken2","step_0SQ_rawreads__fastq, step_1PP_trimming__fastp, step_3TX_class__kraken2","step_3TX_class__kraken2","1303","50","3","2","13.0","Your pipeline has been approved and will proceed with the following steps:

1. **Input Handling**: `step_0SQ_rawreads__fastq` to validate and process the raw FASTQ files.
2. **Preprocessing**: `step_1PP_trimming__fastp` to trim adapters and low-quality bases from the Illumina reads.
3. **Taxonomic C","nextflow.enable.dsl=2

// --- IMPORTS ---

include { getInput; hasFastqData; isIlluminaPaired; isIonTorrent; isNanopore } from '../functions/parameters.nf'

include { step_3TX_class__kraken2 } from '../steps/step_3TX_class__kraken2'

include { step_1PP_trimming__fastp } from '../steps/step_1PP_trimming__fastp'

include { step_0SQ_rawreads__fastq } from '../steps/step_0SQ_rawreads__fastq'

// --- GLOBALS ---

def step_0SQ_rawreads__fastq = '../steps/step_0SQ_rawreads__fastq'

def step_1PP_trimming__fastp = '../steps/step_1PP_trimming__fastp'

def step_3TX_class__kraken2 = '../steps/step_3TX_class__kraken2'

// --- INLINE PROCESSES ---

// --- SUB WORKFLOWS ---

// --- ENTRYPOINT ---
workflow {
    rawReads = getInput()

    rawReads.branch {
        with_data: hasFastqData(it[1])
        no_reads: true
    }
    .set { rawreads_branched }

    step_0SQ_rawreads__fastq(rawreads_branched.with_data)

    rawreads_branched.with_data.branch {
        illumina: isIlluminaPaired(it[1])
        ion: isIonTorrent(it[1])
        nanopore: isNanopore(it[1])
        other: true // won't be processed
    }
    .set { trimming_by_seqtype }

    trimmed = step_1PP_trimming__fastp(
        trimming_by_seqtype.illumina.mix(trimming_by_seqtype.ion)
    ).trimmed

    step_3TX_class__kraken2(trimmed)
}","nextflow.enable.dsl=2

include { getSingleInput; optionalOrDefault; param } from '../functions/parameters.nf'
include { step_3TX_class__kraken2 } from '../steps/step_3TX_class__kraken2'
workflow {
    step_3TX_class__kraken2(getSingleInput())
}
"
"S01_fastp_lis","S01_fastp_lis","S01","fastp read trimming on illumina paired FASTQ of Listeria monocytogenes.","Y","N","silent_no_op","No process placeholders appeared. when: clause filtered everything?","0","3","N","step_2AS_denovo__shovill, step_3TX_class__kraken2, step_4AN_AMR__abricate, step_4AN_genes__prokka, step_4TY_MLST__mlst","","","step_1PP_trimming__fastp, step_2AS_denovo__shovill, step_3TX_class__kraken2, step_4AN_AMR__abricate, step_4AN_genes__prokka, step_4TY_MLST__mlst","step_1PP_trimming__fastp, step_3TX_class__kraken2, step_2AS_denovo__shovill, step_4AN_genes__prokka, step_4AN_AMR__abricate, step_4TY_MLST__mlst","step_1PP_trimming__fastp","1692","66","6","2","60.9","Pipeline approved. Proceeding with the construction of the Nextflow DSL2 pipeline for *Listeria monocytogenes* using the following steps:

1. **Trimming**: `fastp` (`step_1PP_trimming__fastp`) for Illumina paired-end FASTQ trimming.
2. **Taxonomy Classification**: `Kraken2` (`step_3TX_class__kraken2","nextflow.enable.dsl=2

// --- IMPORTS ---

include { step_4AN_AMR__abricate } from '../steps/step_4AN_AMR__abricate'

include { step_4TY_MLST__mlst } from '../steps/step_4TY_MLST__mlst'

include { getSingleInput } from '../functions/parameters.nf'

include { step_3TX_class__kraken2 } from '../steps/step_3TX_class__kraken2'

include { step_1PP_trimming__fastp } from '../steps/step_1PP_trimming__fastp'

include { step_2AS_denovo__shovill } from '../steps/step_2AS_denovo__shovill'

include { step_4AN_genes__prokka } from '../steps/step_4AN_genes__prokka'

include { getEmpty } from '../functions/common.nf'

// --- GLOBALS ---

def kraken2_db_path = ""${params.kraken_db}""

def abricate_db_path = ""${params.abricate_db}""

def mlst_schema_path = ""${params.mlst_schema}""

// --- INLINE PROCESSES ---

// --- SUB WORKFLOWS ---

workflow wf_listeria_monocytogenes {
    
    take:
        
        raw_reads
        
    
    main:
        trimmed = step_1PP_trimming__fastp(raw_reads).trimmed

        trimmed.multiMap {
            trimmed: it
            kraken_db: [ '-', '-', file(kraken2_db_path) ]
        }.set { trimmedAndKraken }

        kraken2_out = step_3TX_class__kraken2(trimmedAndKraken.trimmed)

        assembly = step_2AS_denovo__shovill(trimmed).assembly

        prokka_out = assembly.map { [ it[0], it[1], 'Bacteria', '-', '-', getEmpty() ] }
        step_4AN_genes__prokka(prokka_out)

        abricate_out = assembly.map { [ it[0], it[1] ] }
        step_4AN_AMR__abricate(abricate_out)

        mlst_out = assembly.map { [ it[0], it[1] ] }
        step_4TY_MLST__mlst(mlst_out)
    
}

// --- ENTRYPOINT ---
workflow {
    wf_listeria_monocytogenes(getSingleInput())
}","nextflow.enable.dsl=2

include { getInput; optionalOrDefault; param } from '../functions/parameters.nf'
include { step_1PP_trimming__fastp } from '../steps/step_1PP_trimming__fastp'
workflow {
    step_1PP_trimming__fastp(getInput())
}
"
"S02_fastp_sal","S02_fastp_sal","S02","fastp read trimming on illumina paired FASTQ of Salmonella enterica.","Y","N","silent_no_op","No process placeholders appeared. when: clause filtered everything?","0","3","N","step_0SQ_rawreads__fastq","","","step_0SQ_rawreads__fastq, step_1PP_trimming__fastp","step_0SQ_rawreads__fastq, step_1PP_trimming__fastp","step_1PP_trimming__fastp","913","42","2","2","11.8","Approved! I will proceed with a custom pipeline for **fastp read trimming** on Illumina paired-end FASTQ data for *Salmonella enterica*.","nextflow.enable.dsl=2

// --- IMPORTS ---

include { getInput } from '../functions/parameters.nf'

include { extractKey } from '../functions/common.nf'

include { step_1PP_trimming__fastp } from '../steps/step_1PP_trimming__fastp'

include { step_0SQ_rawreads__fastq } from '../steps/step_0SQ_rawreads__fastq'

// --- GLOBALS ---

def trimMethod = 'fastp'

def trimContainer = 'ghcr.io/genpat-it/fastp:0.23.1--e4ac3df4c5'

def trimThreads = 8

def qualPhred = 20

def trimPolyG = true

// --- INLINE PROCESSES ---

// --- SUB WORKFLOWS ---

// --- ENTRYPOINT ---
workflow {
    raw_reads = step_0SQ_rawreads__fastq(getInput())

    trimmed = step_1PP_trimming__fastp(raw_reads).trimmed

    fastqc(trimmed)

    readsCheckInput = raw_reads.cross(trimmed) { extractKey(it) }.multiMap {
        rawreads: it[0]
        trimmed: it[1]
    }
    sample_reads_check(readsCheckInput.rawreads, readsCheckInput.trimmed)
}","nextflow.enable.dsl=2

include { getInput; optionalOrDefault; param } from '../functions/parameters.nf'
include { step_1PP_trimming__fastp } from '../steps/step_1PP_trimming__fastp'
workflow {
    step_1PP_trimming__fastp(getInput())
}
"
"S03_trimmomatic_eco","S03_trimmomatic_eco","S03","trimmomatic read trimming on illumina paired FASTQ of Escherichia coli.","Y","N","silent_no_op","No process placeholders appeared. when: clause filtered everything?","0","3","N","step_0SQ_rawreads__fastq, step_1PP_trimming__fastp","step_1PP_trimming__trimmomatic","","step_0SQ_rawreads__fastq, step_1PP_trimming__fastp","step_0SQ_rawreads__fastq, step_1PP_trimming__fastp","step_1PP_trimming__trimmomatic","713","31","2","2","9.3","Understood! I will proceed with **fastp** (`step_1PP_trimming__fastp`) for trimming your Illumina paired-end FASTQ reads of *Escherichia coli*.","nextflow.enable.dsl=2

// --- IMPORTS ---

include { getInput } from '../functions/parameters.nf'

include { step_1PP_trimming__fastp } from '../steps/step_1PP_trimming__fastp'

include { step_0SQ_rawreads__fastq } from '../steps/step_0SQ_rawreads__fastq'

include { module_qc_fastqc } from '../modules/module_qc_fastqc'

// --- GLOBALS ---

def trimMethod = 'fastp'

// --- INLINE PROCESSES ---

// --- SUB WORKFLOWS ---

// --- ENTRYPOINT ---
workflow {
    // Ingest raw Illumina paired-end FASTQ reads
    rawReads = step_0SQ_rawreads__fastq(getInput())

    // Trim the reads using fastp
    trimmed = step_1PP_trimming__fastp(rawReads).trimmed

    // Run QC on trimmed reads
    module_qc_fastqc(trimmed)
}","nextflow.enable.dsl=2

include { getInput; optionalOrDefault; param } from '../functions/parameters.nf'
include { step_1PP_trimming__trimmomatic } from '../steps/step_1PP_trimming__trimmomatic'
workflow {
    step_1PP_trimming__trimmomatic(getInput())
}
"
"S04_trimmomatic_cam","S04_trimmomatic_cam","S04","trimmomatic read trimming on illumina paired FASTQ of Campylobacter jejuni.","Y","N","silent_no_op","No process placeholders appeared. when: clause filtered everything?","0","3","N","step_1PP_trimming__fastp, step_3TX_class__kraken2","step_1PP_trimming__trimmomatic","","step_1PP_trimming__fastp, step_3TX_class__kraken2","step_1PP_trimming__fastp, step_3TX_class__kraken2","step_1PP_trimming__trimmomatic","1125","48","2","2","40.6","Understood! I will proceed with the following pipeline for Illumina paired-end FASTQ trimming and optional taxonomic classification of *Campylobacter jejuni*:

1. **fastp** (`step_1PP_trimming__fastp`) for trimming Illumina paired-end reads.
2. **Kraken2** (`step_3TX_class__kraken2`) for taxonomic c","nextflow.enable.dsl=2

// --- IMPORTS ---

include { getInput; hasFastqData; isIlluminaPaired } from '../functions/parameters.nf'

include { step_3TX_class__kraken2 } from '../steps/step_3TX_class__kraken2'

include { step_1PP_trimming__fastp } from '../steps/step_1PP_trimming__fastp'

// --- GLOBALS ---

def KRAKEN2_DB = ""${params.assets_dir}/step_3TX_class__kraken2/kraken2_db""

// --- INLINE PROCESSES ---

// --- SUB WORKFLOWS ---

workflow wf_illumina_trimming_kraken {
    
    take:
        
        rawReads
        
    
    main:
        rawReads.branch {
            with_data: hasFastqData(it[1])
            no_reads: true
        }
        .set { rawreads_branched }

        rawreads_branched.with_data.branch {
            illumina: isIlluminaPaired(it[1])
            other: true // will not be processed further
        }
        .set { trimming_by_seqtype }

        trimmed = step_1PP_trimming__fastp(trimming_by_seqtype.illumina).trimmed

        trimmed_genus_report = step_3TX_class__kraken2(trimmed).genus_report
    
}

// --- ENTRYPOINT ---
workflow {
    wf_illumina_trimming_kraken(getInput())
}","nextflow.enable.dsl=2

include { getInput; optionalOrDefault; param } from '../functions/parameters.nf'
include { step_1PP_trimming__trimmomatic } from '../steps/step_1PP_trimming__trimmomatic'
workflow {
    step_1PP_trimming__trimmomatic(getInput())
}
"
"S05_chopper_lis","S05_chopper_lis","S05","chopper read trimming on nanopore FASTQ of Listeria monocytogenes.","Y","Y","none","","2","2","Y","","","","step_1PP_trimming__chopper","step_1PP_trimming__chopper","step_1PP_trimming__chopper","726","31","1","2","9.2","Proceeding with Chopper (`step_1PP_trimming__chopper`) for nanopore FASTQ trimming of Listeria monocytogenes data.","nextflow.enable.dsl=2

// --- IMPORTS ---

include { step_1PP_trimming__chopper } from '../steps/step_1PP_trimming__chopper'

include { getSingleInput } from '../functions/parameters.nf'

include { module_qc_nanoplot } from '../modules/module_qc_nanoplot'

// --- GLOBALS ---

def params = [:]

def base = 'nanopore_listeria_chopper'

// --- INLINE PROCESSES ---

// --- SUB WORKFLOWS ---

// --- ENTRYPOINT ---
workflow {
    // Step 1: Get raw nanopore FASTQ reads from user input
    rawreads = getSingleInput()

    // Step 2: Trim reads using Chopper
    trimmed = step_1PP_trimming__chopper(rawreads).trimmed

    // Step 3: Optional QC with NanoPlot (included as per TECHNICAL CONTEXT)
    module_qc_nanoplot(trimmed)
}","nextflow.enable.dsl=2

include { getInput; optionalOrDefault; param } from '../functions/parameters.nf'
include { step_1PP_trimming__chopper } from '../steps/step_1PP_trimming__chopper'
workflow {
    step_1PP_trimming__chopper(getInput())
}
"
"S06_chopper_sal","S06_chopper_sal","S06","chopper read trimming on nanopore FASTQ of Salmonella enterica.","N","N","silent_no_op","No process placeholders appeared. when: clause filtered everything?","0","2","N","","step_1PP_trimming__chopper","","","","step_1PP_trimming__chopper","480","25","0","2","10.1","Understood! The pipeline will proceed with **Chopper trimming** for Nanopore FASTQ reads of *Salmonella enterica*. No additional steps like taxonomic classification or assembly will be included unless requested later.","nextflow.enable.dsl=2

// --- IMPORTS ---

include { getSingleInput } from '../functions/parameters.nf'

include { module_qc_nanoplot } from '../modules/module_qc_nanoplot'

// --- GLOBALS ---

def trimStepCode = '1PP_trimming'

def trimMethodCode = 'chopper'

def trimStepMethod = 'step_1PP_trimming__chopper'

// --- INLINE PROCESSES ---

// --- SUB WORKFLOWS ---

// --- ENTRYPOINT ---
workflow {
    trimmed = trimStepMethod(getSingleInput())
    module_qc_nanoplot(trimmed)
}","nextflow.enable.dsl=2

include { getInput; optionalOrDefault; param } from '../functions/parameters.nf'
include { step_1PP_trimming__chopper } from '../steps/step_1PP_trimming__chopper'
workflow {
    step_1PP_trimming__chopper(getInput())
}
"
"S07_chopper_cam","S07_chopper_cam","S07","chopper read trimming on nanopore FASTQ of Campylobacter jejuni.","Y","N","silent_no_op","No process placeholders appeared. when: clause filtered everything?","0","2","Y","","","","step_1PP_trimming__chopper","step_1PP_trimming__chopper","step_1PP_trimming__chopper","953","38","1","2","13.0","Understood! I will proceed with **Chopper** (`step_1PP_trimming__chopper`) for nanopore FASTQ trimming of Campylobacter jejuni reads.","nextflow.enable.dsl=2

// --- IMPORTS ---

include { step_1PP_trimming__chopper } from '../steps/step_1PP_trimming__chopper'

include { getSingleInput; isIlluminaPaired; isNanopore } from '../functions/parameters.nf'

// --- GLOBALS ---

def trimmerCode = 'chopper'

def trimmerRiscd = '230718-020223071800512127-1PP_trimming-chopper'

// --- INLINE PROCESSES ---

// --- SUB WORKFLOWS ---

// --- ENTRYPOINT ---
workflow {
    rawreads = getSingleInput()

    // Branch by technology (nanopore vs illumina)
    rawreads.branch {
        nanopore: isNanopore(it[1])
        illumina: isIlluminaPaired(it[1])
        other: true
    }.set { ch_tech }

    // Process nanopore reads with chopper
    chopper_out = step_1PP_trimming__chopper(ch_tech.nanopore)

    // Pass trimmed nanopore reads downstream
    ready = chopper_out.trimmed

    // Optional: mix with illumina reads if needed for downstream steps
    // ready = ready.mix(ch_tech.illumina)
}","nextflow.enable.dsl=2

include { getInput; optionalOrDefault; param } from '../functions/parameters.nf'
include { step_1PP_trimming__chopper } from '../steps/step_1PP_trimming__chopper'
workflow {
    step_1PP_trimming__chopper(getInput())
}
"
