"id","id","category","prompt","syntax_valid","semantic_valid","error_category","error_detail","n_processes","expected_processes","matches_gt_steps","extra_steps","missing_steps","hallucinated_steps","included_steps","called_steps","ground_truth_steps","code_chars","code_lines","n_workflow_calls","turns","elapsed_s","llm_reply_excerpt","nextflow_code","ground_truth_code"
"A01_mlst_listeria","A01_mlst_listeria","A01","I have a Listeria monocytogenes assembly and I want to run MLST typing on it.","Y","N","silent_no_op","No process placeholders appeared. when: clause filtered everything?","0","1","Y","","","","","step_4TY_MLST__mlst","step_4TY_MLST__mlst","371","28","1","2","6.2","Great! I'll set up the pipeline to run MLST typing on your Listeria monocytogenes assembly using the mlst tool. This will analyze the assembly and determine the MLST type.","nextflow.enable.dsl=2

// --- IMPORTS ---

include { getInput } from '../functions/parameters.nf'

// --- GLOBALS ---

// --- INLINE PROCESSES ---

// --- SUB WORKFLOWS ---

workflow step_4TY_MLST__mlst {
    
    take:
        
        assembly
        
    
    main:
        mlst(assembly)
    
}

// --- ENTRYPOINT ---
workflow {
    step_4TY_MLST__mlst(getInput())
}","nextflow.enable.dsl=2

include { getInput; optionalOrDefault; param } from '../functions/parameters.nf'
include { step_4TY_MLST__mlst } from '../steps/step_4TY_MLST__mlst'
workflow {
    step_4TY_MLST__mlst(getInput())
}
"
"A02_mlst_ecoli","A02_mlst_ecoli","A02","Run MLST typing on an Escherichia coli assembly.","Y","N","silent_no_op","No process placeholders appeared. when: clause filtered everything?","0","1","Y","","","","","step_4TY_MLST__mlst","step_4TY_MLST__mlst","383","28","1","2","6.2","Great! I'll set up the pipeline to run MLST typing on your Escherichia coli assembly using the `step_4TY_MLST__mlst` tool. This will analyze the assembly and provide the MLST type.

Here's the plan:
1. Input: Escherichia coli assembly
2. Process: MLST typing using `step_4TY_MLST__mlst`
3. Output: ML","nextflow.enable.dsl=2

// --- IMPORTS ---

include { getSingleInput } from '../functions/parameters.nf'

// --- GLOBALS ---

// --- INLINE PROCESSES ---

// --- SUB WORKFLOWS ---

workflow step_4TY_MLST__mlst {
    
    take:
        
        assembly
        
    
    main:
        mlst(assembly)
    
}

// --- ENTRYPOINT ---
workflow {
    step_4TY_MLST__mlst(getSingleInput())
}","nextflow.enable.dsl=2

include { getInput; optionalOrDefault; param } from '../functions/parameters.nf'
include { step_4TY_MLST__mlst } from '../steps/step_4TY_MLST__mlst'
workflow {
    step_4TY_MLST__mlst(getInput())
}
"
"A03_mlst_salmonella","A03_mlst_salmonella","A03","Classic MLST (PubMLST) on a Salmonella enterica assembly.","Y","N","silent_no_op","No process placeholders appeared. when: clause filtered everything?","0","1","Y","","","","","step_4TY_MLST__mlst","step_4TY_MLST__mlst","383","28","1","2","6.9","Great! I'll proceed with the classic MLST (PubMLST) pipeline for Salmonella enterica using the `step_4TY_MLST__mlst` component. This will analyze your Salmonella enterica assembly to determine the MLST type.

Here's the plan:
1. Input: Salmonella enterica assembly
2. Process: MLST typing using the `","nextflow.enable.dsl=2

// --- IMPORTS ---

include { getSingleInput } from '../functions/parameters.nf'

// --- GLOBALS ---

// --- INLINE PROCESSES ---

// --- SUB WORKFLOWS ---

workflow step_4TY_MLST__mlst {
    
    take:
        
        assembly
        
    
    main:
        mlst(assembly)
    
}

// --- ENTRYPOINT ---
workflow {
    step_4TY_MLST__mlst(getSingleInput())
}","nextflow.enable.dsl=2

include { getInput; optionalOrDefault; param } from '../functions/parameters.nf'
include { step_4TY_MLST__mlst } from '../steps/step_4TY_MLST__mlst'
workflow {
    step_4TY_MLST__mlst(getInput())
}
"
"A04_cgmlst_listeria","A04_cgmlst_listeria","A04","cgMLST allelic profile for Listeria monocytogenes from a pre-existing assembly.","Y","N","silent_no_op","No process placeholders appeared. when: clause filtered everything?","0","3","Y","","","","","step_4TY_cgMLST__chewbbaca","step_4TY_cgMLST__chewbbaca","4642","151","1","2","12.2","Great! I'll proceed with the pipeline to generate a cgMLST allelic profile for Listeria monocytogenes using the pre-existing assembly. Here's the plan:

1. **Input**: Pre-existing assembly of Listeria monocytogenes
2. **Tool**: `step_4TY_cgMLST__chewbbaca` (chewbbaca)
3. **Output**: cgMLST allelic p","nextflow.enable.dsl=2

// --- IMPORTS ---

include { getInput; optionalOrDefault; param } from '../functions/parameters.nf'

include { parseMetadataFromFileName } from '../functions/common.nf'

// --- GLOBALS ---

def SPECIES_SCHEMA = ['listeria_monocytogenes': ['l_mono_chewie_1748_220623'], 'escherichia_coli': ['e_coli_chewie_2360_210531'], 'salmonella_enterica': ['s_enterica_chewie_3255_210531']]

def SCHEMAS = ['l_mono_chewie_1748_220623': '/schemas/Listeria_monocytogenes_Pasteur_cgMLST_2022-06-23T18_03_54.613576.zip', 'e_coli_chewie_2360_210531': '/schemas/Escherichia_coli_INNUENDO_wgMLST_2021-05-31T14_24_05.304225.zip', 's_enterica_chewie_3255_210531': '/schemas/Salmonella_enterica_INNUENDO_cgMLST_2021-05-31T20_28_21.350919.zip']

def CHEWBBACA_SINGLE_END_PARAMS = ['l_mono_chewie_1748_220623': ' --minimum-length 144 --st 0.1 --bsr 0.6 ', 'e_coli_chewie_2360_210531': ' --minimum-length 0 --st 0.01 --bsr 0.6 --genes-list /schemas/Escherichia_coli_INNUENDO_cgMLST_EFSA_filterlist.txt ', 's_enterica_chewie_3255_210531': ' --minimum-length 0 --st 0.01 --bsr 0.6 --genes-list /schemas/Salmonella_enterica_INNUENDO_cgMLST_EFSA_filterlist.txt ']

def CHEWBBACA_PAIRED_END_PARAMS = ['l_mono_chewie_1748_220623': ' --minimum-length 144 ', 'e_coli_chewie_2360_210531': ' --minimum-length 0 --genes-list /schemas/Escherichia_coli_INNUENDO_cgMLST_EFSA_filterlist.txt ', 's_enterica_chewie_3255_210531': ' --minimum-length 0 --genes-list /schemas/Salmonella_enterica_INNUENDO_cgMLST_EFSA_filterlist.txt ']

def STEP = '4TY_cgMLST'

def METHOD = 'chewbbaca'

def ENTRYPOINT = 'step_${STEP}__${METHOD}'

// --- INLINE PROCESSES ---

process chewbbaca {
    container 'ghcr.io/genpat-it/chewbbaca-w-chewie-schemas:2.8.5--16b816c96d'
    
    input:
    
    tuple val(riscd_input), path(assembly)
    
    val genus_species
    
    val schema
    
    
    output:
    
    path '**'
    
    path(""${base}_results_statistics.tsv""), emit: stats
    
    tuple path(""${base}_results_alleles.tsv""), path('schema/'), emit: alleles
    
    tuple path(""${base}_results_alleles.tsv""), path(""${base}_new_alleles.txt""), val(schemaName), emit: alleles_with_new
    
    path '{*.sh,*.log}', hidden: true
    
    
    script:
    """"""
md = parseMetadataFromFileName(assembly.getName())
base = ""${md.ds}-${ex.dt}_${md.cmp}_${METHOD}""
schemaName = getSchema(genus_species, schema)
schemaPath = SCHEMAS.get(schemaName)
newAlleleKey = assembly.getName().replaceAll('_', '-')
speciesSpecificParams = getExtraParams(schemaName)
""""""
#!/bin/bash -euo pipefail
unzip ${schemaPath} -d schema > /dev/null
chmod -R 777 schema
mkdir input && cp ${assembly} input/
chewBBACA.py AlleleCall -i input -g schema -o results --cpu ${task.cpus} --force-continue --verbose ${speciesSpecificParams}
grep ""${newAlleleKey}"" schema/*.fasta -A1 -h | grep -v ""\-\-"" > ${base}_new_alleles.txt || echo ""no INF alleles found""
mv results/*/results_alleles.tsv ${base}_results_alleles.tsv
mv results/*/results_contigsInfo.tsv ${base}_results_contigsInfo.tsv
mv results/*/results_statistics.tsv ${base}_results_statistics.tsv
""""""
    """"""
}

process chewbbaca_check {
    container 'quay.io/biocontainers/python:3.9'
    
    input:
    
    path(chewbbacaStats)
    
    
    output:
    
    path '*'
    
    path '{*.sh,*.log}', hidden: true
    
    path(""${base}_import_chewbbaca_check.csv""), emit: check
    
    
    script:
    """"""
md = parseMetadataFromFileName(chewbbacaStats.getName())
base = ""${md.ds}-${ex.dt}_${md.cmp}""
""""""
/scripts/chewieCheck.py --stat ${chewbbacaStats} > ${base}_import_chewbbaca_check.csv
""""""
    """"""
}

process hashing {
    container 'ghcr.io/genpat-it/hashing:1.0--29180a232f'
    
    input:
    
    tuple path(chewbbaca_result), path(schema_path)
    
    
    output:
    
    path '*'
    
    path '{*.sh,*.log}', hidden: true
    
    
    script:
    """"""
md = parseMetadataFromFileName(chewbbaca_result.getName())
base = ""${md.ds}-${ex.dt}_${md.cmp}""
""""""
mask_matrix.py -i ${chewbbaca_result} -o masked_results.tsv
alleleprofile_hasher.py -p masked_results.tsv -d ${schema_path} -o ./_hashed_results.tsv
rm -Rf ${schema_path}/*
""""""
    """"""
}

// --- SUB WORKFLOWS ---

workflow step_4TY_cgMLST__chewbbaca {
    
    take:
        
        assembly
        
        genus_species
        
        schema
        
    
    main:
        chewbbaca_result = chewbbaca(assembly, genus_species, schema)
        hashing(chewbbaca_result.alleles)
        chewbbaca_check(chewbbaca_result.stats).check
    
}

// --- ENTRYPOINT ---
workflow {
    step_4TY_cgMLST__chewbbaca(getInput(), param('genus_species'), optionalOrDefault('schema', ''))
}","nextflow.enable.dsl=2

include { getInput; optionalOrDefault; param } from '../functions/parameters.nf'
include { step_4TY_cgMLST__chewbbaca } from '../steps/step_4TY_cgMLST__chewbbaca'
workflow {
    step_4TY_cgMLST__chewbbaca(getInput(), param('genus_species'), optionalOrDefault('schema', ''))
}
"
"A05_cgmlst_ecoli","A05_cgmlst_ecoli","A05","cgMLST allelic profile on an Escherichia coli assembly.","Y","N","silent_no_op","No process placeholders appeared. when: clause filtered everything?","0","3","Y","","","","","step_4TY_cgMLST__chewbbaca","step_4TY_cgMLST__chewbbaca","3977","127","1","2","12.8","Great! I'll proceed with the pipeline to generate a cgMLST allelic profile for your Escherichia coli assembly using the `step_4TY_cgMLST__chewbbaca` component. This will require the assembly and the appropriate Escherichia coli schema.

Here's the plan:
1. Input: Escherichia coli assembly
2. Process","nextflow.enable.dsl=2

// --- IMPORTS ---

include { getInput; optionalOrDefault; param } from '../functions/parameters.nf'

// --- GLOBALS ---

def SPECIES_SCHEMA = {'listeria_monocytogenes': ['l_mono_chewie_1748_220623'], 'escherichia_coli': ['e_coli_chewie_2360_210531'], 'salmonella_enterica': ['s_enterica_chewie_3255_210531']}

def SCHEMAS = {'l_mono_chewie_1748_220623': '/schemas/Listeria_monocytogenes_Pasteur_cgMLST_2022-06-23T18_03_54.613576.zip', 'e_coli_chewie_2360_210531': '/schemas/Escherichia_coli_INNUENDO_wgMLST_2021-05-31T14_24_05.304225.zip', 's_enterica_chewie_3255_210531': '/schemas/Salmonella_enterica_INNUENDO_cgMLST_2021-05-31T20_28_21.350919.zip'}

def CHEWBBACA_SINGLE_END_PARAMS = {'l_mono_chewie_1748_220623': ' --minimum-length 144 --st 0.1 --bsr 0.6 ', 'e_coli_chewie_2360_210531': ' --minimum-length 0 --st 0.01 --bsr 0.6 --genes-list /schemas/Escherichia_coli_INNUENDO_cgMLST_EFSA_filterlist.txt ', 's_enterica_chewie_3255_210531': ' --minimum-length 0 --st 0.01 --bsr 0.6 --genes-list /schemas/Salmonella_enterica_INNUENDO_cgMLST_EFSA_filterlist.txt '}

def CHEWBBACA_PAIRED_END_PARAMS = {'l_mono_chewie_1748_220623': ' --minimum-length 144 ', 'e_coli_chewie_2360_210531': ' --minimum-length 0 --genes-list /schemas/Escherichia_coli_INNUENDO_cgMLST_EFSA_filterlist.txt ', 's_enterica_chewie_3255_210531': ' --minimum-length 0 --genes-list /schemas/Salmonella_enterica_INNUENDO_cgMLST_EFSA_filterlist.txt '}

// --- INLINE PROCESSES ---

process chewbbaca {
    container 'ghcr.io/genpat-it/chewbbaca-w-chewie-schemas:2.8.5--16b816c96d'
    
    input:
    
    tuple val(riscd_input), path(assembly)
    
    val genus_species
    
    val schema
    
    
    output:
    
    path '**'
    
    path('${base}_results_statistics.tsv'), emit: stats
    
    tuple path('${base}_results_alleles.tsv'), path('schema/'), emit: alleles
    
    tuple path('${base}_results_alleles.tsv'), path('${base}_new_alleles.txt'), val(schemaName), emit: alleles_with_new
    
    path '{*.sh,*.log}', hidden: true
    
    
    script:
    """"""
#!/bin/bash -euo pipefail
unzip ${schemaPath} -d schema > /dev/null
chmod -R 777 schema
mkdir input && cp ${assembly} input/
chewBBACA.py AlleleCall -i input -g schema -o results --cpu ${task.cpus} --force-continue --verbose ${speciesSpecificParams}
grep ""${newAlleleKey}"" schema/*.fasta -A1 -h | grep -v ""\-\-"" > ${base}_new_alleles.txt || echo ""no INF alleles found""
mv results/*/results_alleles.tsv ${base}_results_alleles.tsv
mv results/*/results_contigsInfo.tsv ${base}_results_contigsInfo.tsv
mv results/*/results_statistics.tsv ${base}_results_statistics.tsv
    """"""
}

process chewbbaca_check {
    container 'quay.io/biocontainers/python:3.9'
    
    input:
    
    path(chewbbacaStats)
    
    
    output:
    
    path '*'
    
    path '{*.sh,*.log}', hidden: true
    
    path('${base}_import_chewbbaca_check.csv'), emit: check
    
    
    script:
    """"""
/scripts/chewieCheck.py --stat ${chewbbacaStats} > ${base}_import_chewbbaca_check.csv
    """"""
}

process hashing {
    container 'ghcr.io/genpat-it/hashing:1.0--29180a232f'
    
    input:
    
    tuple path(chewbbaca_result), path(schema_path)
    
    
    output:
    
    path '*'
    
    path '{*.sh,*.log}', hidden: true
    
    
    script:
    """"""
mask_matrix.py -i ${chewbbaca_result} -o masked_results.tsv
alleleprofile_hasher.py -p masked_results.tsv -d ${schema_path} -o ./_hashed_results.tsv
rm -Rf ${schema_path}/*
    """"""
}

// --- SUB WORKFLOWS ---

workflow step_4TY_cgMLST__chewbbaca {
    
    take:
        
        assembly
        
        genus_species
        
        schema
        
    
    main:
        chewbbaca_result = chewbbaca(assembly, genus_species, schema)
        hashing(chewbbaca_result.alleles)
        chewbbaca_check(chewbbaca_result.stats).check
    
}

// --- ENTRYPOINT ---
workflow {
    step_4TY_cgMLST__chewbbaca(getInput(), param('genus_species'), optionalOrDefault('schema', ''))
}","nextflow.enable.dsl=2

include { getInput; optionalOrDefault; param } from '../functions/parameters.nf'
include { step_4TY_cgMLST__chewbbaca } from '../steps/step_4TY_cgMLST__chewbbaca'
workflow {
    step_4TY_cgMLST__chewbbaca(getInput(), param('genus_species'), optionalOrDefault('schema', ''))
}
"
"A06_cgmlst_salmonella","A06_cgmlst_salmonella","A06","Generate cgMLST allelic profiles starting from a Salmonella enterica assembly.","N","N","no_code","http exception: HTTPConnectionPool(host='127.0.0.1', port=8765): Read timed out. (read timeout=180)","0","3","N","","step_4TY_cgMLST__chewbbaca","","","","step_4TY_cgMLST__chewbbaca","0","0","0","2","183.3","","","nextflow.enable.dsl=2

include { getInput; optionalOrDefault; param } from '../functions/parameters.nf'
include { step_4TY_cgMLST__chewbbaca } from '../steps/step_4TY_cgMLST__chewbbaca'
workflow {
    step_4TY_cgMLST__chewbbaca(getInput(), param('genus_species'), optionalOrDefault('schema', ''))
}
"
"A07_flaa_campylobacter","A07_flaa_campylobacter","A07","Run flaA typing on a Campylobacter assembly.","Y","N","silent_no_op","No process placeholders appeared. when: clause filtered everything?","0","1","Y","","","","","step_4TY_flaA__flaA","step_4TY_flaA__flaA","460","30","1","2","7.5","Great! I'll set up the pipeline to run FlaA typing on your Campylobacter assembly using the `step_4TY_flaA__flaA` component. The pipeline will be straightforward:

1. Input: Campylobacter assembly
2. Process: FlaA typing

I'll proceed with this configuration.","nextflow.enable.dsl=2

// --- IMPORTS ---

// --- GLOBALS ---

// --- INLINE PROCESSES ---

// --- SUB WORKFLOWS ---

workflow step_4TY_flaA__flaA {
    
    take:
        
        assembly
        
        genus_species
        
    
    main:
        mlst_flaa(assembly, genus_species)
    
}

// --- ENTRYPOINT ---
workflow {
    assembly = getCampylobacterAssembly()
    flaA_typing = step_4TY_flaA__flaA(assembly, 'campylobacter')
    flaA_typing.view()
}","nextflow.enable.dsl=2

include { getInput; optionalOrDefault; param } from '../functions/parameters.nf'
include { step_4TY_flaA__flaA } from '../steps/step_4TY_flaA__flaA'
workflow {
    step_4TY_flaA__flaA(getInput(), param('genus_species'))
}
"
"A08_staramr_campylobacter","A08_staramr_campylobacter","A08","AMR profiling with staramr on a Campylobacter assembly.","Y","Y","file_not_found","WARN: file not found: '/mnt/data/cohesive_llm_bench_scratch/_shared_inputdir/2026/2026.CAM.2.1.1/2AS_import/DS99999-DT260224_external/result/*.fasta'","3","1","N","step_2AS_denovo__spades","step_4AN_AMR__staramr","","step_2AS_denovo__spades","step_2AS_denovo__spades","step_4AN_AMR__staramr","523","31","1","2","8.1","Great! I'll proceed with the pipeline using Staramr for AMR profiling on your Campylobacter assembly. Since you approved, I'll use the following components:

1. **Assembly**: `step_2AS_denovo__spades` (for de novo assembly)
2. **AMR Profiling**: `step_4AN_AMR__staramr` (for AMR profiling)

This pipe","nextflow.enable.dsl=2

// --- IMPORTS ---

include { step_2AS_denovo__spades } from '../steps/step_2AS_denovo__spades'

include { getSingleInput } from '../functions/parameters.nf'

// --- GLOBALS ---

// --- INLINE PROCESSES ---

// --- SUB WORKFLOWS ---

workflow wf_campy_amr {
    
    take:
        
        reads
        
    
    main:
        assembly = step_2AS_denovo__spades(reads)
        staramr(assembly.assembled, 'campylobacter')
    
}

// --- ENTRYPOINT ---
workflow {
    wf_campy_amr(getSingleInput())
}","nextflow.enable.dsl=2

include { getSingleInput; optionalOrDefault; param } from '../functions/parameters.nf'
include { step_4AN_AMR__staramr } from '../steps/step_4AN_AMR__staramr'
workflow {
    step_4AN_AMR__staramr(getSingleInput(), param('genus_species'))
}
"
"B01_spades_listeria","B01_spades_listeria","B01","De novo genome assembly with SPAdes from Illumina paired-end reads of Listeria monocytogenes.","Y","N","silent_no_op","No process placeholders appeared. when: clause filtered everything?","0","3","N","step_1PP_hostdepl__bowtie","","","step_1PP_hostdepl__bowtie, step_2AS_denovo__spades","step_1PP_hostdepl__bowtie, step_2AS_denovo__spades","step_2AS_denovo__spades","1206","57","2","2","7.7","Great! I'll proceed with the pipeline using SPAdes for de novo assembly from Illumina paired-end reads of Listeria monocytogenes, with host depletion using Bowtie2. I'll set up the pipeline now.","nextflow.enable.dsl=2

// --- IMPORTS ---

include { getHost; getSingleInput } from '../functions/parameters.nf'

include { extractKey } from '../functions/common.nf'

include { step_1PP_hostdepl__bowtie } from '../steps/step_1PP_hostdepl__bowtie'

include { step_2AS_denovo__spades } from '../steps/step_2AS_denovo__spades'

// --- GLOBALS ---

// --- INLINE PROCESSES ---

// --- SUB WORKFLOWS ---

workflow module_denovo {
    
    take:
        
        trimmedReads
        
        host
        
    
    main:
        trimmedReads.cross(host) { extractKey(it) }
            .map { [ it[0][0], it[0][1], it[1][1] ] } //riscd, reads, host
            .branch {
                with_host: it[1][1]
                without_host: true
            }
        .set { branchedTrimmed }

        depleted = step_1PP_hostdepl__bowtie(branchedTrimmed.with_host)

        branchedTrimmed.without_host
            .mix(depleted)
            .map { it[0,1] }
            .set{ denovoInput }
        assembled = step_2AS_denovo__spades(denovoInput)
    
    emit:
        
        assembled
        
        depleted
        
    
}

// --- ENTRYPOINT ---
workflow {
    module_denovo(getSingleInput(), getHost())
}","nextflow.enable.dsl=2

include { getSingleInput; optionalOrDefault; param } from '../functions/parameters.nf'
include { step_2AS_denovo__spades } from '../steps/step_2AS_denovo__spades'
workflow {
    step_2AS_denovo__spades(getSingleInput())
}
"
"B02_shovill_ecoli","B02_shovill_ecoli","B02","Quick bacterial genome assembly with Shovill from Illumina reads (Escherichia coli).","Y","N","file_not_found","WARN: file not found: '/mnt/data/cohesive_llm_bench_scratch/_shared_inputdir/2026/2026.ECO.3.1.1/0SQ_rawreads/DS99999-DT260224_import/result/*.fastq*'","0","3","Y","","","","","step_2AS_denovo__shovill","step_2AS_denovo__shovill","688","39","1","2","5.8","Great! I'll set up a pipeline using Shovill for bacterial genome assembly from your Illumina reads. This will be a straightforward assembly workflow. Let me finalize the plan.","nextflow.enable.dsl=2

// --- IMPORTS ---

include { getSingleInput } from '../functions/parameters.nf'

// --- GLOBALS ---

// --- INLINE PROCESSES ---

// --- SUB WORKFLOWS ---

workflow step_2AS_denovo__shovill {
    
    take:
        
        rawreads
        
    
    main:
        contigs_from_pe = shovill(rawreads).assembly
        contigs_from_se = shovill_se(rawreads).assembly
        contigs = contigs_from_pe.mix(contigs_from_se)
        quast(contigs)
        if (!params.skip_checkm) {
          checkm(contigs)
        }
    
    emit:
        
        assembly = contigs
        
    
}

// --- ENTRYPOINT ---
workflow {
    step_2AS_denovo__shovill(getSingleInput())
}","nextflow.enable.dsl=2

include { getSingleInput; optionalOrDefault; param } from '../functions/parameters.nf'
include { step_2AS_denovo__shovill } from '../steps/step_2AS_denovo__shovill'
workflow {
    step_2AS_denovo__shovill(getSingleInput())
}
"
"B03_unicycler_salmonella","B03_unicycler_salmonella","B03","Assemble a Salmonella enterica genome with Unicycler from Illumina paired-end reads.","N","N","no_code","http exception: HTTPConnectionPool(host='127.0.0.1', port=8765): Read timed out. (read timeout=180)","0","3","N","","step_2AS_denovo__unicycler","","","","step_2AS_denovo__unicycler","0","0","0","2","183.1","","","nextflow.enable.dsl=2

include { getSingleInput; optionalOrDefault; param } from '../functions/parameters.nf'
include { step_2AS_denovo__unicycler } from '../steps/step_2AS_denovo__unicycler'
workflow {
    step_2AS_denovo__unicycler(getSingleInput())
}
"
"B04_plasmidspades","B04_plasmidspades","B04","I want to assemble plasmids only from Illumina paired-end reads using plasmidSPAdes.","N","N","no_code","http exception: HTTPConnectionPool(host='127.0.0.1', port=8765): Read timed out. (read timeout=180)","0","3","N","","step_2AS_denovo__plasmidspades","","","","step_2AS_denovo__plasmidspades","0","0","0","2","183.0","","","nextflow.enable.dsl=2

include { getSingleInput; optionalOrDefault; param } from '../functions/parameters.nf'
include { step_2AS_denovo__plasmidspades } from '../steps/step_2AS_denovo__plasmidspades'
workflow {
    step_2AS_denovo__plasmidspades(getSingleInput())
}
"
"B05_metaspades","B05_metaspades","B05","Run metagenomic assembly with metaSPAdes on paired-end Illumina reads from an environmental sample.","N","N","no_code","http exception: HTTPConnectionPool(host='127.0.0.1', port=8765): Read timed out. (read timeout=180)","0","3","N","","step_2MG_denovo__metaspades","","","","step_2MG_denovo__metaspades","0","0","0","2","183.7","","","nextflow.enable.dsl=2

include { getSingleInput; optionalOrDefault; param } from '../functions/parameters.nf'
include { step_2MG_denovo__metaspades } from '../steps/step_2MG_denovo__metaspades'
workflow {
    step_2MG_denovo__metaspades(getSingleInput())
}
"
"C01_kmerfinder","C01_kmerfinder","C01","Identify the species of an unknown bacterial isolate from Illumina paired FASTQ using KmerFinder.","Y","Y","file_not_found","WARN: file not found: '/mnt/data/cohesive_llm_bench_scratch/_shared_inputdir/2026/2026.UNK.1.1.1/0SQ_rawreads/DS99999-DT260224_import/result/*.fastq*'","3","1","N","step_2AS_denovo__unicycler","","","step_2AS_denovo__unicycler, step_3TX_species__kmerfinder","step_2AS_denovo__unicycler, step_3TX_species__kmerfinder","step_3TX_species__kmerfinder","1003","46","2","2","15.3","Great! I'll proceed with the pipeline using the following steps:

1. **Input**: Illumina paired FASTQ reads
2. **Assembly**: Unicycler (`step_2AS_denovo__unicycler`) for de novo assembly
3. **Species Identification**: KmerFinder (`step_3TX_species__kmerfinder`) for species identification

This will ","nextflow.enable.dsl=2

// --- IMPORTS ---

include { extractKey } from '../functions/common.nf'

include { getSingleInput } from '../functions/parameters.nf'

include { step_2AS_denovo__unicycler } from '../steps/step_2AS_denovo__unicycler'

include { step_3TX_species__kmerfinder } from '../steps/step_3TX_species__kmerfinder'

// --- GLOBALS ---

// --- INLINE PROCESSES ---

// --- SUB WORKFLOWS ---

workflow wf_bacterial_species_id {
    
    take:
        
        reads
        
    
    main:
        assembly = step_2AS_denovo__unicycler(reads)
        assembly.cross(genus_species) { extractKey(it) }
            .multiMap {
                assembly: it[0]
                species: it[1]
            }.set { assemblyAndSpecies }

        kmerfinder_out = step_3TX_species__kmerfinder(assemblyAndSpecies.assembly)
    
    emit:
        
        assigned_species = kmerfinder_out.assigned_species
        
    
}

// --- ENTRYPOINT ---
workflow {
    wf_bacterial_species_id(getSingleInput())
}","nextflow.enable.dsl=2

include { getInput; optionalOrDefault; param } from '../functions/parameters.nf'
include { step_3TX_species__kmerfinder } from '../steps/step_3TX_species__kmerfinder'
workflow {
    step_3TX_species__kmerfinder(getInput())
}
"
"C02_mash","C02_mash","C02","Run Mash sketch-based species identification on paired-end Illumina reads.","Y","Y","none","","4","1","N","step_1PP_trimming__fastp","","","step_1PP_trimming__fastp, step_3TX_species__mash","step_3TX_species__mash, step_1PP_trimming__fastp","step_3TX_species__mash","623","33","2","2","7.3","Great! I'll set up a pipeline with Fastp trimming followed by Mash sketch-based species identification. Here's the plan:

1. **Input**: Paired-end Illumina reads
2. **Step 1**: Fastp trimming (`step_1PP_trimming__fastp`) to clean the reads
3. **Step 2**: Mash species identification (`step_3TX_specie","nextflow.enable.dsl=2

// --- IMPORTS ---

include { step_3TX_species__mash } from '../steps/step_3TX_species__mash'

include { step_1PP_trimming__fastp } from '../steps/step_1PP_trimming__fastp'

include { getSingleInput } from '../functions/parameters.nf'

// --- GLOBALS ---

// --- INLINE PROCESSES ---

// --- SUB WORKFLOWS ---

workflow wf_mash_species_identification {
    
    take:
        
        trimmed
        
    
    main:
        step_3TX_species__mash(trimmed)
    
}

// --- ENTRYPOINT ---
workflow {
    trimmed = step_1PP_trimming__fastp(getSingleInput())
    wf_mash_species_identification(trimmed)
}","nextflow.enable.dsl=2

include { getSingleInput; optionalOrDefault; param } from '../functions/parameters.nf'
include { step_3TX_species__mash } from '../steps/step_3TX_species__mash'
workflow {
    step_3TX_species__mash(getSingleInput())
}
"
"C03_kraken2","C03_kraken2","C03","Taxonomic classification of paired-end Illumina reads with Kraken2.","Y","Y","none","","7","2","N","step_0SQ_rawreads__fastq, step_1PP_trimming__fastp","","","step_0SQ_rawreads__fastq, step_1PP_trimming__fastp, step_3TX_class__kraken2","step_3TX_class__kraken2, step_0SQ_rawreads__fastq, step_1PP_trimming__fastp","step_3TX_class__kraken2","878","42","3","2","6.9","Great! I'll proceed with the pipeline for taxonomic classification of paired-end Illumina reads using Kraken2. Here's the plan:

1. **Quality Control**: FastQC to assess read quality
2. **Trimming**: Fastp to trim adapters and low-quality bases
3. **Taxonomic Classification**: Kraken2 to generate a ","nextflow.enable.dsl=2

// --- IMPORTS ---

include { step_1PP_trimming__fastp } from '../steps/step_1PP_trimming__fastp'

include { getSingleInput } from '../functions/parameters.nf'

include { step_3TX_class__kraken2 } from '../steps/step_3TX_class__kraken2'

include { step_0SQ_rawreads__fastq } from '../steps/step_0SQ_rawreads__fastq'

// --- GLOBALS ---

// --- INLINE PROCESSES ---

// --- SUB WORKFLOWS ---

workflow wf_taxonomic_classification {
    
    take:
        
        trimmed
        
    
    main:
        kraken2_out = step_3TX_class__kraken2(trimmed)
    
    emit:
        
        genus_report = kraken2_out.genus_report
        
    
}

// --- ENTRYPOINT ---
workflow {
    rawreads = getSingleInput()
    fastqc_out = step_0SQ_rawreads__fastq(rawreads)
    trimmed = step_1PP_trimming__fastp(rawreads).trimmed
    wf_taxonomic_classification(trimmed)
}","nextflow.enable.dsl=2

include { getSingleInput; optionalOrDefault; param } from '../functions/parameters.nf'
include { step_3TX_class__kraken2 } from '../steps/step_3TX_class__kraken2'
workflow {
    step_3TX_class__kraken2(getSingleInput())
}
"
"D01_fastp_spades_lis","D01_fastp_spades_lis","D01","From Illumina paired-end FASTQ of Listeria monocytogenes: trim with fastp and assemble with SPAdes.","Y","N","silent_no_op","No process placeholders appeared. when: clause filtered everything?","0","6","N","step_1PP_hostdepl__bowtie","step_1PP_trimming__fastp","","step_1PP_hostdepl__bowtie, step_2AS_denovo__spades","step_1PP_hostdepl__bowtie, step_2AS_denovo__spades","step_1PP_trimming__fastp, step_2AS_denovo__spades","1206","57","2","2","8.2","Great! I'll proceed with the pipeline using:
1. `step_1PP_trimming__fastp` for trimming Illumina paired-end reads
2. `step_2AS_denovo__spades` for de novo assembly

This matches the `module_denovo` template exactly.","nextflow.enable.dsl=2

// --- IMPORTS ---

include { getHost; getSingleInput } from '../functions/parameters.nf'

include { extractKey } from '../functions/common.nf'

include { step_1PP_hostdepl__bowtie } from '../steps/step_1PP_hostdepl__bowtie'

include { step_2AS_denovo__spades } from '../steps/step_2AS_denovo__spades'

// --- GLOBALS ---

// --- INLINE PROCESSES ---

// --- SUB WORKFLOWS ---

workflow module_denovo {
    
    take:
        
        trimmedReads
        
        host
        
    
    main:
        trimmedReads.cross(host) { extractKey(it) }
            .map { [ it[0][0], it[0][1], it[1][1] ] } //riscd, reads, host
            .branch {
                with_host: it[1][1]
                without_host: true
            }
        .set { branchedTrimmed }

        depleted = step_1PP_hostdepl__bowtie(branchedTrimmed.with_host)

        branchedTrimmed.without_host
            .mix(depleted)
            .map { it[0,1] }
            .set{ denovoInput }
        assembled = step_2AS_denovo__spades(denovoInput)
    
    emit:
        
        assembled
        
        depleted
        
    
}

// --- ENTRYPOINT ---
workflow {
    module_denovo(getSingleInput(), getHost())
}","nextflow.enable.dsl=2

include { getSingleInput; optionalOrDefault; param } from '../functions/parameters.nf'
include { step_1PP_trimming__fastp } from '../steps/step_1PP_trimming__fastp'
include { step_2AS_denovo__spades } from '../steps/step_2AS_denovo__spades'
workflow {
    trimmed   = step_1PP_trimming__fastp(getSingleInput()).trimmed
    assembled = step_2AS_denovo__spades(trimmed).assembled
}
"
"D02_fastp_shovill_eco","D02_fastp_shovill_eco","D02","Trim Illumina paired reads with fastp then assemble with Shovill (Escherichia coli).","N","N","no_code","http exception: HTTPConnectionPool(host='127.0.0.1', port=8765): Read timed out. (read timeout=180)","0","6","N","","step_1PP_trimming__fastp, step_2AS_denovo__shovill","","","","step_1PP_trimming__fastp, step_2AS_denovo__shovill","0","0","0","2","183.6","","","nextflow.enable.dsl=2

include { getSingleInput; optionalOrDefault; param } from '../functions/parameters.nf'
include { step_1PP_trimming__fastp } from '../steps/step_1PP_trimming__fastp'
include { step_2AS_denovo__shovill } from '../steps/step_2AS_denovo__shovill'
workflow {
    trimmed   = step_1PP_trimming__fastp(getSingleInput()).trimmed
    assembled = step_2AS_denovo__shovill(trimmed).assembly
}
"
"D03_trimmomatic_spades","D03_trimmomatic_spades","D03","Pipeline: trim with Trimmomatic, assemble with SPAdes. Illumina paired-end.","Y","N","silent_no_op","No process placeholders appeared. when: clause filtered everything?","0","6","N","step_1PP_filtering__bowtie","step_1PP_trimming__trimmomatic","","step_1PP_filtering__bowtie, step_2AS_denovo__spades","step_1PP_filtering__bowtie, step_2AS_denovo__spades","step_1PP_trimming__trimmomatic, step_2AS_denovo__spades","1058","49","2","2","7.8","Great! I'll proceed with the pipeline using Trimmomatic for trimming and SPAdes for assembly. This matches the `module_filtered_denovo` template. I'll set it up now.","nextflow.enable.dsl=2

// --- IMPORTS ---

include { step_1PP_filtering__bowtie } from '../steps/step_1PP_filtering__bowtie'

include { getReference; getSingleInput } from '../functions/parameters.nf'

include { extractKey } from '../functions/common.nf'

include { step_2AS_denovo__spades } from '../steps/step_2AS_denovo__spades'

// --- GLOBALS ---

// --- INLINE PROCESSES ---

// --- SUB WORKFLOWS ---

workflow module_filtered_denovo {
    
    take:
        
        reads
        
        reference
        
    
    main:
        reads.cross(reference) { extractKey(it) }.multiMap {
            reads: it[0] // riscd, reads
            refs:  it[1][1..3] // riscd, code, path
        }.set { readsAndReferences }

        filtered = step_1PP_filtering__bowtie(readsAndReferences.reads, readsAndReferences.refs)
        assembled = step_2AS_denovo__spades(filtered)
    
    emit:
        
        assembled
        
        filtered
        
    
}

// --- ENTRYPOINT ---
workflow {
    module_filtered_denovo(getSingleInput(), getReference('fa'))
}","nextflow.enable.dsl=2

include { getSingleInput; optionalOrDefault; param } from '../functions/parameters.nf'
include { step_1PP_trimming__trimmomatic } from '../steps/step_1PP_trimming__trimmomatic'
include { step_2AS_denovo__spades } from '../steps/step_2AS_denovo__spades'
workflow {
    trimmed   = step_1PP_trimming__trimmomatic(getSingleInput()).trimmed
    assembled = step_2AS_denovo__spades(trimmed).assembled
}
"
"D04_fastp_unicycler_sal","D04_fastp_unicycler_sal","D04","Trim and assemble a Salmonella isolate from Illumina paired-end FASTQ (fastp + Unicycler).","Y","N","silent_no_op","No process placeholders appeared. when: clause filtered everything?","0","6","Y","","","","step_1PP_trimming__fastp, step_2AS_denovo__unicycler","step_1PP_trimming__fastp, step_2AS_denovo__unicycler","step_1PP_trimming__fastp, step_2AS_denovo__unicycler","702","38","2","2","55.2","Great! I'll set up the pipeline with fastp for trimming and Unicycler for assembly. Here's the plan:

1. **Trimming**: Use `step_1PP_trimming__fastp` to clean the Illumina paired-end reads
2. **Assembly**: Use `step_2AS_denovo__unicycler` to assemble the trimmed reads

This pipeline will process you","nextflow.enable.dsl=2

// --- IMPORTS ---

include { step_1PP_trimming__fastp } from '../steps/step_1PP_trimming__fastp'

include { getSingleInput } from '../functions/parameters.nf'

include { step_2AS_denovo__unicycler } from '../steps/step_2AS_denovo__unicycler'

// --- GLOBALS ---

// --- INLINE PROCESSES ---

// --- SUB WORKFLOWS ---

workflow wf_trim_and_assemble {
    
    take:
        
        rawreads
        
    
    main:
        trimmed = step_1PP_trimming__fastp(rawreads).trimmed
        assembled = step_2AS_denovo__unicycler(trimmed).assembled
    
    emit:
        
        assembled
        
    
}

// --- ENTRYPOINT ---
workflow {
    wf_trim_and_assemble(getSingleInput())
}","nextflow.enable.dsl=2

include { getSingleInput; optionalOrDefault; param } from '../functions/parameters.nf'
include { step_1PP_trimming__fastp } from '../steps/step_1PP_trimming__fastp'
include { step_2AS_denovo__unicycler } from '../steps/step_2AS_denovo__unicycler'
workflow {
    trimmed   = step_1PP_trimming__fastp(getSingleInput()).trimmed
    assembled = step_2AS_denovo__unicycler(trimmed).assembled
}
"
"D05_fastp_spades_cam","D05_fastp_spades_cam","D05","Trim and de novo assembly (fastp + SPAdes) for a paired-end Illumina Campylobacter sample.","N","N","no_code","http exception: HTTPConnectionPool(host='127.0.0.1', port=8765): Read timed out. (read timeout=180)","0","6","N","","step_1PP_trimming__fastp, step_2AS_denovo__spades","","","","step_1PP_trimming__fastp, step_2AS_denovo__spades","0","0","0","2","183.6","","","nextflow.enable.dsl=2

include { getSingleInput; optionalOrDefault; param } from '../functions/parameters.nf'
include { step_1PP_trimming__fastp } from '../steps/step_1PP_trimming__fastp'
include { step_2AS_denovo__spades } from '../steps/step_2AS_denovo__spades'
workflow {
    trimmed   = step_1PP_trimming__fastp(getSingleInput()).trimmed
    assembled = step_2AS_denovo__spades(trimmed).assembled
}
"
"E01_mlst_lis","E01_mlst_lis","E01","Classic MLST on Listeria monocytogenes from paired-end Illumina FASTQ (trim + assembly + MLST).","Y","Y","none","","7","7","Y","","","","step_1PP_trimming__fastp, step_2AS_denovo__spades, step_4TY_MLST__mlst","step_1PP_trimming__fastp, step_2AS_denovo__spades, step_4TY_MLST__mlst","step_1PP_trimming__fastp, step_2AS_denovo__spades, step_4TY_MLST__mlst","750","36","3","2","8.3","Great! I'll proceed with the pipeline using:
1. `step_1PP_trimming__fastp` for trimming paired-end Illumina reads
2. `step_2AS_denovo__spades` for de novo assembly
3. `step_4TY_MLST__mlst` for MLST typing

This will process your reads, assemble them, and perform MLST typing for Listeria monocytogene","nextflow.enable.dsl=2

// --- IMPORTS ---

include { step_2AS_denovo__spades } from '../steps/step_2AS_denovo__spades'

include { step_1PP_trimming__fastp } from '../steps/step_1PP_trimming__fastp'

include { getSingleInput } from '../functions/parameters.nf'

include { step_4TY_MLST__mlst } from '../steps/step_4TY_MLST__mlst'

// --- GLOBALS ---

// --- INLINE PROCESSES ---

// --- SUB WORKFLOWS ---

workflow wf_trim_assemble_mlst {
    
    take:
        
        rawreads
        
    
    main:
        trimmed = step_1PP_trimming__fastp(rawreads).trimmed
        assembly = step_2AS_denovo__spades(trimmed).assembled
        step_4TY_MLST__mlst(assembly)
    
}

// --- ENTRYPOINT ---
workflow {
    wf_trim_assemble_mlst(getSingleInput())
}","nextflow.enable.dsl=2

include { getSingleInput; optionalOrDefault; param } from '../functions/parameters.nf'
include { step_1PP_trimming__fastp } from '../steps/step_1PP_trimming__fastp'
include { step_2AS_denovo__spades } from '../steps/step_2AS_denovo__spades'
include { step_4TY_MLST__mlst } from '../steps/step_4TY_MLST__mlst'
workflow {
    trimmed   = step_1PP_trimming__fastp(getSingleInput()).trimmed
    assembled = step_2AS_denovo__spades(trimmed).assembled
    step_4TY_MLST__mlst(assembled)
}
"
"E02_cgmlst_lis_fastp_spades","E02_cgmlst_lis_fastp_spades","E02","cgMLST allelic profile for Listeria monocytogenes from paired Illumina FASTQ (fastp + SPAdes + chewbbaca).","N","N","silent_no_op","No process placeholders appeared. when: clause filtered everything?","0","9","Y","","","","","step_2AS_denovo__spades, step_4TY_cgMLST__chewbbaca, step_1PP_trimming__fastp","step_1PP_trimming__fastp, step_2AS_denovo__spades, step_4TY_cgMLST__chewbbaca","1910","104","3","2","11.0","Great! I'll set up the pipeline with the following steps:
1. **Preprocessing**: `step_1PP_trimming__fastp` for trimming Illumina paired-end reads
2. **Assembly**: `step_2AS_denovo__spades` for de novo assembly
3. **cgMLST Typing**: `step_4TY_cgMLST__chewbbaca` for allelic profiling

This will genera","nextflow.enable.dsl=2

// --- IMPORTS ---

include { extractKey } from '../functions/common.nf'

include { getSingleInput } from '../functions/parameters.nf'

// --- GLOBALS ---

// --- INLINE PROCESSES ---

// --- SUB WORKFLOWS ---

workflow wf_cgmlst_listeria {
    
    take:
        
        trimmed
        
        genus_species
        
        schema
        
    
    main:
        trimmed.multiMap {
            trimmed: it
            genus_species: genus_species
            schema: schema
        }.set { prep }

        assembly = step_2AS_denovo__spades(prep.trimmed)
        step_4TY_cgMLST__chewbbaca(assembly.assembled, genus_species, schema)
    
}

workflow step_1PP_trimming__fastp {
    
    take:
        
        rawreads
        
    
    main:
        trimmed = fastp(rawreads).trimmed

        fastqc(trimmed)
        readsCheckInput = rawreads.cross(trimmed) { extractKey(it) }.multiMap {
            rawreads: it[0]
            trimmed: it[1]
        }
        sample_reads_check(readsCheckInput.rawreads, readsCheckInput.trimmed)
    
    emit:
        
        trimmed
        
    
}

workflow step_2AS_denovo__spades {
    
    take:
        
        data
        
    
    main:
        denovo(data)
        assembly_filter(denovo.out.scaffolds).fasta | quast

        assembled = assembly_filter.out.fasta
    
    emit:
        
        assembled
        
    
}

workflow step_4TY_cgMLST__chewbbaca {
    
    take:
        
        assembly
        
        genus_species
        
        schema
        
    
    main:
        chewbbaca_result = chewbbaca(assembly, genus_species, schema)
        hashing(chewbbaca_result.alleles)
        chewbbaca_check(chewbbaca_result.stats).check
    
}

// --- ENTRYPOINT ---
workflow {
    trimmed = step_1PP_trimming__fastp(getSingleInput())
    wf_cgmlst_listeria(trimmed, 'Listeria monocytogenes', 'l_mono_chewie_1748_220623')
}","nextflow.enable.dsl=2

include { getSingleInput; optionalOrDefault; param } from '../functions/parameters.nf'
include { step_1PP_trimming__fastp } from '../steps/step_1PP_trimming__fastp'
include { step_2AS_denovo__spades } from '../steps/step_2AS_denovo__spades'
include { step_4TY_cgMLST__chewbbaca } from '../steps/step_4TY_cgMLST__chewbbaca'
workflow {
    trimmed   = step_1PP_trimming__fastp(getSingleInput()).trimmed
    assembled = step_2AS_denovo__spades(trimmed).assembled
    step_4TY_cgMLST__chewbbaca(assembled, param('genus_species'), optionalOrDefault('schema', ''))
}
"
"E03_cgmlst_sal_fastp_spades","E03_cgmlst_sal_fastp_spades","E03","Generate cgMLST profiles for Salmonella enterica starting from paired-end Illumina FASTQ.","Y","N","silent_no_op","No process placeholders appeared. when: clause filtered everything?","0","9","Y","","","","step_1PP_trimming__fastp, step_2AS_denovo__spades, step_4TY_cgMLST__chewbbaca","step_4TY_cgMLST__chewbbaca, step_1PP_trimming__fastp, step_2AS_denovo__spades","step_1PP_trimming__fastp, step_2AS_denovo__spades, step_4TY_cgMLST__chewbbaca","856","40","3","2","7.2","Great! I'll proceed with the pipeline to generate cgMLST profiles for Salmonella enterica from paired-end Illumina FASTQ reads. Here's the plan:

1. **Trim reads**: Using `step_1PP_trimming__fastp` to clean the paired-end Illumina reads
2. **Assemble genome**: Using `step_2AS_denovo__spades` for de ","nextflow.enable.dsl=2

// --- IMPORTS ---

include { step_2AS_denovo__spades } from '../steps/step_2AS_denovo__spades'

include { step_4TY_cgMLST__chewbbaca } from '../steps/step_4TY_cgMLST__chewbbaca'

include { step_1PP_trimming__fastp } from '../steps/step_1PP_trimming__fastp'

include { getSingleInput } from '../functions/parameters.nf'

// --- GLOBALS ---

def genus_species = 'Salmonella enterica'

def schema = 'Salmonella'

// --- INLINE PROCESSES ---

// --- SUB WORKFLOWS ---

workflow wf_cgmlst_profiling {
    
    take:
        
        assembled
        
    
    main:
        step_4TY_cgMLST__chewbbaca(assembled, genus_species, schema)
    
}

// --- ENTRYPOINT ---
workflow {
    trimmed = step_1PP_trimming__fastp(getSingleInput()).trimmed
    assembled = step_2AS_denovo__spades(trimmed).assembled
    wf_cgmlst_profiling(assembled)
}","nextflow.enable.dsl=2

include { getSingleInput; optionalOrDefault; param } from '../functions/parameters.nf'
include { step_1PP_trimming__fastp } from '../steps/step_1PP_trimming__fastp'
include { step_2AS_denovo__spades } from '../steps/step_2AS_denovo__spades'
include { step_4TY_cgMLST__chewbbaca } from '../steps/step_4TY_cgMLST__chewbbaca'
workflow {
    trimmed   = step_1PP_trimming__fastp(getSingleInput()).trimmed
    assembled = step_2AS_denovo__spades(trimmed).assembled
    step_4TY_cgMLST__chewbbaca(assembled, param('genus_species'), optionalOrDefault('schema', ''))
}
"
"E04_cgmlst_eco_fastp_shovill","E04_cgmlst_eco_fastp_shovill","E04","E. coli cgMLST typing from Illumina paired FASTQ using fastp + Shovill + chewbbaca.","Y","N","silent_no_op","No process placeholders appeared. when: clause filtered everything?","0","9","Y","","","","step_1PP_trimming__fastp, step_2AS_denovo__shovill, step_4TY_cgMLST__chewbbaca","step_2AS_denovo__shovill, step_4TY_cgMLST__chewbbaca, step_1PP_trimming__fastp","step_1PP_trimming__fastp, step_2AS_denovo__shovill, step_4TY_cgMLST__chewbbaca","1238","60","3","2","9.2","Great! I'll proceed with the pipeline using fastp for trimming, Shovill for assembly, and chewbbaca for cgMLST typing. Here's the detailed plan:

1. **Trimming**: `step_1PP_trimming__fastp` - Input: Illumina paired FASTQ reads, Output: trimmed reads
2. **Assembly**: `step_2AS_denovo__shovill` - Inpu","nextflow.enable.dsl=2

// --- IMPORTS ---

include { step_2AS_denovo__shovill } from '../steps/step_2AS_denovo__shovill'

include { step_4TY_cgMLST__chewbbaca } from '../steps/step_4TY_cgMLST__chewbbaca'

include { step_1PP_trimming__fastp } from '../steps/step_1PP_trimming__fastp'

include { getSingleInput } from '../functions/parameters.nf'

// --- GLOBALS ---

// --- INLINE PROCESSES ---

// --- SUB WORKFLOWS ---

workflow wf_ecoli_cgmlst {
    
    take:
        
        trimmed
        
    
    main:
        trimmed.multiMap {
            trimmed: it
        }.set { trAndRef }

        assembly = step_2AS_denovo__shovill(trAndRef.trimmed).assembly

        step_4TY_cgMLST__chewbbaca(assembly, 'escherichia_coli', 'e_coli_chewie_2360_210531')
    
}

workflow wf_ecoli_cgmlst {
    
    take:
        
        trimmed
        
    
    main:
        trimmed.multiMap {
            trimmed: it
        }.set { trAndRef }

        assembly = step_2AS_denovo__shovill(trAndRef.trimmed).assembly

        step_4TY_cgMLST__chewbbaca(assembly, 'escherichia_coli', 'e_coli_chewie_2360_210531')
    
}

// --- ENTRYPOINT ---
workflow {
    trimmed = step_1PP_trimming__fastp(getSingleInput()).trimmed

    wf_ecoli_cgmlst(trimmed)
}","nextflow.enable.dsl=2

include { getSingleInput; optionalOrDefault; param } from '../functions/parameters.nf'
include { step_1PP_trimming__fastp } from '../steps/step_1PP_trimming__fastp'
include { step_2AS_denovo__shovill } from '../steps/step_2AS_denovo__shovill'
include { step_4TY_cgMLST__chewbbaca } from '../steps/step_4TY_cgMLST__chewbbaca'
workflow {
    trimmed   = step_1PP_trimming__fastp(getSingleInput()).trimmed
    assembled = step_2AS_denovo__shovill(trimmed).assembly
    step_4TY_cgMLST__chewbbaca(assembled, param('genus_species'), optionalOrDefault('schema', ''))
}
"
"E05_flaa_cam","E05_flaa_cam","E05","flaA typing pipeline for Campylobacter from paired-end Illumina FASTQ.","Y","Y","none","","7","7","Y","","","","step_1PP_trimming__fastp, step_2AS_denovo__spades, step_4TY_flaA__flaA","step_2AS_denovo__spades, step_4TY_flaA__flaA, step_1PP_trimming__fastp","step_1PP_trimming__fastp, step_2AS_denovo__spades, step_4TY_flaA__flaA","741","36","3","2","6.3","Great! I'll proceed with the pipeline for FlaA typing of Campylobacter from paired-end Illumina FASTQ reads. The pipeline will include:

1. **Preprocessing**: Fastp for trimming paired-end reads
2. **Assembly**: SPAdes for de novo assembly
3. **FlaA Typing**: FlaA typing on the assembly

I'll set th","nextflow.enable.dsl=2

// --- IMPORTS ---

include { step_4TY_flaA__flaA } from '../steps/step_4TY_flaA__flaA'

include { step_2AS_denovo__spades } from '../steps/step_2AS_denovo__spades'

include { step_1PP_trimming__fastp } from '../steps/step_1PP_trimming__fastp'

include { getSingleInput } from '../functions/parameters.nf'

// --- GLOBALS ---

// --- INLINE PROCESSES ---

// --- SUB WORKFLOWS ---

workflow wf_flaA_typing {
    
    take:
        
        trimmed
        
    
    main:
        assembled = step_2AS_denovo__spades(trimmed)
        step_4TY_flaA__flaA(assembled.assembled, 'campylobacter')
    
}

// --- ENTRYPOINT ---
workflow {
    trimmed = step_1PP_trimming__fastp(getSingleInput())
    wf_flaA_typing(trimmed)
}","nextflow.enable.dsl=2

include { getSingleInput; optionalOrDefault; param } from '../functions/parameters.nf'
include { step_1PP_trimming__fastp } from '../steps/step_1PP_trimming__fastp'
include { step_2AS_denovo__spades } from '../steps/step_2AS_denovo__spades'
include { step_4TY_flaA__flaA } from '../steps/step_4TY_flaA__flaA'
workflow {
    trimmed   = step_1PP_trimming__fastp(getSingleInput()).trimmed
    assembled = step_2AS_denovo__spades(trimmed).assembled
    step_4TY_flaA__flaA(assembled, param('genus_species'))
}
"
"E06_staramr_cam","E06_staramr_cam","E06","AMR analysis with staramr for Campylobacter from paired Illumina FASTQ (trim + assembly + staramr).","Y","Y","none","","7","7","N","step_2AS_denovo__unicycler","step_2AS_denovo__spades","","step_1PP_trimming__fastp, step_2AS_denovo__unicycler, step_4AN_AMR__staramr","step_4AN_AMR__staramr, step_1PP_trimming__fastp, step_2AS_denovo__unicycler","step_1PP_trimming__fastp, step_2AS_denovo__spades, step_4AN_AMR__staramr","935","42","3","2","9.3","Great! I'll proceed with the pipeline using the following steps:

1. **Trimming**: `step_1PP_trimming__fastp` for paired-end Illumina reads
2. **Assembly**: `step_2AS_denovo__unicycler` for assembly
3. **AMR Analysis**: `step_4AN_AMR__staramr` for Campylobacter

This will process your paired Illumin","nextflow.enable.dsl=2

// --- IMPORTS ---

include { step_1PP_trimming__fastp } from '../steps/step_1PP_trimming__fastp'

include { getSingleInput } from '../functions/parameters.nf'

include { step_2AS_denovo__unicycler } from '../steps/step_2AS_denovo__unicycler'

include { step_4AN_AMR__staramr } from '../steps/step_4AN_AMR__staramr'

// --- GLOBALS ---

def genus_species = 'Campylobacter'

// --- INLINE PROCESSES ---

// --- SUB WORKFLOWS ---

workflow wf_amr_analysis {
    
    take:
        
        assembly
        
    
    main:
        assembly.multiMap {
          assembly: it
          genus_species: genus_species
        }.set { amr_input }
        step_4AN_AMR__staramr(amr_input.assembly, amr_input.genus_species)
    
}

// --- ENTRYPOINT ---
workflow {
    trimmed = step_1PP_trimming__fastp(getSingleInput()).trimmed
    assembly = step_2AS_denovo__unicycler(trimmed).assembled
    wf_amr_analysis(assembly)
}","nextflow.enable.dsl=2

include { getSingleInput; optionalOrDefault; param } from '../functions/parameters.nf'
include { step_1PP_trimming__fastp } from '../steps/step_1PP_trimming__fastp'
include { step_2AS_denovo__spades } from '../steps/step_2AS_denovo__spades'
include { step_4AN_AMR__staramr } from '../steps/step_4AN_AMR__staramr'
workflow {
    trimmed   = step_1PP_trimming__fastp(getSingleInput()).trimmed
    assembled = step_2AS_denovo__spades(trimmed).assembled
    step_4AN_AMR__staramr(assembled, param('genus_species'))
}
"
"E07_abricate_eco","E07_abricate_eco","E07","Resistance gene detection with ABRicate on Escherichia coli from Illumina paired FASTQ.","Y","N","silent_no_op","No process placeholders appeared. when: clause filtered everything?","0","7","Y","","","","step_1PP_trimming__fastp, step_2AS_denovo__spades, step_4AN_AMR__abricate","step_2AS_denovo__spades, step_4AN_AMR__abricate, step_1PP_trimming__fastp","step_1PP_trimming__fastp, step_2AS_denovo__spades, step_4AN_AMR__abricate","845","40","3","2","10.4","Great! I'll design a minimal pipeline for resistance gene detection with ABRicate on Escherichia coli from Illumina paired FASTQ. Here's the plan:

1. **Preprocessing**: Trim Illumina reads with fastp (`step_1PP_trimming__fastp`)
2. **Assembly**: Assemble trimmed reads with SPAdes (`step_2AS_denovo_","nextflow.enable.dsl=2

// --- IMPORTS ---

include { step_4AN_AMR__abricate } from '../steps/step_4AN_AMR__abricate'

include { step_2AS_denovo__spades } from '../steps/step_2AS_denovo__spades'

include { step_1PP_trimming__fastp } from '../steps/step_1PP_trimming__fastp'

include { getSingleInput } from '../functions/parameters.nf'

// --- GLOBALS ---

// --- INLINE PROCESSES ---

// --- SUB WORKFLOWS ---

workflow wf_resistance_gene_detection {
    
    take:
        
        trimmed
        
    
    main:
        trimmed.multiMap {
            trimmed: it
        }.set { trAndRef }

        assembly = step_2AS_denovo__spades(trAndRef.trimmed)
        step_4AN_AMR__abricate(assembly)
    
}

// --- ENTRYPOINT ---
workflow {
    trimmed = step_1PP_trimming__fastp(getSingleInput()).trimmed
    wf_resistance_gene_detection(trimmed)
}","nextflow.enable.dsl=2

include { getSingleInput; optionalOrDefault; param } from '../functions/parameters.nf'
include { step_1PP_trimming__fastp } from '../steps/step_1PP_trimming__fastp'
include { step_2AS_denovo__spades } from '../steps/step_2AS_denovo__spades'
include { step_4AN_AMR__abricate } from '../steps/step_4AN_AMR__abricate'
workflow {
    trimmed   = step_1PP_trimming__fastp(getSingleInput()).trimmed
    assembled = step_2AS_denovo__spades(trimmed).assembled
    step_4AN_AMR__abricate(assembled)
}
"
"E08_prokka_lis","E08_prokka_lis","E08","Annotate a Listeria monocytogenes genome with Prokka, starting from paired Illumina FASTQ (trim + assembly + Prokka).","Y","N","silent_no_op","No process placeholders appeared. when: clause filtered everything?","0","7","N","","step_2AS_denovo__spades, step_4AN_genes__prokka","","step_1PP_trimming__fastp","step_1PP_trimming__fastp","step_1PP_trimming__fastp, step_2AS_denovo__spades, step_4AN_genes__prokka","818","41","1","2","7.6","Great! I'll build the pipeline with the following steps:
1. Trim paired Illumina reads with fastp (`step_1PP_trimming__fastp`)
2. Assemble with SPAdes (`step_2AS_denovo__spades`)
3. Annotate with Prokka (`step_4AN_genes__prokka`)

This will be a custom pipeline since there's no exact template for th","nextflow.enable.dsl=2

// --- IMPORTS ---

include { step_1PP_trimming__fastp } from '../steps/step_1PP_trimming__fastp'

include { getSingleInput } from '../functions/parameters.nf'

include { getEmpty } from '../functions/common.nf'

// --- GLOBALS ---

// --- INLINE PROCESSES ---

// --- SUB WORKFLOWS ---

workflow wf_listeria_annotation {
    
    take:
        
        trimmed
        
    
    main:
        denovo(trimmed)
        assembly_filter(denovo.out.scaffolds).fasta | quast
        assembled = assembly_filter.out.fasta
        prokka(assembled.map { [ it[0], it[1], 'Bacteria', '-', '-', getEmpty() ] })
    
    emit:
        
        assembled
        
    
}

// --- ENTRYPOINT ---
workflow {
    trimmed = step_1PP_trimming__fastp(getSingleInput()).trimmed
    wf_listeria_annotation(trimmed)
}","nextflow.enable.dsl=2

include { getSingleInput; optionalOrDefault; param } from '../functions/parameters.nf'
include { step_1PP_trimming__fastp } from '../steps/step_1PP_trimming__fastp'
include { step_2AS_denovo__spades } from '../steps/step_2AS_denovo__spades'
include { step_4AN_genes__prokka } from '../steps/step_4AN_genes__prokka'
workflow {
    trimmed   = step_1PP_trimming__fastp(getSingleInput()).trimmed
    assembled = step_2AS_denovo__spades(trimmed).assembled
    step_4AN_genes__prokka(assembled)
}
"
"E09_mlst_eco_trimmomatic","E09_mlst_eco_trimmomatic","E09","MLST on E. coli paired Illumina reads: Trimmomatic + SPAdes + mlst.","Y","N","silent_no_op","No process placeholders appeared. when: clause filtered everything?","0","7","Y","","","","step_1PP_trimming__trimmomatic, step_2AS_denovo__spades, step_4TY_MLST__mlst","step_1PP_trimming__trimmomatic, step_2AS_denovo__spades, step_4TY_MLST__mlst","step_1PP_trimming__trimmomatic, step_2AS_denovo__spades, step_4TY_MLST__mlst","768","36","3","2","6.6","Great! I'll set up the pipeline with Trimmomatic for trimming, SPAdes for assembly, and MLST for typing. This will be a custom pipeline since there's no exact template for this combination.","nextflow.enable.dsl=2

// --- IMPORTS ---

include { step_1PP_trimming__trimmomatic } from '../steps/step_1PP_trimming__trimmomatic'

include { step_2AS_denovo__spades } from '../steps/step_2AS_denovo__spades'

include { getSingleInput } from '../functions/parameters.nf'

include { step_4TY_MLST__mlst } from '../steps/step_4TY_MLST__mlst'

// --- GLOBALS ---

// --- INLINE PROCESSES ---

// --- SUB WORKFLOWS ---

workflow wf_trim_assemble_mlst {
    
    take:
        
        rawreads
        
    
    main:
        trimmed = step_1PP_trimming__trimmomatic(rawreads).fastq
        assembled = step_2AS_denovo__spades(trimmed).assembled
        step_4TY_MLST__mlst(assembled)
    
}

// --- ENTRYPOINT ---
workflow {
    wf_trim_assemble_mlst(getSingleInput())
}","nextflow.enable.dsl=2

include { getSingleInput; optionalOrDefault; param } from '../functions/parameters.nf'
include { step_1PP_trimming__trimmomatic } from '../steps/step_1PP_trimming__trimmomatic'
include { step_2AS_denovo__spades } from '../steps/step_2AS_denovo__spades'
include { step_4TY_MLST__mlst } from '../steps/step_4TY_MLST__mlst'
workflow {
    trimmed   = step_1PP_trimming__trimmomatic(getSingleInput()).trimmed
    assembled = step_2AS_denovo__spades(trimmed).assembled
    step_4TY_MLST__mlst(assembled)
}
"
"E10_mlst_sal_shovill","E10_mlst_sal_shovill","E10","Salmonella enterica MLST: fastp + Shovill + mlst.","Y","Y","none","","7","7","Y","","","","step_1PP_trimming__fastp, step_2AS_denovo__shovill, step_4TY_MLST__mlst","step_1PP_trimming__fastp, step_2AS_denovo__shovill, step_4TY_MLST__mlst","step_1PP_trimming__fastp, step_2AS_denovo__shovill, step_4TY_MLST__mlst","752","36","3","2","6.8","I will create a pipeline with fastp for trimming, Shovill for assembly, and MLST for typing. This is suitable for Salmonella enterica with Illumina reads. I will now generate the pipeline.","nextflow.enable.dsl=2

// --- IMPORTS ---

include { step_2AS_denovo__shovill } from '../steps/step_2AS_denovo__shovill'

include { step_1PP_trimming__fastp } from '../steps/step_1PP_trimming__fastp'

include { getSingleInput } from '../functions/parameters.nf'

include { step_4TY_MLST__mlst } from '../steps/step_4TY_MLST__mlst'

// --- GLOBALS ---

// --- INLINE PROCESSES ---

// --- SUB WORKFLOWS ---

workflow wf_trim_assemble_mlst {
    
    take:
        
        rawreads
        
    
    main:
        trimmed = step_1PP_trimming__fastp(rawreads).trimmed
        assembly = step_2AS_denovo__shovill(trimmed).assembly
        step_4TY_MLST__mlst(assembly)
    
}

// --- ENTRYPOINT ---
workflow {
    wf_trim_assemble_mlst(getSingleInput())
}","nextflow.enable.dsl=2

include { getSingleInput; optionalOrDefault; param } from '../functions/parameters.nf'
include { step_1PP_trimming__fastp } from '../steps/step_1PP_trimming__fastp'
include { step_2AS_denovo__shovill } from '../steps/step_2AS_denovo__shovill'
include { step_4TY_MLST__mlst } from '../steps/step_4TY_MLST__mlst'
workflow {
    trimmed   = step_1PP_trimming__fastp(getSingleInput()).trimmed
    assembled = step_2AS_denovo__shovill(trimmed).assembly
    step_4TY_MLST__mlst(assembled)
}
"
"E11_cgmlst_lis_shovill","E11_cgmlst_lis_shovill","E11","Listeria cgMLST starting from Illumina paired reads: trim, Shovill assembly, chewbbaca typing.","N","N","silent_no_op","No process placeholders appeared. when: clause filtered everything?","0","9","Y","","","","step_1PP_trimming__fastp, step_2AS_denovo__shovill, step_4TY_cgMLST__chewbbaca","step_2AS_denovo__shovill, step_4TY_cgMLST__chewbbaca, step_1PP_trimming__fastp","step_1PP_trimming__fastp, step_2AS_denovo__shovill, step_4TY_cgMLST__chewbbaca","841","40","3","2","48.3","Great! I'll set up a pipeline for Listeria cgMLST starting from Illumina paired reads. The pipeline will include:

1. **Trimming**: Using `fastp` (step_1PP_trimming__fastp)
2. **Assembly**: Using Shovill (step_2AS_denovo__shovill)
3. **cgMLST Typing**: Using Chewbbaca (step_4TY_cgMLST__chewbbaca)

T","nextflow.enable.dsl=2

// --- IMPORTS ---

include { step_2AS_denovo__shovill } from '../steps/step_2AS_denovo__shovill'

include { step_4TY_cgMLST__chewbbaca } from '../steps/step_4TY_cgMLST__chewbbaca'

include { step_1PP_trimming__fastp } from '../steps/step_1PP_trimming__fastp'

include { getSingleInput } from '../functions/parameters.nf'

// --- GLOBALS ---

def genus_species = 'Listeria'

def schema = 'l_mono_chewie_1748_220623'

// --- INLINE PROCESSES ---

// --- SUB WORKFLOWS ---

workflow wf_listeria_cgmlst {
    
    take:
        
        trimmed
        
    
    main:
        assembly = step_2AS_denovo__shovill(trimmed)
        step_4TY_cgMLST__chewbbaca(assembly, genus_species, schema)
    
}

// --- ENTRYPOINT ---
workflow {
    trimmed = step_1PP_trimming__fastp(getSingleInput())
    wf_listeria_cgmlst(trimmed)
}","nextflow.enable.dsl=2

include { getSingleInput; optionalOrDefault; param } from '../functions/parameters.nf'
include { step_1PP_trimming__fastp } from '../steps/step_1PP_trimming__fastp'
include { step_2AS_denovo__shovill } from '../steps/step_2AS_denovo__shovill'
include { step_4TY_cgMLST__chewbbaca } from '../steps/step_4TY_cgMLST__chewbbaca'
workflow {
    trimmed   = step_1PP_trimming__fastp(getSingleInput()).trimmed
    assembled = step_2AS_denovo__shovill(trimmed).assembly
    step_4TY_cgMLST__chewbbaca(assembled, param('genus_species'), optionalOrDefault('schema', ''))
}
"
"E12_mlst_cam","E12_mlst_cam","E12","MLST analysis for Campylobacter from paired Illumina FASTQ (fastp + SPAdes + mlst).","Y","Y","none","","7","7","Y","","","","step_1PP_trimming__fastp, step_2AS_denovo__spades, step_4TY_MLST__mlst","step_1PP_trimming__fastp, step_2AS_denovo__spades, step_4TY_MLST__mlst","step_1PP_trimming__fastp, step_2AS_denovo__spades, step_4TY_MLST__mlst","843","42","3","2","7.4","I'll build the pipeline with the following steps:
1. **fastp** for trimming paired Illumina reads (step_1PP_trimming__fastp)
2. **SPAdes** for de novo assembly (step_2AS_denovo__spades)
3. **MLST** for Campylobacter typing (step_4TY_MLST__mlst)

This will generate a clean assembly and perform MLST t","nextflow.enable.dsl=2

// --- IMPORTS ---

include { step_2AS_denovo__spades } from '../steps/step_2AS_denovo__spades'

include { step_1PP_trimming__fastp } from '../steps/step_1PP_trimming__fastp'

include { getSingleInput } from '../functions/parameters.nf'

include { step_4TY_MLST__mlst } from '../steps/step_4TY_MLST__mlst'

// --- GLOBALS ---

// --- INLINE PROCESSES ---

// --- SUB WORKFLOWS ---

workflow wf_trim_and_assemble {
    
    take:
        
        rawreads
        
    
    main:
        trimmed = step_1PP_trimming__fastp(rawreads).trimmed
        assembled = step_2AS_denovo__spades(trimmed).assembled
    
    emit:
        
        assembled
        
    
}

// --- ENTRYPOINT ---
workflow {
    rawreads = getSingleInput()
    assembled = wf_trim_and_assemble(rawreads).assembled
    step_4TY_MLST__mlst(assembled)
}","nextflow.enable.dsl=2

include { getSingleInput; optionalOrDefault; param } from '../functions/parameters.nf'
include { step_1PP_trimming__fastp } from '../steps/step_1PP_trimming__fastp'
include { step_2AS_denovo__spades } from '../steps/step_2AS_denovo__spades'
include { step_4TY_MLST__mlst } from '../steps/step_4TY_MLST__mlst'
workflow {
    trimmed   = step_1PP_trimming__fastp(getSingleInput()).trimmed
    assembled = step_2AS_denovo__spades(trimmed).assembled
    step_4TY_MLST__mlst(assembled)
}
"
"E13_abricate_sal","E13_abricate_sal","E13","Antimicrobial resistance gene screening with ABRicate for Salmonella enterica from paired Illumina FASTQ.","N","N","silent_no_op","No process placeholders appeared. when: clause filtered everything?","0","7","N","step_2AS_denovo__unicycler","step_2AS_denovo__spades","","step_1PP_trimming__fastp, step_2AS_denovo__unicycler, step_4AN_AMR__abricate","step_2AS_denovo__unicycler, step_4AN_AMR__abricate, step_1PP_trimming__fastp","step_1PP_trimming__fastp, step_2AS_denovo__spades, step_4AN_AMR__abricate","738","36","3","2","8.4","Great! I'll proceed with the pipeline design as discussed. Here's the plan:

1. **Trim reads**: Use `step_1PP_trimming__fastp` to trim paired Illumina FASTQ files
2. **Assemble genome**: Use `step_2AS_denovo__unicycler` to assemble the trimmed reads
3. **AMR screening**: Use `step_4AN_AMR__abricate`","nextflow.enable.dsl=2

// --- IMPORTS ---

include { step_4AN_AMR__abricate } from '../steps/step_4AN_AMR__abricate'

include { step_1PP_trimming__fastp } from '../steps/step_1PP_trimming__fastp'

include { getSingleInput } from '../functions/parameters.nf'

include { step_2AS_denovo__unicycler } from '../steps/step_2AS_denovo__unicycler'

// --- GLOBALS ---

// --- INLINE PROCESSES ---

// --- SUB WORKFLOWS ---

workflow wf_salmonella_amr {
    
    take:
        
        trimmed
        
    
    main:
        assembled = step_2AS_denovo__unicycler(trimmed)
        step_4AN_AMR__abricate(assembled)
    
}

// --- ENTRYPOINT ---
workflow {
    trimmed = step_1PP_trimming__fastp(getSingleInput())
    wf_salmonella_amr(trimmed)
}","nextflow.enable.dsl=2

include { getSingleInput; optionalOrDefault; param } from '../functions/parameters.nf'
include { step_1PP_trimming__fastp } from '../steps/step_1PP_trimming__fastp'
include { step_2AS_denovo__spades } from '../steps/step_2AS_denovo__spades'
include { step_4AN_AMR__abricate } from '../steps/step_4AN_AMR__abricate'
workflow {
    trimmed   = step_1PP_trimming__fastp(getSingleInput()).trimmed
    assembled = step_2AS_denovo__spades(trimmed).assembled
    step_4AN_AMR__abricate(assembled)
}
"
"E14_prokka_eco","E14_prokka_eco","E14","Annotate an E. coli assembly with Prokka, starting from paired Illumina reads.","Y","N","silent_no_op","No process placeholders appeared. when: clause filtered everything?","0","7","Y","","","","step_1PP_trimming__fastp, step_2AS_denovo__spades, step_4AN_genes__prokka","step_2AS_denovo__spades, step_4AN_genes__prokka, step_1PP_trimming__fastp","step_1PP_trimming__fastp, step_2AS_denovo__spades, step_4AN_genes__prokka","1207","53","3","2","8.0","Great! Here's the pipeline I'll build for you:

1. **Trim paired Illumina reads** using `step_1PP_trimming__fastp`
2. **Assemble the trimmed reads** using `step_2AS_denovo__spades`
3. **Annotate the assembly** using `step_4AN_genes__prokka`

This follows the standard workflow for bacterial genome an","nextflow.enable.dsl=2

// --- IMPORTS ---

include { step_2AS_denovo__spades } from '../steps/step_2AS_denovo__spades'

include { getEmpty } from '../functions/common.nf'

include { getSingleInput } from '../functions/parameters.nf'

include { step_4AN_genes__prokka } from '../steps/step_4AN_genes__prokka'

include { step_1PP_trimming__fastp } from '../steps/step_1PP_trimming__fastp'

// --- GLOBALS ---

def PROKKA_KINGDOM = 'Bacteria'

// --- INLINE PROCESSES ---

// --- SUB WORKFLOWS ---

workflow wf_ecoli_annotation {
    
    take:
        
        trimmed
        
    
    main:
        trimmed.multiMap {
            trimmed: it
            reference: [ referenceRiscd, referenceCode, file(referencePath) ]
        }.set { trAndRef }

        assembly_out = step_2AS_denovo__spades(trAndRef.trimmed)
        assembly_out.assembled.multiMap {
            assembly: it
            kingdom: PROKKA_KINGDOM
            riscd_ref: '-'
            refid: '-'
            refpath: getEmpty()
        }.set { prokkaIn }

        step_4AN_genes__prokka(prokkaIn)
    
}

// --- ENTRYPOINT ---
workflow {
    trimmed = step_1PP_trimming__fastp(getSingleInput()).trimmed
    wf_ecoli_annotation(trimmed)
}","nextflow.enable.dsl=2

include { getSingleInput; optionalOrDefault; param } from '../functions/parameters.nf'
include { step_1PP_trimming__fastp } from '../steps/step_1PP_trimming__fastp'
include { step_2AS_denovo__spades } from '../steps/step_2AS_denovo__spades'
include { step_4AN_genes__prokka } from '../steps/step_4AN_genes__prokka'
workflow {
    trimmed   = step_1PP_trimming__fastp(getSingleInput()).trimmed
    assembled = step_2AS_denovo__spades(trimmed).assembled
    step_4AN_genes__prokka(assembled)
}
"
"E15_cgmlst_lis_trimmomatic","E15_cgmlst_lis_trimmomatic","E15","Listeria monocytogenes cgMLST allelic profiles: Trimmomatic + SPAdes + chewbbaca.","Y","N","silent_no_op","No process placeholders appeared. when: clause filtered everything?","0","9","Y","","","","step_1PP_trimming__trimmomatic, step_2AS_denovo__spades, step_4TY_cgMLST__chewbbaca","step_1PP_trimming__trimmomatic, step_2AS_denovo__spades, step_4TY_cgMLST__chewbbaca","step_1PP_trimming__trimmomatic, step_2AS_denovo__spades, step_4TY_cgMLST__chewbbaca","914","40","3","2","11.8","I'll create a pipeline for Listeria monocytogenes cgMLST allelic profiling using:
1. Trimmomatic for read trimming
2. SPAdes for de novo assembly
3. chewBBACA for cgMLST typing

This will generate the allelic profiles you need.","nextflow.enable.dsl=2

// --- IMPORTS ---

include { step_1PP_trimming__trimmomatic } from '../steps/step_1PP_trimming__trimmomatic'

include { step_2AS_denovo__spades } from '../steps/step_2AS_denovo__spades'

include { getSingleInput } from '../functions/parameters.nf'

include { step_4TY_cgMLST__chewbbaca } from '../steps/step_4TY_cgMLST__chewbbaca'

// --- GLOBALS ---

def genus_species = 'Listeria monocytogenes'

def schema = 'l_mono_chewie_1748_220623'

// --- INLINE PROCESSES ---

// --- SUB WORKFLOWS ---

workflow wf_trimming_spades_chewbbaca {
    
    take:
        
        rawreads
        
    
    main:
        trimmed = step_1PP_trimming__trimmomatic(rawreads).fastq
        assembled = step_2AS_denovo__spades(trimmed).assembled
        step_4TY_cgMLST__chewbbaca(assembled, genus_species, schema)
    
}

// --- ENTRYPOINT ---
workflow {
    wf_trimming_spades_chewbbaca(getSingleInput())
}","nextflow.enable.dsl=2

include { getSingleInput; optionalOrDefault; param } from '../functions/parameters.nf'
include { step_1PP_trimming__trimmomatic } from '../steps/step_1PP_trimming__trimmomatic'
include { step_2AS_denovo__spades } from '../steps/step_2AS_denovo__spades'
include { step_4TY_cgMLST__chewbbaca } from '../steps/step_4TY_cgMLST__chewbbaca'
workflow {
    trimmed   = step_1PP_trimming__trimmomatic(getSingleInput()).trimmed
    assembled = step_2AS_denovo__spades(trimmed).assembled
    step_4TY_cgMLST__chewbbaca(assembled, param('genus_species'), optionalOrDefault('schema', ''))
}
"
"F01_abricate_assembly","F01_abricate_assembly","F01","Run ABRicate to detect resistance genes on a pre-existing bacterial assembly.","Y","N","silent_no_op","No process placeholders appeared. when: clause filtered everything?","0","1","Y","","","","","step_4AN_AMR__abricate","step_4AN_AMR__abricate","402","28","1","2","5.9","I will use the ABRicate tool (`step_4AN_AMR__abricate`) to detect resistance genes on your pre-existing bacterial assembly. This pipeline will take the assembly as input and output resistance gene calls.","nextflow.enable.dsl=2

// --- IMPORTS ---

include { getAssembly } from '../functions/parameters.nf'

// --- GLOBALS ---

// --- INLINE PROCESSES ---

// --- SUB WORKFLOWS ---

workflow step_4AN_AMR__abricate {
    
    take:
        
        assembly
        
    
    main:
        abricate_out = abricate(assembly)
    
}

// --- ENTRYPOINT ---
workflow {
    step_4AN_AMR__abricate(getAssembly())
}","nextflow.enable.dsl=2

include { getInput; optionalOrDefault; param } from '../functions/parameters.nf'
include { step_4AN_AMR__abricate } from '../steps/step_4AN_AMR__abricate'
workflow {
    step_4AN_AMR__abricate(getInput())
}
"
"F02_prokka_assembly","F02_prokka_assembly","F02","Annotate a bacterial genome assembly with Prokka.","Y","N","silent_no_op","No process placeholders appeared. when: clause filtered everything?","0","1","Y","","","","","step_4AN_genes__prokka","step_4AN_genes__prokka","769","38","1","2","6.6","Great! I'll proceed with annotating the bacterial genome assembly using Prokka (`step_4AN_genes__prokka`).","nextflow.enable.dsl=2

// --- IMPORTS ---

include { getAssembly } from '../functions/parameters.nf'

// --- GLOBALS ---

// --- INLINE PROCESSES ---

// --- SUB WORKFLOWS ---

workflow step_4AN_genes__prokka {
    
    take:
        
        assembly
        
    
    main:
        assembly.multiMap {
            riscd_input: it[0]
            scaffolds200: it[1]
            kingdom: it[2]
            riscd_ref: it[3]
            reference: it[4]
            gb: it[5]
        }.set { prokka_input }

        prokka(prokka_input.riscd_input, prokka_input.scaffolds200, prokka_input.kingdom, prokka_input.riscd_ref, prokka_input.reference, prokka_input.gb)
    
}

// --- ENTRYPOINT ---
workflow {
    assembly = getAssembly()
    step_4AN_genes__prokka(assembly)
}","nextflow.enable.dsl=2

include { getInput; optionalOrDefault; param } from '../functions/parameters.nf'
include { step_4AN_genes__prokka } from '../steps/step_4AN_genes__prokka'
workflow {
    step_4AN_genes__prokka(getInput())
}
"
"F03_mash_lis","F03_mash_lis","F03","Sketch-based species ID with Mash on a Listeria isolate (paired Illumina).","Y","N","silent_no_op","No process placeholders appeared. when: clause filtered everything?","0","1","N","step_1PP_trimming__fastp","","","","step_1PP_trimming__fastp, step_3TX_species__mash","step_3TX_species__mash","929","55","2","2","8.7","Great! I'll proceed with the pipeline using Fastp for trimming and Mash for species identification on your Listeria isolate with paired Illumina reads. Here's the plan:

1. **Preprocessing**: Use Fastp to trim adapters and low-quality bases from the paired Illumina reads.
2. **Species Identification","nextflow.enable.dsl=2

// --- IMPORTS ---

include { extractKey } from '../functions/common.nf'

include { getSingleInput } from '../functions/parameters.nf'

// --- GLOBALS ---

// --- INLINE PROCESSES ---

// --- SUB WORKFLOWS ---

workflow step_1PP_trimming__fastp {
    
    take:
        
        rawreads
        
    
    main:
        trimmed = fastp(rawreads).trimmed

        fastqc(trimmed)
        readsCheckInput = rawreads.cross(trimmed) { extractKey(it) }.multiMap {
          rawreads: it[0]
          trimmed: it[1]
        }
        sample_reads_check(readsCheckInput.rawreads, readsCheckInput.trimmed)
    
    emit:
        
        trimmed
        
    
}

workflow step_3TX_species__mash {
    
    take:
        
        reads
        
    
    main:
        mash(reads)
    
}

// --- ENTRYPOINT ---
workflow {
    trimmed = step_1PP_trimming__fastp(getSingleInput())
    step_3TX_species__mash(trimmed)
}","nextflow.enable.dsl=2

include { getSingleInput; optionalOrDefault; param } from '../functions/parameters.nf'
include { step_3TX_species__mash } from '../steps/step_3TX_species__mash'
workflow {
    step_3TX_species__mash(getSingleInput())
}
"
"F04_kraken2_unknown","F04_kraken2_unknown","F04","Classify an unknown bacterial isolate (paired Illumina FASTQ) using Kraken2.","N","N","no_code","http exception: HTTPConnectionPool(host='127.0.0.1', port=8765): Read timed out. (read timeout=180)","0","2","N","","step_3TX_class__kraken2","","","","step_3TX_class__kraken2","0","0","0","2","183.0","","","nextflow.enable.dsl=2

include { getSingleInput; optionalOrDefault; param } from '../functions/parameters.nf'
include { step_3TX_class__kraken2 } from '../steps/step_3TX_class__kraken2'
workflow {
    step_3TX_class__kraken2(getSingleInput())
}
"
"G01_chopper_flye_lis","G01_chopper_flye_lis","G01","Long-read Nanopore pipeline for Listeria: chopper trimming followed by Flye assembly.","Y","N","silent_no_op","No process placeholders appeared. when: clause filtered everything?","0","4","Y","","","","step_1PP_trimming__chopper, step_2AS_denovo__flye","step_1PP_trimming__chopper, step_2AS_denovo__flye","step_1PP_trimming__chopper, step_2AS_denovo__flye","690","38","2","2","6.3","Great! I'll set up the pipeline with Chopper for trimming and Flye for assembly. This is perfect for your Nanopore Listeria data.","nextflow.enable.dsl=2

// --- IMPORTS ---

include { step_2AS_denovo__flye } from '../steps/step_2AS_denovo__flye'

include { getSingleInput } from '../functions/parameters.nf'

include { step_1PP_trimming__chopper } from '../steps/step_1PP_trimming__chopper'

// --- GLOBALS ---

// --- INLINE PROCESSES ---

// --- SUB WORKFLOWS ---

workflow wf_trim_and_assemble {
    
    take:
        
        rawreads
        
    
    main:
        trimmed = step_1PP_trimming__chopper(rawreads).trimmed
        assembly = step_2AS_denovo__flye(trimmed).assembly
    
    emit:
        
        assembly
        
    
}

// --- ENTRYPOINT ---
workflow {
    wf_trim_and_assemble(getSingleInput())
}","nextflow.enable.dsl=2

include { getSingleInput; optionalOrDefault; param } from '../functions/parameters.nf'
include { step_1PP_trimming__chopper } from '../steps/step_1PP_trimming__chopper'
include { step_2AS_denovo__flye } from '../steps/step_2AS_denovo__flye'
workflow {
    trimmed   = step_1PP_trimming__chopper(getSingleInput()).trimmed
    assembled = step_2AS_denovo__flye(trimmed).assembly
}
"
"G02_chopper_flye_eco","G02_chopper_flye_eco","G02","Nanopore Escherichia coli pipeline: chopper + flye.","Y","N","silent_no_op","No process placeholders appeared. when: clause filtered everything?","0","4","Y","","","","","step_1PP_trimming__chopper, step_2AS_denovo__flye","step_1PP_trimming__chopper, step_2AS_denovo__flye","721","51","2","2","6.5","I'll create a pipeline using chopper for Nanopore read filtering followed by Flye for de novo assembly. This will output the assembled genome. I'll proceed with this plan.","nextflow.enable.dsl=2

// --- IMPORTS ---

// --- GLOBALS ---

// --- INLINE PROCESSES ---

// --- SUB WORKFLOWS ---

workflow step_1PP_trimming__chopper {
    
    take:
        
        rawreads
        
    
    main:
        trimmed = chopper(rawreads).trimmed
        nanoplot(trimmed)
    
    emit:
        
        trimmed
        
    
}

workflow step_2AS_denovo__flye {
    
    take:
        
        reads
        
    
    main:
        contigs = flye(reads).assembly
        quast(contigs)
    
    emit:
        
        assembly = contigs
        
    
}

// --- ENTRYPOINT ---
workflow {
    trimmed = step_1PP_trimming__chopper(rawreads).trimmed
    assembly = step_2AS_denovo__flye(trimmed).assembly
}","nextflow.enable.dsl=2

include { getSingleInput; optionalOrDefault; param } from '../functions/parameters.nf'
include { step_1PP_trimming__chopper } from '../steps/step_1PP_trimming__chopper'
include { step_2AS_denovo__flye } from '../steps/step_2AS_denovo__flye'
workflow {
    trimmed   = step_1PP_trimming__chopper(getSingleInput()).trimmed
    assembled = step_2AS_denovo__flye(trimmed).assembly
}
"
"H01_mlst_plus_cgmlst_lis","H01_mlst_plus_cgmlst_lis","H01","Run both MLST and cgMLST typing on Listeria monocytogenes from paired Illumina FASTQ.","Y","N","silent_no_op","No process placeholders appeared. when: clause filtered everything?","0","10","Y","","","","step_1PP_trimming__fastp, step_2AS_denovo__spades, step_4TY_MLST__mlst, step_4TY_cgMLST__chewbbaca","step_2AS_denovo__spades, step_4TY_MLST__mlst, step_4TY_cgMLST__chewbbaca, step_1PP_trimming__fastp","step_1PP_trimming__fastp, step_2AS_denovo__spades, step_4TY_MLST__mlst, step_4TY_cgMLST__chewbbaca","993","43","4","2","9.2","Great! I'll proceed with the pipeline for Listeria monocytogenes MLST and cgMLST typing from paired Illumina FASTQ. Here's the plan:

1. **Input**: Paired Illumina FASTQ files
2. **Trimming**: Use `step_1PP_trimming__fastp` to clean reads
3. **Assembly**: Use `step_2AS_denovo__spades` for genome ass","nextflow.enable.dsl=2

// --- IMPORTS ---

include { step_4TY_MLST__mlst } from '../steps/step_4TY_MLST__mlst'

include { step_4TY_cgMLST__chewbbaca } from '../steps/step_4TY_cgMLST__chewbbaca'

include { step_2AS_denovo__spades } from '../steps/step_2AS_denovo__spades'

include { getSingleInput } from '../functions/parameters.nf'

include { step_1PP_trimming__fastp } from '../steps/step_1PP_trimming__fastp'

// --- GLOBALS ---

def genus_species = 'Listeria monocytogenes'

def schema = 'l_mono_chewie_1748_220623'

// --- INLINE PROCESSES ---

// --- SUB WORKFLOWS ---

workflow wf_listeria_typing {
    
    take:
        
        trimmed
        
    
    main:
        spades_out = step_2AS_denovo__spades(trimmed)
        step_4TY_MLST__mlst(spades_out.assembled)
        step_4TY_cgMLST__chewbbaca(spades_out.assembled, genus_species, schema)
    
}

// --- ENTRYPOINT ---
workflow {
    trimmed = step_1PP_trimming__fastp(getSingleInput()).trimmed
    wf_listeria_typing(trimmed)
}","nextflow.enable.dsl=2

include { getSingleInput; optionalOrDefault; param } from '../functions/parameters.nf'
include { step_1PP_trimming__fastp } from '../steps/step_1PP_trimming__fastp'
include { step_2AS_denovo__spades } from '../steps/step_2AS_denovo__spades'
include { step_4TY_MLST__mlst } from '../steps/step_4TY_MLST__mlst'
include { step_4TY_cgMLST__chewbbaca } from '../steps/step_4TY_cgMLST__chewbbaca'
workflow {
    trimmed   = step_1PP_trimming__fastp(getSingleInput()).trimmed
    assembled = step_2AS_denovo__spades(trimmed).assembled
    step_4TY_MLST__mlst(assembled)
    step_4TY_cgMLST__chewbbaca(assembled, param('genus_species'), optionalOrDefault('schema', ''))
}
"
"H02_mlst_plus_flaa_cam","H02_mlst_plus_flaa_cam","H02","Comprehensive Campylobacter typing from paired Illumina FASTQ: MLST + flaA.","Y","N","silent_no_op","No process placeholders appeared. when: clause filtered everything?","0","8","N","step_3TX_species__kmerfinder","","","step_1PP_trimming__fastp, step_2AS_denovo__spades, step_3TX_species__kmerfinder, step_4TY_MLST__mlst, step_4TY_flaA__flaA","step_2AS_denovo__spades, step_3TX_species__kmerfinder, step_4TY_MLST__mlst, step_4TY_flaA__flaA, step_1PP_trimming__fastp","step_1PP_trimming__fastp, step_2AS_denovo__spades, step_4TY_MLST__mlst, step_4TY_flaA__flaA","1046","45","5","2","14.3","Great! I'll proceed with the pipeline for comprehensive Campylobacter typing from paired Illumina FASTQ files. The pipeline will include:

1. **Preprocessing**: Fastp for trimming Illumina reads
2. **Assembly**: SPAdes for de novo assembly
3. **Taxonomy**: KmerFinder for species confirmation
4. **Ty","nextflow.enable.dsl=2

// --- IMPORTS ---

include { step_4TY_MLST__mlst } from '../steps/step_4TY_MLST__mlst'

include { step_4TY_flaA__flaA } from '../steps/step_4TY_flaA__flaA'

include { step_2AS_denovo__spades } from '../steps/step_2AS_denovo__spades'

include { getSingleInput } from '../functions/parameters.nf'

include { step_1PP_trimming__fastp } from '../steps/step_1PP_trimming__fastp'

include { step_3TX_species__kmerfinder } from '../steps/step_3TX_species__kmerfinder'

// --- GLOBALS ---

def genus_species = 'Campylobacter'

// --- INLINE PROCESSES ---

// --- SUB WORKFLOWS ---

workflow wf_campylobacter_typing {
    
    take:
        
        trimmed
        
    
    main:
        assembled = step_2AS_denovo__spades(trimmed).assembled

        step_3TX_species__kmerfinder(assembled)
        step_4TY_MLST__mlst(assembled)
        step_4TY_flaA__flaA(assembled, genus_species)
    
}

// --- ENTRYPOINT ---
workflow {
    trimmed = step_1PP_trimming__fastp(getSingleInput()).trimmed
    wf_campylobacter_typing(trimmed)
}","nextflow.enable.dsl=2

include { getSingleInput; optionalOrDefault; param } from '../functions/parameters.nf'
include { step_1PP_trimming__fastp } from '../steps/step_1PP_trimming__fastp'
include { step_2AS_denovo__spades } from '../steps/step_2AS_denovo__spades'
include { step_4TY_MLST__mlst } from '../steps/step_4TY_MLST__mlst'
include { step_4TY_flaA__flaA } from '../steps/step_4TY_flaA__flaA'
workflow {
    trimmed   = step_1PP_trimming__fastp(getSingleInput()).trimmed
    assembled = step_2AS_denovo__spades(trimmed).assembled
    step_4TY_MLST__mlst(assembled)
    step_4TY_flaA__flaA(assembled, param('genus_species'))
}
"
"H03_prokka_plus_abricate_eco","H03_prokka_plus_abricate_eco","H03","E. coli pipeline from Illumina paired FASTQ: trim, assemble, annotate with Prokka and screen AMR with ABRicate.","Y","N","silent_no_op","No process placeholders appeared. when: clause filtered everything?","0","8","Y","","","","","step_1PP_trimming__fastp, step_2AS_denovo__spades, step_4AN_genes__prokka, step_4AN_AMR__abricate","step_1PP_trimming__fastp, step_2AS_denovo__spades, step_4AN_AMR__abricate, step_4AN_genes__prokka","1681","96","4","2","10.6","Great! I'll proceed with the pipeline as discussed:

1. **Trimming**: `step_1PP_trimming__fastp` for quality trimming of Illumina paired-end reads
2. **Assembly**: `step_2AS_denovo__spades` for de novo assembly
3. **Annotation**: `step_4AN_genes__prokka` for genome annotation
4. **AMR Screening**: `","nextflow.enable.dsl=2

// --- IMPORTS ---

include { extractKey } from '../functions/common.nf'

include { getSingleInput } from '../functions/parameters.nf'

// --- GLOBALS ---

def fastp_container = 'ghcr.io/genpat-it/fastp:0.23.2--16b816c96d'

def spades_container = 'ghcr.io/genpat-it/spades:3.15.5--16b816c96d'

def prokka_container = 'ghcr.io/genpat-it/prokka:1.14.6--16b816c96d'

def abricate_container = 'staphb/abricate:1.0.0'

// --- INLINE PROCESSES ---

// --- SUB WORKFLOWS ---

workflow step_1PP_trimming__fastp {
    
    take:
        
        rawreads
        
    
    main:
        trimmed = fastp(rawreads).trimmed

        fastqc(trimmed)
        readsCheckInput = rawreads.cross(trimmed) { extractKey(it) }.multiMap {
          rawreads: it[0]
          trimmed: it[1]
        }
        sample_reads_check(readsCheckInput.rawreads, readsCheckInput.trimmed)
    
    emit:
        
        trimmed
        
    
}

workflow step_2AS_denovo__spades {
    
    take:
        
        data
        
    
    main:
        denovo(data)
        assembly_filter(denovo.out.scaffolds).fasta | quast
        assembled = assembly_filter.out.fasta
    
    emit:
        
        assembled
        
    
}

workflow step_4AN_genes__prokka {
    
    take:
        
        data
        
    
    main:
        prokka(data)
    
}

workflow step_4AN_AMR__abricate {
    
    take:
        
        data
        
    
    main:
        abricate(data)
    
}

// --- ENTRYPOINT ---
workflow {
    trimmed = step_1PP_trimming__fastp(getSingleInput())
    assembly = step_2AS_denovo__spades(trimmed)
    step_4AN_genes__prokka(assembly)
    step_4AN_AMR__abricate(assembly)
}","nextflow.enable.dsl=2

include { getSingleInput; optionalOrDefault; param } from '../functions/parameters.nf'
include { step_1PP_trimming__fastp } from '../steps/step_1PP_trimming__fastp'
include { step_2AS_denovo__spades } from '../steps/step_2AS_denovo__spades'
include { step_4AN_genes__prokka } from '../steps/step_4AN_genes__prokka'
include { step_4AN_AMR__abricate } from '../steps/step_4AN_AMR__abricate'
workflow {
    trimmed   = step_1PP_trimming__fastp(getSingleInput()).trimmed
    assembled = step_2AS_denovo__spades(trimmed).assembled
    step_4AN_genes__prokka(assembled)
    step_4AN_AMR__abricate(assembled)
}
"
"H04_mlst_plus_abricate_sal","H04_mlst_plus_abricate_sal","H04","Salmonella enterica: MLST typing and AMR screening with ABRicate from paired Illumina FASTQ.","Y","N","silent_no_op","No process placeholders appeared. when: clause filtered everything?","0","8","N","step_2AS_mapping__bowtie, step_3TX_species__kmerfinder, step_4AN_AMR__staramr, step_4AN_genes__prokka, step_4TY_cgMLST__chewbbaca, step_4TY_flaA__flaA","step_1PP_trimming__fastp, step_2AS_denovo__spades","","step_2AS_mapping__bowtie, step_3TX_species__kmerfinder, step_4AN_AMR__abricate, step_4AN_AMR__staramr, step_4AN_genes__prokka, step_4TY_MLST__mlst, step_4TY_cgMLST__chewbbaca, step_4TY_flaA__flaA","step_3TX_species__kmerfinder, step_2AS_mapping__bowtie, step_4AN_AMR__abricate, step_4AN_genes__prokka, step_4AN_AMR__staramr, step_4TY_MLST__mlst, step_4TY_flaA__flaA, step_4TY_cgMLST__chewbbaca","step_1PP_trimming__fastp, step_2AS_denovo__spades, step_4AN_AMR__abricate, step_4TY_MLST__mlst","2375","77","8","2","10.9","I'll proceed with the pipeline for Salmonella enterica MLST typing and AMR screening using ABRicate from paired Illumina FASTQ. The pipeline will include:

1. Mapping with Bowtie2 (`step_2AS_mapping__bowtie`)
2. Gene annotation with Prokka (`step_4AN_genes__prokka`)
3. AMR screening with ABRicate (`","nextflow.enable.dsl=2

// --- IMPORTS ---

include { step_2AS_mapping__bowtie } from '../steps/step_2AS_mapping__bowtie'

include { step_4TY_MLST__mlst } from '../steps/step_4TY_MLST__mlst'

include { step_4TY_flaA__flaA } from '../steps/step_4TY_flaA__flaA'

include { step_4AN_AMR__abricate } from '../steps/step_4AN_AMR__abricate'

include { extractKey; getEmpty } from '../functions/common.nf'

include { getAssembly; getTrimmedReads } from '../functions/parameters.nf'

include { step_4AN_AMR__staramr } from '../steps/step_4AN_AMR__staramr'

include { step_4TY_cgMLST__chewbbaca } from '../steps/step_4TY_cgMLST__chewbbaca'

include { step_4AN_genes__prokka } from '../steps/step_4AN_genes__prokka'

include { step_3TX_species__kmerfinder } from '../steps/step_3TX_species__kmerfinder'

// --- GLOBALS ---

def referenceCode = 'NC_045512.2'

def referencePath = ""${params.assets_dir}/module_covid_emergency/NC_045512.fasta""

def referenceRiscd = '220308-020220308005121273-2AS_import-external'

// --- INLINE PROCESSES ---

// --- SUB WORKFLOWS ---

workflow module_typing_bacteria {
    
    take:
        
        trimmed
        
        assembly
        
    
    main:
        // [REMOVED BY PLAN] assigned_species = step_3TX_species__kmerfinder(assembly).assigned_species

        if (!params.skip_bestref_mapping) {
          trimmed.cross(assigned_species) { extractKey(it) }.multiMap {
            trimmed: it[0]
            species: it[1][1]
            referencePath: it[1][2]
          }.set { trimAndAndSpecies }
          step_2AS_mapping__bowtie(trimAndAndSpecies.trimmed, trimAndAndSpecies.referencePath)
        }

        step_4AN_AMR__abricate(assembly)

        step_4AN_genes__prokka(assembly.map{ [ it[0], it[1], 'Bacteria', '-', '-', getEmpty() ] })

        assembly.cross(assigned_species) { extractKey(it) }.multiMap {
          assembly: it[0]
          species: it[1][1]
        }.set { assemblyAndSpecies }

        step_4AN_AMR__staramr(assemblyAndSpecies.assembly, assemblyAndSpecies.species)
        step_4TY_MLST__mlst(assemblyAndSpecies.assembly)
        step_4TY_flaA__flaA(assemblyAndSpecies.assembly, assemblyAndSpecies.species)
        step_4TY_cgMLST__chewbbaca(assemblyAndSpecies.assembly, assemblyAndSpecies.species, '')
    
}

// --- ENTRYPOINT ---
workflow {
    module_typing_bacteria(getTrimmedReads(true), getAssembly())
}","nextflow.enable.dsl=2

include { getSingleInput; optionalOrDefault; param } from '../functions/parameters.nf'
include { step_1PP_trimming__fastp } from '../steps/step_1PP_trimming__fastp'
include { step_2AS_denovo__spades } from '../steps/step_2AS_denovo__spades'
include { step_4TY_MLST__mlst } from '../steps/step_4TY_MLST__mlst'
include { step_4AN_AMR__abricate } from '../steps/step_4AN_AMR__abricate'
workflow {
    trimmed   = step_1PP_trimming__fastp(getSingleInput()).trimmed
    assembled = step_2AS_denovo__spades(trimmed).assembled
    step_4TY_MLST__mlst(assembled)
    step_4AN_AMR__abricate(assembled)
}
"
"I01_kmerfinder_fastp_spades","I01_kmerfinder_fastp_spades","I01","Identify the species with KmerFinder, in parallel trim with fastp and assemble with SPAdes (Illumina paired).","Y","N","file_not_found","WARN: file not found: '/mnt/data/cohesive_llm_bench_scratch/_shared_inputdir/2026/2026.UNK.5.1.1/0SQ_rawreads/DS99999-DT260224_import/result/*.fastq*'","0","7","N","","step_1PP_trimming__fastp, step_2AS_denovo__spades, step_3TX_species__kmerfinder","","","","step_1PP_trimming__fastp, step_2AS_denovo__spades, step_3TX_species__kmerfinder","1246","62","0","2","98.9","Great! I'll proceed with the pipeline design as discussed. Here's the plan:

1. **Species Identification**: Use `step_3TX_species__kmerfinder` to identify the species (no input required)
2. **Read Trimming**: Use `step_1PP_trimming__fastp` for Illumina paired-end read trimming
3. **Assembly**: Use `","nextflow.enable.dsl=2

// --- IMPORTS ---

include { extractKey } from '../functions/common.nf'

include { getInput; getSingleInput } from '../functions/parameters.nf'

// --- GLOBALS ---

// --- INLINE PROCESSES ---

// --- SUB WORKFLOWS ---

workflow wf_species_identification {
    
    take:
        
        data
        
    
    main:
        kmerfinder(data);
        assigned_species = kmerfinder.out.check.map { [ it[0], getCalculatedSpecies(it[1]), getBacterialReferencePath(it[1]) ] }
    
    emit:
        
        assigned_species
        
    
}

workflow wf_read_preprocessing {
    
    take:
        
        rawreads
        
    
    main:
        trimmed = fastp(rawreads).trimmed;
        fastqc(trimmed);
        readsCheckInput = rawreads.cross(trimmed) { extractKey(it) }.multiMap {
          rawreads: it[0]
          trimmed: it[1]
        };
        sample_reads_check(readsCheckInput.rawreads, readsCheckInput.trimmed);
        assembly_filter(denovo(trimmed).out.scaffolds).fasta | quast;
        assembled = assembly_filter.out.fasta
    
    emit:
        
        assembled
        
    
}

// --- ENTRYPOINT ---
workflow {
    wf_species_identification(getInput());
    wf_read_preprocessing(getSingleInput())
}","nextflow.enable.dsl=2

include { getSingleInput; optionalOrDefault; param } from '../functions/parameters.nf'
include { step_3TX_species__kmerfinder } from '../steps/step_3TX_species__kmerfinder'
include { step_1PP_trimming__fastp } from '../steps/step_1PP_trimming__fastp'
include { step_2AS_denovo__spades } from '../steps/step_2AS_denovo__spades'
workflow {
    raw = getSingleInput()
    step_3TX_species__kmerfinder(raw)
    trimmed   = step_1PP_trimming__fastp(raw).trimmed
    assembled = step_2AS_denovo__spades(trimmed).assembled
}
"
"I02_mash_fastp_shovill","I02_mash_fastp_shovill","I02","Species sketch with Mash plus assembly via fastp + Shovill from paired Illumina reads.","Y","Y","none","","7","7","Y","","","","step_1PP_trimming__fastp, step_2AS_denovo__shovill, step_3TX_species__mash","step_1PP_trimming__fastp, step_3TX_species__mash, step_2AS_denovo__shovill","step_1PP_trimming__fastp, step_2AS_denovo__shovill, step_3TX_species__mash","771","37","3","2","11.0","Great! I'll create a pipeline with the following steps:
1. Preprocessing: Fastp trimming for paired Illumina reads
2. Species Identification: Mash for species sketching
3. Assembly: Shovill for de novo assembly

I'll set this up for you now.","nextflow.enable.dsl=2

// --- IMPORTS ---

include { step_3TX_species__mash } from '../steps/step_3TX_species__mash'

include { step_2AS_denovo__shovill } from '../steps/step_2AS_denovo__shovill'

include { step_1PP_trimming__fastp } from '../steps/step_1PP_trimming__fastp'

include { getSingleInput } from '../functions/parameters.nf'

// --- GLOBALS ---

// --- INLINE PROCESSES ---

// --- SUB WORKFLOWS ---

workflow wf_species_sketch_assembly {
    
    take:
        
        rawreads
        
    
    main:
        trimmed = step_1PP_trimming__fastp(rawreads).trimmed
        step_3TX_species__mash(trimmed)

        assembly = step_2AS_denovo__shovill(trimmed).assembly
    
}

// --- ENTRYPOINT ---
workflow {
    wf_species_sketch_assembly(getSingleInput())
}","nextflow.enable.dsl=2

include { getSingleInput; optionalOrDefault; param } from '../functions/parameters.nf'
include { step_3TX_species__mash } from '../steps/step_3TX_species__mash'
include { step_1PP_trimming__fastp } from '../steps/step_1PP_trimming__fastp'
include { step_2AS_denovo__shovill } from '../steps/step_2AS_denovo__shovill'
workflow {
    raw = getSingleInput()
    step_3TX_species__mash(raw)
    trimmed   = step_1PP_trimming__fastp(raw).trimmed
    assembled = step_2AS_denovo__shovill(trimmed).assembly
}
"
"J01_mobsuite_plasmid","J01_mobsuite_plasmid","J01","Detect and reconstruct plasmids from paired Illumina FASTQ using MOB-suite.","N","N","no_code","http exception: HTTPConnectionPool(host='127.0.0.1', port=8765): Read timed out. (read timeout=180)","0","1","N","","step_4TY_plasmid__mobsuite","","","","step_4TY_plasmid__mobsuite","0","0","0","2","182.6","","","nextflow.enable.dsl=2

include { getSingleInput; optionalOrDefault; param } from '../functions/parameters.nf'
include { step_4TY_plasmid__mobsuite } from '../steps/step_4TY_plasmid__mobsuite'
workflow {
    step_4TY_plasmid__mobsuite(getSingleInput())
}
"
"J02_bbnorm_downsampling","J02_bbnorm_downsampling","J02","Read normalization / downsampling of paired Illumina FASTQ with BBnorm at k=25, target depth 100x.","N","N","silent_no_op","No process placeholders appeared. when: clause filtered everything?","0","1","Y","","","","","step_1PP_downsampling__bbnorm","step_1PP_downsampling__bbnorm","1258","77","1","2","8.1","I will set up the pipeline with BBnorm for read normalization of your paired Illumina FASTQ files using k=25 and target depth of 100x. This will be a simple preprocessing step using the `step_1PP_downsampling__bbnorm` component.","nextflow.enable.dsl=2

// --- IMPORTS ---

include { parseMetadataFromFileName } from '../functions/common.nf'

include { getSingleInput } from '../functions/parameters.nf'

// --- GLOBALS ---

def k = 25

def target = 100

// --- INLINE PROCESSES ---

process bbnorm {
    container 'quay.io/biocontainers/bbmap:39.01--h5c4e2a8_0'
    
    input:
    
    tuple val(riscd_input), path(reads)
    
    val(k)
    
    val(target)
    
    
    output:
    
    path '*'
    
    path '{*.sh,*.log}', hidden: true
    
    
    script:
    """"""
(r1,r2) = reads
md = parseMetadataFromFileName(r1.getName())
base = ""${md.ds}-${ex.dt}_${md.cmp}_bbnorm_k${k}_t${target}""
javaHeapLimit = ((params.max_memory as nextflow.util.MemoryUnit).getMega() * 0.85) as int
""""""
bbnorm.sh \
  in=${r1} \
  in2=${r2} \
  out=${base}_R1.fastq.gz \
  out2=${base}_R2.fastq.gz \
  hist=${base}.hist \
  k=${k} \
  target=${target} \
  -Xmx${javaHeapLimit}m
""""""
    """"""
}

// --- SUB WORKFLOWS ---

workflow step_1PP_downsampling__bbnorm {
    
    take:
        
        reads
        
        k
        
        target
        
    
    main:
        bbnorm(reads, k, target)
    
}

// --- ENTRYPOINT ---
workflow {
    step_1PP_downsampling__bbnorm(getSingleInput(), k, target)
}","nextflow.enable.dsl=2

include { getSingleInput; optionalOrDefault; param } from '../functions/parameters.nf'
include { step_1PP_downsampling__bbnorm } from '../steps/step_1PP_downsampling__bbnorm'
workflow {
    step_1PP_downsampling__bbnorm(getSingleInput(), param('k'), param('target'))
}
"
"K01_mlst_lis_fastp_spades","K01_mlst_lis_fastp_spades","K01","MLST typing on Listeria monocytogenes from paired-end Illumina FASTQ (fastp + spades + mlst).","Y","N","silent_no_op","No process placeholders appeared. when: clause filtered everything?","0","7","N","","step_1PP_trimming__fastp","","step_2AS_denovo__spades, step_4TY_MLST__mlst","step_2AS_denovo__spades, step_4TY_MLST__mlst","step_1PP_trimming__fastp, step_2AS_denovo__spades, step_4TY_MLST__mlst","751","38","2","2","8.1","Great! I'll proceed with the pipeline using:
1. `step_1PP_trimming__fastp` for read trimming
2. `step_2AS_denovo__spades` for assembly
3. `step_4TY_MLST__mlst` for MLST typing

This will process your paired-end Illumina FASTQ files for Listeria monocytogenes MLST typing.","nextflow.enable.dsl=2

// --- IMPORTS ---

include { step_2AS_denovo__spades } from '../steps/step_2AS_denovo__spades'

include { getSingleInput } from '../functions/parameters.nf'

include { step_4TY_MLST__mlst } from '../steps/step_4TY_MLST__mlst'

// --- GLOBALS ---

// --- INLINE PROCESSES ---

// --- SUB WORKFLOWS ---

workflow wf_mlst_typing {
    
    take:
        
        trimmed
        
    
    main:
        trimmed.multiMap {
            trimmed: it
            reference: [ referenceRiscd, referenceCode, file(referencePath) ]
        }.set { trAndRef }

        assembly = step_2AS_denovo__spades(trAndRef.trimmed)
        step_4TY_MLST__mlst(assembly)
    
}

// --- ENTRYPOINT ---
workflow {
    wf_mlst_typing(getSingleInput())
}","nextflow.enable.dsl=2

include { getSingleInput; optionalOrDefault; param } from '../functions/parameters.nf'
include { step_1PP_trimming__fastp } from '../steps/step_1PP_trimming__fastp'
include { step_2AS_denovo__spades } from '../steps/step_2AS_denovo__spades'
include { step_4TY_MLST__mlst } from '../steps/step_4TY_MLST__mlst'
workflow {
    trimmed   = step_1PP_trimming__fastp(getSingleInput()).trimmed
    assembled = step_2AS_denovo__spades(trimmed).assembled
    step_4TY_MLST__mlst(assembled)
}
"
"K02_mlst_eco_fastp_spades","K02_mlst_eco_fastp_spades","K02","MLST typing on Escherichia coli from paired-end Illumina FASTQ (fastp + spades + mlst).","Y","N","silent_no_op","No process placeholders appeared. when: clause filtered everything?","0","7","Y","","","","step_1PP_trimming__fastp, step_2AS_denovo__spades, step_4TY_MLST__mlst","step_1PP_trimming__fastp, step_2AS_denovo__spades, step_4TY_MLST__mlst","step_1PP_trimming__fastp, step_2AS_denovo__spades, step_4TY_MLST__mlst","744","36","3","2","9.0","Great! I'll proceed with the pipeline using fastp for trimming, SPAdes for assembly, and MLST for typing. Here's the detailed plan:

1. **Trimming**: fastp (`step_1PP_trimming__fastp`) - Input: paired-end Illumina FASTQ files, Output: trimmed reads
2. **Assembly**: SPAdes (`step_2AS_denovo__spades`)","nextflow.enable.dsl=2

// --- IMPORTS ---

include { step_2AS_denovo__spades } from '../steps/step_2AS_denovo__spades'

include { step_1PP_trimming__fastp } from '../steps/step_1PP_trimming__fastp'

include { getSingleInput } from '../functions/parameters.nf'

include { step_4TY_MLST__mlst } from '../steps/step_4TY_MLST__mlst'

// --- GLOBALS ---

// --- INLINE PROCESSES ---

// --- SUB WORKFLOWS ---

workflow wf_trim_assemble_mlst {
    
    take:
        
        reads
        
    
    main:
        trimmed = step_1PP_trimming__fastp(reads).trimmed
        assembly = step_2AS_denovo__spades(trimmed).assembled
        step_4TY_MLST__mlst(assembly)
    
}

// --- ENTRYPOINT ---
workflow {
    wf_trim_assemble_mlst(getSingleInput())
}","nextflow.enable.dsl=2

include { getSingleInput; optionalOrDefault; param } from '../functions/parameters.nf'
include { step_1PP_trimming__fastp } from '../steps/step_1PP_trimming__fastp'
include { step_2AS_denovo__spades } from '../steps/step_2AS_denovo__spades'
include { step_4TY_MLST__mlst } from '../steps/step_4TY_MLST__mlst'
workflow {
    trimmed   = step_1PP_trimming__fastp(getSingleInput()).trimmed
    assembled = step_2AS_denovo__spades(trimmed).assembled
    step_4TY_MLST__mlst(assembled)
}
"
"K03_mlst_sal_fastp_spades","K03_mlst_sal_fastp_spades","K03","MLST typing on Salmonella enterica from paired-end Illumina FASTQ (fastp + spades + mlst).","Y","N","silent_no_op","No process placeholders appeared. when: clause filtered everything?","0","7","Y","","","","step_1PP_trimming__fastp, step_2AS_denovo__spades, step_4TY_MLST__mlst","step_1PP_trimming__fastp, step_2AS_denovo__spades, step_4TY_MLST__mlst","step_1PP_trimming__fastp, step_2AS_denovo__spades, step_4TY_MLST__mlst","752","36","3","2","7.7","Great! I'll proceed with the pipeline using fastp for trimming, SPAdes for assembly, and MLST for typing on your Salmonella enterica paired-end Illumina data.","nextflow.enable.dsl=2

// --- IMPORTS ---

include { step_2AS_denovo__spades } from '../steps/step_2AS_denovo__spades'

include { step_1PP_trimming__fastp } from '../steps/step_1PP_trimming__fastp'

include { getSingleInput } from '../functions/parameters.nf'

include { step_4TY_MLST__mlst } from '../steps/step_4TY_MLST__mlst'

// --- GLOBALS ---

// --- INLINE PROCESSES ---

// --- SUB WORKFLOWS ---

workflow wf_trim_assemble_mlst {
    
    take:
        
        rawreads
        
    
    main:
        trimmed = step_1PP_trimming__fastp(rawreads).trimmed
        assembled = step_2AS_denovo__spades(trimmed).assembled
        step_4TY_MLST__mlst(assembled)
    
}

// --- ENTRYPOINT ---
workflow {
    wf_trim_assemble_mlst(getSingleInput())
}","nextflow.enable.dsl=2

include { getSingleInput; optionalOrDefault; param } from '../functions/parameters.nf'
include { step_1PP_trimming__fastp } from '../steps/step_1PP_trimming__fastp'
include { step_2AS_denovo__spades } from '../steps/step_2AS_denovo__spades'
include { step_4TY_MLST__mlst } from '../steps/step_4TY_MLST__mlst'
workflow {
    trimmed   = step_1PP_trimming__fastp(getSingleInput()).trimmed
    assembled = step_2AS_denovo__spades(trimmed).assembled
    step_4TY_MLST__mlst(assembled)
}
"
"K04_mlst_cam_fastp_spades","K04_mlst_cam_fastp_spades","K04","MLST typing on Campylobacter jejuni from paired-end Illumina FASTQ (fastp + spades + mlst).","Y","N","silent_no_op","No process placeholders appeared. when: clause filtered everything?","0","7","Y","","","","step_1PP_trimming__fastp, step_2AS_denovo__spades, step_4TY_MLST__mlst","step_1PP_trimming__fastp, step_2AS_denovo__spades, step_4TY_MLST__mlst","step_1PP_trimming__fastp, step_2AS_denovo__spades, step_4TY_MLST__mlst","752","36","3","2","6.9","Great! I'll proceed with the pipeline using fastp for trimming, SPAdes for assembly, and MLST for typing. Here's the detailed plan:

1. **Trimming**: Use `step_1PP_trimming__fastp` to preprocess the paired-end Illumina reads.
2. **Assembly**: Use `step_2AS_denovo__spades` to assemble the trimmed rea","nextflow.enable.dsl=2

// --- IMPORTS ---

include { step_2AS_denovo__spades } from '../steps/step_2AS_denovo__spades'

include { step_1PP_trimming__fastp } from '../steps/step_1PP_trimming__fastp'

include { getSingleInput } from '../functions/parameters.nf'

include { step_4TY_MLST__mlst } from '../steps/step_4TY_MLST__mlst'

// --- GLOBALS ---

// --- INLINE PROCESSES ---

// --- SUB WORKFLOWS ---

workflow wf_trim_assemble_mlst {
    
    take:
        
        rawreads
        
    
    main:
        trimmed = step_1PP_trimming__fastp(rawreads).trimmed
        assembled = step_2AS_denovo__spades(trimmed).assembled
        step_4TY_MLST__mlst(assembled)
    
}

// --- ENTRYPOINT ---
workflow {
    wf_trim_assemble_mlst(getSingleInput())
}","nextflow.enable.dsl=2

include { getSingleInput; optionalOrDefault; param } from '../functions/parameters.nf'
include { step_1PP_trimming__fastp } from '../steps/step_1PP_trimming__fastp'
include { step_2AS_denovo__spades } from '../steps/step_2AS_denovo__spades'
include { step_4TY_MLST__mlst } from '../steps/step_4TY_MLST__mlst'
workflow {
    trimmed   = step_1PP_trimming__fastp(getSingleInput()).trimmed
    assembled = step_2AS_denovo__spades(trimmed).assembled
    step_4TY_MLST__mlst(assembled)
}
"
"K05_chewbbaca_lis_fastp_spades","K05_chewbbaca_lis_fastp_spades","K05","cgMLST allelic profiling on Listeria monocytogenes from paired-end Illumina FASTQ (fastp + spades + chewbbaca).","Y","N","silent_no_op","No process placeholders appeared. when: clause filtered everything?","0","9","Y","","","","","step_1PP_trimming__fastp, step_2AS_denovo__spades, step_4TY_cgMLST__chewbbaca","step_1PP_trimming__fastp, step_2AS_denovo__spades, step_4TY_cgMLST__chewbbaca","1767","87","3","2","10.3","Great! I'll proceed with the pipeline using fastp for trimming, SPAdes for assembly, and ChewBBACA for cgMLST profiling on your Listeria monocytogenes paired-end Illumina data.","nextflow.enable.dsl=2

// --- IMPORTS ---

include { extractKey } from '../functions/common.nf'

include { getSingleInput } from '../functions/parameters.nf'

// --- GLOBALS ---

def SPECIES_SCHEMA = ['l_mono_chewie_1748_220623']

def SCHEMAS = ['/schemas/Listeria_monocytogenes_Pasteur_cgMLST_2022-06-23T18_03_54.613576.zip']

def CHEWBBACA_PAIRED_END_PARAMS = ['l_mono_chewie_1748_220623': ' --minimum-length 144 ']

// --- INLINE PROCESSES ---

// --- SUB WORKFLOWS ---

workflow step_1PP_trimming__fastp {
    
    take:
        
        rawreads
        
    
    main:
        trimmed = fastp(rawreads).trimmed

        fastqc(trimmed)
        readsCheckInput = rawreads.cross(trimmed) { extractKey(it) }.multiMap {
          rawreads: it[0]
          trimmed: it[1]
        }
        sample_reads_check(readsCheckInput.rawreads, readsCheckInput.trimmed)
    
    emit:
        
        trimmed
        
    
}

workflow step_2AS_denovo__spades {
    
    take:
        
        data
        
    
    main:
        denovo(data)
        assembly_filter(denovo.out.scaffolds).fasta | quast
        assembled = assembly_filter.out.fasta
    
    emit:
        
        assembled
        
    
}

workflow step_4TY_cgMLST__chewbbaca {
    
    take:
        
        assembly
        
        genus_species
        
        schema
        
    
    main:
        chewbbaca_result = chewbbaca(assembly, genus_species, schema)
        hashing(chewbbaca_result.alleles)
        chewbbaca_check(chewbbaca_result.stats).check
    
}

// --- ENTRYPOINT ---
workflow {
    trimmed = step_1PP_trimming__fastp(getSingleInput())
    assembly = step_2AS_denovo__spades(trimmed)
    step_4TY_cgMLST__chewbbaca(assembly, 'listeria_monocytogenes', 'l_mono_chewie_1748_220623')
}","nextflow.enable.dsl=2

include { getSingleInput; optionalOrDefault; param } from '../functions/parameters.nf'
include { step_1PP_trimming__fastp } from '../steps/step_1PP_trimming__fastp'
include { step_2AS_denovo__spades } from '../steps/step_2AS_denovo__spades'
include { step_4TY_cgMLST__chewbbaca } from '../steps/step_4TY_cgMLST__chewbbaca'
workflow {
    trimmed   = step_1PP_trimming__fastp(getSingleInput()).trimmed
    assembled = step_2AS_denovo__spades(trimmed).assembled
    step_4TY_cgMLST__chewbbaca(assembled, param('genus_species'), optionalOrDefault('schema', ''))
}
"
"K06_chewbbaca_eco_fastp_spades","K06_chewbbaca_eco_fastp_spades","K06","cgMLST allelic profiling on Escherichia coli from paired-end Illumina FASTQ (fastp + spades + chewbbaca).","Y","N","silent_no_op","No process placeholders appeared. when: clause filtered everything?","0","9","Y","","","","step_1PP_trimming__fastp, step_2AS_denovo__spades, step_4TY_cgMLST__chewbbaca","step_1PP_trimming__fastp, step_2AS_denovo__spades, step_4TY_cgMLST__chewbbaca","step_1PP_trimming__fastp, step_2AS_denovo__spades, step_4TY_cgMLST__chewbbaca","888","40","3","2","8.2","Great! I'll proceed with the pipeline using fastp for trimming, SPAdes for assembly, and ChewBBACA for cgMLST profiling on your Escherichia coli paired-end Illumina reads. I'll set this up now.","nextflow.enable.dsl=2

// --- IMPORTS ---

include { step_2AS_denovo__spades } from '../steps/step_2AS_denovo__spades'

include { step_4TY_cgMLST__chewbbaca } from '../steps/step_4TY_cgMLST__chewbbaca'

include { step_1PP_trimming__fastp } from '../steps/step_1PP_trimming__fastp'

include { getSingleInput } from '../functions/parameters.nf'

// --- GLOBALS ---

def genus_species = 'Escherichia coli'

def schema = 'e_coli_chewie_2360_210531'

// --- INLINE PROCESSES ---

// --- SUB WORKFLOWS ---

workflow wf_trimming_assembly_cgmlst {
    
    take:
        
        rawreads
        
    
    main:
        trimmed = step_1PP_trimming__fastp(rawreads).trimmed
        assembly = step_2AS_denovo__spades(trimmed).assembled
        step_4TY_cgMLST__chewbbaca(assembly, genus_species, schema)
    
}

// --- ENTRYPOINT ---
workflow {
    wf_trimming_assembly_cgmlst(getSingleInput())
}","nextflow.enable.dsl=2

include { getSingleInput; optionalOrDefault; param } from '../functions/parameters.nf'
include { step_1PP_trimming__fastp } from '../steps/step_1PP_trimming__fastp'
include { step_2AS_denovo__spades } from '../steps/step_2AS_denovo__spades'
include { step_4TY_cgMLST__chewbbaca } from '../steps/step_4TY_cgMLST__chewbbaca'
workflow {
    trimmed   = step_1PP_trimming__fastp(getSingleInput()).trimmed
    assembled = step_2AS_denovo__spades(trimmed).assembled
    step_4TY_cgMLST__chewbbaca(assembled, param('genus_species'), optionalOrDefault('schema', ''))
}
"
"K07_chewbbaca_sal_fastp_spades","K07_chewbbaca_sal_fastp_spades","K07","cgMLST allelic profiling on Salmonella enterica from paired-end Illumina FASTQ (fastp + spades + chewbbaca).","Y","Y","none","","9","9","Y","","","","step_1PP_trimming__fastp, step_2AS_denovo__spades, step_4TY_cgMLST__chewbbaca","step_1PP_trimming__fastp, step_2AS_denovo__spades, step_4TY_cgMLST__chewbbaca","step_1PP_trimming__fastp, step_2AS_denovo__spades, step_4TY_cgMLST__chewbbaca","895","40","3","2","14.9","Great! I'll proceed with the pipeline using fastp for trimming, SPAdes for assembly, and ChewBBACA for cgMLST profiling on your Salmonella enterica paired-end Illumina reads.","nextflow.enable.dsl=2

// --- IMPORTS ---

include { step_2AS_denovo__spades } from '../steps/step_2AS_denovo__spades'

include { step_4TY_cgMLST__chewbbaca } from '../steps/step_4TY_cgMLST__chewbbaca'

include { step_1PP_trimming__fastp } from '../steps/step_1PP_trimming__fastp'

include { getSingleInput } from '../functions/parameters.nf'

// --- GLOBALS ---

def genus_species = 'Salmonella enterica'

def schema = 's_enterica_chewie_3255_210531'

// --- INLINE PROCESSES ---

// --- SUB WORKFLOWS ---

workflow wf_trimming_assembly_cgmlst {
    
    take:
        
        rawreads
        
    
    main:
        trimmed = step_1PP_trimming__fastp(rawreads).trimmed
        assembly = step_2AS_denovo__spades(trimmed).assembled
        step_4TY_cgMLST__chewbbaca(assembly, genus_species, schema)
    
}

// --- ENTRYPOINT ---
workflow {
    wf_trimming_assembly_cgmlst(getSingleInput())
}","nextflow.enable.dsl=2

include { getSingleInput; optionalOrDefault; param } from '../functions/parameters.nf'
include { step_1PP_trimming__fastp } from '../steps/step_1PP_trimming__fastp'
include { step_2AS_denovo__spades } from '../steps/step_2AS_denovo__spades'
include { step_4TY_cgMLST__chewbbaca } from '../steps/step_4TY_cgMLST__chewbbaca'
workflow {
    trimmed   = step_1PP_trimming__fastp(getSingleInput()).trimmed
    assembled = step_2AS_denovo__spades(trimmed).assembled
    step_4TY_cgMLST__chewbbaca(assembled, param('genus_species'), optionalOrDefault('schema', ''))
}
"
"K08_abricate_lis_fastp_spades","K08_abricate_lis_fastp_spades","K08","ABRicate AMR screening on Listeria monocytogenes from paired-end Illumina FASTQ (fastp + spades + abricate).","Y","N","silent_no_op","No process placeholders appeared. when: clause filtered everything?","0","7","Y","","","","step_1PP_trimming__fastp, step_2AS_denovo__spades, step_4AN_AMR__abricate","step_1PP_trimming__fastp, step_2AS_denovo__spades, step_4AN_AMR__abricate","step_1PP_trimming__fastp, step_2AS_denovo__spades, step_4AN_AMR__abricate","810","41","3","2","7.0","Great! I'll proceed with the pipeline using fastp for trimming, SPAdes for assembly, and Abricate for AMR detection on your Listeria monocytogenes paired-end Illumina reads.","nextflow.enable.dsl=2

// --- IMPORTS ---

include { step_4AN_AMR__abricate } from '../steps/step_4AN_AMR__abricate'

include { step_2AS_denovo__spades } from '../steps/step_2AS_denovo__spades'

include { step_1PP_trimming__fastp } from '../steps/step_1PP_trimming__fastp'

include { getSingleInput } from '../functions/parameters.nf'

// --- GLOBALS ---

// --- INLINE PROCESSES ---

// --- SUB WORKFLOWS ---

workflow wf_trim_assemble_amr {
    
    take:
        
        rawreads
        
    
    main:
        trimmed = step_1PP_trimming__fastp(rawreads).trimmed
        assembled = step_2AS_denovo__spades(trimmed).assembled
        step_4AN_AMR__abricate(assembled)
    
    emit:
        
        assembled
        
    
}

// --- ENTRYPOINT ---
workflow {
    wf_trim_assemble_amr(getSingleInput())
}","nextflow.enable.dsl=2

include { getSingleInput; optionalOrDefault; param } from '../functions/parameters.nf'
include { step_1PP_trimming__fastp } from '../steps/step_1PP_trimming__fastp'
include { step_2AS_denovo__spades } from '../steps/step_2AS_denovo__spades'
include { step_4AN_AMR__abricate } from '../steps/step_4AN_AMR__abricate'
workflow {
    trimmed   = step_1PP_trimming__fastp(getSingleInput()).trimmed
    assembled = step_2AS_denovo__spades(trimmed).assembled
    step_4AN_AMR__abricate(assembled)
}
"
"K09_abricate_eco_fastp_spades","K09_abricate_eco_fastp_spades","K09","ABRicate AMR screening on Escherichia coli from paired-end Illumina FASTQ (fastp + spades + abricate).","Y","Y","none","","7","7","Y","","","","step_1PP_trimming__fastp, step_2AS_denovo__spades, step_4AN_AMR__abricate","step_1PP_trimming__fastp, step_2AS_denovo__spades, step_4AN_AMR__abricate","step_1PP_trimming__fastp, step_2AS_denovo__spades, step_4AN_AMR__abricate","759","36","3","2","7.5","Great! I'll proceed with the pipeline using fastp for trimming, SPAdes for assembly, and abricate for AMR screening on your Escherichia coli paired-end Illumina data. Let me set this up for you.","nextflow.enable.dsl=2

// --- IMPORTS ---

include { step_4AN_AMR__abricate } from '../steps/step_4AN_AMR__abricate'

include { step_2AS_denovo__spades } from '../steps/step_2AS_denovo__spades'

include { step_1PP_trimming__fastp } from '../steps/step_1PP_trimming__fastp'

include { getSingleInput } from '../functions/parameters.nf'

// --- GLOBALS ---

// --- INLINE PROCESSES ---

// --- SUB WORKFLOWS ---

workflow wf_trim_assemble_amr {
    
    take:
        
        rawreads
        
    
    main:
        trimmed = step_1PP_trimming__fastp(rawreads).trimmed
        assembled = step_2AS_denovo__spades(trimmed).assembled
        step_4AN_AMR__abricate(assembled)
    
}

// --- ENTRYPOINT ---
workflow {
    wf_trim_assemble_amr(getSingleInput())
}","nextflow.enable.dsl=2

include { getSingleInput; optionalOrDefault; param } from '../functions/parameters.nf'
include { step_1PP_trimming__fastp } from '../steps/step_1PP_trimming__fastp'
include { step_2AS_denovo__spades } from '../steps/step_2AS_denovo__spades'
include { step_4AN_AMR__abricate } from '../steps/step_4AN_AMR__abricate'
workflow {
    trimmed   = step_1PP_trimming__fastp(getSingleInput()).trimmed
    assembled = step_2AS_denovo__spades(trimmed).assembled
    step_4AN_AMR__abricate(assembled)
}
"
"K10_abricate_sal_fastp_spades","K10_abricate_sal_fastp_spades","K10","ABRicate AMR screening on Salmonella enterica from paired-end Illumina FASTQ (fastp + spades + abricate).","Y","N","file_not_found","WARN: file not found: '/mnt/data/cohesive_llm_bench_scratch/_shared_inputdir/2026/2026.SAL.102.1.1/0SQ_rawreads/DS99999-DT260224_import/result/*.fastq*'","0","7","Y","","","","","step_1PP_trimming__fastp, step_2AS_denovo__spades, step_4AN_AMR__abricate","step_1PP_trimming__fastp, step_2AS_denovo__spades, step_4AN_AMR__abricate","1264","75","3","2","8.4","Great! I'll proceed with the pipeline using fastp for trimming, SPAdes for assembly, and Abricate for AMR detection on your Salmonella enterica samples. I'll set up the pipeline now.","nextflow.enable.dsl=2

// --- IMPORTS ---

include { extractKey } from '../functions/common.nf'

include { getSingleInput } from '../functions/parameters.nf'

// --- GLOBALS ---

// --- INLINE PROCESSES ---

// --- SUB WORKFLOWS ---

workflow step_1PP_trimming__fastp {
    
    take:
        
        rawreads
        
    
    main:
        trimmed = fastp(rawreads).trimmed

        fastqc(trimmed)
        readsCheckInput = rawreads.cross(trimmed) { extractKey(it) }.multiMap {
          rawreads: it[0]
          trimmed: it[1]
        }
        sample_reads_check(readsCheckInput.rawreads, readsCheckInput.trimmed)
    
    emit:
        
        trimmed
        
    
}

workflow step_2AS_denovo__spades {
    
    take:
        
        data
        
    
    main:
        denovo(data)
        assembly_filter(denovo.out.scaffolds).fasta | quast
        assembled = assembly_filter.out.fasta
    
    emit:
        
        assembled
        
    
}

workflow step_4AN_AMR__abricate {
    
    take:
        
        data
        
    
    main:
        abricate(data)
    
}

// --- ENTRYPOINT ---
workflow {
    trimmed = step_1PP_trimming__fastp(getSingleInput())
    assembled = step_2AS_denovo__spades(trimmed)
    step_4AN_AMR__abricate(assembled)
}","nextflow.enable.dsl=2

include { getSingleInput; optionalOrDefault; param } from '../functions/parameters.nf'
include { step_1PP_trimming__fastp } from '../steps/step_1PP_trimming__fastp'
include { step_2AS_denovo__spades } from '../steps/step_2AS_denovo__spades'
include { step_4AN_AMR__abricate } from '../steps/step_4AN_AMR__abricate'
workflow {
    trimmed   = step_1PP_trimming__fastp(getSingleInput()).trimmed
    assembled = step_2AS_denovo__spades(trimmed).assembled
    step_4AN_AMR__abricate(assembled)
}
"
"K11_abricate_cam_fastp_spades","K11_abricate_cam_fastp_spades","K11","ABRicate AMR screening on Campylobacter jejuni from paired-end Illumina FASTQ (fastp + spades + abricate).","Y","N","silent_no_op","No process placeholders appeared. when: clause filtered everything?","0","7","N","step_4AN_AMR__staramr","step_4AN_AMR__abricate","","step_1PP_trimming__fastp, step_2AS_denovo__spades, step_4AN_AMR__staramr","step_2AS_denovo__spades, step_4AN_AMR__staramr, step_1PP_trimming__fastp","step_1PP_trimming__fastp, step_2AS_denovo__spades, step_4AN_AMR__abricate","767","36","3","2","8.6","Great! I'll create a pipeline using fastp for trimming, SPAdes for assembly, and Staramr for AMR detection on your Campylobacter jejuni samples. Here's the plan:

1. **Trimming**: fastp (step_1PP_trimming__fastp) - Input: paired-end Illumina FASTQ
2. **Assembly**: SPAdes (step_2AS_denovo__spades) - ","nextflow.enable.dsl=2

// --- IMPORTS ---

include { step_2AS_denovo__spades } from '../steps/step_2AS_denovo__spades'

include { step_1PP_trimming__fastp } from '../steps/step_1PP_trimming__fastp'

include { getSingleInput } from '../functions/parameters.nf'

include { step_4AN_AMR__staramr } from '../steps/step_4AN_AMR__staramr'

// --- GLOBALS ---

// --- INLINE PROCESSES ---

// --- SUB WORKFLOWS ---

workflow wf_campylobacter_amr {
    
    take:
        
        trimmed
        
    
    main:
        assembled = step_2AS_denovo__spades(trimmed)
        step_4AN_AMR__staramr(assembled.assembled, 'campylobacter')
    
}

// --- ENTRYPOINT ---
workflow {
    trimmed = step_1PP_trimming__fastp(getSingleInput())
    wf_campylobacter_amr(trimmed.trimmed)
}","nextflow.enable.dsl=2

include { getSingleInput; optionalOrDefault; param } from '../functions/parameters.nf'
include { step_1PP_trimming__fastp } from '../steps/step_1PP_trimming__fastp'
include { step_2AS_denovo__spades } from '../steps/step_2AS_denovo__spades'
include { step_4AN_AMR__abricate } from '../steps/step_4AN_AMR__abricate'
workflow {
    trimmed   = step_1PP_trimming__fastp(getSingleInput()).trimmed
    assembled = step_2AS_denovo__spades(trimmed).assembled
    step_4AN_AMR__abricate(assembled)
}
"
"K12_prokka_lis_fastp_spades","K12_prokka_lis_fastp_spades","K12","Prokka annotation on Listeria monocytogenes from paired-end Illumina FASTQ (fastp + spades + prokka).","Y","Y","none","","11","7","N","step_2AS_mapping__ivar, step_4TY_lineage__pangolin","step_1PP_trimming__fastp, step_2AS_denovo__spades, step_4AN_genes__prokka","","step_2AS_mapping__ivar, step_4TY_lineage__pangolin","step_2AS_mapping__ivar, step_4TY_lineage__pangolin","step_1PP_trimming__fastp, step_2AS_denovo__spades, step_4AN_genes__prokka","1003","44","2","2","7.7","Great! I'll proceed with the pipeline using:
1. fastp for trimming paired-end Illumina reads
2. SPAdes for de novo assembly
3. Prokka for genome annotation

This will be built using the available components in the framework.","nextflow.enable.dsl=2

// --- IMPORTS ---

include { step_2AS_mapping__ivar } from '../steps/step_2AS_mapping__ivar'

include { getSingleInput } from '../functions/parameters.nf'

include { step_4TY_lineage__pangolin } from '../steps/step_4TY_lineage__pangolin'

// --- GLOBALS ---

def referenceCode = 'NC_045512.2'

def referencePath = ""${params.assets_dir}/module_covid_emergency/NC_045512.fasta""

def referenceRiscd = '220308-020220308005121273-2AS_import-external'

// --- INLINE PROCESSES ---

// --- SUB WORKFLOWS ---

workflow module_covid_emergency {
    
    take:
        
        trimmed
        
    
    main:
        trimmed.multiMap {
            trimmed: it
            reference: [ referenceRiscd, referenceCode, file(referencePath) ]
        }.set { trAndRef }

        ivar_out = step_2AS_mapping__ivar(trAndRef.trimmed, trAndRef.reference)
        step_4TY_lineage__pangolin(ivar_out.consensus)
    
}

// --- ENTRYPOINT ---
workflow {
    module_covid_emergency(getSingleInput())
}","nextflow.enable.dsl=2

include { getSingleInput; optionalOrDefault; param } from '../functions/parameters.nf'
include { step_1PP_trimming__fastp } from '../steps/step_1PP_trimming__fastp'
include { step_2AS_denovo__spades } from '../steps/step_2AS_denovo__spades'
include { step_4AN_genes__prokka } from '../steps/step_4AN_genes__prokka'
workflow {
    trimmed   = step_1PP_trimming__fastp(getSingleInput()).trimmed
    assembled = step_2AS_denovo__spades(trimmed).assembled
    step_4AN_genes__prokka(assembled)
}
"
"K13_prokka_eco_fastp_spades","K13_prokka_eco_fastp_spades","K13","Prokka annotation on Escherichia coli from paired-end Illumina FASTQ (fastp + spades + prokka).","N","N","silent_no_op","No process placeholders appeared. when: clause filtered everything?","0","7","Y","","","","step_1PP_trimming__fastp, step_2AS_denovo__spades, step_4AN_genes__prokka","step_1PP_trimming__fastp, step_2AS_denovo__spades, step_4AN_genes__prokka","step_1PP_trimming__fastp, step_2AS_denovo__spades, step_4AN_genes__prokka","878","38","3","2","6.8","Great! I'll proceed with the pipeline using fastp for trimming, SPAdes for assembly, and Prokka for annotation. I'll set up the pipeline now.","nextflow.enable.dsl=2

// --- IMPORTS ---

include { step_2AS_denovo__spades } from '../steps/step_2AS_denovo__spades'

include { getEmpty } from '../functions/common.nf'

include { getSingleInput } from '../functions/parameters.nf'

include { step_4AN_genes__prokka } from '../steps/step_4AN_genes__prokka'

include { step_1PP_trimming__fastp } from '../steps/step_1PP_trimming__fastp'

// --- GLOBALS ---

// --- INLINE PROCESSES ---

// --- SUB WORKFLOWS ---

workflow wf_trim_assemble_annotate {
    
    take:
        
        rawreads
        
    
    main:
        trimmed = step_1PP_trimming__fastp(rawreads).trimmed
        assembly = step_2AS_denovo__spades(trimmed).assembled
        step_4AN_genes__prokka(assembly.map { [ it[0], it[1], 'Bacteria', '-', '-', getEmpty() ] })
    
}

// --- ENTRYPOINT ---
workflow {
    wf_trim_assemble_annotate(getSingleInput())
}","nextflow.enable.dsl=2

include { getSingleInput; optionalOrDefault; param } from '../functions/parameters.nf'
include { step_1PP_trimming__fastp } from '../steps/step_1PP_trimming__fastp'
include { step_2AS_denovo__spades } from '../steps/step_2AS_denovo__spades'
include { step_4AN_genes__prokka } from '../steps/step_4AN_genes__prokka'
workflow {
    trimmed   = step_1PP_trimming__fastp(getSingleInput()).trimmed
    assembled = step_2AS_denovo__spades(trimmed).assembled
    step_4AN_genes__prokka(assembled)
}
"
"K14_prokka_sal_fastp_spades","K14_prokka_sal_fastp_spades","K14","Prokka annotation on Salmonella enterica from paired-end Illumina FASTQ (fastp + spades + prokka).","Y","N","silent_no_op","No process placeholders appeared. when: clause filtered everything?","0","7","Y","","","","","step_2AS_denovo__spades, step_4AN_genes__prokka, step_1PP_trimming__fastp","step_1PP_trimming__fastp, step_2AS_denovo__spades, step_4AN_genes__prokka","1594","92","3","2","9.3","Great! I'll set up the pipeline with the following steps:
1. **Preprocessing**: `step_1PP_trimming__fastp` for paired-end Illumina read trimming
2. **Assembly**: `step_2AS_denovo__spades` for de novo assembly
3. **Annotation**: `step_4AN_genes__prokka` for genome annotation

This will process your S","nextflow.enable.dsl=2

// --- IMPORTS ---

include { extractKey } from '../functions/common.nf'

include { getSingleInput } from '../functions/parameters.nf'

// --- GLOBALS ---

// --- INLINE PROCESSES ---

// --- SUB WORKFLOWS ---

workflow wf_salmonella_annotation {
    
    take:
        
        trimmed
        
    
    main:
        trimmed.multiMap {
            trimmed: it
            reference: [ referenceRiscd, referenceCode, file(referencePath) ]
        }.set { trAndRef }

        spades_out = step_2AS_denovo__spades(trAndRef.trimmed)
        step_4AN_genes__prokka(spades_out.assembled)
    
}

workflow step_1PP_trimming__fastp {
    
    take:
        
        rawreads
        
    
    main:
        trimmed = fastp(rawreads).trimmed

        fastqc(trimmed)
        readsCheckInput = rawreads.cross(trimmed) { extractKey(it) }.multiMap {
          rawreads: it[0]
          trimmed: it[1]
        }
        sample_reads_check(readsCheckInput.rawreads, readsCheckInput.trimmed)
    
    emit:
        
        trimmed
        
    
}

workflow step_2AS_denovo__spades {
    
    take:
        
        data
        
    
    main:
        denovo(data)
        assembly_filter(denovo.out.scaffolds).fasta | quast
        assembled = assembly_filter.out.fasta
    
    emit:
        
        assembled
        
    
}

workflow step_4AN_genes__prokka {
    
    take:
        
        data
        
    
    main:
        prokka(data)
    
}

// --- ENTRYPOINT ---
workflow {
    trimmed = step_1PP_trimming__fastp(getSingleInput())
    wf_salmonella_annotation(trimmed)
}","nextflow.enable.dsl=2

include { getSingleInput; optionalOrDefault; param } from '../functions/parameters.nf'
include { step_1PP_trimming__fastp } from '../steps/step_1PP_trimming__fastp'
include { step_2AS_denovo__spades } from '../steps/step_2AS_denovo__spades'
include { step_4AN_genes__prokka } from '../steps/step_4AN_genes__prokka'
workflow {
    trimmed   = step_1PP_trimming__fastp(getSingleInput()).trimmed
    assembled = step_2AS_denovo__spades(trimmed).assembled
    step_4AN_genes__prokka(assembled)
}
"
"K15_prokka_cam_fastp_spades","K15_prokka_cam_fastp_spades","K15","Prokka annotation on Campylobacter jejuni from paired-end Illumina FASTQ (fastp + spades + prokka).","Y","N","silent_no_op","No process placeholders appeared. when: clause filtered everything?","0","7","N","","step_1PP_trimming__fastp","","step_2AS_denovo__spades, step_4AN_genes__prokka","step_2AS_denovo__spades, step_4AN_genes__prokka","step_1PP_trimming__fastp, step_2AS_denovo__spades, step_4AN_genes__prokka","897","40","2","2","7.8","Great! I'll build the pipeline with the following steps:
1. **Trimming**: fastp (`step_1PP_trimming__fastp`)
2. **Assembly**: SPAdes (`step_2AS_denovo__spades`)
3. **Annotation**: Prokka (`step_4AN_genes__prokka`)

This will process your paired-end Illumina FASTQ data for Campylobacter jejuni.","nextflow.enable.dsl=2

// --- IMPORTS ---

include { step_2AS_denovo__spades } from '../steps/step_2AS_denovo__spades'

include { getSingleInput } from '../functions/parameters.nf'

include { getEmpty } from '../functions/common.nf'

include { step_4AN_genes__prokka } from '../steps/step_4AN_genes__prokka'

// --- GLOBALS ---

// --- INLINE PROCESSES ---

// --- SUB WORKFLOWS ---

workflow wf_prokka_annotation {
    
    take:
        
        trimmed
        
    
    main:
        trimmed.multiMap {
            trimmed: it
            reference: [ referenceRiscd, referenceCode, file(referencePath) ]
        }.set { trAndRef }

        spades_out = step_2AS_denovo__spades(trAndRef.trimmed)
        step_4AN_genes__prokka(spades_out.assembled.map { [ it[0], it[1], 'Bacteria', '-', '-', getEmpty() ] })
    
}

// --- ENTRYPOINT ---
workflow {
    wf_prokka_annotation(getSingleInput())
}","nextflow.enable.dsl=2

include { getSingleInput; optionalOrDefault; param } from '../functions/parameters.nf'
include { step_1PP_trimming__fastp } from '../steps/step_1PP_trimming__fastp'
include { step_2AS_denovo__spades } from '../steps/step_2AS_denovo__spades'
include { step_4AN_genes__prokka } from '../steps/step_4AN_genes__prokka'
workflow {
    trimmed   = step_1PP_trimming__fastp(getSingleInput()).trimmed
    assembled = step_2AS_denovo__spades(trimmed).assembled
    step_4AN_genes__prokka(assembled)
}
"
"K16_flaA_cam_fastp_spades","K16_flaA_cam_fastp_spades","K16","flaA typing on Campylobacter jejuni from paired-end Illumina FASTQ (fastp + spades + flaA).","Y","N","file_not_found","WARN: file not found: '/mnt/data/cohesive_llm_bench_scratch/_shared_inputdir/2026/2026.CAM.103.1.1/0SQ_rawreads/DS99999-DT260224_import/result/*.fastq*'","0","7","N","","step_1PP_trimming__fastp, step_2AS_denovo__spades, step_4TY_flaA__flaA","","","","step_1PP_trimming__fastp, step_2AS_denovo__spades, step_4TY_flaA__flaA","1402","81","0","2","9.6","Great! I'll proceed with the pipeline using fastp for trimming, SPAdes for assembly, and FlaA typing for Campylobacter jejuni. Here's the detailed plan:

1. **Trimming**: `step_1PP_trimming__fastp` - Input: paired-end Illumina FASTQ, Output: trimmed reads
2. **Assembly**: `step_2AS_denovo__spades` -","nextflow.enable.dsl=2

// --- IMPORTS ---

include { extractKey } from '../functions/common.nf'

include { getSingleInput } from '../functions/parameters.nf'

// --- GLOBALS ---

// --- INLINE PROCESSES ---

// --- SUB WORKFLOWS ---

workflow wf_flaA_typing {
    
    take:
        
        assembly
        
    
    main:
        assembly.multiMap {
            assembly: it
            genus_species: 'Campylobacter jejuni'
        }.set { flaA_input }

        mlst_flaa(flaA_input.assembly, flaA_input.genus_species)
    
}

workflow wf_assembly {
    
    take:
        
        trimmed
        
    
    main:
        denovo(trimmed)
        assembly_filter(denovo.out.scaffolds).fasta | quast

        assembled = assembly_filter.out.fasta
    
    emit:
        
        assembled
        
    
}

workflow wf_trimming {
    
    take:
        
        rawreads
        
    
    main:
        trimmed = fastp(rawreads).trimmed

        fastqc(trimmed)
        readsCheckInput = rawreads.cross(trimmed) { extractKey(it) }.multiMap {
          rawreads: it[0]
          trimmed: it[1]
        }
        sample_reads_check(readsCheckInput.rawreads, readsCheckInput.trimmed)
    
    emit:
        
        trimmed
        
    
}

// --- ENTRYPOINT ---
workflow {
    trimmed = wf_trimming(getSingleInput()).trimmed
    assembled = wf_assembly(trimmed).assembled
    wf_flaA_typing(assembled)
}","nextflow.enable.dsl=2

include { getSingleInput; optionalOrDefault; param } from '../functions/parameters.nf'
include { step_1PP_trimming__fastp } from '../steps/step_1PP_trimming__fastp'
include { step_2AS_denovo__spades } from '../steps/step_2AS_denovo__spades'
include { step_4TY_flaA__flaA } from '../steps/step_4TY_flaA__flaA'
workflow {
    trimmed   = step_1PP_trimming__fastp(getSingleInput()).trimmed
    assembled = step_2AS_denovo__spades(trimmed).assembled
    step_4TY_flaA__flaA(assembled, param('genus_species'))
}
"
"K17_staramr_cam_fastp_spades","K17_staramr_cam_fastp_spades","K17","staramr AMR profiling on Campylobacter jejuni from paired-end Illumina FASTQ (fastp + spades + staramr).","N","N","file_not_found","WARN: file not found: '/mnt/data/cohesive_llm_bench_scratch/_shared_inputdir/2026/2026.CAM.104.1.1/0SQ_rawreads/DS99999-DT260224_import/result/*.fastq*'","6","7","Y","","","","step_1PP_trimming__fastp, step_2AS_denovo__spades","step_2AS_denovo__spades, step_1PP_trimming__fastp, step_4AN_AMR__staramr","step_1PP_trimming__fastp, step_2AS_denovo__spades, step_4AN_AMR__staramr","916","53","3","2","8.9","Great! I'll proceed with the pipeline you approved:

1. **Trimming**: `step_1PP_trimming__fastp` for paired-end Illumina reads
2. **Assembly**: `step_2AS_denovo__spades` for de novo assembly
3. **AMR Profiling**: `step_4AN_AMR__staramr` for Campylobacter jejuni

I'll set this up now.","nextflow.enable.dsl=2

// --- IMPORTS ---

include { step_2AS_denovo__spades } from '../steps/step_2AS_denovo__spades'

include { step_1PP_trimming__fastp } from '../steps/step_1PP_trimming__fastp'

include { getSingleInput } from '../functions/parameters.nf'

// --- GLOBALS ---

// --- INLINE PROCESSES ---

// --- SUB WORKFLOWS ---

workflow module_denovo {
    
    take:
        
        trimmedReads
        
    
    main:
        assembled = step_2AS_denovo__spades(trimmedReads)
    
    emit:
        
        assembled
        
    
}

workflow step_4AN_AMR__staramr {
    
    take:
        
        assembly
        
        genus_species
        
    
    main:
        staramr(assembly, genus_species)
    
}

// --- ENTRYPOINT ---
workflow {
    trimmed = step_1PP_trimming__fastp(getSingleInput())
    assembled = module_denovo(trimmed)
    step_4AN_AMR__staramr(assembled, 'Campylobacter jejuni')
}","nextflow.enable.dsl=2

include { getSingleInput; optionalOrDefault; param } from '../functions/parameters.nf'
include { step_1PP_trimming__fastp } from '../steps/step_1PP_trimming__fastp'
include { step_2AS_denovo__spades } from '../steps/step_2AS_denovo__spades'
include { step_4AN_AMR__staramr } from '../steps/step_4AN_AMR__staramr'
workflow {
    trimmed   = step_1PP_trimming__fastp(getSingleInput()).trimmed
    assembled = step_2AS_denovo__spades(trimmed).assembled
    step_4AN_AMR__staramr(assembled, param('genus_species'))
}
"
"K18_mlst_lis_fastp_shovill","K18_mlst_lis_fastp_shovill","K18","MLST typing on Listeria monocytogenes from paired-end Illumina FASTQ (fastp + shovill + mlst).","Y","N","silent_no_op","No process placeholders appeared. when: clause filtered everything?","0","7","Y","","","","","step_1PP_trimming__fastp, step_2AS_denovo__shovill, step_4TY_MLST__mlst","step_1PP_trimming__fastp, step_2AS_denovo__shovill, step_4TY_MLST__mlst","1406","79","3","2","8.8","Great! I'll proceed with the pipeline using:
1. `step_1PP_trimming__fastp` for trimming paired-end Illumina reads
2. `step_2AS_denovo__shovill` for assembly
3. `step_4TY_MLST__mlst` for MLST typing on Listeria monocytogenes

I'll set this up now.","nextflow.enable.dsl=2

// --- IMPORTS ---

include { extractKey } from '../functions/common.nf'

include { getSingleInput } from '../functions/parameters.nf'

// --- GLOBALS ---

// --- INLINE PROCESSES ---

// --- SUB WORKFLOWS ---

workflow step_1PP_trimming__fastp {
    
    take:
        
        rawreads
        
    
    main:
        trimmed = fastp(rawreads).trimmed

        fastqc(trimmed)
        readsCheckInput = rawreads.cross(trimmed) { extractKey(it) }.multiMap {
          rawreads: it[0]
          trimmed: it[1]
        }
        sample_reads_check(readsCheckInput.rawreads, readsCheckInput.trimmed)
    
    emit:
        
        trimmed
        
    
}

workflow step_2AS_denovo__shovill {
    
    take:
        
        rawreads
        
    
    main:
        contigs_from_pe = shovill(rawreads).assembly
        contigs_from_se = shovill_se(rawreads).assembly
        contigs = contigs_from_pe.mix(contigs_from_se)
        quast(contigs)
        if (!params.skip_checkm) {
          checkm(contigs)
        }
    
    emit:
        
        assembly = contigs
        
    
}

workflow step_4TY_MLST__mlst {
    
    take:
        
        assembly
        
    
    main:
        mlst(assembly)
    
}

// --- ENTRYPOINT ---
workflow {
    trimmed = step_1PP_trimming__fastp(getSingleInput())
    assembly = step_2AS_denovo__shovill(trimmed)
    step_4TY_MLST__mlst(assembly)
}","nextflow.enable.dsl=2

include { getSingleInput; optionalOrDefault; param } from '../functions/parameters.nf'
include { step_1PP_trimming__fastp } from '../steps/step_1PP_trimming__fastp'
include { step_2AS_denovo__shovill } from '../steps/step_2AS_denovo__shovill'
include { step_4TY_MLST__mlst } from '../steps/step_4TY_MLST__mlst'
workflow {
    trimmed   = step_1PP_trimming__fastp(getSingleInput()).trimmed
    assembled = step_2AS_denovo__shovill(trimmed).assembly
    step_4TY_MLST__mlst(assembled)
}
"
"K19_mlst_eco_fastp_shovill","K19_mlst_eco_fastp_shovill","K19","MLST typing on Escherichia coli from paired-end Illumina FASTQ (fastp + shovill + mlst).","Y","Y","none","","7","7","Y","","","","step_1PP_trimming__fastp, step_2AS_denovo__shovill, step_4TY_MLST__mlst","step_1PP_trimming__fastp, step_2AS_denovo__shovill, step_4TY_MLST__mlst","step_1PP_trimming__fastp, step_2AS_denovo__shovill, step_4TY_MLST__mlst","948","53","3","2","7.2","Great! I'll proceed with the pipeline using fastp for trimming, Shovill for assembly, and MLST for typing on your Escherichia coli paired-end Illumina data.","nextflow.enable.dsl=2

// --- IMPORTS ---

include { step_2AS_denovo__shovill } from '../steps/step_2AS_denovo__shovill'

include { step_1PP_trimming__fastp } from '../steps/step_1PP_trimming__fastp'

include { getSingleInput } from '../functions/parameters.nf'

include { step_4TY_MLST__mlst } from '../steps/step_4TY_MLST__mlst'

// --- GLOBALS ---

// --- INLINE PROCESSES ---

// --- SUB WORKFLOWS ---

workflow wf_trim_and_assemble {
    
    take:
        
        rawreads
        
    
    main:
        trimmed = step_1PP_trimming__fastp(rawreads).trimmed
        assembly = step_2AS_denovo__shovill(trimmed).assembly
    
    emit:
        
        assembly
        
    
}

workflow wf_mlst_typing {
    
    take:
        
        assembly
        
    
    main:
        step_4TY_MLST__mlst(assembly)
    
}

// --- ENTRYPOINT ---
workflow {
    assembly = wf_trim_and_assemble(getSingleInput()).assembly
    wf_mlst_typing(assembly)
}","nextflow.enable.dsl=2

include { getSingleInput; optionalOrDefault; param } from '../functions/parameters.nf'
include { step_1PP_trimming__fastp } from '../steps/step_1PP_trimming__fastp'
include { step_2AS_denovo__shovill } from '../steps/step_2AS_denovo__shovill'
include { step_4TY_MLST__mlst } from '../steps/step_4TY_MLST__mlst'
workflow {
    trimmed   = step_1PP_trimming__fastp(getSingleInput()).trimmed
    assembled = step_2AS_denovo__shovill(trimmed).assembly
    step_4TY_MLST__mlst(assembled)
}
"
"K20_mlst_sal_fastp_shovill","K20_mlst_sal_fastp_shovill","K20","MLST typing on Salmonella enterica from paired-end Illumina FASTQ (fastp + shovill + mlst).","N","N","silent_no_op","No process placeholders appeared. when: clause filtered everything?","0","7","Y","","","","step_1PP_trimming__fastp, step_2AS_denovo__shovill, step_4TY_MLST__mlst","step_2AS_denovo__shovill, step_1PP_trimming__fastp, step_4TY_MLST__mlst","step_1PP_trimming__fastp, step_2AS_denovo__shovill, step_4TY_MLST__mlst","849","45","3","2","8.2","Great! I'll proceed with the pipeline using:
1. `step_1PP_trimming__fastp` for read trimming
2. `step_2AS_denovo__shovill` for assembly
3. `step_4TY_MLST__mlst` for MLST typing

This will process your paired-end Illumina FASTQ files for Salmonella enterica MLST typing.","nextflow.enable.dsl=2

// --- IMPORTS ---

include { step_2AS_denovo__shovill } from '../steps/step_2AS_denovo__shovill'

include { step_1PP_trimming__fastp } from '../steps/step_1PP_trimming__fastp'

include { getSingleInput } from '../functions/parameters.nf'

include { step_4TY_MLST__mlst } from '../steps/step_4TY_MLST__mlst'

// --- GLOBALS ---

// --- INLINE PROCESSES ---

// --- SUB WORKFLOWS ---

workflow module_wgs_bacteria {
    
    take:
        
        trimmedReads
        
    
    main:
        step_2AS_denovo__shovill(trimmedReads)

        assembly = step_2AS_denovo__shovill.out
    
    emit:
        
        assembly
        
    
}

// --- ENTRYPOINT ---
workflow {
    trimmed = step_1PP_trimming__fastp(getSingleInput()).trimmed

    module_wgs_bacteria(trimmed)

    step_4TY_MLST__mlst(module_wgs_bacteria.assembly)
}","nextflow.enable.dsl=2

include { getSingleInput; optionalOrDefault; param } from '../functions/parameters.nf'
include { step_1PP_trimming__fastp } from '../steps/step_1PP_trimming__fastp'
include { step_2AS_denovo__shovill } from '../steps/step_2AS_denovo__shovill'
include { step_4TY_MLST__mlst } from '../steps/step_4TY_MLST__mlst'
workflow {
    trimmed   = step_1PP_trimming__fastp(getSingleInput()).trimmed
    assembled = step_2AS_denovo__shovill(trimmed).assembly
    step_4TY_MLST__mlst(assembled)
}
"
"K21_mlst_cam_fastp_shovill","K21_mlst_cam_fastp_shovill","K21","MLST typing on Campylobacter jejuni from paired-end Illumina FASTQ (fastp + shovill + mlst).","Y","N","file_not_found","WARN: file not found: '/mnt/data/cohesive_llm_bench_scratch/_shared_inputdir/2026/2026.CAM.105.1.1/0SQ_rawreads/DS99999-DT260224_import/result/*.fastq*'","0","7","Y","","","","","step_1PP_trimming__fastp, step_2AS_denovo__shovill, step_4TY_MLST__mlst","step_1PP_trimming__fastp, step_2AS_denovo__shovill, step_4TY_MLST__mlst","1406","79","3","2","10.9","I'll build the pipeline with:
1. **fastp** for read trimming
2. **Shovill** for assembly
3. **MLST** for typing

This is a custom pipeline since there's no exact template for this combination, but all tools are available in the framework.","nextflow.enable.dsl=2

// --- IMPORTS ---

include { extractKey } from '../functions/common.nf'

include { getSingleInput } from '../functions/parameters.nf'

// --- GLOBALS ---

// --- INLINE PROCESSES ---

// --- SUB WORKFLOWS ---

workflow step_1PP_trimming__fastp {
    
    take:
        
        rawreads
        
    
    main:
        trimmed = fastp(rawreads).trimmed

        fastqc(trimmed)
        readsCheckInput = rawreads.cross(trimmed) { extractKey(it) }.multiMap {
          rawreads: it[0]
          trimmed: it[1]
        }
        sample_reads_check(readsCheckInput.rawreads, readsCheckInput.trimmed)
    
    emit:
        
        trimmed
        
    
}

workflow step_2AS_denovo__shovill {
    
    take:
        
        rawreads
        
    
    main:
        contigs_from_pe = shovill(rawreads).assembly
        contigs_from_se = shovill_se(rawreads).assembly
        contigs = contigs_from_pe.mix(contigs_from_se)
        quast(contigs)
        if (!params.skip_checkm) {
          checkm(contigs)
        }
    
    emit:
        
        assembly = contigs
        
    
}

workflow step_4TY_MLST__mlst {
    
    take:
        
        assembly
        
    
    main:
        mlst(assembly)
    
}

// --- ENTRYPOINT ---
workflow {
    trimmed = step_1PP_trimming__fastp(getSingleInput())
    assembly = step_2AS_denovo__shovill(trimmed)
    step_4TY_MLST__mlst(assembly)
}","nextflow.enable.dsl=2

include { getSingleInput; optionalOrDefault; param } from '../functions/parameters.nf'
include { step_1PP_trimming__fastp } from '../steps/step_1PP_trimming__fastp'
include { step_2AS_denovo__shovill } from '../steps/step_2AS_denovo__shovill'
include { step_4TY_MLST__mlst } from '../steps/step_4TY_MLST__mlst'
workflow {
    trimmed   = step_1PP_trimming__fastp(getSingleInput()).trimmed
    assembled = step_2AS_denovo__shovill(trimmed).assembly
    step_4TY_MLST__mlst(assembled)
}
"
"K22_chewbbaca_lis_fastp_shovill","K22_chewbbaca_lis_fastp_shovill","K22","cgMLST allelic profiling on Listeria monocytogenes from paired-end Illumina FASTQ (fastp + shovill + chewbbaca).","Y","Y","none","","9","9","Y","","","","step_1PP_trimming__fastp, step_2AS_denovo__shovill, step_4TY_cgMLST__chewbbaca","step_1PP_trimming__fastp, step_2AS_denovo__shovill, step_4TY_cgMLST__chewbbaca","step_1PP_trimming__fastp, step_2AS_denovo__shovill, step_4TY_cgMLST__chewbbaca","896","40","3","2","8.8","Great! I'll proceed with the pipeline using:
1. fastp for trimming (step_1PP_trimming__fastp)
2. Shovill for assembly (step_2AS_denovo__shovill)
3. ChewBBACA for cgMLST profiling (step_4TY_cgMLST__chewbbaca)

This will process your paired-end Illumina FASTQ data for Listeria monocytogenes cgMLST all","nextflow.enable.dsl=2

// --- IMPORTS ---

include { step_2AS_denovo__shovill } from '../steps/step_2AS_denovo__shovill'

include { step_4TY_cgMLST__chewbbaca } from '../steps/step_4TY_cgMLST__chewbbaca'

include { step_1PP_trimming__fastp } from '../steps/step_1PP_trimming__fastp'

include { getSingleInput } from '../functions/parameters.nf'

// --- GLOBALS ---

def genus_species = 'Listeria monocytogenes'

def schema = 'l_mono_chewie_1748_220623'

// --- INLINE PROCESSES ---

// --- SUB WORKFLOWS ---

workflow wf_trimming_assembly_cgmlst {
    
    take:
        
        rawreads
        
    
    main:
        trimmed = step_1PP_trimming__fastp(rawreads).trimmed
        assembly = step_2AS_denovo__shovill(trimmed).assembly
        step_4TY_cgMLST__chewbbaca(assembly, genus_species, schema)
    
}

// --- ENTRYPOINT ---
workflow {
    wf_trimming_assembly_cgmlst(getSingleInput())
}","nextflow.enable.dsl=2

include { getSingleInput; optionalOrDefault; param } from '../functions/parameters.nf'
include { step_1PP_trimming__fastp } from '../steps/step_1PP_trimming__fastp'
include { step_2AS_denovo__shovill } from '../steps/step_2AS_denovo__shovill'
include { step_4TY_cgMLST__chewbbaca } from '../steps/step_4TY_cgMLST__chewbbaca'
workflow {
    trimmed   = step_1PP_trimming__fastp(getSingleInput()).trimmed
    assembled = step_2AS_denovo__shovill(trimmed).assembly
    step_4TY_cgMLST__chewbbaca(assembled, param('genus_species'), optionalOrDefault('schema', ''))
}
"
"K23_chewbbaca_eco_fastp_shovill","K23_chewbbaca_eco_fastp_shovill","K23","cgMLST allelic profiling on Escherichia coli from paired-end Illumina FASTQ (fastp + shovill + chewbbaca).","Y","N","silent_no_op","No process placeholders appeared. when: clause filtered everything?","0","9","Y","","","","step_1PP_trimming__fastp, step_2AS_denovo__shovill, step_4TY_cgMLST__chewbbaca","step_1PP_trimming__fastp, step_2AS_denovo__shovill, step_4TY_cgMLST__chewbbaca","step_1PP_trimming__fastp, step_2AS_denovo__shovill, step_4TY_cgMLST__chewbbaca","1070","57","3","2","8.0","Great! I'll proceed with the pipeline using fastp for trimming, Shovill for assembly, and ChewBBACA for cgMLST profiling on your Escherichia coli paired-end Illumina reads. I'll set it up now.","nextflow.enable.dsl=2

// --- IMPORTS ---

include { step_2AS_denovo__shovill } from '../steps/step_2AS_denovo__shovill'

include { step_4TY_cgMLST__chewbbaca } from '../steps/step_4TY_cgMLST__chewbbaca'

include { step_1PP_trimming__fastp } from '../steps/step_1PP_trimming__fastp'

include { getSingleInput } from '../functions/parameters.nf'

// --- GLOBALS ---

def genus_species = 'Escherichia_coli'

def schema = 'e_coli_chewie_2360_210531'

// --- INLINE PROCESSES ---

// --- SUB WORKFLOWS ---

workflow wf_trim_and_assemble {
    
    take:
        
        rawreads
        
    
    main:
        trimmed = step_1PP_trimming__fastp(rawreads).trimmed
        assembly = step_2AS_denovo__shovill(trimmed).assembly
    
    emit:
        
        assembly
        
    
}

workflow wf_cgmlst {
    
    take:
        
        assembly
        
    
    main:
        step_4TY_cgMLST__chewbbaca(assembly, genus_species, schema)
    
}

// --- ENTRYPOINT ---
workflow {
    wf_trim_and_assemble(getSingleInput()).assembly.set { assembly }
    wf_cgmlst(assembly)
}","nextflow.enable.dsl=2

include { getSingleInput; optionalOrDefault; param } from '../functions/parameters.nf'
include { step_1PP_trimming__fastp } from '../steps/step_1PP_trimming__fastp'
include { step_2AS_denovo__shovill } from '../steps/step_2AS_denovo__shovill'
include { step_4TY_cgMLST__chewbbaca } from '../steps/step_4TY_cgMLST__chewbbaca'
workflow {
    trimmed   = step_1PP_trimming__fastp(getSingleInput()).trimmed
    assembled = step_2AS_denovo__shovill(trimmed).assembly
    step_4TY_cgMLST__chewbbaca(assembled, param('genus_species'), optionalOrDefault('schema', ''))
}
"
"K24_chewbbaca_sal_fastp_shovill","K24_chewbbaca_sal_fastp_shovill","K24","cgMLST allelic profiling on Salmonella enterica from paired-end Illumina FASTQ (fastp + shovill + chewbbaca).","Y","N","silent_no_op","No process placeholders appeared. when: clause filtered everything?","0","9","Y","","","","step_1PP_trimming__fastp, step_2AS_denovo__shovill, step_4TY_cgMLST__chewbbaca","step_2AS_denovo__shovill, step_4TY_cgMLST__chewbbaca, step_1PP_trimming__fastp","step_1PP_trimming__fastp, step_2AS_denovo__shovill, step_4TY_cgMLST__chewbbaca","829","38","3","2","9.1","Great! I'll proceed with the pipeline using fastp for trimming, Shovill for assembly, and ChewBBACA for cgMLST profiling on your Salmonella enterica paired-end Illumina reads. I'll set this up now.","nextflow.enable.dsl=2

// --- IMPORTS ---

include { step_2AS_denovo__shovill } from '../steps/step_2AS_denovo__shovill'

include { step_4TY_cgMLST__chewbbaca } from '../steps/step_4TY_cgMLST__chewbbaca'

include { step_1PP_trimming__fastp } from '../steps/step_1PP_trimming__fastp'

include { getSingleInput } from '../functions/parameters.nf'

// --- GLOBALS ---

def genus_species = 'Salmonella enterica'

// --- INLINE PROCESSES ---

// --- SUB WORKFLOWS ---

workflow wf_cgmlst_salmonella {
    
    take:
        
        trimmed
        
    
    main:
        assembly = step_2AS_denovo__shovill(trimmed).assembly
        step_4TY_cgMLST__chewbbaca(assembly, genus_species, null)
    
}

// --- ENTRYPOINT ---
workflow {
    trimmed = step_1PP_trimming__fastp(getSingleInput()).trimmed
    wf_cgmlst_salmonella(trimmed)
}","nextflow.enable.dsl=2

include { getSingleInput; optionalOrDefault; param } from '../functions/parameters.nf'
include { step_1PP_trimming__fastp } from '../steps/step_1PP_trimming__fastp'
include { step_2AS_denovo__shovill } from '../steps/step_2AS_denovo__shovill'
include { step_4TY_cgMLST__chewbbaca } from '../steps/step_4TY_cgMLST__chewbbaca'
workflow {
    trimmed   = step_1PP_trimming__fastp(getSingleInput()).trimmed
    assembled = step_2AS_denovo__shovill(trimmed).assembly
    step_4TY_cgMLST__chewbbaca(assembled, param('genus_species'), optionalOrDefault('schema', ''))
}
"
"K25_abricate_lis_fastp_shovill","K25_abricate_lis_fastp_shovill","K25","ABRicate AMR screening on Listeria monocytogenes from paired-end Illumina FASTQ (fastp + shovill + abricate).","Y","N","silent_no_op","No process placeholders appeared. when: clause filtered everything?","0","7","N","step_2AS_denovo__spades","step_2AS_denovo__shovill","","step_1PP_trimming__fastp, step_2AS_denovo__spades, step_4AN_AMR__abricate","step_1PP_trimming__fastp, step_2AS_denovo__spades, step_4AN_AMR__abricate","step_1PP_trimming__fastp, step_2AS_denovo__shovill, step_4AN_AMR__abricate","759","36","3","2","6.9","Great! I'll proceed with the pipeline using fastp for trimming, SPAdes for assembly, and Abricate for AMR detection on your Listeria monocytogenes paired-end Illumina FASTQ data.","nextflow.enable.dsl=2

// --- IMPORTS ---

include { step_4AN_AMR__abricate } from '../steps/step_4AN_AMR__abricate'

include { step_2AS_denovo__spades } from '../steps/step_2AS_denovo__spades'

include { step_1PP_trimming__fastp } from '../steps/step_1PP_trimming__fastp'

include { getSingleInput } from '../functions/parameters.nf'

// --- GLOBALS ---

// --- INLINE PROCESSES ---

// --- SUB WORKFLOWS ---

workflow wf_trim_assemble_amr {
    
    take:
        
        rawreads
        
    
    main:
        trimmed = step_1PP_trimming__fastp(rawreads).trimmed
        assembled = step_2AS_denovo__spades(trimmed).assembled
        step_4AN_AMR__abricate(assembled)
    
}

// --- ENTRYPOINT ---
workflow {
    wf_trim_assemble_amr(getSingleInput())
}","nextflow.enable.dsl=2

include { getSingleInput; optionalOrDefault; param } from '../functions/parameters.nf'
include { step_1PP_trimming__fastp } from '../steps/step_1PP_trimming__fastp'
include { step_2AS_denovo__shovill } from '../steps/step_2AS_denovo__shovill'
include { step_4AN_AMR__abricate } from '../steps/step_4AN_AMR__abricate'
workflow {
    trimmed   = step_1PP_trimming__fastp(getSingleInput()).trimmed
    assembled = step_2AS_denovo__shovill(trimmed).assembly
    step_4AN_AMR__abricate(assembled)
}
"
"K26_abricate_eco_fastp_shovill","K26_abricate_eco_fastp_shovill","K26","ABRicate AMR screening on Escherichia coli from paired-end Illumina FASTQ (fastp + shovill + abricate).","Y","N","silent_no_op","No process placeholders appeared. when: clause filtered everything?","0","7","Y","","","","step_1PP_trimming__fastp, step_2AS_denovo__shovill, step_4AN_AMR__abricate","step_1PP_trimming__fastp, step_2AS_denovo__shovill, step_4AN_AMR__abricate","step_1PP_trimming__fastp, step_2AS_denovo__shovill, step_4AN_AMR__abricate","759","36","3","2","6.9","Great! I'll proceed with the pipeline using fastp for trimming, Shovill for assembly, and Abricate for AMR detection on your Escherichia coli paired-end Illumina FASTQ files. I'll set this up now.","nextflow.enable.dsl=2

// --- IMPORTS ---

include { step_4AN_AMR__abricate } from '../steps/step_4AN_AMR__abricate'

include { step_2AS_denovo__shovill } from '../steps/step_2AS_denovo__shovill'

include { step_1PP_trimming__fastp } from '../steps/step_1PP_trimming__fastp'

include { getSingleInput } from '../functions/parameters.nf'

// --- GLOBALS ---

// --- INLINE PROCESSES ---

// --- SUB WORKFLOWS ---

workflow wf_trim_assemble_amr {
    
    take:
        
        rawreads
        
    
    main:
        trimmed = step_1PP_trimming__fastp(rawreads).trimmed
        assembly = step_2AS_denovo__shovill(trimmed).assembly
        step_4AN_AMR__abricate(assembly)
    
}

// --- ENTRYPOINT ---
workflow {
    wf_trim_assemble_amr(getSingleInput())
}","nextflow.enable.dsl=2

include { getSingleInput; optionalOrDefault; param } from '../functions/parameters.nf'
include { step_1PP_trimming__fastp } from '../steps/step_1PP_trimming__fastp'
include { step_2AS_denovo__shovill } from '../steps/step_2AS_denovo__shovill'
include { step_4AN_AMR__abricate } from '../steps/step_4AN_AMR__abricate'
workflow {
    trimmed   = step_1PP_trimming__fastp(getSingleInput()).trimmed
    assembled = step_2AS_denovo__shovill(trimmed).assembly
    step_4AN_AMR__abricate(assembled)
}
"
"K27_abricate_sal_fastp_shovill","K27_abricate_sal_fastp_shovill","K27","ABRicate AMR screening on Salmonella enterica from paired-end Illumina FASTQ (fastp + shovill + abricate).","Y","N","silent_no_op","No process placeholders appeared. when: clause filtered everything?","0","7","Y","","","","step_1PP_trimming__fastp, step_2AS_denovo__shovill, step_4AN_AMR__abricate","step_2AS_denovo__shovill, step_4AN_AMR__abricate, step_1PP_trimming__fastp","step_1PP_trimming__fastp, step_2AS_denovo__shovill, step_4AN_AMR__abricate","767","36","3","2","7.9","Great! I'll create a custom pipeline for you with the following steps:

1. **Trimming**: `step_1PP_trimming__fastp` (fastp) - for preprocessing paired-end Illumina reads
2. **Assembly**: `step_2AS_denovo__shovill` (shovill) - for de novo assembly of trimmed reads
3. **AMR Detection**: `step_4AN_AMR_","nextflow.enable.dsl=2

// --- IMPORTS ---

include { step_4AN_AMR__abricate } from '../steps/step_4AN_AMR__abricate'

include { step_2AS_denovo__shovill } from '../steps/step_2AS_denovo__shovill'

include { step_1PP_trimming__fastp } from '../steps/step_1PP_trimming__fastp'

include { getSingleInput } from '../functions/parameters.nf'

// --- GLOBALS ---

// --- INLINE PROCESSES ---

// --- SUB WORKFLOWS ---

workflow wf_salmonella_amr_screening {
    
    take:
        
        trimmed
        
    
    main:
        assembly = step_2AS_denovo__shovill(trimmed).assembly
        step_4AN_AMR__abricate(assembly)
    
}

// --- ENTRYPOINT ---
workflow {
    trimmed = step_1PP_trimming__fastp(getSingleInput()).trimmed
    wf_salmonella_amr_screening(trimmed)
}","nextflow.enable.dsl=2

include { getSingleInput; optionalOrDefault; param } from '../functions/parameters.nf'
include { step_1PP_trimming__fastp } from '../steps/step_1PP_trimming__fastp'
include { step_2AS_denovo__shovill } from '../steps/step_2AS_denovo__shovill'
include { step_4AN_AMR__abricate } from '../steps/step_4AN_AMR__abricate'
workflow {
    trimmed   = step_1PP_trimming__fastp(getSingleInput()).trimmed
    assembled = step_2AS_denovo__shovill(trimmed).assembly
    step_4AN_AMR__abricate(assembled)
}
"
"K28_abricate_cam_fastp_shovill","K28_abricate_cam_fastp_shovill","K28","ABRicate AMR screening on Campylobacter jejuni from paired-end Illumina FASTQ (fastp + shovill + abricate).","Y","Y","none","","7","7","Y","","","","step_1PP_trimming__fastp, step_2AS_denovo__shovill, step_4AN_AMR__abricate","step_1PP_trimming__fastp, step_2AS_denovo__shovill, step_4AN_AMR__abricate","step_1PP_trimming__fastp, step_2AS_denovo__shovill, step_4AN_AMR__abricate","767","36","3","2","7.1","Great! I'll proceed with the pipeline using fastp for trimming, Shovill for assembly, and Abricate for AMR detection on your Campylobacter jejuni samples. I'll set this up now.","nextflow.enable.dsl=2

// --- IMPORTS ---

include { step_4AN_AMR__abricate } from '../steps/step_4AN_AMR__abricate'

include { step_2AS_denovo__shovill } from '../steps/step_2AS_denovo__shovill'

include { step_1PP_trimming__fastp } from '../steps/step_1PP_trimming__fastp'

include { getSingleInput } from '../functions/parameters.nf'

// --- GLOBALS ---

// --- INLINE PROCESSES ---

// --- SUB WORKFLOWS ---

workflow wf_trimming_assembly_amr {
    
    take:
        
        rawreads
        
    
    main:
        trimmed = step_1PP_trimming__fastp(rawreads).trimmed
        assembly = step_2AS_denovo__shovill(trimmed).assembly
        step_4AN_AMR__abricate(assembly)
    
}

// --- ENTRYPOINT ---
workflow {
    wf_trimming_assembly_amr(getSingleInput())
}","nextflow.enable.dsl=2

include { getSingleInput; optionalOrDefault; param } from '../functions/parameters.nf'
include { step_1PP_trimming__fastp } from '../steps/step_1PP_trimming__fastp'
include { step_2AS_denovo__shovill } from '../steps/step_2AS_denovo__shovill'
include { step_4AN_AMR__abricate } from '../steps/step_4AN_AMR__abricate'
workflow {
    trimmed   = step_1PP_trimming__fastp(getSingleInput()).trimmed
    assembled = step_2AS_denovo__shovill(trimmed).assembly
    step_4AN_AMR__abricate(assembled)
}
"
"K29_prokka_lis_fastp_shovill","K29_prokka_lis_fastp_shovill","K29","Prokka annotation on Listeria monocytogenes from paired-end Illumina FASTQ (fastp + shovill + prokka).","Y","Y","none","","7","7","N","step_2AS_denovo__spades","step_2AS_denovo__shovill","","step_1PP_trimming__fastp, step_2AS_denovo__spades, step_4AN_genes__prokka","step_2AS_denovo__spades, step_4AN_genes__prokka, step_1PP_trimming__fastp","step_1PP_trimming__fastp, step_2AS_denovo__shovill, step_4AN_genes__prokka","747","36","3","2","17.8","Great! I'll proceed with the pipeline using fastp for trimming, SPAdes for assembly (since Shovill is not available), and Prokka for annotation. Here's the plan:

1. **Preprocessing**: `step_1PP_trimming__fastp` - Trim and filter paired-end Illumina reads
2. **Assembly**: `step_2AS_denovo__spades` -","nextflow.enable.dsl=2

// --- IMPORTS ---

include { step_2AS_denovo__spades } from '../steps/step_2AS_denovo__spades'

include { step_1PP_trimming__fastp } from '../steps/step_1PP_trimming__fastp'

include { getSingleInput } from '../functions/parameters.nf'

include { step_4AN_genes__prokka } from '../steps/step_4AN_genes__prokka'

// --- GLOBALS ---

// --- INLINE PROCESSES ---

// --- SUB WORKFLOWS ---

workflow wf_listeria_annotation {
    
    take:
        
        trimmed
        
    
    main:
        assembly = step_2AS_denovo__spades(trimmed)
        step_4AN_genes__prokka(assembly.assembled)
    
}

// --- ENTRYPOINT ---
workflow {
    trimmed = step_1PP_trimming__fastp(getSingleInput())
    wf_listeria_annotation(trimmed)
}","nextflow.enable.dsl=2

include { getSingleInput; optionalOrDefault; param } from '../functions/parameters.nf'
include { step_1PP_trimming__fastp } from '../steps/step_1PP_trimming__fastp'
include { step_2AS_denovo__shovill } from '../steps/step_2AS_denovo__shovill'
include { step_4AN_genes__prokka } from '../steps/step_4AN_genes__prokka'
workflow {
    trimmed   = step_1PP_trimming__fastp(getSingleInput()).trimmed
    assembled = step_2AS_denovo__shovill(trimmed).assembly
    step_4AN_genes__prokka(assembled)
}
"
"K30_prokka_eco_fastp_shovill","K30_prokka_eco_fastp_shovill","K30","Prokka annotation on Escherichia coli from paired-end Illumina FASTQ (fastp + shovill + prokka).","N","N","silent_no_op","No process placeholders appeared. when: clause filtered everything?","0","7","Y","","","","step_1PP_trimming__fastp, step_2AS_denovo__shovill, step_4AN_genes__prokka","step_1PP_trimming__fastp, step_2AS_denovo__shovill, step_4AN_genes__prokka","step_1PP_trimming__fastp, step_2AS_denovo__shovill, step_4AN_genes__prokka","880","38","3","2","8.2","Perfect! I'll proceed with the pipeline using:
1. fastp for trimming paired-end Illumina reads
2. Shovill for de novo assembly
3. Prokka for genome annotation

This is a standard workflow for bacterial genome analysis from short reads.","nextflow.enable.dsl=2

// --- IMPORTS ---

include { step_2AS_denovo__shovill } from '../steps/step_2AS_denovo__shovill'

include { getEmpty } from '../functions/common.nf'

include { getSingleInput } from '../functions/parameters.nf'

include { step_4AN_genes__prokka } from '../steps/step_4AN_genes__prokka'

include { step_1PP_trimming__fastp } from '../steps/step_1PP_trimming__fastp'

// --- GLOBALS ---

// --- INLINE PROCESSES ---

// --- SUB WORKFLOWS ---

workflow wf_trim_assemble_annotate {
    
    take:
        
        rawreads
        
    
    main:
        trimmed = step_1PP_trimming__fastp(rawreads).trimmed
        assembly = step_2AS_denovo__shovill(trimmed).assembly
        step_4AN_genes__prokka(assembly.map { [ it[0], it[1], 'Bacteria', '-', '-', getEmpty() ] })
    
}

// --- ENTRYPOINT ---
workflow {
    wf_trim_assemble_annotate(getSingleInput())
}","nextflow.enable.dsl=2

include { getSingleInput; optionalOrDefault; param } from '../functions/parameters.nf'
include { step_1PP_trimming__fastp } from '../steps/step_1PP_trimming__fastp'
include { step_2AS_denovo__shovill } from '../steps/step_2AS_denovo__shovill'
include { step_4AN_genes__prokka } from '../steps/step_4AN_genes__prokka'
workflow {
    trimmed   = step_1PP_trimming__fastp(getSingleInput()).trimmed
    assembled = step_2AS_denovo__shovill(trimmed).assembly
    step_4AN_genes__prokka(assembled)
}
"
"K31_prokka_sal_fastp_shovill","K31_prokka_sal_fastp_shovill","K31","Prokka annotation on Salmonella enterica from paired-end Illumina FASTQ (fastp + shovill + prokka).","Y","Y","none","","7","7","Y","","","","step_1PP_trimming__fastp, step_2AS_denovo__shovill, step_4AN_genes__prokka","step_1PP_trimming__fastp, step_2AS_denovo__shovill, step_4AN_genes__prokka","step_1PP_trimming__fastp, step_2AS_denovo__shovill, step_4AN_genes__prokka","903","40","3","2","6.8","Great! I'll set up the pipeline with fastp for trimming, Shovill for assembly, and Prokka for annotation. I'll proceed with the implementation.","nextflow.enable.dsl=2

// --- IMPORTS ---

include { step_2AS_denovo__shovill } from '../steps/step_2AS_denovo__shovill'

include { getEmpty } from '../functions/common.nf'

include { getSingleInput } from '../functions/parameters.nf'

include { step_4AN_genes__prokka } from '../steps/step_4AN_genes__prokka'

include { step_1PP_trimming__fastp } from '../steps/step_1PP_trimming__fastp'

// --- GLOBALS ---

def kingdom = 'Bacteria'

// --- INLINE PROCESSES ---

// --- SUB WORKFLOWS ---

workflow wf_trim_assemble_annotate {
    
    take:
        
        rawreads
        
    
    main:
        trimmed = step_1PP_trimming__fastp(rawreads).trimmed
        assembly = step_2AS_denovo__shovill(trimmed).assembly
        step_4AN_genes__prokka(assembly.map { [ it[0], it[1], kingdom, '-', '-', getEmpty() ] })
    
}

// --- ENTRYPOINT ---
workflow {
    wf_trim_assemble_annotate(getSingleInput())
}","nextflow.enable.dsl=2

include { getSingleInput; optionalOrDefault; param } from '../functions/parameters.nf'
include { step_1PP_trimming__fastp } from '../steps/step_1PP_trimming__fastp'
include { step_2AS_denovo__shovill } from '../steps/step_2AS_denovo__shovill'
include { step_4AN_genes__prokka } from '../steps/step_4AN_genes__prokka'
workflow {
    trimmed   = step_1PP_trimming__fastp(getSingleInput()).trimmed
    assembled = step_2AS_denovo__shovill(trimmed).assembly
    step_4AN_genes__prokka(assembled)
}
"
"K32_prokka_cam_fastp_shovill","K32_prokka_cam_fastp_shovill","K32","Prokka annotation on Campylobacter jejuni from paired-end Illumina FASTQ (fastp + shovill + prokka).","Y","N","silent_no_op","No process placeholders appeared. when: clause filtered everything?","0","7","Y","","","","step_1PP_trimming__fastp, step_2AS_denovo__shovill, step_4AN_genes__prokka","step_1PP_trimming__fastp, step_2AS_denovo__shovill, step_4AN_genes__prokka","step_1PP_trimming__fastp, step_2AS_denovo__shovill, step_4AN_genes__prokka","915","40","3","2","8.0","I'll proceed with the pipeline using:
1. `step_1PP_trimming__fastp` for paired-end read trimming
2. `step_2AS_denovo__shovill` for assembly
3. `step_4AN_genes__prokka` for annotation

This will process your Campylobacter jejuni Illumina data from raw reads to annotated assembly.","nextflow.enable.dsl=2

// --- IMPORTS ---

include { step_2AS_denovo__shovill } from '../steps/step_2AS_denovo__shovill'

include { getEmpty } from '../functions/common.nf'

include { getSingleInput } from '../functions/parameters.nf'

include { step_4AN_genes__prokka } from '../steps/step_4AN_genes__prokka'

include { step_1PP_trimming__fastp } from '../steps/step_1PP_trimming__fastp'

// --- GLOBALS ---

def kingdom = 'Bacteria'

// --- INLINE PROCESSES ---

// --- SUB WORKFLOWS ---

workflow wf_trimming_assembly_annotation {
    
    take:
        
        rawreads
        
    
    main:
        trimmed = step_1PP_trimming__fastp(rawreads).trimmed
        assembly = step_2AS_denovo__shovill(trimmed).assembly
        step_4AN_genes__prokka(assembly.map { [ it[0], it[1], kingdom, '-', '-', getEmpty() ] })
    
}

// --- ENTRYPOINT ---
workflow {
    wf_trimming_assembly_annotation(getSingleInput())
}","nextflow.enable.dsl=2

include { getSingleInput; optionalOrDefault; param } from '../functions/parameters.nf'
include { step_1PP_trimming__fastp } from '../steps/step_1PP_trimming__fastp'
include { step_2AS_denovo__shovill } from '../steps/step_2AS_denovo__shovill'
include { step_4AN_genes__prokka } from '../steps/step_4AN_genes__prokka'
workflow {
    trimmed   = step_1PP_trimming__fastp(getSingleInput()).trimmed
    assembled = step_2AS_denovo__shovill(trimmed).assembly
    step_4AN_genes__prokka(assembled)
}
"
"K33_flaA_cam_fastp_shovill","K33_flaA_cam_fastp_shovill","K33","flaA typing on Campylobacter jejuni from paired-end Illumina FASTQ (fastp + shovill + flaA).","Y","Y","none","","7","7","Y","","","","step_1PP_trimming__fastp, step_2AS_denovo__shovill, step_4TY_flaA__flaA","step_1PP_trimming__fastp, step_2AS_denovo__shovill, step_4TY_flaA__flaA","step_1PP_trimming__fastp, step_2AS_denovo__shovill, step_4TY_flaA__flaA","776","36","3","2","7.9","Great! I'll proceed with the pipeline using fastp for trimming, Shovill for assembly, and FlaA typing for Campylobacter jejuni. Here's the detailed plan:

1. **Trimming**: Use `step_1PP_trimming__fastp` to clean the paired-end Illumina FASTQ reads.
2. **Assembly**: Use `step_2AS_denovo__shovill` to ","nextflow.enable.dsl=2

// --- IMPORTS ---

include { step_4TY_flaA__flaA } from '../steps/step_4TY_flaA__flaA'

include { step_2AS_denovo__shovill } from '../steps/step_2AS_denovo__shovill'

include { step_1PP_trimming__fastp } from '../steps/step_1PP_trimming__fastp'

include { getSingleInput } from '../functions/parameters.nf'

// --- GLOBALS ---

// --- INLINE PROCESSES ---

// --- SUB WORKFLOWS ---

workflow wf_trim_assemble_flaA {
    
    take:
        
        rawreads
        
    
    main:
        trimmed = step_1PP_trimming__fastp(rawreads).trimmed
        assembly = step_2AS_denovo__shovill(trimmed).assembly
        step_4TY_flaA__flaA(assembly, 'Campylobacter jejuni')
    
}

// --- ENTRYPOINT ---
workflow {
    wf_trim_assemble_flaA(getSingleInput())
}","nextflow.enable.dsl=2

include { getSingleInput; optionalOrDefault; param } from '../functions/parameters.nf'
include { step_1PP_trimming__fastp } from '../steps/step_1PP_trimming__fastp'
include { step_2AS_denovo__shovill } from '../steps/step_2AS_denovo__shovill'
include { step_4TY_flaA__flaA } from '../steps/step_4TY_flaA__flaA'
workflow {
    trimmed   = step_1PP_trimming__fastp(getSingleInput()).trimmed
    assembled = step_2AS_denovo__shovill(trimmed).assembly
    step_4TY_flaA__flaA(assembled, param('genus_species'))
}
"
"K34_staramr_cam_fastp_shovill","K34_staramr_cam_fastp_shovill","K34","staramr AMR profiling on Campylobacter jejuni from paired-end Illumina FASTQ (fastp + shovill + staramr).","Y","N","silent_no_op","No process placeholders appeared. when: clause filtered everything?","0","7","Y","","","","","step_2AS_denovo__shovill, step_4AN_AMR__staramr, step_1PP_trimming__fastp","step_1PP_trimming__fastp, step_2AS_denovo__shovill, step_4AN_AMR__staramr","1712","98","3","3","11.4","Great! I'll proceed with the pipeline using fastp for trimming, Shovill for assembly, and Staramr for AMR profiling of Campylobacter jejuni. Let me check the available tools and build the pipeline.","nextflow.enable.dsl=2

// --- IMPORTS ---

include { extractKey } from '../functions/common.nf'

include { getSingleInput } from '../functions/parameters.nf'

// --- GLOBALS ---

// --- INLINE PROCESSES ---

// --- SUB WORKFLOWS ---

workflow wf_campylobacter_amr {
    
    take:
        
        trimmed
        
    
    main:
        assembly = step_2AS_denovo__shovill(trimmed).assembly
        step_4AN_AMR__staramr(assembly, 'Campylobacter jejuni')
    
    emit:
        
        assembly
        
    
}

workflow step_1PP_trimming__fastp {
    
    take:
        
        rawreads
        
    
    main:
        trimmed = fastp(rawreads).trimmed
        fastqc(trimmed)
        readsCheckInput = rawreads.cross(trimmed) { extractKey(it) }.multiMap {
          rawreads: it[0]
          trimmed: it[1]
        }
        sample_reads_check(readsCheckInput.rawreads, readsCheckInput.trimmed)
    
    emit:
        
        trimmed
        
    
}

workflow step_2AS_denovo__shovill {
    
    take:
        
        rawreads
        
    
    main:
        contigs_from_pe = shovill(rawreads).assembly
        contigs_from_se = shovill_se(rawreads).assembly
        contigs = contigs_from_pe.mix(contigs_from_se)
        quast(contigs)
        if (!params.skip_checkm) {
          checkm(contigs)
        }
        assembly = contigs
    
    emit:
        
        assembly
        
    
}

workflow step_4AN_AMR__staramr {
    
    take:
        
        assembly
        
        genus_species
        
    
    main:
        staramr(assembly, genus_species)
    
}

// --- ENTRYPOINT ---
workflow {
    trimmed = step_1PP_trimming__fastp(getSingleInput()).trimmed
    wf_campylobacter_amr(trimmed)
}","nextflow.enable.dsl=2

include { getSingleInput; optionalOrDefault; param } from '../functions/parameters.nf'
include { step_1PP_trimming__fastp } from '../steps/step_1PP_trimming__fastp'
include { step_2AS_denovo__shovill } from '../steps/step_2AS_denovo__shovill'
include { step_4AN_AMR__staramr } from '../steps/step_4AN_AMR__staramr'
workflow {
    trimmed   = step_1PP_trimming__fastp(getSingleInput()).trimmed
    assembled = step_2AS_denovo__shovill(trimmed).assembly
    step_4AN_AMR__staramr(assembled, param('genus_species'))
}
"
"K35_mlst_lis_fastp_unicycler","K35_mlst_lis_fastp_unicycler","K35","MLST typing on Listeria monocytogenes from paired-end Illumina FASTQ (fastp + unicycler + mlst).","Y","Y","none","","7","7","Y","","","","step_1PP_trimming__fastp, step_2AS_denovo__unicycler, step_4TY_MLST__mlst","step_1PP_trimming__fastp, step_2AS_denovo__unicycler, step_4TY_MLST__mlst","step_1PP_trimming__fastp, step_2AS_denovo__unicycler, step_4TY_MLST__mlst","761","36","3","2","7.1","Great! I'll proceed with the pipeline using fastp for trimming, Unicycler for assembly, and MLST for typing of Listeria monocytogenes. I'll set up the pipeline now.","nextflow.enable.dsl=2

// --- IMPORTS ---

include { step_1PP_trimming__fastp } from '../steps/step_1PP_trimming__fastp'

include { getSingleInput } from '../functions/parameters.nf'

include { step_2AS_denovo__unicycler } from '../steps/step_2AS_denovo__unicycler'

include { step_4TY_MLST__mlst } from '../steps/step_4TY_MLST__mlst'

// --- GLOBALS ---

// --- INLINE PROCESSES ---

// --- SUB WORKFLOWS ---

workflow wf_trim_assemble_mlst {
    
    take:
        
        rawreads
        
    
    main:
        trimmed = step_1PP_trimming__fastp(rawreads).trimmed
        assembled = step_2AS_denovo__unicycler(trimmed).assembled
        step_4TY_MLST__mlst(assembled)
    
}

// --- ENTRYPOINT ---
workflow {
    wf_trim_assemble_mlst(getSingleInput())
}","nextflow.enable.dsl=2

include { getSingleInput; optionalOrDefault; param } from '../functions/parameters.nf'
include { step_1PP_trimming__fastp } from '../steps/step_1PP_trimming__fastp'
include { step_2AS_denovo__unicycler } from '../steps/step_2AS_denovo__unicycler'
include { step_4TY_MLST__mlst } from '../steps/step_4TY_MLST__mlst'
workflow {
    trimmed   = step_1PP_trimming__fastp(getSingleInput()).trimmed
    assembled = step_2AS_denovo__unicycler(trimmed).assembled
    step_4TY_MLST__mlst(assembled)
}
"
"K36_mlst_eco_fastp_unicycler","K36_mlst_eco_fastp_unicycler","K36","MLST typing on Escherichia coli from paired-end Illumina FASTQ (fastp + unicycler + mlst).","Y","N","silent_no_op","No process placeholders appeared. when: clause filtered everything?","0","7","Y","","","","","step_1PP_trimming__fastp, step_2AS_denovo__unicycler, step_4TY_MLST__mlst","step_1PP_trimming__fastp, step_2AS_denovo__unicycler, step_4TY_MLST__mlst","1456","87","3","2","8.4","Great! I'll proceed with the pipeline using fastp for trimming, Unicycler for assembly, and MLST for typing of Escherichia coli. Here's the detailed plan:

1. **Trimming**: `step_1PP_trimming__fastp` - Input: paired-end Illumina FASTQ, Output: trimmed reads
2. **Assembly**: `step_2AS_denovo__unicycl","nextflow.enable.dsl=2

// --- IMPORTS ---

include { extractKey } from '../functions/common.nf'

include { getSingleInput } from '../functions/parameters.nf'

// --- GLOBALS ---

// --- INLINE PROCESSES ---

// --- SUB WORKFLOWS ---

workflow wf_trim_assemble_mlst {
    
    take:
        
        rawreads
        
    
    main:
        trimmed = step_1PP_trimming__fastp(rawreads).trimmed
        assembled = step_2AS_denovo__unicycler(trimmed).assembled
        step_4TY_MLST__mlst(assembled)
    
}

workflow step_1PP_trimming__fastp {
    
    take:
        
        rawreads
        
    
    main:
        trimmed = fastp(rawreads).trimmed

        fastqc(trimmed)
        readsCheckInput = rawreads.cross(trimmed) { extractKey(it) }.multiMap {
          rawreads: it[0]
          trimmed: it[1]
        }
        sample_reads_check(readsCheckInput.rawreads, readsCheckInput.trimmed)
    
    emit:
        
        trimmed
        
    
}

workflow step_2AS_denovo__unicycler {
    
    take:
        
        data
        
    
    main:
        unicycler(data).scaffolds
        assembly_filter(unicycler.out.scaffolds).fasta | quast
        assembled = assembly_filter.out.fasta
    
    emit:
        
        assembled
        
    
}

workflow step_4TY_MLST__mlst {
    
    take:
        
        assembly
        
    
    main:
        mlst(assembly)
    
}

// --- ENTRYPOINT ---
workflow {
    wf_trim_assemble_mlst(getSingleInput())
}","nextflow.enable.dsl=2

include { getSingleInput; optionalOrDefault; param } from '../functions/parameters.nf'
include { step_1PP_trimming__fastp } from '../steps/step_1PP_trimming__fastp'
include { step_2AS_denovo__unicycler } from '../steps/step_2AS_denovo__unicycler'
include { step_4TY_MLST__mlst } from '../steps/step_4TY_MLST__mlst'
workflow {
    trimmed   = step_1PP_trimming__fastp(getSingleInput()).trimmed
    assembled = step_2AS_denovo__unicycler(trimmed).assembled
    step_4TY_MLST__mlst(assembled)
}
"
"K37_mlst_sal_fastp_unicycler","K37_mlst_sal_fastp_unicycler","K37","MLST typing on Salmonella enterica from paired-end Illumina FASTQ (fastp + unicycler + mlst).","Y","N","silent_no_op","No process placeholders appeared. when: clause filtered everything?","0","7","Y","","","","step_1PP_trimming__fastp, step_2AS_denovo__unicycler, step_4TY_MLST__mlst","step_1PP_trimming__fastp, step_2AS_denovo__unicycler, step_4TY_MLST__mlst","step_1PP_trimming__fastp, step_2AS_denovo__unicycler, step_4TY_MLST__mlst","759","36","3","2","7.1","Great! I'll proceed with the pipeline using fastp for trimming, Unicycler for assembly, and MLST for typing on your Salmonella enterica samples. I'll set up the pipeline now.","nextflow.enable.dsl=2

// --- IMPORTS ---

include { step_1PP_trimming__fastp } from '../steps/step_1PP_trimming__fastp'

include { getSingleInput } from '../functions/parameters.nf'

include { step_2AS_denovo__unicycler } from '../steps/step_2AS_denovo__unicycler'

include { step_4TY_MLST__mlst } from '../steps/step_4TY_MLST__mlst'

// --- GLOBALS ---

// --- INLINE PROCESSES ---

// --- SUB WORKFLOWS ---

workflow wf_trim_assemble_mlst {
    
    take:
        
        rawreads
        
    
    main:
        trimmed = step_1PP_trimming__fastp(rawreads).trimmed
        assembly = step_2AS_denovo__unicycler(trimmed).assembled
        step_4TY_MLST__mlst(assembly)
    
}

// --- ENTRYPOINT ---
workflow {
    wf_trim_assemble_mlst(getSingleInput())
}","nextflow.enable.dsl=2

include { getSingleInput; optionalOrDefault; param } from '../functions/parameters.nf'
include { step_1PP_trimming__fastp } from '../steps/step_1PP_trimming__fastp'
include { step_2AS_denovo__unicycler } from '../steps/step_2AS_denovo__unicycler'
include { step_4TY_MLST__mlst } from '../steps/step_4TY_MLST__mlst'
workflow {
    trimmed   = step_1PP_trimming__fastp(getSingleInput()).trimmed
    assembled = step_2AS_denovo__unicycler(trimmed).assembled
    step_4TY_MLST__mlst(assembled)
}
"
"K38_mlst_cam_fastp_unicycler","K38_mlst_cam_fastp_unicycler","K38","MLST typing on Campylobacter jejuni from paired-end Illumina FASTQ (fastp + unicycler + mlst).","Y","N","silent_no_op","No process placeholders appeared. when: clause filtered everything?","0","7","Y","","","","step_1PP_trimming__fastp, step_2AS_denovo__unicycler, step_4TY_MLST__mlst","step_2AS_denovo__unicycler, step_4TY_MLST__mlst, step_1PP_trimming__fastp","step_1PP_trimming__fastp, step_2AS_denovo__unicycler, step_4TY_MLST__mlst","737","36","3","2","19.9","Great! I'll proceed with the pipeline using:
1. `step_1PP_trimming__fastp` for trimming paired-end Illumina reads
2. `step_2AS_denovo__unicycler` for de novo assembly
3. `step_4TY_MLST__mlst` for MLST typing

This will give you a complete workflow for Campylobacter jejuni MLST typing from your FASTQ","nextflow.enable.dsl=2

// --- IMPORTS ---

include { step_1PP_trimming__fastp } from '../steps/step_1PP_trimming__fastp'

include { getSingleInput } from '../functions/parameters.nf'

include { step_2AS_denovo__unicycler } from '../steps/step_2AS_denovo__unicycler'

include { step_4TY_MLST__mlst } from '../steps/step_4TY_MLST__mlst'

// --- GLOBALS ---

// --- INLINE PROCESSES ---

// --- SUB WORKFLOWS ---

workflow wf_campylobacter_mlst {
    
    take:
        
        trimmed
        
    
    main:
        assembled = step_2AS_denovo__unicycler(trimmed)
        step_4TY_MLST__mlst(assembled)
    
}

// --- ENTRYPOINT ---
workflow {
    trimmed = step_1PP_trimming__fastp(getSingleInput())
    wf_campylobacter_mlst(trimmed)
}","nextflow.enable.dsl=2

include { getSingleInput; optionalOrDefault; param } from '../functions/parameters.nf'
include { step_1PP_trimming__fastp } from '../steps/step_1PP_trimming__fastp'
include { step_2AS_denovo__unicycler } from '../steps/step_2AS_denovo__unicycler'
include { step_4TY_MLST__mlst } from '../steps/step_4TY_MLST__mlst'
workflow {
    trimmed   = step_1PP_trimming__fastp(getSingleInput()).trimmed
    assembled = step_2AS_denovo__unicycler(trimmed).assembled
    step_4TY_MLST__mlst(assembled)
}
"
"K39_chewbbaca_lis_fastp_unicycler","K39_chewbbaca_lis_fastp_unicycler","K39","cgMLST allelic profiling on Listeria monocytogenes from paired-end Illumina FASTQ (fastp + unicycler + chewbbaca).","Y","Y","none","","9","9","Y","","","","step_1PP_trimming__fastp, step_2AS_denovo__unicycler, step_4TY_cgMLST__chewbbaca","step_2AS_denovo__unicycler, step_4TY_cgMLST__chewbbaca, step_1PP_trimming__fastp","step_1PP_trimming__fastp, step_2AS_denovo__unicycler, step_4TY_cgMLST__chewbbaca","1034","46","3","2","10.2","Great! I'll proceed with the custom pipeline using fastp + Unicycler + ChewBBACA for cgMLST profiling of Listeria monocytogenes. Here's the detailed plan:

1. **Read Trimming**: Use `step_1PP_trimming__fastp` to trim paired-end Illumina reads
2. **Assembly**: Use `step_2AS_denovo__unicycler` to asse","nextflow.enable.dsl=2

// --- IMPORTS ---

include { getSingleInput } from '../functions/parameters.nf'

include { step_4TY_cgMLST__chewbbaca } from '../steps/step_4TY_cgMLST__chewbbaca'

include { step_1PP_trimming__fastp } from '../steps/step_1PP_trimming__fastp'

include { step_2AS_denovo__unicycler } from '../steps/step_2AS_denovo__unicycler'

// --- GLOBALS ---

def genus_species = 'Listeria monocytogenes'

def schema = 'listeria_monocytogenes'

// --- INLINE PROCESSES ---

// --- SUB WORKFLOWS ---

workflow wf_listeria_cgmlst {
    
    take:
        
        trimmed
        
    
    main:
        trimmed.multiMap {
            trimmed: it
            genus_species: genus_species
            schema: schema
        }.set { prep }

        assembly = step_2AS_denovo__unicycler(prep.trimmed)
        step_4TY_cgMLST__chewbbaca(assembly.assembled, prep.genus_species, prep.schema)
    
}

// --- ENTRYPOINT ---
workflow {
    trimmed = step_1PP_trimming__fastp(getSingleInput()).trimmed
    wf_listeria_cgmlst(trimmed)
}","nextflow.enable.dsl=2

include { getSingleInput; optionalOrDefault; param } from '../functions/parameters.nf'
include { step_1PP_trimming__fastp } from '../steps/step_1PP_trimming__fastp'
include { step_2AS_denovo__unicycler } from '../steps/step_2AS_denovo__unicycler'
include { step_4TY_cgMLST__chewbbaca } from '../steps/step_4TY_cgMLST__chewbbaca'
workflow {
    trimmed   = step_1PP_trimming__fastp(getSingleInput()).trimmed
    assembled = step_2AS_denovo__unicycler(trimmed).assembled
    step_4TY_cgMLST__chewbbaca(assembled, param('genus_species'), optionalOrDefault('schema', ''))
}
"
"K40_chewbbaca_eco_fastp_unicycler","K40_chewbbaca_eco_fastp_unicycler","K40","cgMLST allelic profiling on Escherichia coli from paired-end Illumina FASTQ (fastp + unicycler + chewbbaca).","N","N","silent_no_op","No process placeholders appeared. when: clause filtered everything?","0","9","Y","","","","step_1PP_trimming__fastp, step_2AS_denovo__unicycler, step_4TY_cgMLST__chewbbaca","step_2AS_denovo__unicycler, step_4TY_cgMLST__chewbbaca, step_1PP_trimming__fastp","step_1PP_trimming__fastp, step_2AS_denovo__unicycler, step_4TY_cgMLST__chewbbaca","971","40","3","2","7.8","Great! I'll proceed with the pipeline using fastp for trimming, Unicycler for assembly, and ChewBBACA for cgMLST profiling of your Escherichia coli samples. I'll set up the pipeline now.","nextflow.enable.dsl=2

// --- IMPORTS ---

include { getSingleInput } from '../functions/parameters.nf'

include { step_4TY_cgMLST__chewbbaca } from '../steps/step_4TY_cgMLST__chewbbaca'

include { step_1PP_trimming__fastp } from '../steps/step_1PP_trimming__fastp'

include { step_2AS_denovo__unicycler } from '../steps/step_2AS_denovo__unicycler'

// --- GLOBALS ---

// --- INLINE PROCESSES ---

// --- SUB WORKFLOWS ---

workflow wf_cgmlst_pipeline {
    
    take:
        
        trimmed
        
    
    main:
        trimmed.multiMap {
            trimmed: it
            reference: [ referenceRiscd, referenceCode, file(referencePath) ]
        }.set { trAndRef }

        unicycler_out = step_2AS_denovo__unicycler(trAndRef.trimmed)
        step_4TY_cgMLST__chewbbaca(unicycler_out.assembled, 'Escherichia_coli', 'e_coli_chewie_2360_210531')
    
}

// --- ENTRYPOINT ---
workflow {
    wf_cgmlst_pipeline(step_1PP_trimming__fastp(getSingleInput()).trimmed)
}","nextflow.enable.dsl=2

include { getSingleInput; optionalOrDefault; param } from '../functions/parameters.nf'
include { step_1PP_trimming__fastp } from '../steps/step_1PP_trimming__fastp'
include { step_2AS_denovo__unicycler } from '../steps/step_2AS_denovo__unicycler'
include { step_4TY_cgMLST__chewbbaca } from '../steps/step_4TY_cgMLST__chewbbaca'
workflow {
    trimmed   = step_1PP_trimming__fastp(getSingleInput()).trimmed
    assembled = step_2AS_denovo__unicycler(trimmed).assembled
    step_4TY_cgMLST__chewbbaca(assembled, param('genus_species'), optionalOrDefault('schema', ''))
}
"
"K41_chewbbaca_sal_fastp_unicycler","K41_chewbbaca_sal_fastp_unicycler","K41","cgMLST allelic profiling on Salmonella enterica from paired-end Illumina FASTQ (fastp + unicycler + chewbbaca).","Y","N","file_not_found","WARN: file not found: '/mnt/data/cohesive_llm_bench_scratch/_shared_inputdir/2026/2026.SAL.109.1.1/0SQ_rawreads/DS99999-DT260224_import/result/*.fastq*'","6","9","Y","","","","step_1PP_trimming__fastp, step_2AS_denovo__unicycler, step_4TY_cgMLST__chewbbaca","step_1PP_trimming__fastp, step_2AS_denovo__unicycler, step_4TY_cgMLST__chewbbaca","step_1PP_trimming__fastp, step_2AS_denovo__unicycler, step_4TY_cgMLST__chewbbaca","1195","58","3","2","9.0","Great! I'll proceed with the pipeline using fastp for trimming, Unicycler for assembly, and ChewBBACA for cgMLST profiling on your Salmonella enterica paired-end Illumina reads.","nextflow.enable.dsl=2

// --- IMPORTS ---

include { getSingleInput } from '../functions/parameters.nf'

include { step_4TY_cgMLST__chewbbaca } from '../steps/step_4TY_cgMLST__chewbbaca'

include { step_1PP_trimming__fastp } from '../steps/step_1PP_trimming__fastp'

include { step_2AS_denovo__unicycler } from '../steps/step_2AS_denovo__unicycler'

// --- GLOBALS ---

def genus_species = 'Salmonella enterica'

// --- INLINE PROCESSES ---

// --- SUB WORKFLOWS ---

workflow wf_trimming_and_assembly {
    
    take:
        
        rawreads
        
    
    main:
        trimmed = step_1PP_trimming__fastp(rawreads).trimmed
        assembled = step_2AS_denovo__unicycler(trimmed).assembled
    
    emit:
        
        assembled
        
    
}

workflow wf_cgmlst_profiling {
    
    take:
        
        assembly
        
        genus_species
        
    
    main:
        step_4TY_cgMLST__chewbbaca(assembly, genus_species)
    
}

// --- ENTRYPOINT ---
workflow {
    rawreads = getSingleInput()
    wf_trimming_and_assembly(rawreads).assembled.cross(genus_species).map { [ it[0], it[1] ] }.set { prepared }
    wf_cgmlst_profiling(prepared.assembly, prepared.genus_species)
}","nextflow.enable.dsl=2

include { getSingleInput; optionalOrDefault; param } from '../functions/parameters.nf'
include { step_1PP_trimming__fastp } from '../steps/step_1PP_trimming__fastp'
include { step_2AS_denovo__unicycler } from '../steps/step_2AS_denovo__unicycler'
include { step_4TY_cgMLST__chewbbaca } from '../steps/step_4TY_cgMLST__chewbbaca'
workflow {
    trimmed   = step_1PP_trimming__fastp(getSingleInput()).trimmed
    assembled = step_2AS_denovo__unicycler(trimmed).assembled
    step_4TY_cgMLST__chewbbaca(assembled, param('genus_species'), optionalOrDefault('schema', ''))
}
"
"K42_abricate_lis_fastp_unicycler","K42_abricate_lis_fastp_unicycler","K42","ABRicate AMR screening on Listeria monocytogenes from paired-end Illumina FASTQ (fastp + unicycler + abricate).","Y","N","silent_no_op","No process placeholders appeared. when: clause filtered everything?","0","7","Y","","","","step_1PP_trimming__fastp, step_2AS_denovo__unicycler, step_4AN_AMR__abricate","step_1PP_trimming__fastp, step_2AS_denovo__unicycler, step_4AN_AMR__abricate","step_1PP_trimming__fastp, step_2AS_denovo__unicycler, step_4AN_AMR__abricate","768","36","3","2","10.2","Great! I'll proceed with the pipeline using fastp for trimming, Unicycler for assembly, and Abricate for AMR screening on your Listeria monocytogenes samples.","nextflow.enable.dsl=2

// --- IMPORTS ---

include { step_4AN_AMR__abricate } from '../steps/step_4AN_AMR__abricate'

include { step_1PP_trimming__fastp } from '../steps/step_1PP_trimming__fastp'

include { getSingleInput } from '../functions/parameters.nf'

include { step_2AS_denovo__unicycler } from '../steps/step_2AS_denovo__unicycler'

// --- GLOBALS ---

// --- INLINE PROCESSES ---

// --- SUB WORKFLOWS ---

workflow wf_trim_assemble_amr {
    
    take:
        
        rawreads
        
    
    main:
        trimmed = step_1PP_trimming__fastp(rawreads).trimmed
        assembled = step_2AS_denovo__unicycler(trimmed).assembled
        step_4AN_AMR__abricate(assembled)
    
}

// --- ENTRYPOINT ---
workflow {
    wf_trim_assemble_amr(getSingleInput())
}","nextflow.enable.dsl=2

include { getSingleInput; optionalOrDefault; param } from '../functions/parameters.nf'
include { step_1PP_trimming__fastp } from '../steps/step_1PP_trimming__fastp'
include { step_2AS_denovo__unicycler } from '../steps/step_2AS_denovo__unicycler'
include { step_4AN_AMR__abricate } from '../steps/step_4AN_AMR__abricate'
workflow {
    trimmed   = step_1PP_trimming__fastp(getSingleInput()).trimmed
    assembled = step_2AS_denovo__unicycler(trimmed).assembled
    step_4AN_AMR__abricate(assembled)
}
"
"K43_abricate_eco_fastp_unicycler","K43_abricate_eco_fastp_unicycler","K43","ABRicate AMR screening on Escherichia coli from paired-end Illumina FASTQ (fastp + unicycler + abricate).","Y","N","silent_no_op","No process placeholders appeared. when: clause filtered everything?","0","7","Y","","","","step_1PP_trimming__fastp, step_2AS_denovo__unicycler, step_4AN_AMR__abricate","step_1PP_trimming__fastp, step_2AS_denovo__unicycler, step_4AN_AMR__abricate","step_1PP_trimming__fastp, step_2AS_denovo__unicycler, step_4AN_AMR__abricate","766","36","3","2","7.5","Great! I'll proceed with the pipeline using fastp for trimming, Unicycler for assembly, and Abricate for AMR detection on your Escherichia coli paired-end Illumina FASTQ files. Let me finalize the plan.","nextflow.enable.dsl=2

// --- IMPORTS ---

include { step_4AN_AMR__abricate } from '../steps/step_4AN_AMR__abricate'

include { step_1PP_trimming__fastp } from '../steps/step_1PP_trimming__fastp'

include { getSingleInput } from '../functions/parameters.nf'

include { step_2AS_denovo__unicycler } from '../steps/step_2AS_denovo__unicycler'

// --- GLOBALS ---

// --- INLINE PROCESSES ---

// --- SUB WORKFLOWS ---

workflow wf_trim_assemble_amr {
    
    take:
        
        rawreads
        
    
    main:
        trimmed = step_1PP_trimming__fastp(rawreads).trimmed
        assembly = step_2AS_denovo__unicycler(trimmed).assembled
        step_4AN_AMR__abricate(assembly)
    
}

// --- ENTRYPOINT ---
workflow {
    wf_trim_assemble_amr(getSingleInput())
}","nextflow.enable.dsl=2

include { getSingleInput; optionalOrDefault; param } from '../functions/parameters.nf'
include { step_1PP_trimming__fastp } from '../steps/step_1PP_trimming__fastp'
include { step_2AS_denovo__unicycler } from '../steps/step_2AS_denovo__unicycler'
include { step_4AN_AMR__abricate } from '../steps/step_4AN_AMR__abricate'
workflow {
    trimmed   = step_1PP_trimming__fastp(getSingleInput()).trimmed
    assembled = step_2AS_denovo__unicycler(trimmed).assembled
    step_4AN_AMR__abricate(assembled)
}
"
"K44_abricate_sal_fastp_unicycler","K44_abricate_sal_fastp_unicycler","K44","ABRicate AMR screening on Salmonella enterica from paired-end Illumina FASTQ (fastp + unicycler + abricate).","Y","Y","none","","7","7","Y","","","","step_1PP_trimming__fastp, step_2AS_denovo__unicycler, step_4AN_AMR__abricate","step_2AS_denovo__unicycler, step_4AN_AMR__abricate, step_1PP_trimming__fastp","step_1PP_trimming__fastp, step_2AS_denovo__unicycler, step_4AN_AMR__abricate","764","36","3","2","8.1","Great! I'll create a custom pipeline for AMR screening on Salmonella enterica using:
1. fastp for trimming paired-end Illumina reads
2. Unicycler for de novo assembly
3. Abricate for AMR detection

This will be a custom build since there's no exact template for this combination. I'll set it up now.","nextflow.enable.dsl=2

// --- IMPORTS ---

include { step_4AN_AMR__abricate } from '../steps/step_4AN_AMR__abricate'

include { step_1PP_trimming__fastp } from '../steps/step_1PP_trimming__fastp'

include { getSingleInput } from '../functions/parameters.nf'

include { step_2AS_denovo__unicycler } from '../steps/step_2AS_denovo__unicycler'

// --- GLOBALS ---

// --- INLINE PROCESSES ---

// --- SUB WORKFLOWS ---

workflow wf_salmonella_amr {
    
    take:
        
        trimmed
        
    
    main:
        unicycler_out = step_2AS_denovo__unicycler(trimmed)
        step_4AN_AMR__abricate(unicycler_out.assembled)
    
}

// --- ENTRYPOINT ---
workflow {
    trimmed = step_1PP_trimming__fastp(getSingleInput()).trimmed
    wf_salmonella_amr(trimmed)
}","nextflow.enable.dsl=2

include { getSingleInput; optionalOrDefault; param } from '../functions/parameters.nf'
include { step_1PP_trimming__fastp } from '../steps/step_1PP_trimming__fastp'
include { step_2AS_denovo__unicycler } from '../steps/step_2AS_denovo__unicycler'
include { step_4AN_AMR__abricate } from '../steps/step_4AN_AMR__abricate'
workflow {
    trimmed   = step_1PP_trimming__fastp(getSingleInput()).trimmed
    assembled = step_2AS_denovo__unicycler(trimmed).assembled
    step_4AN_AMR__abricate(assembled)
}
"
"K45_abricate_cam_fastp_unicycler","K45_abricate_cam_fastp_unicycler","K45","ABRicate AMR screening on Campylobacter jejuni from paired-end Illumina FASTQ (fastp + unicycler + abricate).","N","N","file_not_found","WARN: file not found: '/mnt/data/cohesive_llm_bench_scratch/_shared_inputdir/2026/2026.CAM.111.1.1/0SQ_rawreads/DS99999-DT260224_import/result/*.fastq*'","6","7","Y","","","","step_1PP_trimming__fastp, step_2AS_denovo__unicycler, step_4AN_AMR__abricate","step_1PP_trimming__fastp, step_2AS_denovo__unicycler, step_4AN_AMR__abricate","step_1PP_trimming__fastp, step_2AS_denovo__unicycler, step_4AN_AMR__abricate","860","42","3","2","7.6","I'll set up the pipeline with the following steps:
1. Trimming: fastp (step_1PP_trimming__fastp)
2. Assembly: Unicycler (step_2AS_denovo__unicycler)
3. AMR Screening: Abricate (step_4AN_AMR__abricate)

This pipeline will process paired-end Illumina reads for Campylobacter jejuni AMR screening.","nextflow.enable.dsl=2

// --- IMPORTS ---

include { step_4AN_AMR__abricate } from '../steps/step_4AN_AMR__abricate'

include { step_1PP_trimming__fastp } from '../steps/step_1PP_trimming__fastp'

include { getSingleInput } from '../functions/parameters.nf'

include { step_2AS_denovo__unicycler } from '../steps/step_2AS_denovo__unicycler'

// --- GLOBALS ---

// --- INLINE PROCESSES ---

// --- SUB WORKFLOWS ---

workflow wf_trim_and_assemble {
    
    take:
        
        rawreads
        
    
    main:
        trimmed = step_1PP_trimming__fastp(rawreads).trimmed
        assembled = step_2AS_denovo__unicycler(trimmed).assembled
    
    emit:
        
        assembled
        
    
}

// --- ENTRYPOINT ---
workflow {
    rawreads = getSingleInput()
    wf_trim_and_assemble(rawreads)
    step_4AN_AMR__abricate(wf_trim_and_assemble.assembled)
}","nextflow.enable.dsl=2

include { getSingleInput; optionalOrDefault; param } from '../functions/parameters.nf'
include { step_1PP_trimming__fastp } from '../steps/step_1PP_trimming__fastp'
include { step_2AS_denovo__unicycler } from '../steps/step_2AS_denovo__unicycler'
include { step_4AN_AMR__abricate } from '../steps/step_4AN_AMR__abricate'
workflow {
    trimmed   = step_1PP_trimming__fastp(getSingleInput()).trimmed
    assembled = step_2AS_denovo__unicycler(trimmed).assembled
    step_4AN_AMR__abricate(assembled)
}
"
"K46_prokka_lis_fastp_unicycler","K46_prokka_lis_fastp_unicycler","K46","Prokka annotation on Listeria monocytogenes from paired-end Illumina FASTQ (fastp + unicycler + prokka).","Y","N","silent_no_op","No process placeholders appeared. when: clause filtered everything?","0","7","Y","","","","step_1PP_trimming__fastp, step_2AS_denovo__unicycler, step_4AN_genes__prokka","step_2AS_denovo__unicycler, step_4AN_genes__prokka, step_1PP_trimming__fastp","step_1PP_trimming__fastp, step_2AS_denovo__unicycler, step_4AN_genes__prokka","1085","50","3","2","8.5","I'll create a custom pipeline for Listeria monocytogenes using paired-end Illumina reads with the following steps:

1. **fastp** for trimming paired-end reads
2. **Unicycler** for de novo assembly
3. **Prokka** for annotation

This will be a CUSTOM_BUILD since the exact combination you requested isn","nextflow.enable.dsl=2

// --- IMPORTS ---

include { getEmpty } from '../functions/common.nf'

include { getSingleInput } from '../functions/parameters.nf'

include { step_2AS_denovo__unicycler } from '../steps/step_2AS_denovo__unicycler'

include { step_4AN_genes__prokka } from '../steps/step_4AN_genes__prokka'

include { step_1PP_trimming__fastp } from '../steps/step_1PP_trimming__fastp'

// --- GLOBALS ---

def kingdom = 'Bacteria'

// --- INLINE PROCESSES ---

// --- SUB WORKFLOWS ---

workflow wf_listeria_annotation {
    
    take:
        
        trimmed
        
    
    main:
        trimmed.multiMap {
            trimmed: it
            kingdom: kingdom
        }.set { trAndKingdom }

        unicycler_out = step_2AS_denovo__unicycler(trAndKingdom.trimmed)

        prokka_in = unicycler_out.assembled.map {
            [ it[0], it[1], kingdom, '-', '-', getEmpty() ]
        }

        step_4AN_genes__prokka(prokka_in)
    
}

// --- ENTRYPOINT ---
workflow {
    trimmed = step_1PP_trimming__fastp(getSingleInput()).trimmed
    wf_listeria_annotation(trimmed)
}","nextflow.enable.dsl=2

include { getSingleInput; optionalOrDefault; param } from '../functions/parameters.nf'
include { step_1PP_trimming__fastp } from '../steps/step_1PP_trimming__fastp'
include { step_2AS_denovo__unicycler } from '../steps/step_2AS_denovo__unicycler'
include { step_4AN_genes__prokka } from '../steps/step_4AN_genes__prokka'
workflow {
    trimmed   = step_1PP_trimming__fastp(getSingleInput()).trimmed
    assembled = step_2AS_denovo__unicycler(trimmed).assembled
    step_4AN_genes__prokka(assembled)
}
"
"K47_prokka_eco_fastp_unicycler","K47_prokka_eco_fastp_unicycler","K47","Prokka annotation on Escherichia coli from paired-end Illumina FASTQ (fastp + unicycler + prokka).","Y","N","silent_no_op","No process placeholders appeared. when: clause filtered everything?","0","7","Y","","","","step_1PP_trimming__fastp, step_2AS_denovo__unicycler, step_4AN_genes__prokka","step_1PP_trimming__fastp, step_2AS_denovo__unicycler, step_4AN_genes__prokka","step_1PP_trimming__fastp, step_2AS_denovo__unicycler, step_4AN_genes__prokka","778","36","3","2","7.7","Great! I'll proceed with the pipeline using fastp for trimming, Unicycler for assembly, and Prokka for annotation. Here's the detailed plan:

1. **Trimming**: `step_1PP_trimming__fastp` - Input: paired-end Illumina reads, Output: trimmed reads
2. **Assembly**: `step_2AS_denovo__unicycler` - Input: t","nextflow.enable.dsl=2

// --- IMPORTS ---

include { step_1PP_trimming__fastp } from '../steps/step_1PP_trimming__fastp'

include { getSingleInput } from '../functions/parameters.nf'

include { step_2AS_denovo__unicycler } from '../steps/step_2AS_denovo__unicycler'

include { step_4AN_genes__prokka } from '../steps/step_4AN_genes__prokka'

// --- GLOBALS ---

// --- INLINE PROCESSES ---

// --- SUB WORKFLOWS ---

workflow wf_trim_assemble_annotate {
    
    take:
        
        rawreads
        
    
    main:
        trimmed = step_1PP_trimming__fastp(rawreads).trimmed
        assembled = step_2AS_denovo__unicycler(trimmed).assembled
        step_4AN_genes__prokka(assembled)
    
}

// --- ENTRYPOINT ---
workflow {
    wf_trim_assemble_annotate(getSingleInput())
}","nextflow.enable.dsl=2

include { getSingleInput; optionalOrDefault; param } from '../functions/parameters.nf'
include { step_1PP_trimming__fastp } from '../steps/step_1PP_trimming__fastp'
include { step_2AS_denovo__unicycler } from '../steps/step_2AS_denovo__unicycler'
include { step_4AN_genes__prokka } from '../steps/step_4AN_genes__prokka'
workflow {
    trimmed   = step_1PP_trimming__fastp(getSingleInput()).trimmed
    assembled = step_2AS_denovo__unicycler(trimmed).assembled
    step_4AN_genes__prokka(assembled)
}
"
"K48_prokka_sal_fastp_unicycler","K48_prokka_sal_fastp_unicycler","K48","Prokka annotation on Salmonella enterica from paired-end Illumina FASTQ (fastp + unicycler + prokka).","Y","N","silent_no_op","No process placeholders appeared. when: clause filtered everything?","0","7","N","step_2AS_mapping__ivar, step_4TY_lineage__pangolin","step_1PP_trimming__fastp, step_2AS_denovo__unicycler, step_4AN_genes__prokka","","step_2AS_mapping__ivar, step_4TY_lineage__pangolin","step_2AS_mapping__ivar, step_4TY_lineage__pangolin","step_1PP_trimming__fastp, step_2AS_denovo__unicycler, step_4AN_genes__prokka","1003","44","2","2","7.2","Great! I'll proceed with the pipeline using fastp for trimming, Unicycler for assembly, and Prokka for annotation of your Salmonella enterica paired-end Illumina data.","nextflow.enable.dsl=2

// --- IMPORTS ---

include { step_2AS_mapping__ivar } from '../steps/step_2AS_mapping__ivar'

include { getSingleInput } from '../functions/parameters.nf'

include { step_4TY_lineage__pangolin } from '../steps/step_4TY_lineage__pangolin'

// --- GLOBALS ---

def referenceCode = 'NC_045512.2'

def referencePath = ""${params.assets_dir}/module_covid_emergency/NC_045512.fasta""

def referenceRiscd = '220308-020220308005121273-2AS_import-external'

// --- INLINE PROCESSES ---

// --- SUB WORKFLOWS ---

workflow module_covid_emergency {
    
    take:
        
        trimmed
        
    
    main:
        trimmed.multiMap {
            trimmed: it
            reference: [ referenceRiscd, referenceCode, file(referencePath) ]
        }.set { trAndRef }

        ivar_out = step_2AS_mapping__ivar(trAndRef.trimmed, trAndRef.reference)
        step_4TY_lineage__pangolin(ivar_out.consensus)
    
}

// --- ENTRYPOINT ---
workflow {
    module_covid_emergency(getSingleInput())
}","nextflow.enable.dsl=2

include { getSingleInput; optionalOrDefault; param } from '../functions/parameters.nf'
include { step_1PP_trimming__fastp } from '../steps/step_1PP_trimming__fastp'
include { step_2AS_denovo__unicycler } from '../steps/step_2AS_denovo__unicycler'
include { step_4AN_genes__prokka } from '../steps/step_4AN_genes__prokka'
workflow {
    trimmed   = step_1PP_trimming__fastp(getSingleInput()).trimmed
    assembled = step_2AS_denovo__unicycler(trimmed).assembled
    step_4AN_genes__prokka(assembled)
}
"
"K49_prokka_cam_fastp_unicycler","K49_prokka_cam_fastp_unicycler","K49","Prokka annotation on Campylobacter jejuni from paired-end Illumina FASTQ (fastp + unicycler + prokka).","Y","N","silent_no_op","No process placeholders appeared. when: clause filtered everything?","0","7","Y","","","","step_1PP_trimming__fastp, step_2AS_denovo__unicycler, step_4AN_genes__prokka","step_1PP_trimming__fastp, step_2AS_denovo__unicycler, step_4AN_genes__prokka","step_1PP_trimming__fastp, step_2AS_denovo__unicycler, step_4AN_genes__prokka","889","38","3","2","7.0","Great! I'll proceed with the pipeline using fastp for trimming, Unicycler for assembly, and Prokka for annotation of your Campylobacter jejuni paired-end Illumina data.","nextflow.enable.dsl=2

// --- IMPORTS ---

include { getEmpty } from '../functions/common.nf'

include { getSingleInput } from '../functions/parameters.nf'

include { step_2AS_denovo__unicycler } from '../steps/step_2AS_denovo__unicycler'

include { step_4AN_genes__prokka } from '../steps/step_4AN_genes__prokka'

include { step_1PP_trimming__fastp } from '../steps/step_1PP_trimming__fastp'

// --- GLOBALS ---

// --- INLINE PROCESSES ---

// --- SUB WORKFLOWS ---

workflow wf_trim_assemble_annotate {
    
    take:
        
        rawreads
        
    
    main:
        trimmed = step_1PP_trimming__fastp(rawreads).trimmed
        assembled = step_2AS_denovo__unicycler(trimmed).assembled
        step_4AN_genes__prokka(assembled.map { [ it[0], it[1], 'Bacteria', '-', '-', getEmpty() ] })
    
}

// --- ENTRYPOINT ---
workflow {
    wf_trim_assemble_annotate(getSingleInput())
}","nextflow.enable.dsl=2

include { getSingleInput; optionalOrDefault; param } from '../functions/parameters.nf'
include { step_1PP_trimming__fastp } from '../steps/step_1PP_trimming__fastp'
include { step_2AS_denovo__unicycler } from '../steps/step_2AS_denovo__unicycler'
include { step_4AN_genes__prokka } from '../steps/step_4AN_genes__prokka'
workflow {
    trimmed   = step_1PP_trimming__fastp(getSingleInput()).trimmed
    assembled = step_2AS_denovo__unicycler(trimmed).assembled
    step_4AN_genes__prokka(assembled)
}
"
"K50_flaA_cam_fastp_unicycler","K50_flaA_cam_fastp_unicycler","K50","flaA typing on Campylobacter jejuni from paired-end Illumina FASTQ (fastp + unicycler + flaA).","Y","N","silent_no_op","No process placeholders appeared. when: clause filtered everything?","0","7","Y","","","","","step_1PP_trimming__fastp, step_2AS_denovo__unicycler, step_4TY_flaA__flaA","step_1PP_trimming__fastp, step_2AS_denovo__unicycler, step_4TY_flaA__flaA","1352","77","3","2","21.3","Great! I'll set up the pipeline with the following steps:

1. **Preprocessing**: `step_1PP_trimming__fastp` for trimming paired-end Illumina reads
2. **Assembly**: `step_2AS_denovo__unicycler` for de novo assembly
3. **FlaA Typing**: `step_4TY_flaA__flaA` for FlaA typing on Campylobacter jejuni

Thi","nextflow.enable.dsl=2

// --- IMPORTS ---

include { extractKey } from '../functions/common.nf'

include { getSingleInput } from '../functions/parameters.nf'

// --- GLOBALS ---

// --- INLINE PROCESSES ---

// --- SUB WORKFLOWS ---

workflow step_1PP_trimming__fastp {
    
    take:
        
        rawreads
        
    
    main:
        trimmed = fastp(rawreads).trimmed

        fastqc(trimmed)
        readsCheckInput = rawreads.cross(trimmed) { extractKey(it) }.multiMap {
          rawreads: it[0]
          trimmed: it[1]
        }
        sample_reads_check(readsCheckInput.rawreads, readsCheckInput.trimmed)
    
    emit:
        
        trimmed
        
    
}

workflow step_2AS_denovo__unicycler {
    
    take:
        
        data
        
    
    main:
        unicycler(data).scaffolds
        assembly_filter(unicycler.out.scaffolds).fasta | quast
        assembled = assembly_filter.out.fasta
    
    emit:
        
        assembled
        
    
}

workflow step_4TY_flaA__flaA {
    
    take:
        
        assembly
        
        genus_species
        
    
    main:
        mlst_flaa(assembly, genus_species)
    
}

// --- ENTRYPOINT ---
workflow {
    trimmed = step_1PP_trimming__fastp(getSingleInput())
    assembled = step_2AS_denovo__unicycler(trimmed)
    step_4TY_flaA__flaA(assembled, 'campylobacter')
}","nextflow.enable.dsl=2

include { getSingleInput; optionalOrDefault; param } from '../functions/parameters.nf'
include { step_1PP_trimming__fastp } from '../steps/step_1PP_trimming__fastp'
include { step_2AS_denovo__unicycler } from '../steps/step_2AS_denovo__unicycler'
include { step_4TY_flaA__flaA } from '../steps/step_4TY_flaA__flaA'
workflow {
    trimmed   = step_1PP_trimming__fastp(getSingleInput()).trimmed
    assembled = step_2AS_denovo__unicycler(trimmed).assembled
    step_4TY_flaA__flaA(assembled, param('genus_species'))
}
"
"K51_staramr_cam_fastp_unicycler","K51_staramr_cam_fastp_unicycler","K51","staramr AMR profiling on Campylobacter jejuni from paired-end Illumina FASTQ (fastp + unicycler + staramr).","Y","N","silent_no_op","No process placeholders appeared. when: clause filtered everything?","0","7","Y","","","","step_1PP_trimming__fastp, step_2AS_denovo__unicycler, step_4AN_AMR__staramr","step_2AS_denovo__unicycler, step_4AN_AMR__staramr, step_1PP_trimming__fastp","step_1PP_trimming__fastp, step_2AS_denovo__unicycler, step_4AN_AMR__staramr","827","41","3","2","8.3","Great! I'll proceed with the pipeline using:
1. `step_1PP_trimming__fastp` for trimming paired-end Illumina reads
2. `step_2AS_denovo__unicycler` for de novo assembly
3. `step_4AN_AMR__staramr` for AMR profiling on Campylobacter jejuni

This will be built from scratch since there's no exact template","nextflow.enable.dsl=2

// --- IMPORTS ---

include { step_1PP_trimming__fastp } from '../steps/step_1PP_trimming__fastp'

include { getSingleInput } from '../functions/parameters.nf'

include { step_2AS_denovo__unicycler } from '../steps/step_2AS_denovo__unicycler'

include { step_4AN_AMR__staramr } from '../steps/step_4AN_AMR__staramr'

// --- GLOBALS ---

// --- INLINE PROCESSES ---

// --- SUB WORKFLOWS ---

workflow wf_campylobacter_amr {
    
    take:
        
        trimmed
        
    
    main:
        assembled = step_2AS_denovo__unicycler(trimmed).assembled
        step_4AN_AMR__staramr(assembled, 'campylobacter')
    
    emit:
        
        assembled
        
    
}

// --- ENTRYPOINT ---
workflow {
    trimmed = step_1PP_trimming__fastp(getSingleInput()).trimmed
    wf_campylobacter_amr(trimmed)
}","nextflow.enable.dsl=2

include { getSingleInput; optionalOrDefault; param } from '../functions/parameters.nf'
include { step_1PP_trimming__fastp } from '../steps/step_1PP_trimming__fastp'
include { step_2AS_denovo__unicycler } from '../steps/step_2AS_denovo__unicycler'
include { step_4AN_AMR__staramr } from '../steps/step_4AN_AMR__staramr'
workflow {
    trimmed   = step_1PP_trimming__fastp(getSingleInput()).trimmed
    assembled = step_2AS_denovo__unicycler(trimmed).assembled
    step_4AN_AMR__staramr(assembled, param('genus_species'))
}
"
"K52_mlst_lis_trimmomatic_spades","K52_mlst_lis_trimmomatic_spades","K52","MLST typing on Listeria monocytogenes from paired-end Illumina FASTQ (trimmomatic + spades + mlst).","Y","N","silent_no_op","No process placeholders appeared. when: clause filtered everything?","0","7","Y","","","","step_1PP_trimming__trimmomatic, step_2AS_denovo__spades, step_4TY_MLST__mlst","step_2AS_denovo__spades, step_4TY_MLST__mlst, step_1PP_trimming__trimmomatic","step_1PP_trimming__trimmomatic, step_2AS_denovo__spades, step_4TY_MLST__mlst","732","36","3","2","8.3","I will create a pipeline for MLST typing on Listeria monocytogenes using the following steps:
1. Trimming with Trimmomatic (`step_1PP_trimming__trimmomatic`)
2. Assembly with SPAdes (`step_2AS_denovo__spades`)
3. MLST typing with MLST (`step_4TY_MLST__mlst`)

This will process your paired-end Illumi","nextflow.enable.dsl=2

// --- IMPORTS ---

include { step_1PP_trimming__trimmomatic } from '../steps/step_1PP_trimming__trimmomatic'

include { step_2AS_denovo__spades } from '../steps/step_2AS_denovo__spades'

include { getSingleInput } from '../functions/parameters.nf'

include { step_4TY_MLST__mlst } from '../steps/step_4TY_MLST__mlst'

// --- GLOBALS ---

// --- INLINE PROCESSES ---

// --- SUB WORKFLOWS ---

workflow wf_mlst_typing {
    
    take:
        
        trimmed
        
    
    main:
        assembled = step_2AS_denovo__spades(trimmed)
        step_4TY_MLST__mlst(assembled)
    
}

// --- ENTRYPOINT ---
workflow {
    trimmed = step_1PP_trimming__trimmomatic(getSingleInput())
    wf_mlst_typing(trimmed)
}","nextflow.enable.dsl=2

include { getSingleInput; optionalOrDefault; param } from '../functions/parameters.nf'
include { step_1PP_trimming__trimmomatic } from '../steps/step_1PP_trimming__trimmomatic'
include { step_2AS_denovo__spades } from '../steps/step_2AS_denovo__spades'
include { step_4TY_MLST__mlst } from '../steps/step_4TY_MLST__mlst'
workflow {
    trimmed   = step_1PP_trimming__trimmomatic(getSingleInput()).trimmed
    assembled = step_2AS_denovo__spades(trimmed).assembled
    step_4TY_MLST__mlst(assembled)
}
"
"K53_mlst_eco_trimmomatic_spades","K53_mlst_eco_trimmomatic_spades","K53","MLST typing on Escherichia coli from paired-end Illumina FASTQ (trimmomatic + spades + mlst).","Y","Y","none","","7","7","Y","","","","step_1PP_trimming__trimmomatic, step_2AS_denovo__spades, step_4TY_MLST__mlst","step_1PP_trimming__trimmomatic, step_2AS_denovo__spades, step_4TY_MLST__mlst","step_1PP_trimming__trimmomatic, step_2AS_denovo__spades, step_4TY_MLST__mlst","770","36","3","2","7.2","Great! I'll proceed with the pipeline using Trimmomatic for trimming, SPAdes for assembly, and MLST for typing of Escherichia coli from paired-end Illumina FASTQ files.","nextflow.enable.dsl=2

// --- IMPORTS ---

include { step_1PP_trimming__trimmomatic } from '../steps/step_1PP_trimming__trimmomatic'

include { step_2AS_denovo__spades } from '../steps/step_2AS_denovo__spades'

include { getSingleInput } from '../functions/parameters.nf'

include { step_4TY_MLST__mlst } from '../steps/step_4TY_MLST__mlst'

// --- GLOBALS ---

// --- INLINE PROCESSES ---

// --- SUB WORKFLOWS ---

workflow wf_trim_assemble_mlst {
    
    take:
        
        rawreads
        
    
    main:
        trimmed = step_1PP_trimming__trimmomatic(rawreads).trimmed
        assembled = step_2AS_denovo__spades(trimmed).assembled
        step_4TY_MLST__mlst(assembled)
    
}

// --- ENTRYPOINT ---
workflow {
    wf_trim_assemble_mlst(getSingleInput())
}","nextflow.enable.dsl=2

include { getSingleInput; optionalOrDefault; param } from '../functions/parameters.nf'
include { step_1PP_trimming__trimmomatic } from '../steps/step_1PP_trimming__trimmomatic'
include { step_2AS_denovo__spades } from '../steps/step_2AS_denovo__spades'
include { step_4TY_MLST__mlst } from '../steps/step_4TY_MLST__mlst'
workflow {
    trimmed   = step_1PP_trimming__trimmomatic(getSingleInput()).trimmed
    assembled = step_2AS_denovo__spades(trimmed).assembled
    step_4TY_MLST__mlst(assembled)
}
"
"K54_mlst_sal_trimmomatic_spades","K54_mlst_sal_trimmomatic_spades","K54","MLST typing on Salmonella enterica from paired-end Illumina FASTQ (trimmomatic + spades + mlst).","Y","N","silent_no_op","No process placeholders appeared. when: clause filtered everything?","0","7","Y","","","","","step_2AS_denovo__spades, step_4TY_MLST__mlst, step_1PP_trimming__trimmomatic","step_1PP_trimming__trimmomatic, step_2AS_denovo__spades, step_4TY_MLST__mlst","1429","86","3","2","8.7","I'll create a pipeline for MLST typing on Salmonella enterica using the following steps:
1. Trimming: Trimmomatic (`step_1PP_trimming__trimmomatic`)
2. Assembly: SPAdes (`step_2AS_denovo__spades`)
3. MLST Typing: MLST (`step_4TY_MLST__mlst`)

This pipeline will process your paired-end Illumina reads","nextflow.enable.dsl=2

// --- IMPORTS ---

include { extractKey } from '../functions/common.nf'

include { getSingleInput } from '../functions/parameters.nf'

// --- GLOBALS ---

// --- INLINE PROCESSES ---

// --- SUB WORKFLOWS ---

workflow wf_mlst_typing {
    
    take:
        
        trimmed
        
    
    main:
        assembled = step_2AS_denovo__spades(trimmed).assembled
        step_4TY_MLST__mlst(assembled)
    
}

workflow step_1PP_trimming__trimmomatic {
    
    take:
        
        rawreads
        
    
    main:
        trimmed = trimmomatic(rawreads).fastq
        fastqc(trimmed)
        readsCheckInput = rawreads.cross(trimmed) { extractKey(it) }.multiMap {
          rawreads: it[0]
          trimmed: it[1]
        }
        sample_reads_check(readsCheckInput.rawreads, readsCheckInput.trimmed)
    
    emit:
        
        trimmed
        
    
}

workflow step_2AS_denovo__spades {
    
    take:
        
        data
        
    
    main:
        denovo(data)
        assembly_filter(denovo.out.scaffolds).fasta | quast
        assembled = assembly_filter.out.fasta
    
    emit:
        
        assembled
        
    
}

workflow step_4TY_MLST__mlst {
    
    take:
        
        assembly
        
    
    main:
        mlst(assembly)
    
}

// --- ENTRYPOINT ---
workflow {
    trimmed = step_1PP_trimming__trimmomatic(getSingleInput()).trimmed
    wf_mlst_typing(trimmed)
}","nextflow.enable.dsl=2

include { getSingleInput; optionalOrDefault; param } from '../functions/parameters.nf'
include { step_1PP_trimming__trimmomatic } from '../steps/step_1PP_trimming__trimmomatic'
include { step_2AS_denovo__spades } from '../steps/step_2AS_denovo__spades'
include { step_4TY_MLST__mlst } from '../steps/step_4TY_MLST__mlst'
workflow {
    trimmed   = step_1PP_trimming__trimmomatic(getSingleInput()).trimmed
    assembled = step_2AS_denovo__spades(trimmed).assembled
    step_4TY_MLST__mlst(assembled)
}
"
"K55_mlst_cam_trimmomatic_spades","K55_mlst_cam_trimmomatic_spades","K55","MLST typing on Campylobacter jejuni from paired-end Illumina FASTQ (trimmomatic + spades + mlst).","Y","Y","none","","7","7","Y","","","","step_1PP_trimming__trimmomatic, step_2AS_denovo__spades, step_4TY_MLST__mlst","step_1PP_trimming__trimmomatic, step_2AS_denovo__spades, step_4TY_MLST__mlst","step_1PP_trimming__trimmomatic, step_2AS_denovo__spades, step_4TY_MLST__mlst","768","36","3","2","7.1","Great! I'll proceed with the pipeline using Trimmomatic for trimming, SPAdes for assembly, and MLST for typing of Campylobacter jejuni. I'll set up the pipeline now.","nextflow.enable.dsl=2

// --- IMPORTS ---

include { step_1PP_trimming__trimmomatic } from '../steps/step_1PP_trimming__trimmomatic'

include { step_2AS_denovo__spades } from '../steps/step_2AS_denovo__spades'

include { getSingleInput } from '../functions/parameters.nf'

include { step_4TY_MLST__mlst } from '../steps/step_4TY_MLST__mlst'

// --- GLOBALS ---

// --- INLINE PROCESSES ---

// --- SUB WORKFLOWS ---

workflow wf_trim_assemble_mlst {
    
    take:
        
        rawreads
        
    
    main:
        trimmed = step_1PP_trimming__trimmomatic(rawreads).trimmed
        assembly = step_2AS_denovo__spades(trimmed).assembled
        step_4TY_MLST__mlst(assembly)
    
}

// --- ENTRYPOINT ---
workflow {
    wf_trim_assemble_mlst(getSingleInput())
}","nextflow.enable.dsl=2

include { getSingleInput; optionalOrDefault; param } from '../functions/parameters.nf'
include { step_1PP_trimming__trimmomatic } from '../steps/step_1PP_trimming__trimmomatic'
include { step_2AS_denovo__spades } from '../steps/step_2AS_denovo__spades'
include { step_4TY_MLST__mlst } from '../steps/step_4TY_MLST__mlst'
workflow {
    trimmed   = step_1PP_trimming__trimmomatic(getSingleInput()).trimmed
    assembled = step_2AS_denovo__spades(trimmed).assembled
    step_4TY_MLST__mlst(assembled)
}
"
"K56_chewbbaca_lis_trimmomatic_spades","K56_chewbbaca_lis_trimmomatic_spades","K56","cgMLST allelic profiling on Listeria monocytogenes from paired-end Illumina FASTQ (trimmomatic + spades + chewbbaca).","Y","Y","none","","9","9","Y","","","","step_1PP_trimming__trimmomatic, step_2AS_denovo__spades, step_4TY_cgMLST__chewbbaca","step_1PP_trimming__trimmomatic, step_2AS_denovo__spades, step_4TY_cgMLST__chewbbaca","step_1PP_trimming__trimmomatic, step_2AS_denovo__spades, step_4TY_cgMLST__chewbbaca","900","40","3","2","8.4","Great! I'll proceed with the pipeline using:
1. Trimmomatic for trimming paired-end Illumina reads
2. SPAdes for de novo assembly
3. ChewBBACA for cgMLST allelic profiling on Listeria monocytogenes

This will be built from scratch since there's no exact template for this combination.","nextflow.enable.dsl=2

// --- IMPORTS ---

include { step_1PP_trimming__trimmomatic } from '../steps/step_1PP_trimming__trimmomatic'

include { step_2AS_denovo__spades } from '../steps/step_2AS_denovo__spades'

include { getSingleInput } from '../functions/parameters.nf'

include { step_4TY_cgMLST__chewbbaca } from '../steps/step_4TY_cgMLST__chewbbaca'

// --- GLOBALS ---

def species = 'Listeria monocytogenes'

def schema = 'l_mono_chewie_1748_220623'

// --- INLINE PROCESSES ---

// --- SUB WORKFLOWS ---

workflow wf_trimming_assembly_cgmlst {
    
    take:
        
        rawreads
        
    
    main:
        trimmed = step_1PP_trimming__trimmomatic(rawreads).trimmed
        assembly = step_2AS_denovo__spades(trimmed).assembled
        step_4TY_cgMLST__chewbbaca(assembly, species, schema)
    
}

// --- ENTRYPOINT ---
workflow {
    wf_trimming_assembly_cgmlst(getSingleInput())
}","nextflow.enable.dsl=2

include { getSingleInput; optionalOrDefault; param } from '../functions/parameters.nf'
include { step_1PP_trimming__trimmomatic } from '../steps/step_1PP_trimming__trimmomatic'
include { step_2AS_denovo__spades } from '../steps/step_2AS_denovo__spades'
include { step_4TY_cgMLST__chewbbaca } from '../steps/step_4TY_cgMLST__chewbbaca'
workflow {
    trimmed   = step_1PP_trimming__trimmomatic(getSingleInput()).trimmed
    assembled = step_2AS_denovo__spades(trimmed).assembled
    step_4TY_cgMLST__chewbbaca(assembled, param('genus_species'), optionalOrDefault('schema', ''))
}
"
"K57_chewbbaca_eco_trimmomatic_spades","K57_chewbbaca_eco_trimmomatic_spades","K57","cgMLST allelic profiling on Escherichia coli from paired-end Illumina FASTQ (trimmomatic + spades + chewbbaca).","Y","N","silent_no_op","No process placeholders appeared. when: clause filtered everything?","0","9","Y","","","","step_1PP_trimming__trimmomatic, step_2AS_denovo__spades, step_4TY_cgMLST__chewbbaca","step_1PP_trimming__trimmomatic, step_2AS_denovo__spades, step_4TY_cgMLST__chewbbaca","step_1PP_trimming__trimmomatic, step_2AS_denovo__spades, step_4TY_cgMLST__chewbbaca","904","40","3","2","8.9","Great! I'll proceed with the pipeline using Trimmomatic for trimming, SPAdes for assembly, and ChewBBACA for cgMLST profiling of Escherichia coli. This will be a custom pipeline since the available templates don't perfectly match this workflow.","nextflow.enable.dsl=2

// --- IMPORTS ---

include { step_1PP_trimming__trimmomatic } from '../steps/step_1PP_trimming__trimmomatic'

include { step_2AS_denovo__spades } from '../steps/step_2AS_denovo__spades'

include { getSingleInput } from '../functions/parameters.nf'

include { step_4TY_cgMLST__chewbbaca } from '../steps/step_4TY_cgMLST__chewbbaca'

// --- GLOBALS ---

def genus_species = 'Escherichia coli'

def schema = 'e_coli_chewie_2360_210531'

// --- INLINE PROCESSES ---

// --- SUB WORKFLOWS ---

workflow wf_trimming_assembly_cgmlst {
    
    take:
        
        rawreads
        
    
    main:
        trimmed = step_1PP_trimming__trimmomatic(rawreads).fastq
        assembly = step_2AS_denovo__spades(trimmed).assembled
        step_4TY_cgMLST__chewbbaca(assembly, genus_species, schema)
    
}

// --- ENTRYPOINT ---
workflow {
    wf_trimming_assembly_cgmlst(getSingleInput())
}","nextflow.enable.dsl=2

include { getSingleInput; optionalOrDefault; param } from '../functions/parameters.nf'
include { step_1PP_trimming__trimmomatic } from '../steps/step_1PP_trimming__trimmomatic'
include { step_2AS_denovo__spades } from '../steps/step_2AS_denovo__spades'
include { step_4TY_cgMLST__chewbbaca } from '../steps/step_4TY_cgMLST__chewbbaca'
workflow {
    trimmed   = step_1PP_trimming__trimmomatic(getSingleInput()).trimmed
    assembled = step_2AS_denovo__spades(trimmed).assembled
    step_4TY_cgMLST__chewbbaca(assembled, param('genus_species'), optionalOrDefault('schema', ''))
}
"
"K58_chewbbaca_sal_trimmomatic_spades","K58_chewbbaca_sal_trimmomatic_spades","K58","cgMLST allelic profiling on Salmonella enterica from paired-end Illumina FASTQ (trimmomatic + spades + chewbbaca).","Y","N","silent_no_op","No process placeholders appeared. when: clause filtered everything?","0","9","Y","","","","step_1PP_trimming__trimmomatic, step_2AS_denovo__spades, step_4TY_cgMLST__chewbbaca","step_1PP_trimming__trimmomatic, step_2AS_denovo__spades, step_4TY_cgMLST__chewbbaca","step_1PP_trimming__trimmomatic, step_2AS_denovo__spades, step_4TY_cgMLST__chewbbaca","903","40","3","2","7.6","Great! I'll set up the pipeline with the following steps:
1. Trimming with Trimmomatic (`step_1PP_trimming__trimmomatic`)
2. Assembly with SPAdes (`step_2AS_denovo__spades`)
3. cgMLST profiling with ChewBBACA (`step_4TY_cgMLST__chewbbaca`)

This will process your paired-end Illumina FASTQ files for ","nextflow.enable.dsl=2

// --- IMPORTS ---

include { step_1PP_trimming__trimmomatic } from '../steps/step_1PP_trimming__trimmomatic'

include { step_2AS_denovo__spades } from '../steps/step_2AS_denovo__spades'

include { getSingleInput } from '../functions/parameters.nf'

include { step_4TY_cgMLST__chewbbaca } from '../steps/step_4TY_cgMLST__chewbbaca'

// --- GLOBALS ---

def genusSpecies = 'salmonella_enterica'

def schema = 's_enterica_chewie_3255_210531'

// --- INLINE PROCESSES ---

// --- SUB WORKFLOWS ---

workflow wf_trim_assemble_cgmlst {
    
    take:
        
        rawreads
        
    
    main:
        trimmed = step_1PP_trimming__trimmomatic(rawreads).fastq
        assembled = step_2AS_denovo__spades(trimmed).assembled
        step_4TY_cgMLST__chewbbaca(assembled, genusSpecies, schema)
    
}

// --- ENTRYPOINT ---
workflow {
    wf_trim_assemble_cgmlst(getSingleInput())
}","nextflow.enable.dsl=2

include { getSingleInput; optionalOrDefault; param } from '../functions/parameters.nf'
include { step_1PP_trimming__trimmomatic } from '../steps/step_1PP_trimming__trimmomatic'
include { step_2AS_denovo__spades } from '../steps/step_2AS_denovo__spades'
include { step_4TY_cgMLST__chewbbaca } from '../steps/step_4TY_cgMLST__chewbbaca'
workflow {
    trimmed   = step_1PP_trimming__trimmomatic(getSingleInput()).trimmed
    assembled = step_2AS_denovo__spades(trimmed).assembled
    step_4TY_cgMLST__chewbbaca(assembled, param('genus_species'), optionalOrDefault('schema', ''))
}
"
"K59_abricate_lis_trimmomatic_spades","K59_abricate_lis_trimmomatic_spades","K59","ABRicate AMR screening on Listeria monocytogenes from paired-end Illumina FASTQ (trimmomatic + spades + abricate).","Y","N","file_not_found","WARN: file not found: '/mnt/data/cohesive_llm_bench_scratch/_shared_inputdir/2026/2026.LIS.114.1.1/0SQ_rawreads/DS99999-DT260224_import/result/*.fastq*'","0","7","Y","","","","","step_1PP_trimming__trimmomatic, step_2AS_denovo__spades, step_4AN_AMR__abricate","step_1PP_trimming__trimmomatic, step_2AS_denovo__spades, step_4AN_AMR__abricate","1278","74","3","2","11.3","I will create the pipeline with the following steps:
1. Trimmomatic for read trimming
2. SPAdes for de novo assembly
3. ABRicate for AMR screening

This will be built using the exact components you approved.","nextflow.enable.dsl=2

// --- IMPORTS ---

include { extractKey } from '../functions/common.nf'

include { getSingleInput } from '../functions/parameters.nf'

// --- GLOBALS ---

// --- INLINE PROCESSES ---

// --- SUB WORKFLOWS ---

workflow step_1PP_trimming__trimmomatic {
    
    take:
        
        rawreads
        
    
    main:
        trimmed = trimmomatic(rawreads).fastq;
        fastqc(trimmed)
        readsCheckInput = rawreads.cross(trimmed) { extractKey(it) }.multiMap {
          rawreads: it[0]
          trimmed: it[1]
        }
        sample_reads_check(readsCheckInput.rawreads, readsCheckInput.trimmed)
    
    emit:
        
        trimmed
        
    
}

workflow step_2AS_denovo__spades {
    
    take:
        
        data
        
    
    main:
        denovo(data)
        assembly_filter(denovo.out.scaffolds).fasta | quast
        assembled = assembly_filter.out.fasta
    
    emit:
        
        assembled
        
    
}

workflow step_4AN_AMR__abricate {
    
    take:
        
        data
        
    
    main:
        abricate(data)
    
}

// --- ENTRYPOINT ---
workflow {
    trimmed = step_1PP_trimming__trimmomatic(getSingleInput())
    assembly = step_2AS_denovo__spades(trimmed)
    step_4AN_AMR__abricate(assembly)
}","nextflow.enable.dsl=2

include { getSingleInput; optionalOrDefault; param } from '../functions/parameters.nf'
include { step_1PP_trimming__trimmomatic } from '../steps/step_1PP_trimming__trimmomatic'
include { step_2AS_denovo__spades } from '../steps/step_2AS_denovo__spades'
include { step_4AN_AMR__abricate } from '../steps/step_4AN_AMR__abricate'
workflow {
    trimmed   = step_1PP_trimming__trimmomatic(getSingleInput()).trimmed
    assembled = step_2AS_denovo__spades(trimmed).assembled
    step_4AN_AMR__abricate(assembled)
}
"
"K60_abricate_eco_trimmomatic_spades","K60_abricate_eco_trimmomatic_spades","K60","ABRicate AMR screening on Escherichia coli from paired-end Illumina FASTQ (trimmomatic + spades + abricate).","Y","Y","none","","7","7","Y","","","","step_1PP_trimming__trimmomatic, step_2AS_denovo__spades, step_4AN_AMR__abricate","step_4AN_AMR__abricate, step_1PP_trimming__trimmomatic, step_2AS_denovo__spades","step_1PP_trimming__trimmomatic, step_2AS_denovo__spades, step_4AN_AMR__abricate","759","36","3","2","10.9","Great! I'll proceed with the pipeline using Trimmomatic for trimming, SPAdes for assembly, and Abricate for AMR screening on your Escherichia coli samples.","nextflow.enable.dsl=2

// --- IMPORTS ---

include { step_1PP_trimming__trimmomatic } from '../steps/step_1PP_trimming__trimmomatic'

include { step_4AN_AMR__abricate } from '../steps/step_4AN_AMR__abricate'

include { step_2AS_denovo__spades } from '../steps/step_2AS_denovo__spades'

include { getSingleInput } from '../functions/parameters.nf'

// --- GLOBALS ---

// --- INLINE PROCESSES ---

// --- SUB WORKFLOWS ---

workflow wf_amr_screening {
    
    take:
        
        assembly
        
    
    main:
        step_4AN_AMR__abricate(assembly)
    
}

// --- ENTRYPOINT ---
workflow {
    trimmed = step_1PP_trimming__trimmomatic(getSingleInput()).trimmed
    assembly = step_2AS_denovo__spades(trimmed).assembled
    wf_amr_screening(assembly)
}","nextflow.enable.dsl=2

include { getSingleInput; optionalOrDefault; param } from '../functions/parameters.nf'
include { step_1PP_trimming__trimmomatic } from '../steps/step_1PP_trimming__trimmomatic'
include { step_2AS_denovo__spades } from '../steps/step_2AS_denovo__spades'
include { step_4AN_AMR__abricate } from '../steps/step_4AN_AMR__abricate'
workflow {
    trimmed   = step_1PP_trimming__trimmomatic(getSingleInput()).trimmed
    assembled = step_2AS_denovo__spades(trimmed).assembled
    step_4AN_AMR__abricate(assembled)
}
"
"L01_mlst_chewbbaca_lis","L01_mlst_chewbbaca_lis","L01","From paired Illumina FASTQ of Listeria monocytogenes: trim with fastp, assemble with SPAdes, then run mlst and chewbbaca in parallel.","Y","N","file_not_found","WARN: file not found: '/mnt/data/cohesive_llm_bench_scratch/_shared_inputdir/2026/2026.LIS.115.1.1/0SQ_rawreads/DS99999-DT260224_import/result/*.fastq*'","0","10","Y","","","","","step_2AS_denovo__spades, step_4TY_MLST__mlst, step_4TY_cgMLST__chewbbaca, step_1PP_trimming__fastp","step_1PP_trimming__fastp, step_2AS_denovo__spades, step_4TY_MLST__mlst, step_4TY_cgMLST__chewbbaca","1854","105","4","2","10.5","Great! I'll proceed with the pipeline as discussed. Here's the plan:

1. **Trimming**: `step_1PP_trimming__fastp` - Input: paired Illumina FASTQ, Output: trimmed reads
2. **Assembly**: `step_2AS_denovo__spades` - Input: trimmed reads, Output: assembly
3. **Parallel Typing**:
   - `step_4TY_MLST__mls","nextflow.enable.dsl=2

// --- IMPORTS ---

include { extractKey } from '../functions/common.nf'

include { getSingleInput } from '../functions/parameters.nf'

// --- GLOBALS ---

// --- INLINE PROCESSES ---

// --- SUB WORKFLOWS ---

workflow wf_listeria_typing {
    
    take:
        
        trimmed
        
    
    main:
        assembled = step_2AS_denovo__spades(trimmed).assembled
        step_4TY_MLST__mlst(assembled)
        step_4TY_cgMLST__chewbbaca(assembled, 'Listeria monocytogenes', 'l_mono_chewie_1748_220623')
    
}

workflow step_1PP_trimming__fastp {
    
    take:
        
        rawreads
        
    
    main:
        trimmed = fastp(rawreads).trimmed
        fastqc(trimmed)
        readsCheckInput = rawreads.cross(trimmed) { extractKey(it) }.multiMap {
          rawreads: it[0]
          trimmed: it[1]
        }
        sample_reads_check(readsCheckInput.rawreads, readsCheckInput.trimmed)
    
    emit:
        
        trimmed
        
    
}

workflow step_2AS_denovo__spades {
    
    take:
        
        data
        
    
    main:
        denovo(data)
        assembly_filter(denovo.out.scaffolds).fasta | quast
        assembled = assembly_filter.out.fasta
    
    emit:
        
        assembled
        
    
}

workflow step_4TY_MLST__mlst {
    
    take:
        
        assembly
        
    
    main:
        mlst(assembly)
    
}

workflow step_4TY_cgMLST__chewbbaca {
    
    take:
        
        assembly
        
        genus_species
        
        schema
        
    
    main:
        chewbbaca_result = chewbbaca(assembly, genus_species, schema)
        hashing(chewbbaca_result.alleles)
        chewbbaca_check(chewbbaca_result.stats).check
    
}

// --- ENTRYPOINT ---
workflow {
    trimmed = step_1PP_trimming__fastp(getSingleInput()).trimmed
    wf_listeria_typing(trimmed)
}","nextflow.enable.dsl=2

include { getSingleInput; optionalOrDefault; param } from '../functions/parameters.nf'
include { step_1PP_trimming__fastp } from '../steps/step_1PP_trimming__fastp'
include { step_2AS_denovo__spades } from '../steps/step_2AS_denovo__spades'
include { step_4TY_MLST__mlst } from '../steps/step_4TY_MLST__mlst'
include { step_4TY_cgMLST__chewbbaca } from '../steps/step_4TY_cgMLST__chewbbaca'
workflow {
    trimmed   = step_1PP_trimming__fastp(getSingleInput()).trimmed
    assembled = step_2AS_denovo__spades(trimmed).assembled
    step_4TY_MLST__mlst(assembled)
    step_4TY_cgMLST__chewbbaca(assembled, param('genus_species'), optionalOrDefault('schema', ''))
}
"
"L02_mlst_chewbbaca_eco","L02_mlst_chewbbaca_eco","L02","From paired Illumina FASTQ of Escherichia coli: trim with fastp, assemble with SPAdes, then run mlst and chewbbaca in parallel.","Y","N","silent_no_op","No process placeholders appeared. when: clause filtered everything?","0","10","Y","","","","step_1PP_trimming__fastp, step_2AS_denovo__spades, step_4TY_MLST__mlst, step_4TY_cgMLST__chewbbaca","step_2AS_denovo__spades, step_4TY_MLST__mlst, step_4TY_cgMLST__chewbbaca, step_1PP_trimming__fastp","step_1PP_trimming__fastp, step_2AS_denovo__spades, step_4TY_MLST__mlst, step_4TY_cgMLST__chewbbaca","1091","48","4","2","8.8","Great! I'll proceed with the pipeline as discussed. Here's the plan:

1. **Trimming**: Use `step_1PP_trimming__fastp` for paired-end Illumina reads
2. **Assembly**: Use `step_2AS_denovo__spades` on the trimmed reads
3. **Typing**: Run both `step_4TY_MLST__mlst` and `step_4TY_cgMLST__chewbbaca` in pa","nextflow.enable.dsl=2

// --- IMPORTS ---

include { step_4TY_MLST__mlst } from '../steps/step_4TY_MLST__mlst'

include { step_4TY_cgMLST__chewbbaca } from '../steps/step_4TY_cgMLST__chewbbaca'

include { step_2AS_denovo__spades } from '../steps/step_2AS_denovo__spades'

include { getSingleInput } from '../functions/parameters.nf'

include { step_1PP_trimming__fastp } from '../steps/step_1PP_trimming__fastp'

// --- GLOBALS ---

def genus_species = 'Escherichia coli'

def schema = 'e_coli_chewie_2360_210531'

// --- INLINE PROCESSES ---

// --- SUB WORKFLOWS ---

workflow wf_ecoli_mlst_cgmlst {
    
    take:
        
        trimmed
        
    
    main:
        trimmed.multiMap {
            trimmed: it
            genus_species: genus_species
            schema: schema
        }.set { prep }

        assembly = step_2AS_denovo__spades(prep.trimmed)
        step_4TY_MLST__mlst(assembly)
        step_4TY_cgMLST__chewbbaca(assembly, genus_species, schema)
    
}

// --- ENTRYPOINT ---
workflow {
    wf_ecoli_mlst_cgmlst(step_1PP_trimming__fastp(getSingleInput()).trimmed)
}","nextflow.enable.dsl=2

include { getSingleInput; optionalOrDefault; param } from '../functions/parameters.nf'
include { step_1PP_trimming__fastp } from '../steps/step_1PP_trimming__fastp'
include { step_2AS_denovo__spades } from '../steps/step_2AS_denovo__spades'
include { step_4TY_MLST__mlst } from '../steps/step_4TY_MLST__mlst'
include { step_4TY_cgMLST__chewbbaca } from '../steps/step_4TY_cgMLST__chewbbaca'
workflow {
    trimmed   = step_1PP_trimming__fastp(getSingleInput()).trimmed
    assembled = step_2AS_denovo__spades(trimmed).assembled
    step_4TY_MLST__mlst(assembled)
    step_4TY_cgMLST__chewbbaca(assembled, param('genus_species'), optionalOrDefault('schema', ''))
}
"
"L03_mlst_chewbbaca_sal","L03_mlst_chewbbaca_sal","L03","From paired Illumina FASTQ of Salmonella enterica: trim with fastp, assemble with SPAdes, then run mlst and chewbbaca in parallel.","Y","N","silent_no_op","No process placeholders appeared. when: clause filtered everything?","0","10","Y","","","","step_1PP_trimming__fastp, step_2AS_denovo__spades, step_4TY_MLST__mlst, step_4TY_cgMLST__chewbbaca","step_2AS_denovo__spades, step_4TY_MLST__mlst, step_4TY_cgMLST__chewbbaca, step_1PP_trimming__fastp","step_1PP_trimming__fastp, step_2AS_denovo__spades, step_4TY_MLST__mlst, step_4TY_cgMLST__chewbbaca","986","44","4","2","9.2","Great! I'll proceed with the pipeline as discussed:

1. **Trimming**: `step_1PP_trimming__fastp` for paired Illumina reads
2. **Assembly**: `step_2AS_denovo__spades` for de novo assembly
3. **Typing**: Parallel execution of `step_4TY_MLST__mlst` and `step_4TY_cgMLST__chewbbaca`

This will be built u","nextflow.enable.dsl=2

// --- IMPORTS ---

include { step_4TY_MLST__mlst } from '../steps/step_4TY_MLST__mlst'

include { step_4TY_cgMLST__chewbbaca } from '../steps/step_4TY_cgMLST__chewbbaca'

include { step_2AS_denovo__spades } from '../steps/step_2AS_denovo__spades'

include { getSingleInput } from '../functions/parameters.nf'

include { step_1PP_trimming__fastp } from '../steps/step_1PP_trimming__fastp'

// --- GLOBALS ---

def genus_species = 'salmonella_enterica'

def schema = 's_enterica_chewie_3255_210531'

// --- INLINE PROCESSES ---

// --- SUB WORKFLOWS ---

workflow wf_salmonella_typing {
    
    take:
        
        trimmed
        
    
    main:
        assembled = step_2AS_denovo__spades(trimmed).assembled

        step_4TY_MLST__mlst(assembled)
        step_4TY_cgMLST__chewbbaca(assembled, genus_species, schema)
    
}

// --- ENTRYPOINT ---
workflow {
    trimmed = step_1PP_trimming__fastp(getSingleInput()).trimmed
    wf_salmonella_typing(trimmed)
}","nextflow.enable.dsl=2

include { getSingleInput; optionalOrDefault; param } from '../functions/parameters.nf'
include { step_1PP_trimming__fastp } from '../steps/step_1PP_trimming__fastp'
include { step_2AS_denovo__spades } from '../steps/step_2AS_denovo__spades'
include { step_4TY_MLST__mlst } from '../steps/step_4TY_MLST__mlst'
include { step_4TY_cgMLST__chewbbaca } from '../steps/step_4TY_cgMLST__chewbbaca'
workflow {
    trimmed   = step_1PP_trimming__fastp(getSingleInput()).trimmed
    assembled = step_2AS_denovo__spades(trimmed).assembled
    step_4TY_MLST__mlst(assembled)
    step_4TY_cgMLST__chewbbaca(assembled, param('genus_species'), optionalOrDefault('schema', ''))
}
"
"L04_mlst_abricate_lis","L04_mlst_abricate_lis","L04","From paired Illumina FASTQ of Listeria monocytogenes: trim with fastp, assemble with SPAdes, then run mlst and abricate in parallel.","N","N","no_code","http exception: HTTPConnectionPool(host='127.0.0.1', port=8765): Read timed out. (read timeout=180)","0","8","N","","step_1PP_trimming__fastp, step_2AS_denovo__spades, step_4AN_AMR__abricate, step_4TY_MLST__mlst","","","","step_1PP_trimming__fastp, step_2AS_denovo__spades, step_4AN_AMR__abricate, step_4TY_MLST__mlst","0","0","0","2","183.7","","","nextflow.enable.dsl=2

include { getSingleInput; optionalOrDefault; param } from '../functions/parameters.nf'
include { step_1PP_trimming__fastp } from '../steps/step_1PP_trimming__fastp'
include { step_2AS_denovo__spades } from '../steps/step_2AS_denovo__spades'
include { step_4TY_MLST__mlst } from '../steps/step_4TY_MLST__mlst'
include { step_4AN_AMR__abricate } from '../steps/step_4AN_AMR__abricate'
workflow {
    trimmed   = step_1PP_trimming__fastp(getSingleInput()).trimmed
    assembled = step_2AS_denovo__spades(trimmed).assembled
    step_4TY_MLST__mlst(assembled)
    step_4AN_AMR__abricate(assembled)
}
"
"L05_mlst_abricate_eco","L05_mlst_abricate_eco","L05","From paired Illumina FASTQ of Escherichia coli: trim with fastp, assemble with SPAdes, then run mlst and abricate in parallel.","Y","N","silent_no_op","No process placeholders appeared. when: clause filtered everything?","0","8","Y","","","","step_1PP_trimming__fastp, step_2AS_denovo__spades, step_4AN_AMR__abricate, step_4TY_MLST__mlst","step_1PP_trimming__fastp, step_2AS_denovo__spades, step_4TY_MLST__mlst, step_4AN_AMR__abricate","step_1PP_trimming__fastp, step_2AS_denovo__spades, step_4AN_AMR__abricate, step_4TY_MLST__mlst","869","39","4","2","9.0","Great! I'll proceed with the pipeline as discussed. Here's the final plan:

1. **Trimming**: `step_1PP_trimming__fastp` (fastp) for paired-end Illumina reads
2. **Assembly**: `step_2AS_denovo__spades` (SPAdes) for de novo assembly
3. **Typing**: `step_4TY_MLST__mlst` (MLST) and `step_4AN_AMR__abrica","nextflow.enable.dsl=2

// --- IMPORTS ---

include { step_4TY_MLST__mlst } from '../steps/step_4TY_MLST__mlst'

include { step_4AN_AMR__abricate } from '../steps/step_4AN_AMR__abricate'

include { step_2AS_denovo__spades } from '../steps/step_2AS_denovo__spades'

include { getSingleInput } from '../functions/parameters.nf'

include { step_1PP_trimming__fastp } from '../steps/step_1PP_trimming__fastp'

// --- GLOBALS ---

// --- INLINE PROCESSES ---

// --- SUB WORKFLOWS ---

workflow wf_trim_assemble_type {
    
    take:
        
        rawreads
        
    
    main:
        trimmed = step_1PP_trimming__fastp(rawreads).trimmed
        assembled = step_2AS_denovo__spades(trimmed).assembled
        step_4TY_MLST__mlst(assembled)
        step_4AN_AMR__abricate(assembled)
    
}

// --- ENTRYPOINT ---
workflow {
    wf_trim_assemble_type(getSingleInput())
}","nextflow.enable.dsl=2

include { getSingleInput; optionalOrDefault; param } from '../functions/parameters.nf'
include { step_1PP_trimming__fastp } from '../steps/step_1PP_trimming__fastp'
include { step_2AS_denovo__spades } from '../steps/step_2AS_denovo__spades'
include { step_4TY_MLST__mlst } from '../steps/step_4TY_MLST__mlst'
include { step_4AN_AMR__abricate } from '../steps/step_4AN_AMR__abricate'
workflow {
    trimmed   = step_1PP_trimming__fastp(getSingleInput()).trimmed
    assembled = step_2AS_denovo__spades(trimmed).assembled
    step_4TY_MLST__mlst(assembled)
    step_4AN_AMR__abricate(assembled)
}
"
"L06_chewbbaca_abricate_lis","L06_chewbbaca_abricate_lis","L06","From paired Illumina FASTQ of Listeria monocytogenes: trim with fastp, assemble with SPAdes, then run chewbbaca and abricate in parallel.","Y","N","silent_no_op","No process placeholders appeared. when: clause filtered everything?","0","10","Y","","","","step_1PP_trimming__fastp, step_2AS_denovo__spades, step_4AN_AMR__abricate, step_4TY_cgMLST__chewbbaca","step_1PP_trimming__fastp, step_2AS_denovo__spades, step_4TY_cgMLST__chewbbaca, step_4AN_AMR__abricate","step_1PP_trimming__fastp, step_2AS_denovo__spades, step_4AN_AMR__abricate, step_4TY_cgMLST__chewbbaca","980","45","4","2","9.3","Great! I'll proceed with the pipeline you approved:
1. Trim reads with fastp
2. Assemble with SPAdes
3. Run chewbbaca and abricate in parallel

I'll now generate the detailed plan for the Architect.","nextflow.enable.dsl=2

// --- IMPORTS ---

include { step_4AN_AMR__abricate } from '../steps/step_4AN_AMR__abricate'

include { step_4TY_cgMLST__chewbbaca } from '../steps/step_4TY_cgMLST__chewbbaca'

include { step_2AS_denovo__spades } from '../steps/step_2AS_denovo__spades'

include { getSingleInput } from '../functions/parameters.nf'

include { step_1PP_trimming__fastp } from '../steps/step_1PP_trimming__fastp'

// --- GLOBALS ---

def genus_species = 'Listeria monocytogenes'

def schema = 'l_mono_chewie_1748_220623'

// --- INLINE PROCESSES ---

// --- SUB WORKFLOWS ---

workflow wf_listeria_pipeline {
    
    take:
        
        rawreads
        
    
    main:
        trimmed = step_1PP_trimming__fastp(rawreads)

        assembly = step_2AS_denovo__spades(trimmed)

        step_4TY_cgMLST__chewbbaca(assembly, genus_species, schema)
        step_4AN_AMR__abricate(assembly)
    
}

// --- ENTRYPOINT ---
workflow {
    wf_listeria_pipeline(getSingleInput())
}","nextflow.enable.dsl=2

include { getSingleInput; optionalOrDefault; param } from '../functions/parameters.nf'
include { step_1PP_trimming__fastp } from '../steps/step_1PP_trimming__fastp'
include { step_2AS_denovo__spades } from '../steps/step_2AS_denovo__spades'
include { step_4TY_cgMLST__chewbbaca } from '../steps/step_4TY_cgMLST__chewbbaca'
include { step_4AN_AMR__abricate } from '../steps/step_4AN_AMR__abricate'
workflow {
    trimmed   = step_1PP_trimming__fastp(getSingleInput()).trimmed
    assembled = step_2AS_denovo__spades(trimmed).assembled
    step_4TY_cgMLST__chewbbaca(assembled, param('genus_species'), optionalOrDefault('schema', ''))
    step_4AN_AMR__abricate(assembled)
}
"
"L07_chewbbaca_prokka_lis","L07_chewbbaca_prokka_lis","L07","From paired Illumina FASTQ of Listeria monocytogenes: trim with fastp, assemble with SPAdes, then run chewbbaca and prokka in parallel.","Y","N","silent_no_op","No process placeholders appeared. when: clause filtered everything?","0","10","Y","","","","step_1PP_trimming__fastp, step_2AS_denovo__spades, step_4AN_genes__prokka, step_4TY_cgMLST__chewbbaca","step_2AS_denovo__spades, step_4TY_cgMLST__chewbbaca, step_4AN_genes__prokka, step_1PP_trimming__fastp","step_1PP_trimming__fastp, step_2AS_denovo__spades, step_4AN_genes__prokka, step_4TY_cgMLST__chewbbaca","1237","50","4","2","10.8","Great! I'll proceed with the pipeline as discussed. Here's the final plan:

1. **Trimming**: `step_1PP_trimming__fastp` (paired-end mode)
2. **Assembly**: `step_2AS_denovo__spades` (using trimmed reads)
3. **Parallel Analysis**:
   - `step_4TY_cgMLST__chewbbaca` (for cgMLST typing)
   - `step_4AN_ge","nextflow.enable.dsl=2

// --- IMPORTS ---

include { step_4TY_cgMLST__chewbbaca } from '../steps/step_4TY_cgMLST__chewbbaca'

include { step_2AS_denovo__spades } from '../steps/step_2AS_denovo__spades'

include { getEmpty } from '../functions/common.nf'

include { getSingleInput } from '../functions/parameters.nf'

include { step_4AN_genes__prokka } from '../steps/step_4AN_genes__prokka'

include { step_1PP_trimming__fastp } from '../steps/step_1PP_trimming__fastp'

// --- GLOBALS ---

def genus_species = 'Listeria monocytogenes'

def schema = 'l_mono_chewie_1748_220623'

// --- INLINE PROCESSES ---

// --- SUB WORKFLOWS ---

workflow wf_listeria_analysis {
    
    take:
        
        trimmed
        
    
    main:
        trimmed.multiMap {
            trimmed: it
            genus_species: genus_species
            schema: schema
        }.set { prep }

        assembly = step_2AS_denovo__spades(prep.trimmed)
        step_4TY_cgMLST__chewbbaca(assembly.assembled, genus_species, schema)
        step_4AN_genes__prokka(assembly.assembled.map { [ it[0], it[1], 'Bacteria', '-', '-', getEmpty() ] })
    
}

// --- ENTRYPOINT ---
workflow {
    wf_listeria_analysis(step_1PP_trimming__fastp(getSingleInput()).trimmed)
}","nextflow.enable.dsl=2

include { getSingleInput; optionalOrDefault; param } from '../functions/parameters.nf'
include { step_1PP_trimming__fastp } from '../steps/step_1PP_trimming__fastp'
include { step_2AS_denovo__spades } from '../steps/step_2AS_denovo__spades'
include { step_4TY_cgMLST__chewbbaca } from '../steps/step_4TY_cgMLST__chewbbaca'
include { step_4AN_genes__prokka } from '../steps/step_4AN_genes__prokka'
workflow {
    trimmed   = step_1PP_trimming__fastp(getSingleInput()).trimmed
    assembled = step_2AS_denovo__spades(trimmed).assembled
    step_4TY_cgMLST__chewbbaca(assembled, param('genus_species'), optionalOrDefault('schema', ''))
    step_4AN_genes__prokka(assembled)
}
"
"L08_chewbbaca_prokka_sal","L08_chewbbaca_prokka_sal","L08","From paired Illumina FASTQ of Salmonella enterica: trim with fastp, assemble with SPAdes, then run chewbbaca and prokka in parallel.","Y","N","file_not_found","WARN: file not found: '/mnt/data/cohesive_llm_bench_scratch/_shared_inputdir/2026/2026.SAL.115.1.1/0SQ_rawreads/DS99999-DT260224_import/result/*.fastq*'","6","10","Y","","","","step_1PP_trimming__fastp, step_2AS_denovo__spades, step_4AN_genes__prokka, step_4TY_cgMLST__chewbbaca","step_2AS_denovo__spades, step_4TY_cgMLST__chewbbaca, step_4AN_genes__prokka, step_1PP_trimming__fastp","step_1PP_trimming__fastp, step_2AS_denovo__spades, step_4AN_genes__prokka, step_4TY_cgMLST__chewbbaca","1304","54","4","2","10.9","Great! I'll proceed with the pipeline as discussed. Here's the final plan:

1. **Trimming**: `step_1PP_trimming__fastp` (paired-end Illumina reads → trimmed reads)
2. **Assembly**: `step_2AS_denovo__spades` (trimmed reads → assembly)
3. **Parallel Analysis**:
   - `step_4TY_cgMLST__chewbbaca` (assem","nextflow.enable.dsl=2

// --- IMPORTS ---

include { extractKey } from '../functions/common.nf'

include { step_4TY_cgMLST__chewbbaca } from '../steps/step_4TY_cgMLST__chewbbaca'

include { step_2AS_denovo__spades } from '../steps/step_2AS_denovo__spades'

include { step_4AN_genes__prokka } from '../steps/step_4AN_genes__prokka'

include { getSingleInput } from '../functions/parameters.nf'

include { step_1PP_trimming__fastp } from '../steps/step_1PP_trimming__fastp'

// --- GLOBALS ---

def genus_species = 'Salmonella enterica'

def schema = 's_enterica_chewie_3255_210531'

// --- INLINE PROCESSES ---

// --- SUB WORKFLOWS ---

workflow wf_salmonella_analysis {
    
    take:
        
        trimmed
        
    
    main:
        assembled = step_2AS_denovo__spades(trimmed)

        assembled.cross(genus_species) { extractKey(it) }
            .cross(schema) { extractKey(it) }
            .multiMap {
                assembly: it[0]
                genus_species: it[1]
                schema: it[2]
            }.set { prep }

        step_4TY_cgMLST__chewbbaca(prep.assembly, prep.genus_species, prep.schema)
        step_4AN_genes__prokka(assembled)
    
}

// --- ENTRYPOINT ---
workflow {
    trimmed = step_1PP_trimming__fastp(getSingleInput())
    wf_salmonella_analysis(trimmed)
}","nextflow.enable.dsl=2

include { getSingleInput; optionalOrDefault; param } from '../functions/parameters.nf'
include { step_1PP_trimming__fastp } from '../steps/step_1PP_trimming__fastp'
include { step_2AS_denovo__spades } from '../steps/step_2AS_denovo__spades'
include { step_4TY_cgMLST__chewbbaca } from '../steps/step_4TY_cgMLST__chewbbaca'
include { step_4AN_genes__prokka } from '../steps/step_4AN_genes__prokka'
workflow {
    trimmed   = step_1PP_trimming__fastp(getSingleInput()).trimmed
    assembled = step_2AS_denovo__spades(trimmed).assembled
    step_4TY_cgMLST__chewbbaca(assembled, param('genus_species'), optionalOrDefault('schema', ''))
    step_4AN_genes__prokka(assembled)
}
"
"L09_mlst_prokka_eco","L09_mlst_prokka_eco","L09","From paired Illumina FASTQ of Escherichia coli: trim with fastp, assemble with SPAdes, then run mlst and prokka in parallel.","Y","N","silent_no_op","No process placeholders appeared. when: clause filtered everything?","0","8","Y","","","","step_1PP_trimming__fastp, step_2AS_denovo__spades, step_4AN_genes__prokka, step_4TY_MLST__mlst","step_2AS_denovo__spades, step_4AN_genes__prokka, step_4TY_MLST__mlst, step_1PP_trimming__fastp","step_1PP_trimming__fastp, step_2AS_denovo__spades, step_4AN_genes__prokka, step_4TY_MLST__mlst","837","39","4","2","8.4","Great! I'll proceed with the pipeline as approved:

1. **Trimming**: `step_1PP_trimming__fastp`
2. **Assembly**: `step_2AS_denovo__spades`
3. **Annotation & Typing**: `step_4AN_genes__prokka` and `step_4TY_MLST__mlst` in parallel

I'll now generate the detailed plan for the Architect.","nextflow.enable.dsl=2

// --- IMPORTS ---

include { step_4TY_MLST__mlst } from '../steps/step_4TY_MLST__mlst'

include { step_2AS_denovo__spades } from '../steps/step_2AS_denovo__spades'

include { getSingleInput } from '../functions/parameters.nf'

include { step_4AN_genes__prokka } from '../steps/step_4AN_genes__prokka'

include { step_1PP_trimming__fastp } from '../steps/step_1PP_trimming__fastp'

// --- GLOBALS ---

// --- INLINE PROCESSES ---

// --- SUB WORKFLOWS ---

workflow wf_ecoli_illumina {
    
    take:
        
        trimmed
        
    
    main:
        assembled = step_2AS_denovo__spades(trimmed)
        step_4AN_genes__prokka(assembled)
        step_4TY_MLST__mlst(assembled)
    
}

// --- ENTRYPOINT ---
workflow {
    trimmed = step_1PP_trimming__fastp(getSingleInput())
    wf_ecoli_illumina(trimmed)
}","nextflow.enable.dsl=2

include { getSingleInput; optionalOrDefault; param } from '../functions/parameters.nf'
include { step_1PP_trimming__fastp } from '../steps/step_1PP_trimming__fastp'
include { step_2AS_denovo__spades } from '../steps/step_2AS_denovo__spades'
include { step_4TY_MLST__mlst } from '../steps/step_4TY_MLST__mlst'
include { step_4AN_genes__prokka } from '../steps/step_4AN_genes__prokka'
workflow {
    trimmed   = step_1PP_trimming__fastp(getSingleInput()).trimmed
    assembled = step_2AS_denovo__spades(trimmed).assembled
    step_4TY_MLST__mlst(assembled)
    step_4AN_genes__prokka(assembled)
}
"
"L10_mlst_prokka_sal","L10_mlst_prokka_sal","L10","From paired Illumina FASTQ of Salmonella enterica: trim with fastp, assemble with SPAdes, then run mlst and prokka in parallel.","Y","N","silent_no_op","No process placeholders appeared. when: clause filtered everything?","0","8","N","step_2AS_mapping__ivar, step_4TY_lineage__pangolin","step_1PP_trimming__fastp, step_2AS_denovo__spades, step_4AN_genes__prokka, step_4TY_MLST__mlst","","step_2AS_mapping__ivar, step_4TY_lineage__pangolin","step_2AS_mapping__ivar, step_4TY_lineage__pangolin","step_1PP_trimming__fastp, step_2AS_denovo__spades, step_4AN_genes__prokka, step_4TY_MLST__mlst","1003","44","2","2","11.7","Great! I'll proceed with the pipeline as discussed. Here's the final plan:

1. **Trimming**: `step_1PP_trimming__fastp` (paired-end Illumina reads → trimmed reads)
2. **Assembly**: `step_2AS_denovo__spades` (trimmed reads → assembly)
3. **Parallel Analysis**:
   - `step_4TY_MLST__mlst` (assembly → M","nextflow.enable.dsl=2

// --- IMPORTS ---

include { step_2AS_mapping__ivar } from '../steps/step_2AS_mapping__ivar'

include { getSingleInput } from '../functions/parameters.nf'

include { step_4TY_lineage__pangolin } from '../steps/step_4TY_lineage__pangolin'

// --- GLOBALS ---

def referenceCode = 'NC_045512.2'

def referencePath = ""${params.assets_dir}/module_covid_emergency/NC_045512.fasta""

def referenceRiscd = '220308-020220308005121273-2AS_import-external'

// --- INLINE PROCESSES ---

// --- SUB WORKFLOWS ---

workflow module_covid_emergency {
    
    take:
        
        trimmed
        
    
    main:
        trimmed.multiMap {
            trimmed: it
            reference: [ referenceRiscd, referenceCode, file(referencePath) ]
        }.set { trAndRef }

        ivar_out = step_2AS_mapping__ivar(trAndRef.trimmed, trAndRef.reference)
        step_4TY_lineage__pangolin(ivar_out.consensus)
    
}

// --- ENTRYPOINT ---
workflow {
    module_covid_emergency(getSingleInput())
}","nextflow.enable.dsl=2

include { getSingleInput; optionalOrDefault; param } from '../functions/parameters.nf'
include { step_1PP_trimming__fastp } from '../steps/step_1PP_trimming__fastp'
include { step_2AS_denovo__spades } from '../steps/step_2AS_denovo__spades'
include { step_4TY_MLST__mlst } from '../steps/step_4TY_MLST__mlst'
include { step_4AN_genes__prokka } from '../steps/step_4AN_genes__prokka'
workflow {
    trimmed   = step_1PP_trimming__fastp(getSingleInput()).trimmed
    assembled = step_2AS_denovo__spades(trimmed).assembled
    step_4TY_MLST__mlst(assembled)
    step_4AN_genes__prokka(assembled)
}
"
"L11_abricate_prokka_lis","L11_abricate_prokka_lis","L11","From paired Illumina FASTQ of Listeria monocytogenes: trim with fastp, assemble with SPAdes, then run abricate and prokka in parallel.","Y","N","silent_no_op","No process placeholders appeared. when: clause filtered everything?","0","8","N","step_2AS_mapping__ivar, step_4TY_lineage__pangolin","step_1PP_trimming__fastp, step_2AS_denovo__spades, step_4AN_AMR__abricate, step_4AN_genes__prokka","","step_2AS_mapping__ivar, step_4TY_lineage__pangolin","step_2AS_mapping__ivar, step_4TY_lineage__pangolin","step_1PP_trimming__fastp, step_2AS_denovo__spades, step_4AN_AMR__abricate, step_4AN_genes__prokka","1003","44","2","2","9.1","Great! I'll proceed with the pipeline as discussed. Here's the final plan:

1. **Trimming**: `step_1PP_trimming__fastp` - Input: paired Illumina FASTQ, Output: trimmed reads
2. **Assembly**: `step_2AS_denovo__spades` - Input: trimmed reads, Output: assembly
3. **Parallel Analysis**:
   - `step_4AN_A","nextflow.enable.dsl=2

// --- IMPORTS ---

include { step_2AS_mapping__ivar } from '../steps/step_2AS_mapping__ivar'

include { getSingleInput } from '../functions/parameters.nf'

include { step_4TY_lineage__pangolin } from '../steps/step_4TY_lineage__pangolin'

// --- GLOBALS ---

def referenceCode = 'NC_045512.2'

def referencePath = ""${params.assets_dir}/module_covid_emergency/NC_045512.fasta""

def referenceRiscd = '220308-020220308005121273-2AS_import-external'

// --- INLINE PROCESSES ---

// --- SUB WORKFLOWS ---

workflow module_covid_emergency {
    
    take:
        
        trimmed
        
    
    main:
        trimmed.multiMap {
            trimmed: it
            reference: [ referenceRiscd, referenceCode, file(referencePath) ]
        }.set { trAndRef }

        ivar_out = step_2AS_mapping__ivar(trAndRef.trimmed, trAndRef.reference)
        step_4TY_lineage__pangolin(ivar_out.consensus)
    
}

// --- ENTRYPOINT ---
workflow {
    module_covid_emergency(getSingleInput())
}","nextflow.enable.dsl=2

include { getSingleInput; optionalOrDefault; param } from '../functions/parameters.nf'
include { step_1PP_trimming__fastp } from '../steps/step_1PP_trimming__fastp'
include { step_2AS_denovo__spades } from '../steps/step_2AS_denovo__spades'
include { step_4AN_AMR__abricate } from '../steps/step_4AN_AMR__abricate'
include { step_4AN_genes__prokka } from '../steps/step_4AN_genes__prokka'
workflow {
    trimmed   = step_1PP_trimming__fastp(getSingleInput()).trimmed
    assembled = step_2AS_denovo__spades(trimmed).assembled
    step_4AN_AMR__abricate(assembled)
    step_4AN_genes__prokka(assembled)
}
"
"L12_abricate_prokka_sal","L12_abricate_prokka_sal","L12","From paired Illumina FASTQ of Salmonella enterica: trim with fastp, assemble with SPAdes, then run abricate and prokka in parallel.","Y","Y","none","","8","8","Y","","","","step_1PP_trimming__fastp, step_2AS_denovo__spades, step_4AN_AMR__abricate, step_4AN_genes__prokka","step_2AS_denovo__spades, step_4AN_AMR__abricate, step_4AN_genes__prokka, step_1PP_trimming__fastp","step_1PP_trimming__fastp, step_2AS_denovo__spades, step_4AN_AMR__abricate, step_4AN_genes__prokka","990","43","4","2","9.0","Great! I'll proceed with the pipeline as approved:

1. **Trimming**: `step_1PP_trimming__fastp` (paired Illumina reads → trimmed reads)
2. **Assembly**: `step_2AS_denovo__spades` (trimmed reads → assembly)
3. **Annotation**: `step_4AN_AMR__abricate` and `step_4AN_genes__prokka` (assembly → annotatio","nextflow.enable.dsl=2

// --- IMPORTS ---

include { step_4AN_AMR__abricate } from '../steps/step_4AN_AMR__abricate'

include { step_2AS_denovo__spades } from '../steps/step_2AS_denovo__spades'

include { getEmpty } from '../functions/common.nf'

include { getSingleInput } from '../functions/parameters.nf'

include { step_4AN_genes__prokka } from '../steps/step_4AN_genes__prokka'

include { step_1PP_trimming__fastp } from '../steps/step_1PP_trimming__fastp'

// --- GLOBALS ---

def kingdom = 'Bacteria'

// --- INLINE PROCESSES ---

// --- SUB WORKFLOWS ---

workflow wf_salmonella_analysis {
    
    take:
        
        trimmed
        
    
    main:
        assembled = step_2AS_denovo__spades(trimmed)
        step_4AN_AMR__abricate(assembled)
        step_4AN_genes__prokka(assembled.map { [ it[0], it[1], kingdom, '-', '-', getEmpty() ] })
    
}

// --- ENTRYPOINT ---
workflow {
    trimmed = step_1PP_trimming__fastp(getSingleInput())
    wf_salmonella_analysis(trimmed)
}","nextflow.enable.dsl=2

include { getSingleInput; optionalOrDefault; param } from '../functions/parameters.nf'
include { step_1PP_trimming__fastp } from '../steps/step_1PP_trimming__fastp'
include { step_2AS_denovo__spades } from '../steps/step_2AS_denovo__spades'
include { step_4AN_AMR__abricate } from '../steps/step_4AN_AMR__abricate'
include { step_4AN_genes__prokka } from '../steps/step_4AN_genes__prokka'
workflow {
    trimmed   = step_1PP_trimming__fastp(getSingleInput()).trimmed
    assembled = step_2AS_denovo__spades(trimmed).assembled
    step_4AN_AMR__abricate(assembled)
    step_4AN_genes__prokka(assembled)
}
"
"L13_mlst_flaA_cam","L13_mlst_flaA_cam","L13","From paired Illumina FASTQ of Campylobacter jejuni: trim with fastp, assemble with SPAdes, then run mlst and flaA in parallel.","Y","N","silent_no_op","No process placeholders appeared. when: clause filtered everything?","0","8","Y","","","","step_1PP_trimming__fastp, step_2AS_denovo__spades, step_4TY_MLST__mlst, step_4TY_flaA__flaA","step_4TY_MLST__mlst, step_4TY_flaA__flaA, step_1PP_trimming__fastp, step_2AS_denovo__spades","step_1PP_trimming__fastp, step_2AS_denovo__spades, step_4TY_MLST__mlst, step_4TY_flaA__flaA","1550","60","4","2","16.8","Great! I'll proceed with the pipeline as discussed. Here's the detailed plan:

1. **Trimming**: Use `step_1PP_trimming__fastp` to trim paired-end Illumina reads
2. **Assembly**: Use `step_2AS_denovo__spades` to assemble the trimmed reads
3. **Parallel Typing**: 
   - Run `step_4TY_MLST__mlst` on the","nextflow.enable.dsl=2

// --- IMPORTS ---

include { step_4TY_MLST__mlst } from '../steps/step_4TY_MLST__mlst'

include { step_4TY_flaA__flaA } from '../steps/step_4TY_flaA__flaA'

include { extractKey } from '../functions/common.nf'

include { step_2AS_denovo__spades } from '../steps/step_2AS_denovo__spades'

include { getSingleInput } from '../functions/parameters.nf'

include { step_1PP_trimming__fastp } from '../steps/step_1PP_trimming__fastp'

// --- GLOBALS ---

def referenceCode = 'NC_045512.2'

def referencePath = ""${params.assets_dir}/module_covid_emergency/NC_045512.fasta""

def referenceRiscd = '220308-020220308005121273-2AS_import-external'

// --- INLINE PROCESSES ---

// --- SUB WORKFLOWS ---

workflow module_typing_bacteria {
    
    take:
        
        trimmed
        
        assembly
        
    
    main:
        trimmed.cross(assigned_species) { extractKey(it) }.multiMap {
          trimmed: it[0]
          species: it[1][1]
          referencePath: it[1][2]
        }.set { trimAndAndSpecies }

        assembly.cross(assigned_species) { extractKey(it) }.multiMap {
          assembly: it[0]
          species: it[1][1]
        }.set { assemblyAndSpecies }

        step_4TY_MLST__mlst(assemblyAndSpecies.assembly)
        step_4TY_flaA__flaA(assemblyAndSpecies.assembly, assemblyAndSpecies.species)
    
}

// --- ENTRYPOINT ---
workflow {
    trimmed = step_1PP_trimming__fastp(getSingleInput()).trimmed
    assembly = step_2AS_denovo__spades(trimmed).assembled
    module_typing_bacteria(trimmed, assembly)
}","nextflow.enable.dsl=2

include { getSingleInput; optionalOrDefault; param } from '../functions/parameters.nf'
include { step_1PP_trimming__fastp } from '../steps/step_1PP_trimming__fastp'
include { step_2AS_denovo__spades } from '../steps/step_2AS_denovo__spades'
include { step_4TY_MLST__mlst } from '../steps/step_4TY_MLST__mlst'
include { step_4TY_flaA__flaA } from '../steps/step_4TY_flaA__flaA'
workflow {
    trimmed   = step_1PP_trimming__fastp(getSingleInput()).trimmed
    assembled = step_2AS_denovo__spades(trimmed).assembled
    step_4TY_MLST__mlst(assembled)
    step_4TY_flaA__flaA(assembled, param('genus_species'))
}
"
"L14_mlst_staramr_cam","L14_mlst_staramr_cam","L14","From paired Illumina FASTQ of Campylobacter jejuni: trim with fastp, assemble with SPAdes, then run mlst and staramr in parallel.","Y","N","silent_no_op","No process placeholders appeared. when: clause filtered everything?","0","8","Y","","","","step_1PP_trimming__fastp, step_2AS_denovo__spades, step_4AN_AMR__staramr, step_4TY_MLST__mlst","step_1PP_trimming__fastp, step_2AS_denovo__spades, step_4TY_MLST__mlst, step_4AN_AMR__staramr","step_1PP_trimming__fastp, step_2AS_denovo__spades, step_4AN_AMR__staramr, step_4TY_MLST__mlst","1110","57","4","2","8.2","Great! I'll proceed with the pipeline as approved. Here's the detailed plan for the Architect Agent:

1. **Input**: Paired Illumina FASTQ reads of Campylobacter jejuni
2. **Preprocessing**: Trim reads with `step_1PP_trimming__fastp` (emits: trimmed)
3. **Assembly**: Assemble with `step_2AS_denovo__s","nextflow.enable.dsl=2

// --- IMPORTS ---

include { step_4TY_MLST__mlst } from '../steps/step_4TY_MLST__mlst'

include { step_4AN_AMR__staramr } from '../steps/step_4AN_AMR__staramr'

include { step_2AS_denovo__spades } from '../steps/step_2AS_denovo__spades'

include { getSingleInput } from '../functions/parameters.nf'

include { step_1PP_trimming__fastp } from '../steps/step_1PP_trimming__fastp'

// --- GLOBALS ---

// --- INLINE PROCESSES ---

// --- SUB WORKFLOWS ---

workflow wf_trim_and_assemble {
    
    take:
        
        rawreads
        
    
    main:
        trimmed = step_1PP_trimming__fastp(rawreads).trimmed
        assembled = step_2AS_denovo__spades(trimmed).assembled
    
    emit:
        
        assembled
        
    
}

workflow wf_parallel_analysis {
    
    take:
        
        assembled
        
    
    main:
        step_4TY_MLST__mlst(assembled)
        step_4AN_AMR__staramr(assembled, 'campylobacter')
    
}

// --- ENTRYPOINT ---
workflow {
    rawreads = getSingleInput()
    assembled = wf_trim_and_assemble(rawreads)
    wf_parallel_analysis(assembled)
}","nextflow.enable.dsl=2

include { getSingleInput; optionalOrDefault; param } from '../functions/parameters.nf'
include { step_1PP_trimming__fastp } from '../steps/step_1PP_trimming__fastp'
include { step_2AS_denovo__spades } from '../steps/step_2AS_denovo__spades'
include { step_4TY_MLST__mlst } from '../steps/step_4TY_MLST__mlst'
include { step_4AN_AMR__staramr } from '../steps/step_4AN_AMR__staramr'
workflow {
    trimmed   = step_1PP_trimming__fastp(getSingleInput()).trimmed
    assembled = step_2AS_denovo__spades(trimmed).assembled
    step_4TY_MLST__mlst(assembled)
    step_4AN_AMR__staramr(assembled, param('genus_species'))
}
"
"L15_flaA_staramr_cam","L15_flaA_staramr_cam","L15","From paired Illumina FASTQ of Campylobacter jejuni: trim with fastp, assemble with SPAdes, then run flaA and staramr in parallel.","Y","N","silent_no_op","No process placeholders appeared. when: clause filtered everything?","0","8","Y","","","","step_1PP_trimming__fastp, step_2AS_denovo__spades, step_4AN_AMR__staramr, step_4TY_flaA__flaA","step_4TY_flaA__flaA, step_4AN_AMR__staramr, step_1PP_trimming__fastp, step_2AS_denovo__spades","step_1PP_trimming__fastp, step_2AS_denovo__spades, step_4AN_AMR__staramr, step_4TY_flaA__flaA","927","41","4","2","13.9","Approved! I'll build the pipeline with:
1. Trimming: fastp (step_1PP_trimming__fastp)
2. Assembly: SPAdes (step_2AS_denovo__spades)
3. Parallel steps:
   - flaA typing (step_4TY_flaA__flaA)
   - staramr AMR (step_4AN_AMR__staramr)

The pipeline will process your paired Illumina Campylobacter jejuni ","nextflow.enable.dsl=2

// --- IMPORTS ---

include { step_4TY_flaA__flaA } from '../steps/step_4TY_flaA__flaA'

include { step_4AN_AMR__staramr } from '../steps/step_4AN_AMR__staramr'

include { step_2AS_denovo__spades } from '../steps/step_2AS_denovo__spades'

include { getSingleInput } from '../functions/parameters.nf'

include { step_1PP_trimming__fastp } from '../steps/step_1PP_trimming__fastp'

// --- GLOBALS ---

def genus_species = 'Campylobacter jejuni'

// --- INLINE PROCESSES ---

// --- SUB WORKFLOWS ---

workflow wf_flaA_and_staramr {
    
    take:
        
        assembly
        
    
    main:
        step_4TY_flaA__flaA(assembly, genus_species)
        step_4AN_AMR__staramr(assembly, genus_species)
    
}

// --- ENTRYPOINT ---
workflow {
    trimmed = step_1PP_trimming__fastp(getSingleInput()).trimmed
    assembled = step_2AS_denovo__spades(trimmed).assembled
    wf_flaA_and_staramr(assembled)
}","nextflow.enable.dsl=2

include { getSingleInput; optionalOrDefault; param } from '../functions/parameters.nf'
include { step_1PP_trimming__fastp } from '../steps/step_1PP_trimming__fastp'
include { step_2AS_denovo__spades } from '../steps/step_2AS_denovo__spades'
include { step_4TY_flaA__flaA } from '../steps/step_4TY_flaA__flaA'
include { step_4AN_AMR__staramr } from '../steps/step_4AN_AMR__staramr'
workflow {
    trimmed   = step_1PP_trimming__fastp(getSingleInput()).trimmed
    assembled = step_2AS_denovo__spades(trimmed).assembled
    step_4TY_flaA__flaA(assembled, param('genus_species'))
    step_4AN_AMR__staramr(assembled, param('genus_species'))
}
"
"L16_flaA_abricate_cam","L16_flaA_abricate_cam","L16","From paired Illumina FASTQ of Campylobacter jejuni: trim with fastp, assemble with SPAdes, then run flaA and abricate in parallel.","Y","Y","none","","8","8","Y","","","","step_1PP_trimming__fastp, step_2AS_denovo__spades, step_4AN_AMR__abricate, step_4TY_flaA__flaA","step_2AS_denovo__spades, step_4TY_flaA__flaA, step_4AN_AMR__abricate, step_1PP_trimming__fastp","step_1PP_trimming__fastp, step_2AS_denovo__spades, step_4AN_AMR__abricate, step_4TY_flaA__flaA","898","39","4","2","8.5","Great! I'll proceed with the pipeline as approved:

1. **Trimming**: fastp (step_1PP_trimming__fastp)
2. **Assembly**: SPAdes (step_2AS_denovo__spades)
3. **Parallel Typing/AMR**: flaA (step_4TY_flaA__flaA) and abricate (step_4AN_AMR__abricate)

I'll build the pipeline now.","nextflow.enable.dsl=2

// --- IMPORTS ---

include { step_4TY_flaA__flaA } from '../steps/step_4TY_flaA__flaA'

include { step_4AN_AMR__abricate } from '../steps/step_4AN_AMR__abricate'

include { step_2AS_denovo__spades } from '../steps/step_2AS_denovo__spades'

include { getSingleInput } from '../functions/parameters.nf'

include { step_1PP_trimming__fastp } from '../steps/step_1PP_trimming__fastp'

// --- GLOBALS ---

// --- INLINE PROCESSES ---

// --- SUB WORKFLOWS ---

workflow wf_campylobacter_analysis {
    
    take:
        
        trimmed
        
    
    main:
        assembled = step_2AS_denovo__spades(trimmed)
        step_4TY_flaA__flaA(assembled.assembled, 'campylobacter')
        step_4AN_AMR__abricate(assembled.assembled)
    
}

// --- ENTRYPOINT ---
workflow {
    trimmed = step_1PP_trimming__fastp(getSingleInput()).trimmed
    wf_campylobacter_analysis(trimmed)
}","nextflow.enable.dsl=2

include { getSingleInput; optionalOrDefault; param } from '../functions/parameters.nf'
include { step_1PP_trimming__fastp } from '../steps/step_1PP_trimming__fastp'
include { step_2AS_denovo__spades } from '../steps/step_2AS_denovo__spades'
include { step_4TY_flaA__flaA } from '../steps/step_4TY_flaA__flaA'
include { step_4AN_AMR__abricate } from '../steps/step_4AN_AMR__abricate'
workflow {
    trimmed   = step_1PP_trimming__fastp(getSingleInput()).trimmed
    assembled = step_2AS_denovo__spades(trimmed).assembled
    step_4TY_flaA__flaA(assembled, param('genus_species'))
    step_4AN_AMR__abricate(assembled)
}
"
"L17_staramr_abricate_cam","L17_staramr_abricate_cam","L17","From paired Illumina FASTQ of Campylobacter jejuni: trim with fastp, assemble with SPAdes, then run staramr and abricate in parallel.","Y","Y","none","","8","8","Y","","","","step_1PP_trimming__fastp, step_2AS_denovo__spades, step_4AN_AMR__abricate, step_4AN_AMR__staramr","step_2AS_denovo__spades, step_4AN_AMR__staramr, step_4AN_AMR__abricate, step_1PP_trimming__fastp","step_1PP_trimming__fastp, step_2AS_denovo__spades, step_4AN_AMR__abricate, step_4AN_AMR__staramr","882","40","4","2","8.8","Great! I'll proceed with the pipeline as discussed. Here's the final plan:

1. **Trimming**: `step_1PP_trimming__fastp` (paired-end Illumina reads → trimmed reads)
2. **Assembly**: `step_2AS_denovo__spades` (trimmed reads → assembly)
3. **AMR Analysis (parallel)**:
   - `step_4AN_AMR__staramr` (asse","nextflow.enable.dsl=2

// --- IMPORTS ---

include { step_4AN_AMR__abricate } from '../steps/step_4AN_AMR__abricate'

include { step_4AN_AMR__staramr } from '../steps/step_4AN_AMR__staramr'

include { step_2AS_denovo__spades } from '../steps/step_2AS_denovo__spades'

include { getSingleInput } from '../functions/parameters.nf'

include { step_1PP_trimming__fastp } from '../steps/step_1PP_trimming__fastp'

// --- GLOBALS ---

// --- INLINE PROCESSES ---

// --- SUB WORKFLOWS ---

workflow wf_campylobacter_amr {
    
    take:
        
        trimmed
        
    
    main:
        assembly = step_2AS_denovo__spades(trimmed).assembled

        step_4AN_AMR__staramr(assembly, 'campylobacter')
        step_4AN_AMR__abricate(assembly)
    
}

// --- ENTRYPOINT ---
workflow {
    trimmed = step_1PP_trimming__fastp(getSingleInput()).trimmed
    wf_campylobacter_amr(trimmed)
}","nextflow.enable.dsl=2

include { getSingleInput; optionalOrDefault; param } from '../functions/parameters.nf'
include { step_1PP_trimming__fastp } from '../steps/step_1PP_trimming__fastp'
include { step_2AS_denovo__spades } from '../steps/step_2AS_denovo__spades'
include { step_4AN_AMR__staramr } from '../steps/step_4AN_AMR__staramr'
include { step_4AN_AMR__abricate } from '../steps/step_4AN_AMR__abricate'
workflow {
    trimmed   = step_1PP_trimming__fastp(getSingleInput()).trimmed
    assembled = step_2AS_denovo__spades(trimmed).assembled
    step_4AN_AMR__staramr(assembled, param('genus_species'))
    step_4AN_AMR__abricate(assembled)
}
"
"L18_staramr_prokka_cam","L18_staramr_prokka_cam","L18","From paired Illumina FASTQ of Campylobacter jejuni: trim with fastp, assemble with SPAdes, then run staramr and prokka in parallel.","N","N","silent_no_op","No process placeholders appeared. when: clause filtered everything?","0","8","Y","","","","step_1PP_trimming__fastp, step_2AS_denovo__spades, step_4AN_AMR__staramr, step_4AN_genes__prokka","step_4AN_genes__prokka, step_4AN_AMR__staramr, step_1PP_trimming__fastp, step_2AS_denovo__spades","step_1PP_trimming__fastp, step_2AS_denovo__spades, step_4AN_AMR__staramr, step_4AN_genes__prokka","1294","57","4","2","9.5","Great! I'll proceed with the pipeline using the following steps:

1. **Trimming**: `step_1PP_trimming__fastp` (for paired Illumina reads)
2. **Assembly**: `step_2AS_denovo__spades` (for de novo assembly)
3. **Annotation & AMR**: `step_4AN_genes__prokka` and `step_4AN_AMR__staramr` (parallel processi","nextflow.enable.dsl=2

// --- IMPORTS ---

include { step_4AN_AMR__staramr } from '../steps/step_4AN_AMR__staramr'

include { step_2AS_denovo__spades } from '../steps/step_2AS_denovo__spades'

include { getEmpty } from '../functions/common.nf'

include { getSingleInput } from '../functions/parameters.nf'

include { step_4AN_genes__prokka } from '../steps/step_4AN_genes__prokka'

include { step_1PP_trimming__fastp } from '../steps/step_1PP_trimming__fastp'

// --- GLOBALS ---

def genus_species = 'campylobacter_jejuni'

// --- INLINE PROCESSES ---

// --- SUB WORKFLOWS ---

workflow wf_annotation_amr {
    
    take:
        
        assembly
        
    
    main:
        assembly.multiMap {
            assembly: it
            kingdom: 'Bacteria'
            riscd_ref: '-'
            reference: getEmpty()
            gb: getEmpty()
        }.set { prokkaIn }

        step_4AN_genes__prokka(prokkaIn)

        assembly.multiMap {
            assembly: it
            genus_species: genus_species
        }.set { staramrIn }

        step_4AN_AMR__staramr(staramrIn.assembly, staramrIn.genus_species)
    
}

// --- ENTRYPOINT ---
workflow {
    trimmed = step_1PP_trimming__fastp(getSingleInput())
    assembly = step_2AS_denovo__spades(trimmed)
    wf_annotation_amr(assembly)
}","nextflow.enable.dsl=2

include { getSingleInput; optionalOrDefault; param } from '../functions/parameters.nf'
include { step_1PP_trimming__fastp } from '../steps/step_1PP_trimming__fastp'
include { step_2AS_denovo__spades } from '../steps/step_2AS_denovo__spades'
include { step_4AN_AMR__staramr } from '../steps/step_4AN_AMR__staramr'
include { step_4AN_genes__prokka } from '../steps/step_4AN_genes__prokka'
workflow {
    trimmed   = step_1PP_trimming__fastp(getSingleInput()).trimmed
    assembled = step_2AS_denovo__spades(trimmed).assembled
    step_4AN_AMR__staramr(assembled, param('genus_species'))
    step_4AN_genes__prokka(assembled)
}
"
"L19_flaA_prokka_cam","L19_flaA_prokka_cam","L19","From paired Illumina FASTQ of Campylobacter jejuni: trim with fastp, assemble with SPAdes, then run flaA and prokka in parallel.","Y","N","silent_no_op","No process placeholders appeared. when: clause filtered everything?","0","8","N","","step_1PP_trimming__fastp","","step_2AS_denovo__spades, step_4AN_genes__prokka, step_4TY_flaA__flaA","step_2AS_denovo__spades, step_4AN_genes__prokka, step_4TY_flaA__flaA","step_1PP_trimming__fastp, step_2AS_denovo__spades, step_4AN_genes__prokka, step_4TY_flaA__flaA","1075","47","3","2","8.9","Great! I'll proceed with the pipeline as discussed. Here's the final plan:

1. **Trimming**: `step_1PP_trimming__fastp` (paired-end Illumina reads)
2. **Assembly**: `step_2AS_denovo__spades` (de novo assembly)
3. **Annotation**: `step_4AN_genes__prokka` (genome annotation)
4. **Typing**: `step_4TY_f","nextflow.enable.dsl=2

// --- IMPORTS ---

include { step_4TY_flaA__flaA } from '../steps/step_4TY_flaA__flaA'

include { step_2AS_denovo__spades } from '../steps/step_2AS_denovo__spades'

include { getEmpty } from '../functions/common.nf'

include { getSingleInput } from '../functions/parameters.nf'

include { step_4AN_genes__prokka } from '../steps/step_4AN_genes__prokka'

// --- GLOBALS ---

def kingdom = 'Bacteria'

def genus_species = 'campylobacter'

// --- INLINE PROCESSES ---

// --- SUB WORKFLOWS ---

workflow wf_campylobacter_analysis {
    
    take:
        
        trimmed
        
    
    main:
        trimmed.multiMap {
            trimmed: it
            reference: [ referenceRiscd, referenceCode, file(referencePath) ]
        }.set { trAndRef }

        assembly = step_2AS_denovo__spades(trAndRef.trimmed)
        step_4AN_genes__prokka(assembly.map { [ it[0], it[1], kingdom, '-', '-', getEmpty() ] })
        step_4TY_flaA__flaA(assembly, genus_species)
    
}

// --- ENTRYPOINT ---
workflow {
    wf_campylobacter_analysis(getSingleInput())
}","nextflow.enable.dsl=2

include { getSingleInput; optionalOrDefault; param } from '../functions/parameters.nf'
include { step_1PP_trimming__fastp } from '../steps/step_1PP_trimming__fastp'
include { step_2AS_denovo__spades } from '../steps/step_2AS_denovo__spades'
include { step_4TY_flaA__flaA } from '../steps/step_4TY_flaA__flaA'
include { step_4AN_genes__prokka } from '../steps/step_4AN_genes__prokka'
workflow {
    trimmed   = step_1PP_trimming__fastp(getSingleInput()).trimmed
    assembled = step_2AS_denovo__spades(trimmed).assembled
    step_4TY_flaA__flaA(assembled, param('genus_species'))
    step_4AN_genes__prokka(assembled)
}
"
"L20_mlst_prokka_lis","L20_mlst_prokka_lis","L20","From paired Illumina FASTQ of Listeria monocytogenes: trim with fastp, assemble with SPAdes, then run mlst and prokka in parallel.","Y","Y","none","","11","8","N","step_2AS_mapping__ivar, step_4TY_lineage__pangolin","step_1PP_trimming__fastp, step_2AS_denovo__spades, step_4AN_genes__prokka, step_4TY_MLST__mlst","","step_2AS_mapping__ivar, step_4TY_lineage__pangolin","step_2AS_mapping__ivar, step_4TY_lineage__pangolin","step_1PP_trimming__fastp, step_2AS_denovo__spades, step_4AN_genes__prokka, step_4TY_MLST__mlst","1003","44","2","2","8.0","Great! I'll set up the pipeline as discussed. Here's the detailed plan:

1. **Trimming**: Fastp (`step_1PP_trimming__fastp`) will process your paired Illumina reads
2. **Assembly**: SPAdes (`step_2AS_denovo__spades`) will assemble the trimmed reads
3. **Parallel Analysis**:
   - MLST typing (`step_4","nextflow.enable.dsl=2

// --- IMPORTS ---

include { step_2AS_mapping__ivar } from '../steps/step_2AS_mapping__ivar'

include { getSingleInput } from '../functions/parameters.nf'

include { step_4TY_lineage__pangolin } from '../steps/step_4TY_lineage__pangolin'

// --- GLOBALS ---

def referenceCode = 'NC_045512.2'

def referencePath = ""${params.assets_dir}/module_covid_emergency/NC_045512.fasta""

def referenceRiscd = '220308-020220308005121273-2AS_import-external'

// --- INLINE PROCESSES ---

// --- SUB WORKFLOWS ---

workflow module_covid_emergency {
    
    take:
        
        trimmed
        
    
    main:
        trimmed.multiMap {
            trimmed: it
            reference: [ referenceRiscd, referenceCode, file(referencePath) ]
        }.set { trAndRef }

        ivar_out = step_2AS_mapping__ivar(trAndRef.trimmed, trAndRef.reference)
        step_4TY_lineage__pangolin(ivar_out.consensus)
    
}

// --- ENTRYPOINT ---
workflow {
    module_covid_emergency(getSingleInput())
}","nextflow.enable.dsl=2

include { getSingleInput; optionalOrDefault; param } from '../functions/parameters.nf'
include { step_1PP_trimming__fastp } from '../steps/step_1PP_trimming__fastp'
include { step_2AS_denovo__spades } from '../steps/step_2AS_denovo__spades'
include { step_4TY_MLST__mlst } from '../steps/step_4TY_MLST__mlst'
include { step_4AN_genes__prokka } from '../steps/step_4AN_genes__prokka'
workflow {
    trimmed   = step_1PP_trimming__fastp(getSingleInput()).trimmed
    assembled = step_2AS_denovo__spades(trimmed).assembled
    step_4TY_MLST__mlst(assembled)
    step_4AN_genes__prokka(assembled)
}
"
"M01_mlst+chewbbaca+abricate_lis","M01_mlst+chewbbaca+abricate_lis","M01","Comprehensive typing+AMR+annotation pipeline for Listeria monocytogenes from paired Illumina FASTQ: trim, assemble, then run mlst, chewbbaca, abricate in parallel on the assembly.","Y","Y","none","","11","11","Y","","","","step_1PP_trimming__fastp, step_2AS_denovo__spades, step_4AN_AMR__abricate, step_4TY_MLST__mlst, step_4TY_cgMLST__chewbbaca","step_4TY_MLST__mlst, step_4TY_cgMLST__chewbbaca, step_4AN_AMR__abricate, step_1PP_trimming__fastp, step_2AS_denovo__spades","step_1PP_trimming__fastp, step_2AS_denovo__spades, step_4AN_AMR__abricate, step_4TY_MLST__mlst, step_4TY_cgMLST__chewbbaca","1087","46","5","2","9.9","Great! I'll proceed with the following pipeline for Listeria monocytogenes from paired Illumina FASTQ:

1. **Trimming**: `step_1PP_trimming__fastp`
2. **Assembly**: `step_2AS_denovo__spades`
3. **Parallel Analysis**:
   - MLST typing: `step_4TY_MLST__mlst`
   - cgMLST typing: `step_4TY_cgMLST__chewb","nextflow.enable.dsl=2

// --- IMPORTS ---

include { step_4TY_MLST__mlst } from '../steps/step_4TY_MLST__mlst'

include { step_4AN_AMR__abricate } from '../steps/step_4AN_AMR__abricate'

include { step_4TY_cgMLST__chewbbaca } from '../steps/step_4TY_cgMLST__chewbbaca'

include { step_2AS_denovo__spades } from '../steps/step_2AS_denovo__spades'

include { getSingleInput } from '../functions/parameters.nf'

include { step_1PP_trimming__fastp } from '../steps/step_1PP_trimming__fastp'

// --- GLOBALS ---

def genus_species = 'Listeria monocytogenes'

def schema = 'l_mono_chewie_1748_220623'

// --- INLINE PROCESSES ---

// --- SUB WORKFLOWS ---

workflow wf_listeria_typing_amr {
    
    take:
        
        assembled
        
    
    main:
        step_4TY_MLST__mlst(assembled)
        step_4TY_cgMLST__chewbbaca(assembled, genus_species, schema)
        step_4AN_AMR__abricate(assembled)
    
}

// --- ENTRYPOINT ---
workflow {
    trimmed = step_1PP_trimming__fastp(getSingleInput())
    assembled = step_2AS_denovo__spades(trimmed)
    wf_listeria_typing_amr(assembled)
}","nextflow.enable.dsl=2

include { getSingleInput; optionalOrDefault; param } from '../functions/parameters.nf'
include { step_1PP_trimming__fastp } from '../steps/step_1PP_trimming__fastp'
include { step_2AS_denovo__spades } from '../steps/step_2AS_denovo__spades'
include { step_4TY_MLST__mlst } from '../steps/step_4TY_MLST__mlst'
include { step_4TY_cgMLST__chewbbaca } from '../steps/step_4TY_cgMLST__chewbbaca'
include { step_4AN_AMR__abricate } from '../steps/step_4AN_AMR__abricate'
workflow {
    trimmed   = step_1PP_trimming__fastp(getSingleInput()).trimmed
    assembled = step_2AS_denovo__spades(trimmed).assembled
    step_4TY_MLST__mlst(assembled)
    step_4TY_cgMLST__chewbbaca(assembled, param('genus_species'), optionalOrDefault('schema', ''))
    step_4AN_AMR__abricate(assembled)
}
"
"M02_mlst+chewbbaca+prokka_sal","M02_mlst+chewbbaca+prokka_sal","M02","Comprehensive typing+AMR+annotation pipeline for Salmonella enterica from paired Illumina FASTQ: trim, assemble, then run mlst, chewbbaca, prokka in parallel on the assembly.","Y","N","silent_no_op","No process placeholders appeared. when: clause filtered everything?","0","11","N","step_2AS_denovo__unicycler, step_4AN_AMR__abricate","step_2AS_denovo__spades","","","step_2AS_denovo__unicycler, step_4TY_MLST__mlst, step_4TY_cgMLST__chewbbaca, step_4AN_genes__prokka, step_4AN_AMR__abricate, step_1PP_trimming__fastp","step_1PP_trimming__fastp, step_2AS_denovo__spades, step_4AN_genes__prokka, step_4TY_MLST__mlst, step_4TY_cgMLST__chewbbaca","2372","137","6","2","41.4","Great! I'll proceed with the pipeline design for Salmonella enterica using paired Illumina FASTQ data. Here's the approved plan:

1. **Trimming**: Fastp (`step_1PP_trimming__fastp`)
2. **Assembly**: Unicycler (`step_2AS_denovo__unicycler`)
3. **Parallel Analysis**:
   - MLST typing (`step_4TY_MLST__","nextflow.enable.dsl=2

// --- IMPORTS ---

include { extractKey; getEmpty } from '../functions/common.nf'

include { getSingleInput } from '../functions/parameters.nf'

// --- GLOBALS ---

// --- INLINE PROCESSES ---

// --- SUB WORKFLOWS ---

workflow wf_salmonella_typing_amr_annotation {
    
    take:
        
        trimmed
        
    
    main:
        trimmed.multiMap {
            trimmed: it
        }.set { trAndRef }

        assembly = step_2AS_denovo__unicycler(trAndRef.trimmed)

        step_4TY_MLST__mlst(assembly)
        step_4TY_cgMLST__chewbbaca(assembly, 'Salmonella', 's_enterica_chewie_3255_210531')
        step_4AN_genes__prokka(assembly.map { [ it[0], it[1], 'Bacteria', '-', '-', getEmpty() ] })
        step_4AN_AMR__abricate(assembly)
    
}

workflow step_1PP_trimming__fastp {
    
    take:
        
        rawreads
        
    
    main:
        trimmed = fastp(rawreads).trimmed

        fastqc(trimmed)
        readsCheckInput = rawreads.cross(trimmed) { extractKey(it) }.multiMap {
          rawreads: it[0]
          trimmed: it[1]
        }
        sample_reads_check(readsCheckInput.rawreads, readsCheckInput.trimmed)
    
    emit:
        
        trimmed
        
    
}

workflow step_2AS_denovo__unicycler {
    
    take:
        
        data
        
    
    main:
        unicycler(data).scaffolds
        assembly_filter(unicycler.out.scaffolds).fasta | quast
        assembled = assembly_filter.out.fasta
    
    emit:
        
        assembled
        
    
}

workflow step_4TY_MLST__mlst {
    
    take:
        
        assembly
        
    
    main:
        mlst(assembly)
    
}

workflow step_4TY_cgMLST__chewbbaca {
    
    take:
        
        assembly
        
        genus_species
        
        schema
        
    
    main:
        chewbbaca_result = chewbbaca(assembly, genus_species, schema)
        hashing(chewbbaca_result.alleles)
        chewbbaca_check(chewbbaca_result.stats).check
    
}

workflow step_4AN_genes__prokka {
    
    take:
        
        data
        
    
    main:
        prokka(data)
    
}

workflow step_4AN_AMR__abricate {
    
    take:
        
        data
        
    
    main:
        abricate(data)
    
}

// --- ENTRYPOINT ---
workflow {
    trimmed = step_1PP_trimming__fastp(getSingleInput())
    wf_salmonella_typing_amr_annotation(trimmed)
}","nextflow.enable.dsl=2

include { getSingleInput; optionalOrDefault; param } from '../functions/parameters.nf'
include { step_1PP_trimming__fastp } from '../steps/step_1PP_trimming__fastp'
include { step_2AS_denovo__spades } from '../steps/step_2AS_denovo__spades'
include { step_4TY_MLST__mlst } from '../steps/step_4TY_MLST__mlst'
include { step_4TY_cgMLST__chewbbaca } from '../steps/step_4TY_cgMLST__chewbbaca'
include { step_4AN_genes__prokka } from '../steps/step_4AN_genes__prokka'
workflow {
    trimmed   = step_1PP_trimming__fastp(getSingleInput()).trimmed
    assembled = step_2AS_denovo__spades(trimmed).assembled
    step_4TY_MLST__mlst(assembled)
    step_4TY_cgMLST__chewbbaca(assembled, param('genus_species'), optionalOrDefault('schema', ''))
    step_4AN_genes__prokka(assembled)
}
"
"M03_mlst+abricate+prokka_eco","M03_mlst+abricate+prokka_eco","M03","Comprehensive typing+AMR+annotation pipeline for Escherichia coli from paired Illumina FASTQ: trim, assemble, then run mlst, abricate, prokka in parallel on the assembly.","Y","Y","none","","11","9","N","step_2AS_mapping__ivar, step_4TY_lineage__pangolin","step_1PP_trimming__fastp, step_2AS_denovo__spades, step_4AN_AMR__abricate, step_4AN_genes__prokka, step_4TY_MLST__mlst","","step_2AS_mapping__ivar, step_4TY_lineage__pangolin","step_2AS_mapping__ivar, step_4TY_lineage__pangolin","step_1PP_trimming__fastp, step_2AS_denovo__spades, step_4AN_AMR__abricate, step_4AN_genes__prokka, step_4TY_MLST__mlst","1003","44","2","2","8.8","Great! I'll set up the pipeline as follows:

1. **Trimming**: `step_1PP_trimming__fastp` for paired Illumina reads
2. **Assembly**: `step_2AS_denovo__spades` for de novo assembly
3. **Parallel Analysis**:
   - `step_4TY_MLST__mlst` for MLST typing
   - `step_4AN_AMR__abricate` for AMR detection
   -","nextflow.enable.dsl=2

// --- IMPORTS ---

include { step_2AS_mapping__ivar } from '../steps/step_2AS_mapping__ivar'

include { getSingleInput } from '../functions/parameters.nf'

include { step_4TY_lineage__pangolin } from '../steps/step_4TY_lineage__pangolin'

// --- GLOBALS ---

def referenceCode = 'NC_045512.2'

def referencePath = ""${params.assets_dir}/module_covid_emergency/NC_045512.fasta""

def referenceRiscd = '220308-020220308005121273-2AS_import-external'

// --- INLINE PROCESSES ---

// --- SUB WORKFLOWS ---

workflow module_covid_emergency {
    
    take:
        
        trimmed
        
    
    main:
        trimmed.multiMap {
            trimmed: it
            reference: [ referenceRiscd, referenceCode, file(referencePath) ]
        }.set { trAndRef }

        ivar_out = step_2AS_mapping__ivar(trAndRef.trimmed, trAndRef.reference)
        step_4TY_lineage__pangolin(ivar_out.consensus)
    
}

// --- ENTRYPOINT ---
workflow {
    module_covid_emergency(getSingleInput())
}","nextflow.enable.dsl=2

include { getSingleInput; optionalOrDefault; param } from '../functions/parameters.nf'
include { step_1PP_trimming__fastp } from '../steps/step_1PP_trimming__fastp'
include { step_2AS_denovo__spades } from '../steps/step_2AS_denovo__spades'
include { step_4TY_MLST__mlst } from '../steps/step_4TY_MLST__mlst'
include { step_4AN_AMR__abricate } from '../steps/step_4AN_AMR__abricate'
include { step_4AN_genes__prokka } from '../steps/step_4AN_genes__prokka'
workflow {
    trimmed   = step_1PP_trimming__fastp(getSingleInput()).trimmed
    assembled = step_2AS_denovo__spades(trimmed).assembled
    step_4TY_MLST__mlst(assembled)
    step_4AN_AMR__abricate(assembled)
    step_4AN_genes__prokka(assembled)
}
"
"M04_mlst+abricate+prokka_lis","M04_mlst+abricate+prokka_lis","M04","Comprehensive typing+AMR+annotation pipeline for Listeria monocytogenes from paired Illumina FASTQ: trim, assemble, then run mlst, abricate, prokka in parallel on the assembly.","N","N","no_code","http exception: HTTPConnectionPool(host='127.0.0.1', port=8765): Read timed out. (read timeout=180)","0","9","N","","step_1PP_trimming__fastp, step_2AS_denovo__spades, step_4AN_AMR__abricate, step_4AN_genes__prokka, step_4TY_MLST__mlst","","","","step_1PP_trimming__fastp, step_2AS_denovo__spades, step_4AN_AMR__abricate, step_4AN_genes__prokka, step_4TY_MLST__mlst","0","0","0","2","184.5","","","nextflow.enable.dsl=2

include { getSingleInput; optionalOrDefault; param } from '../functions/parameters.nf'
include { step_1PP_trimming__fastp } from '../steps/step_1PP_trimming__fastp'
include { step_2AS_denovo__spades } from '../steps/step_2AS_denovo__spades'
include { step_4TY_MLST__mlst } from '../steps/step_4TY_MLST__mlst'
include { step_4AN_AMR__abricate } from '../steps/step_4AN_AMR__abricate'
include { step_4AN_genes__prokka } from '../steps/step_4AN_genes__prokka'
workflow {
    trimmed   = step_1PP_trimming__fastp(getSingleInput()).trimmed
    assembled = step_2AS_denovo__spades(trimmed).assembled
    step_4TY_MLST__mlst(assembled)
    step_4AN_AMR__abricate(assembled)
    step_4AN_genes__prokka(assembled)
}
"
"M05_mlst+flaA+staramr_cam","M05_mlst+flaA+staramr_cam","M05","Comprehensive typing+AMR+annotation pipeline for Campylobacter jejuni from paired Illumina FASTQ: trim, assemble, then run mlst, flaA, staramr in parallel on the assembly.","N","N","no_code","http exception: HTTPConnectionPool(host='127.0.0.1', port=8765): Read timed out. (read timeout=180)","0","9","N","","step_1PP_trimming__fastp, step_2AS_denovo__spades, step_4AN_AMR__staramr, step_4TY_MLST__mlst, step_4TY_flaA__flaA","","","","step_1PP_trimming__fastp, step_2AS_denovo__spades, step_4AN_AMR__staramr, step_4TY_MLST__mlst, step_4TY_flaA__flaA","0","0","0","2","185.6","","","nextflow.enable.dsl=2

include { getSingleInput; optionalOrDefault; param } from '../functions/parameters.nf'
include { step_1PP_trimming__fastp } from '../steps/step_1PP_trimming__fastp'
include { step_2AS_denovo__spades } from '../steps/step_2AS_denovo__spades'
include { step_4TY_MLST__mlst } from '../steps/step_4TY_MLST__mlst'
include { step_4TY_flaA__flaA } from '../steps/step_4TY_flaA__flaA'
include { step_4AN_AMR__staramr } from '../steps/step_4AN_AMR__staramr'
workflow {
    trimmed   = step_1PP_trimming__fastp(getSingleInput()).trimmed
    assembled = step_2AS_denovo__spades(trimmed).assembled
    step_4TY_MLST__mlst(assembled)
    step_4TY_flaA__flaA(assembled, param('genus_species'))
    step_4AN_AMR__staramr(assembled, param('genus_species'))
}
"
"M06_mlst+flaA+abricate_cam","M06_mlst+flaA+abricate_cam","M06","Comprehensive typing+AMR+annotation pipeline for Campylobacter jejuni from paired Illumina FASTQ: trim, assemble, then run mlst, flaA, abricate in parallel on the assembly.","Y","N","silent_no_op","No process placeholders appeared. when: clause filtered everything?","0","9","Y","","","","step_1PP_trimming__fastp, step_2AS_denovo__spades, step_4AN_AMR__abricate, step_4TY_MLST__mlst, step_4TY_flaA__flaA","step_4TY_MLST__mlst, step_4TY_flaA__flaA, step_4AN_AMR__abricate, step_1PP_trimming__fastp, step_2AS_denovo__spades","step_1PP_trimming__fastp, step_2AS_denovo__spades, step_4AN_AMR__abricate, step_4TY_MLST__mlst, step_4TY_flaA__flaA","1028","44","5","2","152.9","Great! I'll proceed with the pipeline for Campylobacter jejuni using the following steps:

1. **Trimming**: fastp (`step_1PP_trimming__fastp`)
2. **Assembly**: SPAdes (`step_2AS_denovo__spades`)
3. **Parallel analysis on assembly**:
   - MLST typing (`step_4TY_MLST__mlst`)
   - flaA typing (`step_4T","nextflow.enable.dsl=2

// --- IMPORTS ---

include { step_4TY_MLST__mlst } from '../steps/step_4TY_MLST__mlst'

include { step_4TY_flaA__flaA } from '../steps/step_4TY_flaA__flaA'

include { step_4AN_AMR__abricate } from '../steps/step_4AN_AMR__abricate'

include { step_2AS_denovo__spades } from '../steps/step_2AS_denovo__spades'

include { getSingleInput } from '../functions/parameters.nf'

include { step_1PP_trimming__fastp } from '../steps/step_1PP_trimming__fastp'

// --- GLOBALS ---

def genusSpecies = 'Campylobacter jejuni'

// --- INLINE PROCESSES ---

// --- SUB WORKFLOWS ---

workflow wf_typing_amr_annotation {
    
    take:
        
        assembly
        
    
    main:
        step_4TY_MLST__mlst(assembly)
        step_4TY_flaA__flaA(assembly, genusSpecies)
        step_4AN_AMR__abricate(assembly)
    
}

// --- ENTRYPOINT ---
workflow {
    trimmed = step_1PP_trimming__fastp(getSingleInput()).trimmed
    assembly = step_2AS_denovo__spades(trimmed).assembled
    wf_typing_amr_annotation(assembly)
}","nextflow.enable.dsl=2

include { getSingleInput; optionalOrDefault; param } from '../functions/parameters.nf'
include { step_1PP_trimming__fastp } from '../steps/step_1PP_trimming__fastp'
include { step_2AS_denovo__spades } from '../steps/step_2AS_denovo__spades'
include { step_4TY_MLST__mlst } from '../steps/step_4TY_MLST__mlst'
include { step_4TY_flaA__flaA } from '../steps/step_4TY_flaA__flaA'
include { step_4AN_AMR__abricate } from '../steps/step_4AN_AMR__abricate'
workflow {
    trimmed   = step_1PP_trimming__fastp(getSingleInput()).trimmed
    assembled = step_2AS_denovo__spades(trimmed).assembled
    step_4TY_MLST__mlst(assembled)
    step_4TY_flaA__flaA(assembled, param('genus_species'))
    step_4AN_AMR__abricate(assembled)
}
"
"M07_flaA+staramr+prokka_cam","M07_flaA+staramr+prokka_cam","M07","Comprehensive typing+AMR+annotation pipeline for Campylobacter jejuni from paired Illumina FASTQ: trim, assemble, then run flaA, staramr, prokka in parallel on the assembly.","Y","Y","none","","9","9","Y","","","","step_1PP_trimming__fastp, step_2AS_denovo__spades, step_4AN_AMR__staramr, step_4AN_genes__prokka, step_4TY_flaA__flaA","step_4TY_flaA__flaA, step_4AN_AMR__staramr, step_4AN_genes__prokka, step_1PP_trimming__fastp, step_2AS_denovo__spades","step_1PP_trimming__fastp, step_2AS_denovo__spades, step_4AN_AMR__staramr, step_4AN_genes__prokka, step_4TY_flaA__flaA","1170","46","5","2","13.3","Great! I'll proceed with the following pipeline for Campylobacter jejuni from paired Illumina FASTQ:

1. **Trimming**: `step_1PP_trimming__fastp` (for paired-end reads)
2. **Assembly**: `step_2AS_denovo__spades` (best for Illumina)
3. **Parallel analysis on assembly**:
   - `step_4TY_flaA__flaA` (fo","nextflow.enable.dsl=2

// --- IMPORTS ---

include { step_4TY_flaA__flaA } from '../steps/step_4TY_flaA__flaA'

include { step_4AN_AMR__staramr } from '../steps/step_4AN_AMR__staramr'

include { step_2AS_denovo__spades } from '../steps/step_2AS_denovo__spades'

include { getEmpty } from '../functions/common.nf'

include { getSingleInput } from '../functions/parameters.nf'

include { step_4AN_genes__prokka } from '../steps/step_4AN_genes__prokka'

include { step_1PP_trimming__fastp } from '../steps/step_1PP_trimming__fastp'

// --- GLOBALS ---

def genus_species = 'Campylobacter jejuni'

// --- INLINE PROCESSES ---

// --- SUB WORKFLOWS ---

workflow wf_campylobacter_analysis {
    
    take:
        
        assembled
        
    
    main:
        step_4TY_flaA__flaA(assembled, genus_species)
        step_4AN_AMR__staramr(assembled, genus_species)
        step_4AN_genes__prokka(assembled.map { [ it[0], it[1], 'Bacteria', '-', '-', getEmpty() ] })
    
}

// --- ENTRYPOINT ---
workflow {
    trimmed = step_1PP_trimming__fastp(getSingleInput()).trimmed
    assembled = step_2AS_denovo__spades(trimmed).assembled
    wf_campylobacter_analysis(assembled)
}","nextflow.enable.dsl=2

include { getSingleInput; optionalOrDefault; param } from '../functions/parameters.nf'
include { step_1PP_trimming__fastp } from '../steps/step_1PP_trimming__fastp'
include { step_2AS_denovo__spades } from '../steps/step_2AS_denovo__spades'
include { step_4TY_flaA__flaA } from '../steps/step_4TY_flaA__flaA'
include { step_4AN_AMR__staramr } from '../steps/step_4AN_AMR__staramr'
include { step_4AN_genes__prokka } from '../steps/step_4AN_genes__prokka'
workflow {
    trimmed   = step_1PP_trimming__fastp(getSingleInput()).trimmed
    assembled = step_2AS_denovo__spades(trimmed).assembled
    step_4TY_flaA__flaA(assembled, param('genus_species'))
    step_4AN_AMR__staramr(assembled, param('genus_species'))
    step_4AN_genes__prokka(assembled)
}
"
"M08_mlst+staramr+prokka_cam","M08_mlst+staramr+prokka_cam","M08","Comprehensive typing+AMR+annotation pipeline for Campylobacter jejuni from paired Illumina FASTQ: trim, assemble, then run mlst, staramr, prokka in parallel on the assembly.","Y","Y","none","","11","9","N","step_2AS_mapping__ivar, step_4TY_lineage__pangolin","step_1PP_trimming__fastp, step_2AS_denovo__spades, step_4AN_AMR__staramr, step_4AN_genes__prokka, step_4TY_MLST__mlst","","step_2AS_mapping__ivar, step_4TY_lineage__pangolin","step_2AS_mapping__ivar, step_4TY_lineage__pangolin","step_1PP_trimming__fastp, step_2AS_denovo__spades, step_4AN_AMR__staramr, step_4AN_genes__prokka, step_4TY_MLST__mlst","1003","44","2","2","10.3","Great! I'll proceed with the pipeline as discussed. Here's the plan:

1. **Trimming**: Use `step_1PP_trimming__fastp` for paired Illumina reads
2. **Assembly**: Use `step_2AS_denovo__spades` on the trimmed reads
3. **Parallel Analysis on Assembly**:
   - MLST typing: `step_4TY_MLST__mlst`
   - AMR p","nextflow.enable.dsl=2

// --- IMPORTS ---

include { step_2AS_mapping__ivar } from '../steps/step_2AS_mapping__ivar'

include { getSingleInput } from '../functions/parameters.nf'

include { step_4TY_lineage__pangolin } from '../steps/step_4TY_lineage__pangolin'

// --- GLOBALS ---

def referenceCode = 'NC_045512.2'

def referencePath = ""${params.assets_dir}/module_covid_emergency/NC_045512.fasta""

def referenceRiscd = '220308-020220308005121273-2AS_import-external'

// --- INLINE PROCESSES ---

// --- SUB WORKFLOWS ---

workflow module_covid_emergency {
    
    take:
        
        trimmed
        
    
    main:
        trimmed.multiMap {
            trimmed: it
            reference: [ referenceRiscd, referenceCode, file(referencePath) ]
        }.set { trAndRef }

        ivar_out = step_2AS_mapping__ivar(trAndRef.trimmed, trAndRef.reference)
        step_4TY_lineage__pangolin(ivar_out.consensus)
    
}

// --- ENTRYPOINT ---
workflow {
    module_covid_emergency(getSingleInput())
}","nextflow.enable.dsl=2

include { getSingleInput; optionalOrDefault; param } from '../functions/parameters.nf'
include { step_1PP_trimming__fastp } from '../steps/step_1PP_trimming__fastp'
include { step_2AS_denovo__spades } from '../steps/step_2AS_denovo__spades'
include { step_4TY_MLST__mlst } from '../steps/step_4TY_MLST__mlst'
include { step_4AN_AMR__staramr } from '../steps/step_4AN_AMR__staramr'
include { step_4AN_genes__prokka } from '../steps/step_4AN_genes__prokka'
workflow {
    trimmed   = step_1PP_trimming__fastp(getSingleInput()).trimmed
    assembled = step_2AS_denovo__spades(trimmed).assembled
    step_4TY_MLST__mlst(assembled)
    step_4AN_AMR__staramr(assembled, param('genus_species'))
    step_4AN_genes__prokka(assembled)
}
"
"M09_chewbbaca+abricate+prokka_lis","M09_chewbbaca+abricate+prokka_lis","M09","Comprehensive typing+AMR+annotation pipeline for Listeria monocytogenes from paired Illumina FASTQ: trim, assemble, then run chewbbaca, abricate, prokka in parallel on the assembly.","Y","Y","none","","11","11","N","step_2AS_denovo__unicycler","step_2AS_denovo__spades","","step_1PP_trimming__fastp, step_2AS_denovo__unicycler, step_4AN_AMR__abricate, step_4AN_genes__prokka, step_4TY_cgMLST__chewbbaca","step_4TY_cgMLST__chewbbaca, step_4AN_AMR__abricate, step_4AN_genes__prokka, step_1PP_trimming__fastp, step_2AS_denovo__unicycler","step_1PP_trimming__fastp, step_2AS_denovo__spades, step_4AN_AMR__abricate, step_4AN_genes__prokka, step_4TY_cgMLST__chewbbaca","1385","53","5","2","9.4","Great! I'll build the pipeline as discussed. Here's the plan:

1. **Trimming**: Use `step_1PP_trimming__fastp` for paired-end Illumina reads
2. **Assembly**: Use `step_2AS_denovo__unicycler` for high-quality assembly
3. **Parallel Analysis**:
   - `step_4TY_cgMLST__chewbbaca` for cgMLST typing
   - ","nextflow.enable.dsl=2

// --- IMPORTS ---

include { step_4AN_AMR__abricate } from '../steps/step_4AN_AMR__abricate'

include { step_4TY_cgMLST__chewbbaca } from '../steps/step_4TY_cgMLST__chewbbaca'

include { getEmpty } from '../functions/common.nf'

include { step_2AS_denovo__unicycler } from '../steps/step_2AS_denovo__unicycler'

include { getSingleInput } from '../functions/parameters.nf'

include { step_4AN_genes__prokka } from '../steps/step_4AN_genes__prokka'

include { step_1PP_trimming__fastp } from '../steps/step_1PP_trimming__fastp'

// --- GLOBALS ---

def genus_species = 'listeria_monocytogenes'

def schema = 'l_mono_chewie_1748_220623'

// --- INLINE PROCESSES ---

// --- SUB WORKFLOWS ---

workflow wf_listeria_typing_amr_annotation {
    
    take:
        
        assembly
        
    
    main:
        assembly.multiMap {
          assembly: it
          genus_species: genus_species
          schema: schema
        }.set { prep }
        step_4TY_cgMLST__chewbbaca(prep.assembly, prep.genus_species, prep.schema)
        step_4AN_AMR__abricate(assembly)
        step_4AN_genes__prokka(assembly.map { [ it[0], it[1], 'Bacteria', '-', '-', getEmpty() ] })
    
}

// --- ENTRYPOINT ---
workflow {
    trimmed = step_1PP_trimming__fastp(getSingleInput())
    assembly = step_2AS_denovo__unicycler(trimmed)
    wf_listeria_typing_amr_annotation(assembly)
}","nextflow.enable.dsl=2

include { getSingleInput; optionalOrDefault; param } from '../functions/parameters.nf'
include { step_1PP_trimming__fastp } from '../steps/step_1PP_trimming__fastp'
include { step_2AS_denovo__spades } from '../steps/step_2AS_denovo__spades'
include { step_4TY_cgMLST__chewbbaca } from '../steps/step_4TY_cgMLST__chewbbaca'
include { step_4AN_AMR__abricate } from '../steps/step_4AN_AMR__abricate'
include { step_4AN_genes__prokka } from '../steps/step_4AN_genes__prokka'
workflow {
    trimmed   = step_1PP_trimming__fastp(getSingleInput()).trimmed
    assembled = step_2AS_denovo__spades(trimmed).assembled
    step_4TY_cgMLST__chewbbaca(assembled, param('genus_species'), optionalOrDefault('schema', ''))
    step_4AN_AMR__abricate(assembled)
    step_4AN_genes__prokka(assembled)
}
"
"M10_chewbbaca+abricate+prokka_eco","M10_chewbbaca+abricate+prokka_eco","M10","Comprehensive typing+AMR+annotation pipeline for Escherichia coli from paired Illumina FASTQ: trim, assemble, then run chewbbaca, abricate, prokka in parallel on the assembly.","Y","N","silent_no_op","No process placeholders appeared. when: clause filtered everything?","0","11","Y","","","","step_1PP_trimming__fastp, step_2AS_denovo__spades, step_4AN_AMR__abricate, step_4AN_genes__prokka, step_4TY_cgMLST__chewbbaca","step_2AS_denovo__spades, step_4TY_cgMLST__chewbbaca, step_4AN_AMR__abricate, step_4AN_genes__prokka, step_1PP_trimming__fastp","step_1PP_trimming__fastp, step_2AS_denovo__spades, step_4AN_AMR__abricate, step_4AN_genes__prokka, step_4TY_cgMLST__chewbbaca","1295","53","5","2","11.2","Great! I'll proceed with the following pipeline for your Escherichia coli analysis:

1. **Trimming**: Fastp (`step_1PP_trimming__fastp`)
2. **Assembly**: SPAdes (`step_2AS_denovo__spades`)
3. **Parallel Analysis**:
   - ChewBBACA (`step_4TY_cgMLST__chewbbaca`) for cgMLST typing
   - Abricate (`step_","nextflow.enable.dsl=2

// --- IMPORTS ---

include { step_4AN_AMR__abricate } from '../steps/step_4AN_AMR__abricate'

include { step_4TY_cgMLST__chewbbaca } from '../steps/step_4TY_cgMLST__chewbbaca'

include { step_2AS_denovo__spades } from '../steps/step_2AS_denovo__spades'

include { getSingleInput } from '../functions/parameters.nf'

include { step_4AN_genes__prokka } from '../steps/step_4AN_genes__prokka'

include { step_1PP_trimming__fastp } from '../steps/step_1PP_trimming__fastp'

// --- GLOBALS ---

def genus_species = 'Escherichia coli'

def schema = 'e_coli_chewie_2360_210531'

// --- INLINE PROCESSES ---

// --- SUB WORKFLOWS ---

workflow wf_ecoli_typing_amr_annotation {
    
    take:
        
        trimmed
        
    
    main:
        trimmed.multiMap {
            trimmed: it
            genus_species: genus_species
            schema: schema
        }.set { prep }

        assembled = step_2AS_denovo__spades(prep.trimmed)

        step_4TY_cgMLST__chewbbaca(assembled.assembled, prep.genus_species, prep.schema)
        step_4AN_AMR__abricate(assembled.assembled)
        step_4AN_genes__prokka(assembled.assembled)
    
}

// --- ENTRYPOINT ---
workflow {
    trimmed = step_1PP_trimming__fastp(getSingleInput())
    wf_ecoli_typing_amr_annotation(trimmed)
}","nextflow.enable.dsl=2

include { getSingleInput; optionalOrDefault; param } from '../functions/parameters.nf'
include { step_1PP_trimming__fastp } from '../steps/step_1PP_trimming__fastp'
include { step_2AS_denovo__spades } from '../steps/step_2AS_denovo__spades'
include { step_4TY_cgMLST__chewbbaca } from '../steps/step_4TY_cgMLST__chewbbaca'
include { step_4AN_AMR__abricate } from '../steps/step_4AN_AMR__abricate'
include { step_4AN_genes__prokka } from '../steps/step_4AN_genes__prokka'
workflow {
    trimmed   = step_1PP_trimming__fastp(getSingleInput()).trimmed
    assembled = step_2AS_denovo__spades(trimmed).assembled
    step_4TY_cgMLST__chewbbaca(assembled, param('genus_species'), optionalOrDefault('schema', ''))
    step_4AN_AMR__abricate(assembled)
    step_4AN_genes__prokka(assembled)
}
"
"N01_canonical_mlst_lis","N01_canonical_mlst_lis","N01","Canonical bacterial typing pipeline (fastp + SPAdes + mlst) on paired Illumina FASTQ of Listeria monocytogenes.","Y","N","silent_no_op","No process placeholders appeared. when: clause filtered everything?","0","7","Y","","","","step_1PP_trimming__fastp, step_2AS_denovo__spades, step_4TY_MLST__mlst","step_2AS_denovo__spades, step_4TY_MLST__mlst, step_1PP_trimming__fastp","step_1PP_trimming__fastp, step_2AS_denovo__spades, step_4TY_MLST__mlst","722","36","3","2","7.8","Great! I'll proceed with the canonical bacterial typing pipeline for your Listeria monocytogenes paired Illumina FASTQ data. The pipeline will include:

1. **Trimming**: `step_1PP_trimming__fastp`
2. **Assembly**: `step_2AS_denovo__spades`
3. **MLST Typing**: `step_4TY_MLST__mlst`

This will provide","nextflow.enable.dsl=2

// --- IMPORTS ---

include { step_2AS_denovo__spades } from '../steps/step_2AS_denovo__spades'

include { step_1PP_trimming__fastp } from '../steps/step_1PP_trimming__fastp'

include { getSingleInput } from '../functions/parameters.nf'

include { step_4TY_MLST__mlst } from '../steps/step_4TY_MLST__mlst'

// --- GLOBALS ---

// --- INLINE PROCESSES ---

// --- SUB WORKFLOWS ---

workflow wf_bacterial_typing {
    
    take:
        
        trimmed
        
    
    main:
        assembly = step_2AS_denovo__spades(trimmed)
        step_4TY_MLST__mlst(assembly)
    
}

// --- ENTRYPOINT ---
workflow {
    trimmed = step_1PP_trimming__fastp(getSingleInput())
    wf_bacterial_typing(trimmed)
}","nextflow.enable.dsl=2

include { getSingleInput; optionalOrDefault; param } from '../functions/parameters.nf'
include { step_1PP_trimming__fastp } from '../steps/step_1PP_trimming__fastp'
include { step_2AS_denovo__spades } from '../steps/step_2AS_denovo__spades'
include { step_4TY_MLST__mlst } from '../steps/step_4TY_MLST__mlst'
workflow {
    trimmed   = step_1PP_trimming__fastp(getSingleInput()).trimmed
    assembled = step_2AS_denovo__spades(trimmed).assembled
    step_4TY_MLST__mlst(assembled)
}
"
"N02_canonical_mlst_eco","N02_canonical_mlst_eco","N02","Canonical bacterial typing pipeline (fastp + SPAdes + mlst) on paired Illumina FASTQ of Escherichia coli.","Y","N","silent_no_op","No process placeholders appeared. when: clause filtered everything?","0","7","Y","","","","step_1PP_trimming__fastp, step_2AS_denovo__spades, step_4TY_MLST__mlst","step_1PP_trimming__fastp, step_2AS_denovo__spades, step_4TY_MLST__mlst","step_1PP_trimming__fastp, step_2AS_denovo__spades, step_4TY_MLST__mlst","786","36","3","2","7.1","Great! I'll proceed with the pipeline using fastp for trimming, SPAdes for assembly, and MLST for typing of your Escherichia coli Illumina reads.","nextflow.enable.dsl=2

// --- IMPORTS ---

include { step_2AS_denovo__spades } from '../steps/step_2AS_denovo__spades'

include { step_1PP_trimming__fastp } from '../steps/step_1PP_trimming__fastp'

include { getSingleInput } from '../functions/parameters.nf'

include { step_4TY_MLST__mlst } from '../steps/step_4TY_MLST__mlst'

// --- GLOBALS ---

// --- INLINE PROCESSES ---

// --- SUB WORKFLOWS ---

workflow wf_trimming_assembly_mlst {
    
    take:
        
        paired_illumina_fastq
        
    
    main:
        trimmed = step_1PP_trimming__fastp(paired_illumina_fastq).trimmed
        assembled = step_2AS_denovo__spades(trimmed).assembled
        step_4TY_MLST__mlst(assembled)
    
}

// --- ENTRYPOINT ---
workflow {
    wf_trimming_assembly_mlst(getSingleInput())
}","nextflow.enable.dsl=2

include { getSingleInput; optionalOrDefault; param } from '../functions/parameters.nf'
include { step_1PP_trimming__fastp } from '../steps/step_1PP_trimming__fastp'
include { step_2AS_denovo__spades } from '../steps/step_2AS_denovo__spades'
include { step_4TY_MLST__mlst } from '../steps/step_4TY_MLST__mlst'
workflow {
    trimmed   = step_1PP_trimming__fastp(getSingleInput()).trimmed
    assembled = step_2AS_denovo__spades(trimmed).assembled
    step_4TY_MLST__mlst(assembled)
}
"
"N03_canonical_mlst_sal","N03_canonical_mlst_sal","N03","Canonical bacterial typing pipeline (fastp + SPAdes + mlst) on paired Illumina FASTQ of Salmonella enterica.","Y","N","silent_no_op","No process placeholders appeared. when: clause filtered everything?","0","7","Y","","","","step_1PP_trimming__fastp, step_2AS_denovo__spades, step_4TY_MLST__mlst","step_2AS_denovo__spades, step_4TY_MLST__mlst, step_1PP_trimming__fastp","step_1PP_trimming__fastp, step_2AS_denovo__spades, step_4TY_MLST__mlst","724","36","3","2","7.3","Great! I will proceed with the pipeline using fastp for trimming, SPAdes for assembly, and MLST for typing of your Salmonella enterica samples. Here is the detailed plan:

1. **Preprocessing**: Use `step_1PP_trimming__fastp` to trim and quality-control the paired Illumina FASTQ reads.
2. **Assembly*","nextflow.enable.dsl=2

// --- IMPORTS ---

include { step_2AS_denovo__spades } from '../steps/step_2AS_denovo__spades'

include { step_1PP_trimming__fastp } from '../steps/step_1PP_trimming__fastp'

include { getSingleInput } from '../functions/parameters.nf'

include { step_4TY_MLST__mlst } from '../steps/step_4TY_MLST__mlst'

// --- GLOBALS ---

// --- INLINE PROCESSES ---

// --- SUB WORKFLOWS ---

workflow wf_bacterial_typing {
    
    take:
        
        trimmed
        
    
    main:
        assembled = step_2AS_denovo__spades(trimmed)
        step_4TY_MLST__mlst(assembled)
    
}

// --- ENTRYPOINT ---
workflow {
    trimmed = step_1PP_trimming__fastp(getSingleInput())
    wf_bacterial_typing(trimmed)
}","nextflow.enable.dsl=2

include { getSingleInput; optionalOrDefault; param } from '../functions/parameters.nf'
include { step_1PP_trimming__fastp } from '../steps/step_1PP_trimming__fastp'
include { step_2AS_denovo__spades } from '../steps/step_2AS_denovo__spades'
include { step_4TY_MLST__mlst } from '../steps/step_4TY_MLST__mlst'
workflow {
    trimmed   = step_1PP_trimming__fastp(getSingleInput()).trimmed
    assembled = step_2AS_denovo__spades(trimmed).assembled
    step_4TY_MLST__mlst(assembled)
}
"
"N04_canonical_mlst_cam","N04_canonical_mlst_cam","N04","Canonical bacterial typing pipeline (fastp + SPAdes + mlst) on paired Illumina FASTQ of Campylobacter jejuni.","Y","N","silent_no_op","No process placeholders appeared. when: clause filtered everything?","0","7","N","","step_2AS_denovo__spades","","step_1PP_trimming__fastp, step_4TY_MLST__mlst","step_1PP_trimming__fastp, step_4TY_MLST__mlst","step_1PP_trimming__fastp, step_2AS_denovo__spades, step_4TY_MLST__mlst","848","43","2","2","11.3","Great! I'll proceed with the pipeline using:
1. `step_1PP_trimming__fastp` for trimming Illumina paired-end reads
2. `step_2AS_denovo__spades` for de novo assembly
3. `step_4TY_MLST__mlst` for MLST typing

This will be a custom pipeline since there isn't an exact template for this combination. I'll ","nextflow.enable.dsl=2

// --- IMPORTS ---

include { step_1PP_trimming__fastp } from '../steps/step_1PP_trimming__fastp'

include { getSingleInput } from '../functions/parameters.nf'

include { step_4TY_MLST__mlst } from '../steps/step_4TY_MLST__mlst'

// --- GLOBALS ---

def organism = 'Campylobacter jejuni'

// --- INLINE PROCESSES ---

// --- SUB WORKFLOWS ---

workflow module_surveillance {
    
    take:
        
        trimmed
        
    
    main:
        denovo(trimmed)
        assembly_filter(denovo.out.scaffolds).fasta | quast
        assembled = assembly_filter.out.fasta
    
    emit:
        
        assembled
        
    
}

// --- ENTRYPOINT ---
workflow {
    trimmed = step_1PP_trimming__fastp(getSingleInput()).trimmed
    module_surveillance(trimmed)
    step_4TY_MLST__mlst(module_surveillance.assembled, organism)
}","nextflow.enable.dsl=2

include { getSingleInput; optionalOrDefault; param } from '../functions/parameters.nf'
include { step_1PP_trimming__fastp } from '../steps/step_1PP_trimming__fastp'
include { step_2AS_denovo__spades } from '../steps/step_2AS_denovo__spades'
include { step_4TY_MLST__mlst } from '../steps/step_4TY_MLST__mlst'
workflow {
    trimmed   = step_1PP_trimming__fastp(getSingleInput()).trimmed
    assembled = step_2AS_denovo__spades(trimmed).assembled
    step_4TY_MLST__mlst(assembled)
}
"
"N05_canonical_cgmlst_lis","N05_canonical_cgmlst_lis","N05","Standard cgMLST pipeline (fastp + SPAdes + chewbbaca) on paired Illumina FASTQ of Listeria monocytogenes.","Y","N","silent_no_op","No process placeholders appeared. when: clause filtered everything?","0","9","Y","","","","","step_1PP_trimming__fastp, step_2AS_denovo__spades, step_4TY_cgMLST__chewbbaca","step_1PP_trimming__fastp, step_2AS_denovo__spades, step_4TY_cgMLST__chewbbaca","1901","85","3","2","56.3","Great! I'll set up the pipeline with fastp trimming, SPAdes assembly, and chewBBACA cgMLST typing for your Listeria monocytogenes paired Illumina reads. I'll proceed with the implementation.","nextflow.enable.dsl=2

// --- IMPORTS ---

include { getSingleInput; optionalOrDefault; param } from '../functions/parameters.nf'

include { extractKey } from '../functions/common.nf'

// --- GLOBALS ---

def SPECIES_SCHEMA = ['listeria_monocytogenes', 'escherichia_coli', 'salmonella_enterica']

def SCHEMAS = ['/schemas/Listeria_monocytogenes_Pasteur_cgMLST_2022-06-23T18_03_54.613576.zip', '/schemas/Escherichia_coli_INNUENDO_wgMLST_2021-05-31T14_24_05.304225.zip', '/schemas/Salmonella_enterica_INNUENDO_cgMLST_2021-05-31T20_28_21.350919.zip']

// --- INLINE PROCESSES ---

// --- SUB WORKFLOWS ---

workflow step_1PP_trimming__fastp {
    
    take:
        
        rawreads
        
    
    main:
        trimmed = fastp(rawreads).trimmed

        fastqc(trimmed)
        readsCheckInput = rawreads.cross(trimmed) { extractKey(it) }.multiMap {
          rawreads: it[0]
          trimmed: it[1]
        }
        sample_reads_check(readsCheckInput.rawreads, readsCheckInput.trimmed)
    
    emit:
        
        trimmed
        
    
}

workflow step_2AS_denovo__spades {
    
    take:
        
        data
        
    
    main:
        denovo(data)
        assembly_filter(denovo.out.scaffolds).fasta | quast
        assembled = assembly_filter.out.fasta
    
    emit:
        
        assembled
        
    
}

workflow step_4TY_cgMLST__chewbbaca {
    
    take:
        
        assembly
        
        genus_species
        
        schema
        
    
    main:
        chewbbaca_result = chewbbaca(assembly, genus_species, schema)
        hashing(chewbbaca_result.alleles)
        chewbbaca_check(chewbbaca_result.stats).check
    
}

// --- ENTRYPOINT ---
workflow {
    trimmed = step_1PP_trimming__fastp(getSingleInput())
    assembled = step_2AS_denovo__spades(trimmed)
    step_4TY_cgMLST__chewbbaca(assembled, param('genus_species'), optionalOrDefault('schema', ''))
}","nextflow.enable.dsl=2

include { getSingleInput; optionalOrDefault; param } from '../functions/parameters.nf'
include { step_1PP_trimming__fastp } from '../steps/step_1PP_trimming__fastp'
include { step_2AS_denovo__spades } from '../steps/step_2AS_denovo__spades'
include { step_4TY_cgMLST__chewbbaca } from '../steps/step_4TY_cgMLST__chewbbaca'
workflow {
    trimmed   = step_1PP_trimming__fastp(getSingleInput()).trimmed
    assembled = step_2AS_denovo__spades(trimmed).assembled
    step_4TY_cgMLST__chewbbaca(assembled, param('genus_species'), optionalOrDefault('schema', ''))
}
"
"N06_canonical_cgmlst_eco","N06_canonical_cgmlst_eco","N06","Standard cgMLST pipeline (fastp + SPAdes + chewbbaca) on paired Illumina FASTQ of Escherichia coli.","Y","N","silent_no_op","No process placeholders appeared. when: clause filtered everything?","0","9","Y","","","","step_1PP_trimming__fastp, step_2AS_denovo__spades, step_4TY_cgMLST__chewbbaca","step_1PP_trimming__fastp, step_2AS_denovo__spades, step_4TY_cgMLST__chewbbaca","step_1PP_trimming__fastp, step_2AS_denovo__spades, step_4TY_cgMLST__chewbbaca","880","40","3","2","16.1","Great! I'll proceed with the pipeline using fastp for trimming, SPAdes for assembly, and chewbbaca for cgMLST typing of Escherichia coli. I'll set up the pipeline now.","nextflow.enable.dsl=2

// --- IMPORTS ---

include { step_2AS_denovo__spades } from '../steps/step_2AS_denovo__spades'

include { step_4TY_cgMLST__chewbbaca } from '../steps/step_4TY_cgMLST__chewbbaca'

include { step_1PP_trimming__fastp } from '../steps/step_1PP_trimming__fastp'

include { getSingleInput } from '../functions/parameters.nf'

// --- GLOBALS ---

def genusSpecies = 'Escherichia coli'

def schema = 'e_coli_chewie_2360_210531'

// --- INLINE PROCESSES ---

// --- SUB WORKFLOWS ---

workflow wf_trim_assemble_typing {
    
    take:
        
        rawreads
        
    
    main:
        trimmed = step_1PP_trimming__fastp(rawreads).trimmed
        assembled = step_2AS_denovo__spades(trimmed).assembled
        step_4TY_cgMLST__chewbbaca(assembled, genusSpecies, schema)
    
}

// --- ENTRYPOINT ---
workflow {
    wf_trim_assemble_typing(getSingleInput())
}","nextflow.enable.dsl=2

include { getSingleInput; optionalOrDefault; param } from '../functions/parameters.nf'
include { step_1PP_trimming__fastp } from '../steps/step_1PP_trimming__fastp'
include { step_2AS_denovo__spades } from '../steps/step_2AS_denovo__spades'
include { step_4TY_cgMLST__chewbbaca } from '../steps/step_4TY_cgMLST__chewbbaca'
workflow {
    trimmed   = step_1PP_trimming__fastp(getSingleInput()).trimmed
    assembled = step_2AS_denovo__spades(trimmed).assembled
    step_4TY_cgMLST__chewbbaca(assembled, param('genus_species'), optionalOrDefault('schema', ''))
}
"
"N07_canonical_cgmlst_sal","N07_canonical_cgmlst_sal","N07","Standard cgMLST pipeline (fastp + SPAdes + chewbbaca) on paired Illumina FASTQ of Salmonella enterica.","Y","Y","none","","9","9","Y","","","","step_1PP_trimming__fastp, step_2AS_denovo__spades, step_4TY_cgMLST__chewbbaca","step_1PP_trimming__fastp, step_2AS_denovo__spades, step_4TY_cgMLST__chewbbaca","step_1PP_trimming__fastp, step_2AS_denovo__spades, step_4TY_cgMLST__chewbbaca","887","40","3","2","8.0","Great! I'll proceed with the pipeline using the following steps:

1. **Trimming**: `step_1PP_trimming__fastp` (for paired Illumina reads)
2. **Assembly**: `step_2AS_denovo__spades` (for de novo assembly)
3. **cgMLST Typing**: `step_4TY_cgMLST__chewbbaca` (for Salmonella enterica)

This will be built","nextflow.enable.dsl=2

// --- IMPORTS ---

include { step_2AS_denovo__spades } from '../steps/step_2AS_denovo__spades'

include { step_4TY_cgMLST__chewbbaca } from '../steps/step_4TY_cgMLST__chewbbaca'

include { step_1PP_trimming__fastp } from '../steps/step_1PP_trimming__fastp'

include { getSingleInput } from '../functions/parameters.nf'

// --- GLOBALS ---

def genus_species = 'Salmonella enterica'

def schema = 's_enterica_chewie_3255_210531'

// --- INLINE PROCESSES ---

// --- SUB WORKFLOWS ---

workflow wf_trim_assemble_cgmlst {
    
    take:
        
        rawreads
        
    
    main:
        trimmed = step_1PP_trimming__fastp(rawreads).trimmed
        assembly = step_2AS_denovo__spades(trimmed).assembled
        step_4TY_cgMLST__chewbbaca(assembly, genus_species, schema)
    
}

// --- ENTRYPOINT ---
workflow {
    wf_trim_assemble_cgmlst(getSingleInput())
}","nextflow.enable.dsl=2

include { getSingleInput; optionalOrDefault; param } from '../functions/parameters.nf'
include { step_1PP_trimming__fastp } from '../steps/step_1PP_trimming__fastp'
include { step_2AS_denovo__spades } from '../steps/step_2AS_denovo__spades'
include { step_4TY_cgMLST__chewbbaca } from '../steps/step_4TY_cgMLST__chewbbaca'
workflow {
    trimmed   = step_1PP_trimming__fastp(getSingleInput()).trimmed
    assembled = step_2AS_denovo__spades(trimmed).assembled
    step_4TY_cgMLST__chewbbaca(assembled, param('genus_species'), optionalOrDefault('schema', ''))
}
"
"NA01_mlst_cam_assembly","NA01_mlst_cam_assembly","NA01","Run mlst on a pre-existing Campylobacter jejuni assembly.","Y","N","file_not_found","WARN: file not found: '/mnt/data/cohesive_llm_bench_scratch/_shared_inputdir/2026/2026.CAM.128.1.1/2AS_import/DS99999-DT260224_external/result/*.fasta'","0","1","Y","","","","","step_4TY_MLST__mlst","step_4TY_MLST__mlst","383","28","1","2","7.5","Great! I'll create a minimal pipeline that runs MLST on your existing Campylobacter jejuni assembly. This will use the `step_4TY_MLST__mlst` component from the RAG context.

Here's the plan:
1. Take the pre-existing Campylobacter jejuni assembly as input
2. Run MLST typing using `step_4TY_MLST__mlst","nextflow.enable.dsl=2

// --- IMPORTS ---

include { getSingleInput } from '../functions/parameters.nf'

// --- GLOBALS ---

// --- INLINE PROCESSES ---

// --- SUB WORKFLOWS ---

workflow step_4TY_MLST__mlst {
    
    take:
        
        assembly
        
    
    main:
        mlst(assembly)
    
}

// --- ENTRYPOINT ---
workflow {
    step_4TY_MLST__mlst(getSingleInput())
}","nextflow.enable.dsl=2

include { getInput; optionalOrDefault; param } from '../functions/parameters.nf'
include { step_4TY_MLST__mlst } from '../steps/step_4TY_MLST__mlst'
workflow {
    step_4TY_MLST__mlst(getInput())
}
"
"NA02_mlst_sal_assembly","NA02_mlst_sal_assembly","NA02","Run mlst on a pre-existing Salmonella enterica assembly.","Y","N","silent_no_op","No process placeholders appeared. when: clause filtered everything?","0","1","Y","","","","","step_4TY_MLST__mlst","step_4TY_MLST__mlst","383","28","1","2","7.0","Great! I'll proceed with the pipeline using the MLST typing tool for your Salmonella enterica assembly. Here's the plan:

1. Input: Your pre-existing Salmonella enterica assembly
2. Process: Run MLST typing using `step_4TY_MLST__mlst`
3. Output: MLST typing results

The pipeline will be built using ","nextflow.enable.dsl=2

// --- IMPORTS ---

include { getSingleInput } from '../functions/parameters.nf'

// --- GLOBALS ---

// --- INLINE PROCESSES ---

// --- SUB WORKFLOWS ---

workflow step_4TY_MLST__mlst {
    
    take:
        
        assembly
        
    
    main:
        mlst(assembly)
    
}

// --- ENTRYPOINT ---
workflow {
    step_4TY_MLST__mlst(getSingleInput())
}","nextflow.enable.dsl=2

include { getInput; optionalOrDefault; param } from '../functions/parameters.nf'
include { step_4TY_MLST__mlst } from '../steps/step_4TY_MLST__mlst'
workflow {
    step_4TY_MLST__mlst(getInput())
}
"
"NA03_abricate_lis_assembly","NA03_abricate_lis_assembly","NA03","Run abricate on a pre-existing Listeria monocytogenes assembly.","Y","N","silent_no_op","No process placeholders appeared. when: clause filtered everything?","0","1","Y","","","","","step_4AN_AMR__abricate","step_4AN_AMR__abricate","1046","59","1","2","8.5","Great! I'll proceed with running Abricate on your pre-existing Listeria monocytogenes assembly. Here's the plan:

1. **Input**: Use your pre-existing Listeria monocytogenes assembly
2. **Step**: Run Abricate (`step_4AN_AMR__abricate`) for AMR detection
3. **Output**: Generate AMR report

I'll set up","nextflow.enable.dsl=2

// --- IMPORTS ---

include { parseMetadataFromFileName } from '../functions/common.nf'

include { getSingleInput } from '../functions/parameters.nf'

// --- GLOBALS ---

def abricateDb = 'vfdb'

// --- INLINE PROCESSES ---

process abricate {
    container 'staphb/abricate:1.0.0'
    
    input:
    
    tuple val(riscd_input), path(assembly)
    
    
    output:
    
    path '*'
    
    path '*.sh', hidden: true
    
    
    script:
    """"""
md = parseMetadataFromFileName(assembly.getName())
base = ""${md.ds}-${ex.dt}_${md.cmp}""
""""""
  abricate --db ${abricateDb} --csv ${assembly} > abricate.csv
  abricate ${assembly} -db ${abricateDb} &>> ${base}_abricate.log >> ${base}_abricate_calls.txt
  abricate --summary ${base}_abricate_calls.txt > ${base}_abricate.summary
""""""
    """"""
}

// --- SUB WORKFLOWS ---

workflow step_4AN_AMR__abricate {
    
    take:
        
        data
        
    
    main:
        abricate(data)
    
}

// --- ENTRYPOINT ---
workflow {
    step_4AN_AMR__abricate(getSingleInput())
}","nextflow.enable.dsl=2

include { getInput; optionalOrDefault; param } from '../functions/parameters.nf'
include { step_4AN_AMR__abricate } from '../steps/step_4AN_AMR__abricate'
workflow {
    step_4AN_AMR__abricate(getInput())
}
"
"NA04_abricate_sal_assembly","NA04_abricate_sal_assembly","NA04","Run abricate on a pre-existing Salmonella enterica assembly.","Y","N","silent_no_op","No process placeholders appeared. when: clause filtered everything?","0","1","Y","","","","","step_4AN_AMR__abricate","step_4AN_AMR__abricate","393","28","1","2","5.9","Great! I'll proceed with running Abricate on your pre-existing Salmonella enterica assembly. The pipeline will use the `step_4AN_AMR__abricate` component to detect AMR genes.","nextflow.enable.dsl=2

// --- IMPORTS ---

include { getSingleInput } from '../functions/parameters.nf'

// --- GLOBALS ---

// --- INLINE PROCESSES ---

// --- SUB WORKFLOWS ---

workflow step_4AN_AMR__abricate {
    
    take:
        
        assembly
        
    
    main:
        abricate(assembly)
    
}

// --- ENTRYPOINT ---
workflow {
    step_4AN_AMR__abricate(getSingleInput())
}","nextflow.enable.dsl=2

include { getInput; optionalOrDefault; param } from '../functions/parameters.nf'
include { step_4AN_AMR__abricate } from '../steps/step_4AN_AMR__abricate'
workflow {
    step_4AN_AMR__abricate(getInput())
}
"
"NA05_abricate_cam_assembly","NA05_abricate_cam_assembly","NA05","Run abricate on a pre-existing Campylobacter jejuni assembly.","Y","Y","none","","1","1","Y","","","","","step_4AN_AMR__abricate","step_4AN_AMR__abricate","1010","55","1","2","7.2","Great! I'll set up the pipeline to run Abricate on your pre-existing Campylobacter jejuni assembly. Since you approved the plan, I'll proceed with the following steps:

1. Use the `step_4AN_AMR__abricate` component to analyze the assembly
2. No additional steps will be included at this time

The pip","nextflow.enable.dsl=2

// --- IMPORTS ---

include { getInput } from '../functions/parameters.nf'

include { parseMetadataFromFileName } from '../functions/common.nf'

// --- GLOBALS ---

// --- INLINE PROCESSES ---

process abricate {
    container 'staphb/abricate:1.0.0'
    
    input:
    
    tuple val(riscd_input), path(assembly)
    
    
    output:
    
    path '*'
    
    path '*.sh', hidden: true
    
    
    script:
    """"""
md = parseMetadataFromFileName(assembly.getName())
base = ""${md.ds}-${ex.dt}_${md.cmp}""
        abricate --db vfdb --csv ${assembly} > abricate.csv 
        abricate ${assembly} -db vfdb &>> ${base}_abricate.log >> ${base}_abricate_calls.txt        
        abricate --summary ${base}_abricate_calls.txt > ${base}_abricate.summary
    """"""
}

// --- SUB WORKFLOWS ---

workflow step_4AN_AMR__abricate {
    
    take:
        
        data
        
    
    main:
        abricate(data)
    
}

// --- ENTRYPOINT ---
workflow {
    step_4AN_AMR__abricate(getInput())
}","nextflow.enable.dsl=2

include { getInput; optionalOrDefault; param } from '../functions/parameters.nf'
include { step_4AN_AMR__abricate } from '../steps/step_4AN_AMR__abricate'
workflow {
    step_4AN_AMR__abricate(getInput())
}
"
"NA06_prokka_sal_assembly","NA06_prokka_sal_assembly","NA06","Run prokka on a pre-existing Salmonella enterica assembly.","Y","Y","none","","1","1","Y","","","","step_4AN_genes__prokka","step_4AN_genes__prokka","step_4AN_genes__prokka","587","32","1","2","7.0","Great! I'll proceed with running Prokka annotation on your Salmonella enterica assembly. Here's the plan:

1. **Input**: Pre-existing Salmonella enterica assembly (FASTA format)
2. **Step**: `step_4AN_genes__prokka` (Prokka annotation)

This will generate annotated genome features from your assembly","nextflow.enable.dsl=2

// --- IMPORTS ---

include { getEmpty } from '../functions/common.nf'

include { getSingleInput } from '../functions/parameters.nf'

include { step_4AN_genes__prokka } from '../steps/step_4AN_genes__prokka'

// --- GLOBALS ---

// --- INLINE PROCESSES ---

// --- SUB WORKFLOWS ---

workflow module_surveillance {
    
    take:
        
        assembly
        
    
    main:
        step_4AN_genes__prokka(assembly.map { [ it[0], it[1], 'Bacteria', '-', '-', getEmpty() ] })
    
}

// --- ENTRYPOINT ---
workflow {
    module_surveillance(getSingleInput())
}","nextflow.enable.dsl=2

include { getInput; optionalOrDefault; param } from '../functions/parameters.nf'
include { step_4AN_genes__prokka } from '../steps/step_4AN_genes__prokka'
workflow {
    step_4AN_genes__prokka(getInput())
}
"
"NA07_prokka_cam_assembly","NA07_prokka_cam_assembly","NA07","Run prokka on a pre-existing Campylobacter jejuni assembly.","Y","N","silent_no_op","No process placeholders appeared. when: clause filtered everything?","0","1","Y","","","","","step_4AN_genes__prokka","step_4AN_genes__prokka","553","33","1","2","6.7","Great! I'll set up the pipeline to run Prokka on your pre-existing Campylobacter jejuni assembly. Here's the plan:

1. Input: Your pre-existing Campylobacter jejuni assembly
2. Process: Run Prokka (`step_4AN_genes__prokka`) for annotation
3. Output: Annotated genome

The pipeline will be straightfor","nextflow.enable.dsl=2

// --- IMPORTS ---

include { getAssembly } from '../functions/parameters.nf'

include { getEmpty } from '../functions/common.nf'

// --- GLOBALS ---

def kingdom = 'Bacteria'

// --- INLINE PROCESSES ---

// --- SUB WORKFLOWS ---

workflow step_4AN_genes__prokka {
    
    take:
        
        assembly
        
    
    main:
        assembly.map { [ it[0], it[1], kingdom, '-', '-', getEmpty() ] }.set { prokkaIn }
        prokka(prokkaIn)
    
}

// --- ENTRYPOINT ---
workflow {
    step_4AN_genes__prokka(getAssembly())
}","nextflow.enable.dsl=2

include { getInput; optionalOrDefault; param } from '../functions/parameters.nf'
include { step_4AN_genes__prokka } from '../steps/step_4AN_genes__prokka'
workflow {
    step_4AN_genes__prokka(getInput())
}
"
"NA08_prokka_eco_assembly","NA08_prokka_eco_assembly","NA08","Run prokka on a pre-existing Escherichia coli assembly.","Y","N","silent_no_op","No process placeholders appeared. when: clause filtered everything?","0","1","Y","","","","","step_4AN_genes__prokka","step_4AN_genes__prokka","552","33","1","2","6.0","Great! I'll proceed with running Prokka on your pre-existing Escherichia coli assembly. Here's the detailed plan:

1. **Input**: Use the existing Escherichia coli assembly
2. **Tool**: Run `step_4AN_genes__prokka` for gene annotation

The pipeline will be built using the available Prokka component.","nextflow.enable.dsl=2

// --- IMPORTS ---

include { getAssembly } from '../functions/parameters.nf'

include { getEmpty } from '../functions/common.nf'

// --- GLOBALS ---

def kingdom = 'Bacteria'

// --- INLINE PROCESSES ---

// --- SUB WORKFLOWS ---

workflow step_4AN_genes__prokka {
    
    take:
        
        assembly
        
    
    main:
        assembly.map { [ it[0], it[1], kingdom, '-', '-', getEmpty() ] }.set { prokkaIn}
        prokka(prokkaIn)
    
}

// --- ENTRYPOINT ---
workflow {
    step_4AN_genes__prokka(getAssembly())
}","nextflow.enable.dsl=2

include { getInput; optionalOrDefault; param } from '../functions/parameters.nf'
include { step_4AN_genes__prokka } from '../steps/step_4AN_genes__prokka'
workflow {
    step_4AN_genes__prokka(getInput())
}
"
"O01_spades_lis","O01_spades_lis","O01","De novo assembly with spades from paired Illumina FASTQ of Listeria monocytogenes.","Y","N","silent_no_op","No process placeholders appeared. when: clause filtered everything?","0","3","N","step_1PP_hostdepl__bowtie","","","step_1PP_hostdepl__bowtie, step_2AS_denovo__spades","step_1PP_hostdepl__bowtie, step_2AS_denovo__spades","step_2AS_denovo__spades","1206","57","2","2","9.7","Great! I'll proceed with the `module_denovo` pipeline, which includes host depletion with Bowtie and SPAdes assembly for your Listeria monocytogenes paired Illumina FASTQ reads.","nextflow.enable.dsl=2

// --- IMPORTS ---

include { getHost; getSingleInput } from '../functions/parameters.nf'

include { extractKey } from '../functions/common.nf'

include { step_1PP_hostdepl__bowtie } from '../steps/step_1PP_hostdepl__bowtie'

include { step_2AS_denovo__spades } from '../steps/step_2AS_denovo__spades'

// --- GLOBALS ---

// --- INLINE PROCESSES ---

// --- SUB WORKFLOWS ---

workflow module_denovo {
    
    take:
        
        trimmedReads
        
        host
        
    
    main:
        trimmedReads.cross(host) { extractKey(it) }
            .map { [ it[0][0], it[0][1], it[1][1] ] } //riscd, reads, host
            .branch {
                with_host: it[1][1]
                without_host: true
            }
        .set { branchedTrimmed }

        depleted = step_1PP_hostdepl__bowtie(branchedTrimmed.with_host)

        branchedTrimmed.without_host
            .mix(depleted)
            .map { it[0,1] }
            .set{ denovoInput }
        assembled = step_2AS_denovo__spades(denovoInput)
    
    emit:
        
        assembled
        
        depleted
        
    
}

// --- ENTRYPOINT ---
workflow {
    module_denovo(getSingleInput(), getHost())
}","nextflow.enable.dsl=2

include { getSingleInput; optionalOrDefault; param } from '../functions/parameters.nf'
include { step_2AS_denovo__spades } from '../steps/step_2AS_denovo__spades'
workflow {
    step_2AS_denovo__spades(getSingleInput())
}
"
"O02_spades_sal","O02_spades_sal","O02","De novo assembly with spades from paired Illumina FASTQ of Salmonella enterica.","Y","N","silent_no_op","No process placeholders appeared. when: clause filtered everything?","0","3","N","step_1PP_hostdepl__bowtie","","","step_1PP_hostdepl__bowtie, step_2AS_denovo__spades","step_1PP_hostdepl__bowtie, step_2AS_denovo__spades","step_2AS_denovo__spades","1206","57","2","2","7.0","Great! I'll set up the pipeline using the `module_denovo` template, which includes host depletion with Bowtie and de novo assembly with SPAdes for your Salmonella enterica paired Illumina reads.","nextflow.enable.dsl=2

// --- IMPORTS ---

include { getHost; getSingleInput } from '../functions/parameters.nf'

include { extractKey } from '../functions/common.nf'

include { step_1PP_hostdepl__bowtie } from '../steps/step_1PP_hostdepl__bowtie'

include { step_2AS_denovo__spades } from '../steps/step_2AS_denovo__spades'

// --- GLOBALS ---

// --- INLINE PROCESSES ---

// --- SUB WORKFLOWS ---

workflow module_denovo {
    
    take:
        
        trimmedReads
        
        host
        
    
    main:
        trimmedReads.cross(host) { extractKey(it) }
            .map { [ it[0][0], it[0][1], it[1][1] ] } //riscd, reads, host
            .branch {
                with_host: it[1][1]
                without_host: true
            }
        .set { branchedTrimmed }

        depleted = step_1PP_hostdepl__bowtie(branchedTrimmed.with_host)

        branchedTrimmed.without_host
            .mix(depleted)
            .map { it[0,1] }
            .set{ denovoInput }
        assembled = step_2AS_denovo__spades(denovoInput)
    
    emit:
        
        assembled
        
        depleted
        
    
}

// --- ENTRYPOINT ---
workflow {
    module_denovo(getSingleInput(), getHost())
}","nextflow.enable.dsl=2

include { getSingleInput; optionalOrDefault; param } from '../functions/parameters.nf'
include { step_2AS_denovo__spades } from '../steps/step_2AS_denovo__spades'
workflow {
    step_2AS_denovo__spades(getSingleInput())
}
"
"O03_spades_cam","O03_spades_cam","O03","De novo assembly with spades from paired Illumina FASTQ of Campylobacter jejuni.","Y","N","silent_no_op","No process placeholders appeared. when: clause filtered everything?","0","3","N","step_1PP_hostdepl__bowtie","","","step_1PP_hostdepl__bowtie, step_2AS_denovo__spades","step_1PP_hostdepl__bowtie, step_2AS_denovo__spades","step_2AS_denovo__spades","1206","57","2","2","7.7","Great! I'll set up a pipeline for de novo assembly of Campylobacter jejuni using SPAdes from paired Illumina FASTQ reads. I'll include host depletion to remove host sequences before assembly. This will use the following steps:

1. Host depletion using Bowtie2 (`step_1PP_hostdepl__bowtie`)
2. De novo","nextflow.enable.dsl=2

// --- IMPORTS ---

include { getHost; getSingleInput } from '../functions/parameters.nf'

include { extractKey } from '../functions/common.nf'

include { step_1PP_hostdepl__bowtie } from '../steps/step_1PP_hostdepl__bowtie'

include { step_2AS_denovo__spades } from '../steps/step_2AS_denovo__spades'

// --- GLOBALS ---

// --- INLINE PROCESSES ---

// --- SUB WORKFLOWS ---

workflow module_denovo {
    
    take:
        
        trimmedReads
        
        host
        
    
    main:
        trimmedReads.cross(host) { extractKey(it) }
            .map { [ it[0][0], it[0][1], it[1][1] ] } //riscd, reads, host
            .branch {
                with_host: it[1][1]
                without_host: true
            }
        .set { branchedTrimmed }

        depleted = step_1PP_hostdepl__bowtie(branchedTrimmed.with_host)

        branchedTrimmed.without_host
            .mix(depleted)
            .map { it[0,1] }
            .set{ denovoInput }
        assembled = step_2AS_denovo__spades(denovoInput)
    
    emit:
        
        assembled
        
        depleted
        
    
}

// --- ENTRYPOINT ---
workflow {
    module_denovo(getSingleInput(), getHost())
}","nextflow.enable.dsl=2

include { getSingleInput; optionalOrDefault; param } from '../functions/parameters.nf'
include { step_2AS_denovo__spades } from '../steps/step_2AS_denovo__spades'
workflow {
    step_2AS_denovo__spades(getSingleInput())
}
"
"O04_shovill_lis","O04_shovill_lis","O04","De novo assembly with shovill from paired Illumina FASTQ of Listeria monocytogenes.","N","N","no_code","http exception: HTTPConnectionPool(host='127.0.0.1', port=8765): Read timed out. (read timeout=180)","0","3","N","","step_2AS_denovo__shovill","","","","step_2AS_denovo__shovill","0","0","0","2","191.1","","","nextflow.enable.dsl=2

include { getSingleInput; optionalOrDefault; param } from '../functions/parameters.nf'
include { step_2AS_denovo__shovill } from '../steps/step_2AS_denovo__shovill'
workflow {
    step_2AS_denovo__shovill(getSingleInput())
}
"
"O05_shovill_sal","O05_shovill_sal","O05","De novo assembly with shovill from paired Illumina FASTQ of Salmonella enterica.","Y","N","missing_param","ERROR ~ missing required param: hosts_dir","0","3","N","step_1PP_hostdepl__bowtie","","","step_1PP_hostdepl__bowtie, step_2AS_denovo__shovill","step_1PP_hostdepl__bowtie, step_2AS_denovo__shovill","step_2AS_denovo__shovill","1210","58","2","2","8.0","Great! I'll proceed with the pipeline using Shovill for de novo assembly of your Salmonella enterica paired Illumina reads. Here's the detailed plan:

1. **Input**: Paired Illumina FASTQ reads
2. **Host depletion** (optional): Remove human reads using Bowtie2
3. **Assembly**: Use Shovill (`step_2AS_","nextflow.enable.dsl=2

// --- IMPORTS ---

include { getHost; getSingleInput } from '../functions/parameters.nf'

include { step_2AS_denovo__shovill } from '../steps/step_2AS_denovo__shovill'

include { extractKey } from '../functions/common.nf'

include { step_1PP_hostdepl__bowtie } from '../steps/step_1PP_hostdepl__bowtie'

// --- GLOBALS ---

// --- INLINE PROCESSES ---

// --- SUB WORKFLOWS ---

workflow module_denovo {
    
    take:
        
        trimmedReads
        
        host
        
    
    main:
        trimmedReads.cross(host) { extractKey(it) }
            .map { [ it[0][0], it[0][1], it[1][1] ] } //riscd, reads, host
            .branch {
                with_host: it[1][1]
                without_host: true
            }
        .set { branchedTrimmed }

        depleted = step_1PP_hostdepl__bowtie(branchedTrimmed.with_host)

        branchedTrimmed.without_host
            .mix(depleted)
            .map { it[0,1] }
            .set{ denovoInput }

        assembled = step_2AS_denovo__shovill(denovoInput)
    
    emit:
        
        assembled
        
        depleted
        
    
}

// --- ENTRYPOINT ---
workflow {
    module_denovo(getSingleInput(), getHost())
}","nextflow.enable.dsl=2

include { getSingleInput; optionalOrDefault; param } from '../functions/parameters.nf'
include { step_2AS_denovo__shovill } from '../steps/step_2AS_denovo__shovill'
workflow {
    step_2AS_denovo__shovill(getSingleInput())
}
"
"O06_shovill_cam","O06_shovill_cam","O06","De novo assembly with shovill from paired Illumina FASTQ of Campylobacter jejuni.","Y","N","silent_no_op","No process placeholders appeared. when: clause filtered everything?","0","3","Y","","","","","step_2AS_denovo__shovill","step_2AS_denovo__shovill","688","39","1","2","6.1","Great! I'll set up a pipeline using Shovill for de novo assembly of your Campylobacter jejuni paired Illumina reads. This will include host depletion and assembly steps. I'll proceed with the pipeline design.","nextflow.enable.dsl=2

// --- IMPORTS ---

include { getSingleInput } from '../functions/parameters.nf'

// --- GLOBALS ---

// --- INLINE PROCESSES ---

// --- SUB WORKFLOWS ---

workflow step_2AS_denovo__shovill {
    
    take:
        
        rawreads
        
    
    main:
        contigs_from_pe = shovill(rawreads).assembly
        contigs_from_se = shovill_se(rawreads).assembly
        contigs = contigs_from_pe.mix(contigs_from_se)
        quast(contigs)
        if (!params.skip_checkm) {
          checkm(contigs)
        }
    
    emit:
        
        assembly = contigs
        
    
}

// --- ENTRYPOINT ---
workflow {
    step_2AS_denovo__shovill(getSingleInput())
}","nextflow.enable.dsl=2

include { getSingleInput; optionalOrDefault; param } from '../functions/parameters.nf'
include { step_2AS_denovo__shovill } from '../steps/step_2AS_denovo__shovill'
workflow {
    step_2AS_denovo__shovill(getSingleInput())
}
"
"O07_unicycler_lis","O07_unicycler_lis","O07","De novo assembly with unicycler from paired Illumina FASTQ of Listeria monocytogenes.","Y","N","silent_no_op","No process placeholders appeared. when: clause filtered everything?","0","3","N","step_2AS_mapping__ivar, step_4TY_lineage__pangolin","step_2AS_denovo__unicycler","","step_2AS_mapping__ivar, step_4TY_lineage__pangolin","step_2AS_mapping__ivar, step_4TY_lineage__pangolin","step_2AS_denovo__unicycler","1003","44","2","2","147.6","Great! I'll set up a pipeline for de novo assembly of Listeria monocytogenes from paired Illumina FASTQ reads using Unicycler. Here's the plan:

1. **Input**: Paired Illumina FASTQ reads
2. **Assembly**: Unicycler (`step_2AS_denovo__unicycler`)

This will generate the assembled genome for your Liste","nextflow.enable.dsl=2

// --- IMPORTS ---

include { step_2AS_mapping__ivar } from '../steps/step_2AS_mapping__ivar'

include { getSingleInput } from '../functions/parameters.nf'

include { step_4TY_lineage__pangolin } from '../steps/step_4TY_lineage__pangolin'

// --- GLOBALS ---

def referenceCode = 'NC_045512.2'

def referencePath = ""${params.assets_dir}/module_covid_emergency/NC_045512.fasta""

def referenceRiscd = '220308-020220308005121273-2AS_import-external'

// --- INLINE PROCESSES ---

// --- SUB WORKFLOWS ---

workflow module_covid_emergency {
    
    take:
        
        trimmed
        
    
    main:
        trimmed.multiMap {
            trimmed: it
            reference: [ referenceRiscd, referenceCode, file(referencePath) ]
        }.set { trAndRef }

        ivar_out = step_2AS_mapping__ivar(trAndRef.trimmed, trAndRef.reference)
        step_4TY_lineage__pangolin(ivar_out.consensus)
    
}

// --- ENTRYPOINT ---
workflow {
    module_covid_emergency(getSingleInput())
}","nextflow.enable.dsl=2

include { getSingleInput; optionalOrDefault; param } from '../functions/parameters.nf'
include { step_2AS_denovo__unicycler } from '../steps/step_2AS_denovo__unicycler'
workflow {
    step_2AS_denovo__unicycler(getSingleInput())
}
"
"O08_unicycler_eco","O08_unicycler_eco","O08","De novo assembly with unicycler from paired Illumina FASTQ of Escherichia coli.","Y","Y","none","","6","3","N","step_1PP_trimming__fastp","","","step_1PP_trimming__fastp, step_2AS_denovo__unicycler","step_1PP_trimming__fastp, step_2AS_denovo__unicycler","step_2AS_denovo__unicycler","702","38","2","2","6.4","Great! I'll proceed with the pipeline using Fastp for trimming and Unicycler for de novo assembly of your Escherichia coli Illumina reads. Here's the detailed plan:

1. **Trimming**: Use `step_1PP_trimming__fastp` to clean the paired FASTQ reads
2. **Assembly**: Use `step_2AS_denovo__unicycler` to a","nextflow.enable.dsl=2

// --- IMPORTS ---

include { step_1PP_trimming__fastp } from '../steps/step_1PP_trimming__fastp'

include { getSingleInput } from '../functions/parameters.nf'

include { step_2AS_denovo__unicycler } from '../steps/step_2AS_denovo__unicycler'

// --- GLOBALS ---

// --- INLINE PROCESSES ---

// --- SUB WORKFLOWS ---

workflow wf_trim_and_assemble {
    
    take:
        
        rawreads
        
    
    main:
        trimmed = step_1PP_trimming__fastp(rawreads).trimmed
        assembled = step_2AS_denovo__unicycler(trimmed).assembled
    
    emit:
        
        assembled
        
    
}

// --- ENTRYPOINT ---
workflow {
    wf_trim_and_assemble(getSingleInput())
}","nextflow.enable.dsl=2

include { getSingleInput; optionalOrDefault; param } from '../functions/parameters.nf'
include { step_2AS_denovo__unicycler } from '../steps/step_2AS_denovo__unicycler'
workflow {
    step_2AS_denovo__unicycler(getSingleInput())
}
"
"O09_unicycler_cam","O09_unicycler_cam","O09","De novo assembly with unicycler from paired Illumina FASTQ of Campylobacter jejuni.","Y","N","silent_no_op","No process placeholders appeared. when: clause filtered everything?","0","3","N","step_1PP_hostdepl__bowtie, step_2AS_denovo__spades","step_2AS_denovo__unicycler","","step_1PP_hostdepl__bowtie, step_2AS_denovo__spades","step_1PP_hostdepl__bowtie, step_2AS_denovo__spades","step_2AS_denovo__unicycler","1206","57","2","2","7.7","Great! I'll proceed with the pipeline using Unicycler for de novo assembly of your Campylobacter jejuni paired Illumina reads.","nextflow.enable.dsl=2

// --- IMPORTS ---

include { getHost; getSingleInput } from '../functions/parameters.nf'

include { extractKey } from '../functions/common.nf'

include { step_1PP_hostdepl__bowtie } from '../steps/step_1PP_hostdepl__bowtie'

include { step_2AS_denovo__spades } from '../steps/step_2AS_denovo__spades'

// --- GLOBALS ---

// --- INLINE PROCESSES ---

// --- SUB WORKFLOWS ---

workflow module_denovo {
    
    take:
        
        trimmedReads
        
        host
        
    
    main:
        trimmedReads.cross(host) { extractKey(it) }
            .map { [ it[0][0], it[0][1], it[1][1] ] } //riscd, reads, host
            .branch {
                with_host: it[1][1]
                without_host: true
            }
        .set { branchedTrimmed }

        depleted = step_1PP_hostdepl__bowtie(branchedTrimmed.with_host)

        branchedTrimmed.without_host
            .mix(depleted)
            .map { it[0,1] }
            .set{ denovoInput }
        assembled = step_2AS_denovo__spades(denovoInput)
    
    emit:
        
        assembled
        
        depleted
        
    
}

// --- ENTRYPOINT ---
workflow {
    module_denovo(getSingleInput(), getHost())
}","nextflow.enable.dsl=2

include { getSingleInput; optionalOrDefault; param } from '../functions/parameters.nf'
include { step_2AS_denovo__unicycler } from '../steps/step_2AS_denovo__unicycler'
workflow {
    step_2AS_denovo__unicycler(getSingleInput())
}
"
"O10_plasmidspades_eco","O10_plasmidspades_eco","O10","De novo assembly with plasmidspades from paired Illumina FASTQ of Escherichia coli.","N","N","no_code","http exception: HTTPConnectionPool(host='127.0.0.1', port=8765): Read timed out. (read timeout=180)","0","3","N","","step_2AS_denovo__plasmidspades","","","","step_2AS_denovo__plasmidspades","0","0","0","2","183.2","","","nextflow.enable.dsl=2

include { getSingleInput; optionalOrDefault; param } from '../functions/parameters.nf'
include { step_2AS_denovo__plasmidspades } from '../steps/step_2AS_denovo__plasmidspades'
workflow {
    step_2AS_denovo__plasmidspades(getSingleInput())
}
"
"P01_chopper_flye_mlst_lis","P01_chopper_flye_mlst_lis","P01","Nanopore pipeline for Listeria monocytogenes: chopper trimming + Flye assembly + mlst.","Y","N","silent_no_op","No process placeholders appeared. when: clause filtered everything?","0","5","Y","","","","step_1PP_trimming__chopper, step_2AS_denovo__flye, step_4TY_MLST__mlst","step_1PP_trimming__chopper, step_2AS_denovo__flye, step_4TY_MLST__mlst","step_1PP_trimming__chopper, step_2AS_denovo__flye, step_4TY_MLST__mlst","747","36","3","2","7.8","Great! I'll proceed with the Nanopore pipeline for Listeria monocytogenes:
1. Chopper trimming
2. Flye assembly
3. MLST typing

I'll set up the pipeline with these exact steps.","nextflow.enable.dsl=2

// --- IMPORTS ---

include { step_2AS_denovo__flye } from '../steps/step_2AS_denovo__flye'

include { getSingleInput } from '../functions/parameters.nf'

include { step_1PP_trimming__chopper } from '../steps/step_1PP_trimming__chopper'

include { step_4TY_MLST__mlst } from '../steps/step_4TY_MLST__mlst'

// --- GLOBALS ---

// --- INLINE PROCESSES ---

// --- SUB WORKFLOWS ---

workflow wf_nanopore_listeria {
    
    take:
        
        rawreads
        
    
    main:
        trimmed = step_1PP_trimming__chopper(rawreads).trimmed
        assembly = step_2AS_denovo__flye(trimmed).assembly
        step_4TY_MLST__mlst(assembly)
    
}

// --- ENTRYPOINT ---
workflow {
    wf_nanopore_listeria(getSingleInput())
}","nextflow.enable.dsl=2

include { getSingleInput; optionalOrDefault; param } from '../functions/parameters.nf'
include { step_1PP_trimming__chopper } from '../steps/step_1PP_trimming__chopper'
include { step_2AS_denovo__flye } from '../steps/step_2AS_denovo__flye'
include { step_4TY_MLST__mlst } from '../steps/step_4TY_MLST__mlst'
workflow {
    trimmed   = step_1PP_trimming__chopper(getSingleInput()).trimmed
    assembled = step_2AS_denovo__flye(trimmed).assembly
    step_4TY_MLST__mlst(assembled)
}
"
"P02_chopper_flye_mlst_sal","P02_chopper_flye_mlst_sal","P02","Nanopore pipeline for Salmonella enterica: chopper trimming + Flye assembly + mlst.","Y","N","silent_no_op","No process placeholders appeared. when: clause filtered everything?","0","5","Y","","","","step_1PP_trimming__chopper, step_2AS_denovo__flye, step_4TY_MLST__mlst","step_1PP_trimming__chopper, step_2AS_denovo__flye, step_4TY_MLST__mlst","step_1PP_trimming__chopper, step_2AS_denovo__flye, step_4TY_MLST__mlst","751","36","3","2","7.8","Great! I'll set up the pipeline with:
1. Chopper for Nanopore read trimming
2. Flye for de novo assembly
3. MLST for typing

This will be a custom pipeline since there's no exact template for this combination. I'll proceed with the implementation.","nextflow.enable.dsl=2

// --- IMPORTS ---

include { step_2AS_denovo__flye } from '../steps/step_2AS_denovo__flye'

include { getSingleInput } from '../functions/parameters.nf'

include { step_1PP_trimming__chopper } from '../steps/step_1PP_trimming__chopper'

include { step_4TY_MLST__mlst } from '../steps/step_4TY_MLST__mlst'

// --- GLOBALS ---

// --- INLINE PROCESSES ---

// --- SUB WORKFLOWS ---

workflow wf_nanopore_salmonella {
    
    take:
        
        rawreads
        
    
    main:
        trimmed = step_1PP_trimming__chopper(rawreads).trimmed
        assembly = step_2AS_denovo__flye(trimmed).assembly
        step_4TY_MLST__mlst(assembly)
    
}

// --- ENTRYPOINT ---
workflow {
    wf_nanopore_salmonella(getSingleInput())
}","nextflow.enable.dsl=2

include { getSingleInput; optionalOrDefault; param } from '../functions/parameters.nf'
include { step_1PP_trimming__chopper } from '../steps/step_1PP_trimming__chopper'
include { step_2AS_denovo__flye } from '../steps/step_2AS_denovo__flye'
include { step_4TY_MLST__mlst } from '../steps/step_4TY_MLST__mlst'
workflow {
    trimmed   = step_1PP_trimming__chopper(getSingleInput()).trimmed
    assembled = step_2AS_denovo__flye(trimmed).assembly
    step_4TY_MLST__mlst(assembled)
}
"
"P03_chopper_flye_mlst_eco","P03_chopper_flye_mlst_eco","P03","Nanopore pipeline for Escherichia coli: chopper trimming + Flye assembly + mlst.","Y","Y","none","","5","5","Y","","","","step_1PP_trimming__chopper, step_2AS_denovo__flye, step_4TY_MLST__mlst","step_1PP_trimming__chopper, step_2AS_denovo__flye, step_4TY_MLST__mlst","step_1PP_trimming__chopper, step_2AS_denovo__flye, step_4TY_MLST__mlst","791","41","3","2","7.4","Great! I'll proceed with the Nanopore pipeline for Escherichia coli using:
1. Chopper for trimming
2. Flye for assembly
3. MLST for typing

I'll set up the pipeline now.","nextflow.enable.dsl=2

// --- IMPORTS ---

include { step_2AS_denovo__flye } from '../steps/step_2AS_denovo__flye'

include { getSingleInput } from '../functions/parameters.nf'

include { step_1PP_trimming__chopper } from '../steps/step_1PP_trimming__chopper'

include { step_4TY_MLST__mlst } from '../steps/step_4TY_MLST__mlst'

// --- GLOBALS ---

// --- INLINE PROCESSES ---

// --- SUB WORKFLOWS ---

workflow wf_nanopore_ecoli {
    
    take:
        
        rawreads
        
    
    main:
        trimmed = step_1PP_trimming__chopper(rawreads).trimmed
        assembly = step_2AS_denovo__flye(trimmed).assembly
        step_4TY_MLST__mlst(assembly)
    
    emit:
        
        assembly
        
    
}

// --- ENTRYPOINT ---
workflow {
    wf_nanopore_ecoli(getSingleInput())
}","nextflow.enable.dsl=2

include { getSingleInput; optionalOrDefault; param } from '../functions/parameters.nf'
include { step_1PP_trimming__chopper } from '../steps/step_1PP_trimming__chopper'
include { step_2AS_denovo__flye } from '../steps/step_2AS_denovo__flye'
include { step_4TY_MLST__mlst } from '../steps/step_4TY_MLST__mlst'
workflow {
    trimmed   = step_1PP_trimming__chopper(getSingleInput()).trimmed
    assembled = step_2AS_denovo__flye(trimmed).assembly
    step_4TY_MLST__mlst(assembled)
}
"
"P04_chopper_flye_mlst_cam","P04_chopper_flye_mlst_cam","P04","Nanopore pipeline for Campylobacter jejuni: chopper trimming + Flye assembly + mlst.","Y","N","silent_no_op","No process placeholders appeared. when: clause filtered everything?","0","5","Y","","","","step_1PP_trimming__chopper, step_2AS_denovo__flye, step_4TY_MLST__mlst","step_2AS_denovo__flye, step_4TY_MLST__mlst, step_1PP_trimming__chopper","step_1PP_trimming__chopper, step_2AS_denovo__flye, step_4TY_MLST__mlst","751","36","3","2","7.8","I will build the pipeline with:
1. Chopper for Nanopore trimming
2. Flye for de novo assembly
3. MLST for typing

This will process your Nanopore reads for Campylobacter jejuni.","nextflow.enable.dsl=2

// --- IMPORTS ---

include { step_2AS_denovo__flye } from '../steps/step_2AS_denovo__flye'

include { step_1PP_trimming__chopper } from '../steps/step_1PP_trimming__chopper'

include { getSingleInput } from '../functions/parameters.nf'

include { step_4TY_MLST__mlst } from '../steps/step_4TY_MLST__mlst'

// --- GLOBALS ---

// --- INLINE PROCESSES ---

// --- SUB WORKFLOWS ---

workflow wf_campylobacter_analysis {
    
    take:
        
        trimmed
        
    
    main:
        assembly = step_2AS_denovo__flye(trimmed).assembly
        step_4TY_MLST__mlst(assembly)
    
}

// --- ENTRYPOINT ---
workflow {
    trimmed = step_1PP_trimming__chopper(getSingleInput()).trimmed
    wf_campylobacter_analysis(trimmed)
}","nextflow.enable.dsl=2

include { getSingleInput; optionalOrDefault; param } from '../functions/parameters.nf'
include { step_1PP_trimming__chopper } from '../steps/step_1PP_trimming__chopper'
include { step_2AS_denovo__flye } from '../steps/step_2AS_denovo__flye'
include { step_4TY_MLST__mlst } from '../steps/step_4TY_MLST__mlst'
workflow {
    trimmed   = step_1PP_trimming__chopper(getSingleInput()).trimmed
    assembled = step_2AS_denovo__flye(trimmed).assembly
    step_4TY_MLST__mlst(assembled)
}
"
"P05_chopper_flye_abricate_lis","P05_chopper_flye_abricate_lis","P05","Nanopore pipeline for Listeria monocytogenes: chopper trimming + Flye assembly + abricate.","Y","Y","none","","5","5","Y","","","","step_1PP_trimming__chopper, step_2AS_denovo__flye, step_4AN_AMR__abricate","step_2AS_denovo__flye, step_4AN_AMR__abricate, step_1PP_trimming__chopper","step_1PP_trimming__chopper, step_2AS_denovo__flye, step_4AN_AMR__abricate","750","36","3","2","8.0","Great! I'll proceed with the Nanopore pipeline for Listeria monocytogenes:
1. Chopper for trimming
2. Flye for assembly
3. Abricate for AMR detection

I'll set up the pipeline with these components.","nextflow.enable.dsl=2

// --- IMPORTS ---

include { step_2AS_denovo__flye } from '../steps/step_2AS_denovo__flye'

include { step_4AN_AMR__abricate } from '../steps/step_4AN_AMR__abricate'

include { step_1PP_trimming__chopper } from '../steps/step_1PP_trimming__chopper'

include { getSingleInput } from '../functions/parameters.nf'

// --- GLOBALS ---

// --- INLINE PROCESSES ---

// --- SUB WORKFLOWS ---

workflow wf_listeria_nanopore {
    
    take:
        
        trimmed
        
    
    main:
        assembly = step_2AS_denovo__flye(trimmed).assembly
        step_4AN_AMR__abricate(assembly)
    
}

// --- ENTRYPOINT ---
workflow {
    trimmed = step_1PP_trimming__chopper(getSingleInput()).trimmed
    wf_listeria_nanopore(trimmed)
}","nextflow.enable.dsl=2

include { getSingleInput; optionalOrDefault; param } from '../functions/parameters.nf'
include { step_1PP_trimming__chopper } from '../steps/step_1PP_trimming__chopper'
include { step_2AS_denovo__flye } from '../steps/step_2AS_denovo__flye'
include { step_4AN_AMR__abricate } from '../steps/step_4AN_AMR__abricate'
workflow {
    trimmed   = step_1PP_trimming__chopper(getSingleInput()).trimmed
    assembled = step_2AS_denovo__flye(trimmed).assembly
    step_4AN_AMR__abricate(assembled)
}
"
"P06_chopper_flye_abricate_eco","P06_chopper_flye_abricate_eco","P06","Nanopore pipeline for Escherichia coli: chopper trimming + Flye assembly + abricate.","Y","Y","none","","5","5","Y","","","","step_1PP_trimming__chopper, step_2AS_denovo__flye, step_4AN_AMR__abricate","step_1PP_trimming__chopper, step_2AS_denovo__flye, step_4AN_AMR__abricate","step_1PP_trimming__chopper, step_2AS_denovo__flye, step_4AN_AMR__abricate","733","36","3","2","7.5","Great! I'll proceed with the Nanopore pipeline for Escherichia coli using:
1. Chopper for trimming
2. Flye for assembly
3. Abricate for AMR detection

This pipeline will process your Nanopore reads, assemble them, and detect antimicrobial resistance genes.","nextflow.enable.dsl=2

// --- IMPORTS ---

include { step_2AS_denovo__flye } from '../steps/step_2AS_denovo__flye'

include { step_4AN_AMR__abricate } from '../steps/step_4AN_AMR__abricate'

include { getSingleInput } from '../functions/parameters.nf'

include { step_1PP_trimming__chopper } from '../steps/step_1PP_trimming__chopper'

// --- GLOBALS ---

// --- INLINE PROCESSES ---

// --- SUB WORKFLOWS ---

workflow wf_nanopore_ecoli {
    
    take:
        
        rawreads
        
    
    main:
        trimmed = step_1PP_trimming__chopper(rawreads)
        assembly = step_2AS_denovo__flye(trimmed)
        step_4AN_AMR__abricate(assembly)
    
}

// --- ENTRYPOINT ---
workflow {
    wf_nanopore_ecoli(getSingleInput())
}","nextflow.enable.dsl=2

include { getSingleInput; optionalOrDefault; param } from '../functions/parameters.nf'
include { step_1PP_trimming__chopper } from '../steps/step_1PP_trimming__chopper'
include { step_2AS_denovo__flye } from '../steps/step_2AS_denovo__flye'
include { step_4AN_AMR__abricate } from '../steps/step_4AN_AMR__abricate'
workflow {
    trimmed   = step_1PP_trimming__chopper(getSingleInput()).trimmed
    assembled = step_2AS_denovo__flye(trimmed).assembly
    step_4AN_AMR__abricate(assembled)
}
"
"P07_chopper_flye_abricate_sal","P07_chopper_flye_abricate_sal","P07","Nanopore pipeline for Salmonella enterica: chopper trimming + Flye assembly + abricate.","Y","Y","none","","5","5","Y","","","","step_1PP_trimming__chopper, step_2AS_denovo__flye, step_4AN_AMR__abricate","step_2AS_denovo__flye, step_4AN_AMR__abricate, step_1PP_trimming__chopper","step_1PP_trimming__chopper, step_2AS_denovo__flye, step_4AN_AMR__abricate","754","36","3","2","7.8","I'll proceed with the pipeline as discussed:
1. Chopper for trimming Nanopore reads
2. Flye for de novo assembly
3. Abricate for AMR detection using the assembly

This pipeline will be built using the following components:
- `step_1PP_trimming__chopper`
- `step_2AS_denovo__flye`
- `step_4AN_AMR__abr","nextflow.enable.dsl=2

// --- IMPORTS ---

include { step_2AS_denovo__flye } from '../steps/step_2AS_denovo__flye'

include { step_4AN_AMR__abricate } from '../steps/step_4AN_AMR__abricate'

include { step_1PP_trimming__chopper } from '../steps/step_1PP_trimming__chopper'

include { getSingleInput } from '../functions/parameters.nf'

// --- GLOBALS ---

// --- INLINE PROCESSES ---

// --- SUB WORKFLOWS ---

workflow wf_salmonella_nanopore {
    
    take:
        
        trimmed
        
    
    main:
        assembly = step_2AS_denovo__flye(trimmed).assembly
        step_4AN_AMR__abricate(assembly)
    
}

// --- ENTRYPOINT ---
workflow {
    trimmed = step_1PP_trimming__chopper(getSingleInput()).trimmed
    wf_salmonella_nanopore(trimmed)
}","nextflow.enable.dsl=2

include { getSingleInput; optionalOrDefault; param } from '../functions/parameters.nf'
include { step_1PP_trimming__chopper } from '../steps/step_1PP_trimming__chopper'
include { step_2AS_denovo__flye } from '../steps/step_2AS_denovo__flye'
include { step_4AN_AMR__abricate } from '../steps/step_4AN_AMR__abricate'
workflow {
    trimmed   = step_1PP_trimming__chopper(getSingleInput()).trimmed
    assembled = step_2AS_denovo__flye(trimmed).assembly
    step_4AN_AMR__abricate(assembled)
}
"
"P08_chopper_flye_prokka_lis","P08_chopper_flye_prokka_lis","P08","Nanopore pipeline for Listeria monocytogenes: chopper trimming + Flye assembly + prokka.","Y","Y","none","","11","5","N","step_2AS_mapping__ivar, step_4TY_lineage__pangolin","step_1PP_trimming__chopper, step_2AS_denovo__flye, step_4AN_genes__prokka","","step_2AS_mapping__ivar, step_4TY_lineage__pangolin","step_2AS_mapping__ivar, step_4TY_lineage__pangolin","step_1PP_trimming__chopper, step_2AS_denovo__flye, step_4AN_genes__prokka","1003","44","2","2","23.0","I'll build the pipeline with:
1. Chopper for Nanopore trimming
2. Flye for de novo assembly
3. Prokka for annotation

This will process your Listeria monocytogenes Nanopore data. I'll proceed with the implementation.","nextflow.enable.dsl=2

// --- IMPORTS ---

include { step_2AS_mapping__ivar } from '../steps/step_2AS_mapping__ivar'

include { getSingleInput } from '../functions/parameters.nf'

include { step_4TY_lineage__pangolin } from '../steps/step_4TY_lineage__pangolin'

// --- GLOBALS ---

def referenceCode = 'NC_045512.2'

def referencePath = ""${params.assets_dir}/module_covid_emergency/NC_045512.fasta""

def referenceRiscd = '220308-020220308005121273-2AS_import-external'

// --- INLINE PROCESSES ---

// --- SUB WORKFLOWS ---

workflow module_covid_emergency {
    
    take:
        
        trimmed
        
    
    main:
        trimmed.multiMap {
            trimmed: it
            reference: [ referenceRiscd, referenceCode, file(referencePath) ]
        }.set { trAndRef }

        ivar_out = step_2AS_mapping__ivar(trAndRef.trimmed, trAndRef.reference)
        step_4TY_lineage__pangolin(ivar_out.consensus)
    
}

// --- ENTRYPOINT ---
workflow {
    module_covid_emergency(getSingleInput())
}","nextflow.enable.dsl=2

include { getSingleInput; optionalOrDefault; param } from '../functions/parameters.nf'
include { step_1PP_trimming__chopper } from '../steps/step_1PP_trimming__chopper'
include { step_2AS_denovo__flye } from '../steps/step_2AS_denovo__flye'
include { step_4AN_genes__prokka } from '../steps/step_4AN_genes__prokka'
workflow {
    trimmed   = step_1PP_trimming__chopper(getSingleInput()).trimmed
    assembled = step_2AS_denovo__flye(trimmed).assembly
    step_4AN_genes__prokka(assembled)
}
"
"P09_chopper_flye_chewbbaca_lis","P09_chopper_flye_chewbbaca_lis","P09","Nanopore pipeline for Listeria monocytogenes: chopper trimming + Flye assembly + chewbbaca.","Y","N","file_not_found","WARN: file not found: '/mnt/data/cohesive_llm_bench_scratch/_shared_inputdir/2026/2026.LIS.133.1.1/0SQ_rawreads/DS99999-DT260224_import/result/*.fastq*'","4","7","Y","","","","step_1PP_trimming__chopper, step_2AS_denovo__flye, step_4TY_cgMLST__chewbbaca","step_1PP_trimming__chopper, step_2AS_denovo__flye, step_4TY_cgMLST__chewbbaca","step_1PP_trimming__chopper, step_2AS_denovo__flye, step_4TY_cgMLST__chewbbaca","820","38","3","2","8.5","Great! I'll proceed with the Nanopore pipeline for Listeria monocytogenes using:
1. Chopper for trimming
2. Flye for assembly
3. ChewBBACA for cgMLST typing

This pipeline will be built from scratch since there's no exact template for this combination.","nextflow.enable.dsl=2

// --- IMPORTS ---

include { step_2AS_denovo__flye } from '../steps/step_2AS_denovo__flye'

include { step_4TY_cgMLST__chewbbaca } from '../steps/step_4TY_cgMLST__chewbbaca'

include { getSingleInput } from '../functions/parameters.nf'

include { step_1PP_trimming__chopper } from '../steps/step_1PP_trimming__chopper'

// --- GLOBALS ---

def genus_species = 'Listeria monocytogenes'

// --- INLINE PROCESSES ---

// --- SUB WORKFLOWS ---

workflow wf_nanopore_listeria {
    
    take:
        
        rawreads
        
    
    main:
        trimmed = step_1PP_trimming__chopper(rawreads)
        assembly = step_2AS_denovo__flye(trimmed)
        step_4TY_cgMLST__chewbbaca(assembly, genus_species, schema)
    
}

// --- ENTRYPOINT ---
workflow {
    wf_nanopore_listeria(getSingleInput())
}","nextflow.enable.dsl=2

include { getSingleInput; optionalOrDefault; param } from '../functions/parameters.nf'
include { step_1PP_trimming__chopper } from '../steps/step_1PP_trimming__chopper'
include { step_2AS_denovo__flye } from '../steps/step_2AS_denovo__flye'
include { step_4TY_cgMLST__chewbbaca } from '../steps/step_4TY_cgMLST__chewbbaca'
workflow {
    trimmed   = step_1PP_trimming__chopper(getSingleInput()).trimmed
    assembled = step_2AS_denovo__flye(trimmed).assembly
    step_4TY_cgMLST__chewbbaca(assembled, param('genus_species'), optionalOrDefault('schema', ''))
}
"
"P10_chopper_flye_chewbbaca_sal","P10_chopper_flye_chewbbaca_sal","P10","Nanopore pipeline for Salmonella enterica: chopper trimming + Flye assembly + chewbbaca.","Y","Y","none","","7","7","Y","","","","step_1PP_trimming__chopper, step_2AS_denovo__flye, step_4TY_cgMLST__chewbbaca","step_1PP_trimming__chopper, step_2AS_denovo__flye, step_4TY_cgMLST__chewbbaca","step_1PP_trimming__chopper, step_2AS_denovo__flye, step_4TY_cgMLST__chewbbaca","867","40","3","2","8.0","Great! I'll proceed with the approved pipeline:

1. **Chopper trimming** (`step_1PP_trimming__chopper`) - for Nanopore read preprocessing
2. **Flye assembly** (`step_2AS_denovo__flye`) - optimized for long reads
3. **Chewbbaca cgMLST** (`step_4TY_cgMLST__chewbbaca`) - for Salmonella typing

This pip","nextflow.enable.dsl=2

// --- IMPORTS ---

include { step_2AS_denovo__flye } from '../steps/step_2AS_denovo__flye'

include { step_4TY_cgMLST__chewbbaca } from '../steps/step_4TY_cgMLST__chewbbaca'

include { getSingleInput } from '../functions/parameters.nf'

include { step_1PP_trimming__chopper } from '../steps/step_1PP_trimming__chopper'

// --- GLOBALS ---

def genus_species = 'salmonella_enterica'

def schema = 's_enterica_chewie_3255_210531'

// --- INLINE PROCESSES ---

// --- SUB WORKFLOWS ---

workflow wf_salmonella_nanopore {
    
    take:
        
        rawreads
        
    
    main:
        trimmed = step_1PP_trimming__chopper(rawreads)
        assembly = step_2AS_denovo__flye(trimmed)
        step_4TY_cgMLST__chewbbaca(assembly, genus_species, schema)
    
}

// --- ENTRYPOINT ---
workflow {
    wf_salmonella_nanopore(getSingleInput())
}","nextflow.enable.dsl=2

include { getSingleInput; optionalOrDefault; param } from '../functions/parameters.nf'
include { step_1PP_trimming__chopper } from '../steps/step_1PP_trimming__chopper'
include { step_2AS_denovo__flye } from '../steps/step_2AS_denovo__flye'
include { step_4TY_cgMLST__chewbbaca } from '../steps/step_4TY_cgMLST__chewbbaca'
workflow {
    trimmed   = step_1PP_trimming__chopper(getSingleInput()).trimmed
    assembled = step_2AS_denovo__flye(trimmed).assembly
    step_4TY_cgMLST__chewbbaca(assembled, param('genus_species'), optionalOrDefault('schema', ''))
}
"
"Q01_kmerfinder_fastp_spades_lis","Q01_kmerfinder_fastp_spades_lis","Q01","In parallel, identify the species with kmerfinder and trim+assemble paired Illumina FASTQ of Listeria monocytogenes with fastp + spades.","Y","Y","none","","7","7","Y","","","","step_1PP_trimming__fastp, step_2AS_denovo__spades, step_3TX_species__kmerfinder","step_1PP_trimming__fastp, step_2AS_denovo__spades, step_3TX_species__kmerfinder","step_1PP_trimming__fastp, step_2AS_denovo__spades, step_3TX_species__kmerfinder","775","36","3","2","8.7","Great! I'll build the pipeline as follows:

1. **Trim paired Illumina reads** with `step_1PP_trimming__fastp`
2. **Assemble** with `step_2AS_denovo__spades`
3. **Identify species** with `step_3TX_species__kmerfinder`

This will process your Listeria monocytogenes samples step by step.","nextflow.enable.dsl=2

// --- IMPORTS ---

include { step_2AS_denovo__spades } from '../steps/step_2AS_denovo__spades'

include { step_1PP_trimming__fastp } from '../steps/step_1PP_trimming__fastp'

include { getSingleInput } from '../functions/parameters.nf'

include { step_3TX_species__kmerfinder } from '../steps/step_3TX_species__kmerfinder'

// --- GLOBALS ---

// --- INLINE PROCESSES ---

// --- SUB WORKFLOWS ---

workflow wf_listeria_pipeline {
    
    take:
        
        rawreads
        
    
    main:
        trimmed = step_1PP_trimming__fastp(rawreads).trimmed
        assembly = step_2AS_denovo__spades(trimmed).assembled
        step_3TX_species__kmerfinder(assembly)
    
}

// --- ENTRYPOINT ---
workflow {
    wf_listeria_pipeline(getSingleInput())
}","nextflow.enable.dsl=2

include { getSingleInput; optionalOrDefault; param } from '../functions/parameters.nf'
include { step_3TX_species__kmerfinder } from '../steps/step_3TX_species__kmerfinder'
include { step_1PP_trimming__fastp } from '../steps/step_1PP_trimming__fastp'
include { step_2AS_denovo__spades } from '../steps/step_2AS_denovo__spades'
workflow {
    raw = getSingleInput()
    step_3TX_species__kmerfinder(raw)
    trimmed   = step_1PP_trimming__fastp(raw).trimmed
    assembled = step_2AS_denovo__spades(trimmed).assembled
}
"
"Q02_kmerfinder_fastp_spades_eco","Q02_kmerfinder_fastp_spades_eco","Q02","In parallel, identify the species with kmerfinder and trim+assemble paired Illumina FASTQ of Escherichia coli with fastp + spades.","Y","Y","none","","7","7","Y","","","","step_1PP_trimming__fastp, step_2AS_denovo__spades, step_3TX_species__kmerfinder","step_1PP_trimming__fastp, step_2AS_denovo__spades, step_3TX_species__kmerfinder","step_1PP_trimming__fastp, step_2AS_denovo__spades, step_3TX_species__kmerfinder","862","41","3","2","8.5","Great! I'll proceed with the pipeline that:
1. Trims paired Illumina FASTQ reads using fastp
2. Assembles the trimmed reads with SPAdes
3. Identifies the species using KmerFinder

Since there isn't a perfect template match for this exact combination, I'll build it from scratch using the available co","nextflow.enable.dsl=2

// --- IMPORTS ---

include { step_2AS_denovo__spades } from '../steps/step_2AS_denovo__spades'

include { step_1PP_trimming__fastp } from '../steps/step_1PP_trimming__fastp'

include { getSingleInput } from '../functions/parameters.nf'

include { step_3TX_species__kmerfinder } from '../steps/step_3TX_species__kmerfinder'

// --- GLOBALS ---

// --- INLINE PROCESSES ---

// --- SUB WORKFLOWS ---

workflow wf_trim_assemble_species {
    
    take:
        
        rawreads
        
    
    main:
        trimmed = step_1PP_trimming__fastp(rawreads).trimmed
        assembled = step_2AS_denovo__spades(trimmed).assembled
        assigned_species = step_3TX_species__kmerfinder(assembled)
    
    emit:
        
        assigned_species
        
    
}

// --- ENTRYPOINT ---
workflow {
    wf_trim_assemble_species(getSingleInput())
}","nextflow.enable.dsl=2

include { getSingleInput; optionalOrDefault; param } from '../functions/parameters.nf'
include { step_3TX_species__kmerfinder } from '../steps/step_3TX_species__kmerfinder'
include { step_1PP_trimming__fastp } from '../steps/step_1PP_trimming__fastp'
include { step_2AS_denovo__spades } from '../steps/step_2AS_denovo__spades'
workflow {
    raw = getSingleInput()
    step_3TX_species__kmerfinder(raw)
    trimmed   = step_1PP_trimming__fastp(raw).trimmed
    assembled = step_2AS_denovo__spades(trimmed).assembled
}
"
"Q03_kmerfinder_fastp_spades_sal","Q03_kmerfinder_fastp_spades_sal","Q03","In parallel, identify the species with kmerfinder and trim+assemble paired Illumina FASTQ of Salmonella enterica with fastp + spades.","Y","Y","none","","7","7","Y","","","","step_1PP_trimming__fastp, step_2AS_denovo__spades, step_3TX_species__kmerfinder","step_3TX_species__kmerfinder, step_1PP_trimming__fastp, step_2AS_denovo__spades","step_1PP_trimming__fastp, step_2AS_denovo__spades, step_3TX_species__kmerfinder","1334","76","3","2","11.3","Great! Here's the approved pipeline plan:

1. **Species Identification**: Use KmerFinder to identify the species from the assembly.
2. **Read Preprocessing**: Trim the paired Illumina reads using Fastp.
3. **Assembly**: Assemble the trimmed reads using SPAdes.

I'll build this pipeline now.","nextflow.enable.dsl=2

// --- IMPORTS ---

include { step_2AS_denovo__spades } from '../steps/step_2AS_denovo__spades'

include { step_1PP_trimming__fastp } from '../steps/step_1PP_trimming__fastp'

include { getSingleInput } from '../functions/parameters.nf'

include { step_3TX_species__kmerfinder } from '../steps/step_3TX_species__kmerfinder'

// --- GLOBALS ---

// --- INLINE PROCESSES ---

// --- SUB WORKFLOWS ---

workflow wf_species_identification {
    
    take:
        
        assembled
        
    
    main:
        kmerfinder_out = step_3TX_species__kmerfinder(assembled)
    
    emit:
        
        assigned_species = kmerfinder_out.assigned_species
        
    
}

workflow wf_read_preprocessing {
    
    take:
        
        rawreads
        
    
    main:
        fastp_out = step_1PP_trimming__fastp(rawreads)
    
    emit:
        
        trimmed = fastp_out.trimmed
        
    
}

workflow wf_assembly {
    
    take:
        
        trimmed
        
    
    main:
        spades_out = step_2AS_denovo__spades(trimmed)
    
    emit:
        
        assembled = spades_out.assembled
        
    
}

// --- ENTRYPOINT ---
workflow {
    rawreads = getSingleInput()
    trimmed = wf_read_preprocessing(rawreads)
    assembled = wf_assembly(trimmed)
    wf_species_identification(assembled)
}","nextflow.enable.dsl=2

include { getSingleInput; optionalOrDefault; param } from '../functions/parameters.nf'
include { step_3TX_species__kmerfinder } from '../steps/step_3TX_species__kmerfinder'
include { step_1PP_trimming__fastp } from '../steps/step_1PP_trimming__fastp'
include { step_2AS_denovo__spades } from '../steps/step_2AS_denovo__spades'
workflow {
    raw = getSingleInput()
    step_3TX_species__kmerfinder(raw)
    trimmed   = step_1PP_trimming__fastp(raw).trimmed
    assembled = step_2AS_denovo__spades(trimmed).assembled
}
"
"Q04_kmerfinder_fastp_shovill_lis","Q04_kmerfinder_fastp_shovill_lis","Q04","In parallel, identify the species with kmerfinder and trim+assemble paired Illumina FASTQ of Listeria monocytogenes with fastp + shovill.","Y","Y","none","","7","7","Y","","","","step_1PP_trimming__fastp, step_2AS_denovo__shovill, step_3TX_species__kmerfinder","step_1PP_trimming__fastp, step_2AS_denovo__shovill, step_3TX_species__kmerfinder","step_1PP_trimming__fastp, step_2AS_denovo__shovill, step_3TX_species__kmerfinder","897","43","3","2","18.6","Great! I'll proceed with the following pipeline:

1. **Trim reads**: fastp (`step_1PP_trimming__fastp`)
2. **Assemble**: Shovill (`step_2AS_denovo__shovill`)
3. **Species identification**: KmerFinder (`step_3TX_species__kmerfinder`)

This will process your paired Illumina FASTQ reads of Listeria mon","nextflow.enable.dsl=2

// --- IMPORTS ---

include { step_2AS_denovo__shovill } from '../steps/step_2AS_denovo__shovill'

include { step_1PP_trimming__fastp } from '../steps/step_1PP_trimming__fastp'

include { getSingleInput } from '../functions/parameters.nf'

include { step_3TX_species__kmerfinder } from '../steps/step_3TX_species__kmerfinder'

// --- GLOBALS ---

// --- INLINE PROCESSES ---

// --- SUB WORKFLOWS ---

workflow wf_listeria_pipeline {
    
    take:
        
        rawreads
        
    
    main:
        trimmed = step_1PP_trimming__fastp(rawreads).trimmed
        assembly = step_2AS_denovo__shovill(trimmed).assembly
        assigned_species = step_3TX_species__kmerfinder(assembly).assigned_species
    
    emit:
        
        assembly
        
        assigned_species
        
    
}

// --- ENTRYPOINT ---
workflow {
    wf_listeria_pipeline(getSingleInput())
}","nextflow.enable.dsl=2

include { getSingleInput; optionalOrDefault; param } from '../functions/parameters.nf'
include { step_3TX_species__kmerfinder } from '../steps/step_3TX_species__kmerfinder'
include { step_1PP_trimming__fastp } from '../steps/step_1PP_trimming__fastp'
include { step_2AS_denovo__shovill } from '../steps/step_2AS_denovo__shovill'
workflow {
    raw = getSingleInput()
    step_3TX_species__kmerfinder(raw)
    trimmed   = step_1PP_trimming__fastp(raw).trimmed
    assembled = step_2AS_denovo__shovill(trimmed).assembly
}
"
"Q05_kmerfinder_fastp_shovill_eco","Q05_kmerfinder_fastp_shovill_eco","Q05","In parallel, identify the species with kmerfinder and trim+assemble paired Illumina FASTQ of Escherichia coli with fastp + shovill.","Y","Y","none","","11","7","N","step_2AS_mapping__ivar, step_4TY_lineage__pangolin","step_1PP_trimming__fastp, step_2AS_denovo__shovill, step_3TX_species__kmerfinder","","step_2AS_mapping__ivar, step_4TY_lineage__pangolin","step_2AS_mapping__ivar, step_4TY_lineage__pangolin","step_1PP_trimming__fastp, step_2AS_denovo__shovill, step_3TX_species__kmerfinder","1003","44","2","2","8.1","Great! I'll proceed with the following pipeline:

1. **Trim reads** with fastp (step_1PP_trimming__fastp)
2. **Assemble** with Shovill (step_2AS_denovo__shovill)
3. **Identify species** with KmerFinder (step_3TX_species__kmerfinder)

This will process your paired Illumina FASTQ reads of Escherichia ","nextflow.enable.dsl=2

// --- IMPORTS ---

include { step_2AS_mapping__ivar } from '../steps/step_2AS_mapping__ivar'

include { getSingleInput } from '../functions/parameters.nf'

include { step_4TY_lineage__pangolin } from '../steps/step_4TY_lineage__pangolin'

// --- GLOBALS ---

def referenceCode = 'NC_045512.2'

def referencePath = ""${params.assets_dir}/module_covid_emergency/NC_045512.fasta""

def referenceRiscd = '220308-020220308005121273-2AS_import-external'

// --- INLINE PROCESSES ---

// --- SUB WORKFLOWS ---

workflow module_covid_emergency {
    
    take:
        
        trimmed
        
    
    main:
        trimmed.multiMap {
            trimmed: it
            reference: [ referenceRiscd, referenceCode, file(referencePath) ]
        }.set { trAndRef }

        ivar_out = step_2AS_mapping__ivar(trAndRef.trimmed, trAndRef.reference)
        step_4TY_lineage__pangolin(ivar_out.consensus)
    
}

// --- ENTRYPOINT ---
workflow {
    module_covid_emergency(getSingleInput())
}","nextflow.enable.dsl=2

include { getSingleInput; optionalOrDefault; param } from '../functions/parameters.nf'
include { step_3TX_species__kmerfinder } from '../steps/step_3TX_species__kmerfinder'
include { step_1PP_trimming__fastp } from '../steps/step_1PP_trimming__fastp'
include { step_2AS_denovo__shovill } from '../steps/step_2AS_denovo__shovill'
workflow {
    raw = getSingleInput()
    step_3TX_species__kmerfinder(raw)
    trimmed   = step_1PP_trimming__fastp(raw).trimmed
    assembled = step_2AS_denovo__shovill(trimmed).assembly
}
"
"Q06_kmerfinder_fastp_shovill_sal","Q06_kmerfinder_fastp_shovill_sal","Q06","In parallel, identify the species with kmerfinder and trim+assemble paired Illumina FASTQ of Salmonella enterica with fastp + shovill.","Y","N","file_not_found","WARN: file not found: '/mnt/data/cohesive_llm_bench_scratch/_shared_inputdir/2026/2026.SAL.130.1.1/0SQ_rawreads/DS99999-DT260224_import/result/*.fastq*'","0","7","N","step_2AS_denovo__spades","step_2AS_denovo__shovill","","","step_3TX_species__kmerfinder, step_1PP_trimming__fastp, step_2AS_denovo__spades","step_1PP_trimming__fastp, step_2AS_denovo__shovill, step_3TX_species__kmerfinder","1566","81","3","2","12.8","Great! I'll proceed with the following pipeline:

1. **Species Identification**: Use KmerFinder (`step_3TX_species__kmerfinder`) to identify the species from the reads.
2. **Read Trimming**: Use fastp (`step_1PP_trimming__fastp`) to trim paired Illumina FASTQ reads.
3. **Assembly**: Use SPAdes (`ste","nextflow.enable.dsl=2

// --- IMPORTS ---

include { getInput } from '../functions/parameters.nf'

include { extractKey } from '../functions/common.nf'

// --- GLOBALS ---

def KMERFINDER_SPECIES_DIR = '${params.step_3TX_species__kmerfinder__db}'

def KMERFINDER_REFERENCE_DIR = '${KMERFINDER_SPECIES_DIR}/Bacteria/Fasta/'

// --- INLINE PROCESSES ---

// --- SUB WORKFLOWS ---

workflow step_3TX_species__kmerfinder {
    
    take:
        
        data
        
    
    main:
        kmerfinder(data);
        assigned_species = kmerfinder.out.check.map { [ it[0], getCalculatedSpecies(it[1]), getBacterialReferencePath(it[1]) ] }
    
    emit:
        
        assigned_species
        
    
}

workflow step_1PP_trimming__fastp {
    
    take:
        
        rawreads
        
    
    main:
        trimmed = fastp(rawreads).trimmed;
        fastqc(trimmed);
        readsCheckInput = rawreads.cross(trimmed) { extractKey(it) }.multiMap { rawreads: it[0]; trimmed: it[1] };
        sample_reads_check(readsCheckInput.rawreads, readsCheckInput.trimmed)
    
    emit:
        
        trimmed
        
    
}

workflow step_2AS_denovo__spades {
    
    take:
        
        data
        
    
    main:
        denovo(data);
        assembly_filter(denovo.out.scaffolds).fasta | quast;
        assembled = assembly_filter.out.fasta
    
    emit:
        
        assembled
        
    
}

// --- ENTRYPOINT ---
workflow {
    step_3TX_species__kmerfinder(getInput());
    step_1PP_trimming__fastp(getInput());
    step_2AS_denovo__spades(getInput())
}","nextflow.enable.dsl=2

include { getSingleInput; optionalOrDefault; param } from '../functions/parameters.nf'
include { step_3TX_species__kmerfinder } from '../steps/step_3TX_species__kmerfinder'
include { step_1PP_trimming__fastp } from '../steps/step_1PP_trimming__fastp'
include { step_2AS_denovo__shovill } from '../steps/step_2AS_denovo__shovill'
workflow {
    raw = getSingleInput()
    step_3TX_species__kmerfinder(raw)
    trimmed   = step_1PP_trimming__fastp(raw).trimmed
    assembled = step_2AS_denovo__shovill(trimmed).assembly
}
"
"Q07_mash_fastp_spades_lis","Q07_mash_fastp_spades_lis","Q07","In parallel, identify the species with mash and trim+assemble paired Illumina FASTQ of Listeria monocytogenes with fastp + spades.","Y","Y","none","","7","7","Y","","","","step_1PP_trimming__fastp, step_2AS_denovo__spades, step_3TX_species__mash","step_3TX_species__mash, step_1PP_trimming__fastp, step_2AS_denovo__spades","step_1PP_trimming__fastp, step_2AS_denovo__spades, step_3TX_species__mash","944","43","3","2","12.7","Great! I'll proceed with the pipeline you approved. Here's the plan:

1. **Species identification**: Using `step_3TX_species__mash`
2. **Trimming**: Using `step_1PP_trimming__fastp` for paired Illumina reads
3. **Assembly**: Using `step_2AS_denovo__spades`

I'll set this up now.","nextflow.enable.dsl=2

// --- IMPORTS ---

include { step_3TX_species__mash } from '../steps/step_3TX_species__mash'

include { extractKey } from '../functions/common.nf'

include { step_2AS_denovo__spades } from '../steps/step_2AS_denovo__spades'

include { getSingleInput } from '../functions/parameters.nf'

include { step_1PP_trimming__fastp } from '../steps/step_1PP_trimming__fastp'

// --- GLOBALS ---

// --- INLINE PROCESSES ---

// --- SUB WORKFLOWS ---

workflow wf_listeria_analysis {
    
    take:
        
        rawreads
        
    
    main:
        rawreads.cross(rawreads) { extractKey(it) }.multiMap {
          reads: it[0]
        }.set { reads_for_mash }
        step_3TX_species__mash(reads_for_mash.reads)

        trimmed = step_1PP_trimming__fastp(rawreads).trimmed

        assembly = step_2AS_denovo__spades(trimmed).assembled
    
}

// --- ENTRYPOINT ---
workflow {
    wf_listeria_analysis(getSingleInput())
}","nextflow.enable.dsl=2

include { getSingleInput; optionalOrDefault; param } from '../functions/parameters.nf'
include { step_3TX_species__mash } from '../steps/step_3TX_species__mash'
include { step_1PP_trimming__fastp } from '../steps/step_1PP_trimming__fastp'
include { step_2AS_denovo__spades } from '../steps/step_2AS_denovo__spades'
workflow {
    raw = getSingleInput()
    step_3TX_species__mash(raw)
    trimmed   = step_1PP_trimming__fastp(raw).trimmed
    assembled = step_2AS_denovo__spades(trimmed).assembled
}
"
"Q08_mash_fastp_spades_eco","Q08_mash_fastp_spades_eco","Q08","In parallel, identify the species with mash and trim+assemble paired Illumina FASTQ of Escherichia coli with fastp + spades.","Y","Y","none","","7","7","Y","","","","step_1PP_trimming__fastp, step_2AS_denovo__spades, step_3TX_species__mash","step_3TX_species__mash, step_1PP_trimming__fastp, step_2AS_denovo__spades","step_1PP_trimming__fastp, step_2AS_denovo__spades, step_3TX_species__mash","1015","56","3","2","9.4","Understood. I will create a pipeline that:
1. Identifies species using Mash
2. Trims paired Illumina FASTQ reads with Fastp
3. Assembles the trimmed reads with SPAdes

This will run the species identification in parallel with the trimming and assembly steps.","nextflow.enable.dsl=2

// --- IMPORTS ---

include { step_3TX_species__mash } from '../steps/step_3TX_species__mash'

include { step_1PP_trimming__fastp } from '../steps/step_1PP_trimming__fastp'

include { getSingleInput } from '../functions/parameters.nf'

include { step_2AS_denovo__spades } from '../steps/step_2AS_denovo__spades'

// --- GLOBALS ---

// --- INLINE PROCESSES ---

// --- SUB WORKFLOWS ---

workflow wf_species_id {
    
    take:
        
        reads
        
    
    main:
        step_3TX_species__mash(reads)
    
}

workflow wf_trim_and_assemble {
    
    take:
        
        reads
        
    
    main:
        fastp_out = step_1PP_trimming__fastp(reads)
        assembly_filter_out = step_2AS_denovo__spades(fastp_out.trimmed)
    
    emit:
        
        trimmed = fastp_out.trimmed
        
        assembled = assembly_filter_out.fasta
        
    
}

// --- ENTRYPOINT ---
workflow {
    reads = getSingleInput()
    wf_species_id(reads)
    wf_trim_and_assemble(reads)
}","nextflow.enable.dsl=2

include { getSingleInput; optionalOrDefault; param } from '../functions/parameters.nf'
include { step_3TX_species__mash } from '../steps/step_3TX_species__mash'
include { step_1PP_trimming__fastp } from '../steps/step_1PP_trimming__fastp'
include { step_2AS_denovo__spades } from '../steps/step_2AS_denovo__spades'
workflow {
    raw = getSingleInput()
    step_3TX_species__mash(raw)
    trimmed   = step_1PP_trimming__fastp(raw).trimmed
    assembled = step_2AS_denovo__spades(trimmed).assembled
}
"
"Q09_mash_fastp_spades_sal","Q09_mash_fastp_spades_sal","Q09","In parallel, identify the species with mash and trim+assemble paired Illumina FASTQ of Salmonella enterica with fastp + spades.","Y","N","missing_param","ERROR ~ missing required param: step_3TX_species__kmerfinder__db","0","7","N","step_3TX_species__kmerfinder","step_3TX_species__mash","","step_1PP_trimming__fastp, step_2AS_denovo__spades, step_3TX_species__kmerfinder","step_3TX_species__kmerfinder, step_2AS_denovo__spades, step_1PP_trimming__fastp","step_1PP_trimming__fastp, step_2AS_denovo__spades, step_3TX_species__mash","1112","51","3","2","9.2","Great! I'll proceed with the pipeline using KmerFinder for species identification, fastp for trimming, and SPAdes for assembly. Here's the plan:

1. **Species Identification**: Use `step_3TX_species__kmerfinder` to identify Salmonella enterica from the reads
2. **Read Trimming**: Use `step_1PP_trimm","nextflow.enable.dsl=2

// --- IMPORTS ---

include { step_2AS_denovo__spades } from '../steps/step_2AS_denovo__spades'

include { step_1PP_trimming__fastp } from '../steps/step_1PP_trimming__fastp'

include { getSingleInput } from '../functions/parameters.nf'

include { step_3TX_species__kmerfinder } from '../steps/step_3TX_species__kmerfinder'

// --- GLOBALS ---

// --- INLINE PROCESSES ---

// --- SUB WORKFLOWS ---

workflow wf_salmonella_identification {
    
    take:
        
        rawreads
        
    
    main:
        rawreads.branch {
            species_id: true
            assembly: true
        }.set { branched }

        kmerfinder_out = step_3TX_species__kmerfinder(branched.species_id)
        spades_out = step_2AS_denovo__spades(branched.assembly)

        assigned_species = kmerfinder_out.assigned_species
        assembled = spades_out.assembled
    
    emit:
        
        assigned_species
        
        assembled
        
    
}

// --- ENTRYPOINT ---
workflow {
    trimmed = step_1PP_trimming__fastp(getSingleInput())
    wf_salmonella_identification(trimmed.trimmed)
}","nextflow.enable.dsl=2

include { getSingleInput; optionalOrDefault; param } from '../functions/parameters.nf'
include { step_3TX_species__mash } from '../steps/step_3TX_species__mash'
include { step_1PP_trimming__fastp } from '../steps/step_1PP_trimming__fastp'
include { step_2AS_denovo__spades } from '../steps/step_2AS_denovo__spades'
workflow {
    raw = getSingleInput()
    step_3TX_species__mash(raw)
    trimmed   = step_1PP_trimming__fastp(raw).trimmed
    assembled = step_2AS_denovo__spades(trimmed).assembled
}
"
"Q10_mash_fastp_shovill_lis","Q10_mash_fastp_shovill_lis","Q10","In parallel, identify the species with mash and trim+assemble paired Illumina FASTQ of Listeria monocytogenes with fastp + shovill.","Y","N","file_not_found","WARN: file not found: '/mnt/data/cohesive_llm_bench_scratch/_shared_inputdir/2026/2026.LIS.137.1.1/0SQ_rawreads/DS99999-DT260224_import/result/*.fastq*'","0","7","N","step_2AS_denovo__spades, step_3TX_species__kmerfinder","step_2AS_denovo__shovill, step_3TX_species__mash","","","step_3TX_species__kmerfinder, step_1PP_trimming__fastp, step_2AS_denovo__spades","step_1PP_trimming__fastp, step_2AS_denovo__shovill, step_3TX_species__mash","1619","84","3","2","133.2","Great! I'll set up the pipeline with:
1. Species identification using KmerFinder
2. Trimming with fastp
3. Assembly with SPAdes

This will process your paired Illumina FASTQ reads for Listeria monocytogenes.","nextflow.enable.dsl=2

// --- IMPORTS ---

include { getInput } from '../functions/parameters.nf'

include { extractKey } from '../functions/common.nf'

// --- GLOBALS ---

def KMERFINDER_SPECIES_DIR = ""${params.step_3TX_species__kmerfinder__db}""

def KMERFINDER_REFERENCE_DIR = ""${KMERFINDER_SPECIES_DIR}/Bacteria/Fasta/""

// --- INLINE PROCESSES ---

// --- SUB WORKFLOWS ---

workflow step_3TX_species__kmerfinder {
    
    take:
        
        data
        
    
    main:
        kmerfinder(data);
        assigned_species = kmerfinder.out.check.map { [ it[0], getCalculatedSpecies(it[1]), getBacterialReferencePath(it[1]) ] }
    
    emit:
        
        assigned_species
        
    
}

workflow step_1PP_trimming__fastp {
    
    take:
        
        rawreads
        
    
    main:
        trimmed = fastp(rawreads).trimmed;
        fastqc(trimmed);
        readsCheckInput = rawreads.cross(trimmed) { extractKey(it) }.multiMap {
          rawreads: it[0]
          trimmed: it[1]
        };
        sample_reads_check(readsCheckInput.rawreads, readsCheckInput.trimmed)
    
    emit:
        
        trimmed
        
    
}

workflow step_2AS_denovo__spades {
    
    take:
        
        data
        
    
    main:
        denovo(data);
        assembly_filter(denovo.out.scaffolds).fasta | quast;
        assembled = assembly_filter.out.fasta
    
    emit:
        
        assembled
        
    
}

// --- ENTRYPOINT ---
workflow {
    step_3TX_species__kmerfinder(getInput());
    step_1PP_trimming__fastp(getInput());
    step_2AS_denovo__spades(step_1PP_trimming__fastp.out.trimmed)
}","nextflow.enable.dsl=2

include { getSingleInput; optionalOrDefault; param } from '../functions/parameters.nf'
include { step_3TX_species__mash } from '../steps/step_3TX_species__mash'
include { step_1PP_trimming__fastp } from '../steps/step_1PP_trimming__fastp'
include { step_2AS_denovo__shovill } from '../steps/step_2AS_denovo__shovill'
workflow {
    raw = getSingleInput()
    step_3TX_species__mash(raw)
    trimmed   = step_1PP_trimming__fastp(raw).trimmed
    assembled = step_2AS_denovo__shovill(trimmed).assembly
}
"
"R01_kmerfinder_cam","R01_kmerfinder_cam","R01","kmerfinder on paired Illumina FASTQ of Campylobacter jejuni.","Y","Y","none","","4","1","N","step_1PP_trimming__fastp","","","step_1PP_trimming__fastp, step_3TX_species__kmerfinder","step_1PP_trimming__fastp, step_3TX_species__kmerfinder","step_3TX_species__kmerfinder","787","41","2","2","8.1","I'll build a pipeline for your paired Illumina FASTQ reads of Campylobacter jejuni using:
1. `step_1PP_trimming__fastp` for read trimming
2. `step_3TX_species__kmerfinder` for species identification

This will process your reads and identify the species using KmerFinder.","nextflow.enable.dsl=2

// --- IMPORTS ---

include { step_1PP_trimming__fastp } from '../steps/step_1PP_trimming__fastp'

include { getSingleInput } from '../functions/parameters.nf'

include { step_3TX_species__kmerfinder } from '../steps/step_3TX_species__kmerfinder'

// --- GLOBALS ---

// --- INLINE PROCESSES ---

// --- SUB WORKFLOWS ---

workflow wf_trim_and_identify_species {
    
    take:
        
        rawreads
        
    
    main:
        trimmed = step_1PP_trimming__fastp(rawreads).trimmed

        kmerfinder_out = step_3TX_species__kmerfinder(trimmed)

        assigned_species = kmerfinder_out.assigned_species
    
    emit:
        
        assigned_species
        
    
}

// --- ENTRYPOINT ---
workflow {
    wf_trim_and_identify_species(getSingleInput())
}","nextflow.enable.dsl=2

include { getInput; optionalOrDefault; param } from '../functions/parameters.nf'
include { step_3TX_species__kmerfinder } from '../steps/step_3TX_species__kmerfinder'
workflow {
    step_3TX_species__kmerfinder(getInput())
}
"
"R02_kmerfinder_sal","R02_kmerfinder_sal","R02","kmerfinder on paired Illumina FASTQ of Salmonella enterica.","Y","N","silent_no_op","No process placeholders appeared. when: clause filtered everything?","0","1","N","step_2AS_mapping__bowtie, step_4AN_AMR__abricate, step_4AN_AMR__staramr, step_4AN_genes__prokka, step_4TY_MLST__mlst, step_4TY_cgMLST__chewbbaca, step_4TY_flaA__flaA","","","step_2AS_mapping__bowtie, step_3TX_species__kmerfinder, step_4AN_AMR__abricate, step_4AN_AMR__staramr, step_4AN_genes__prokka, step_4TY_MLST__mlst, step_4TY_cgMLST__chewbbaca, step_4TY_flaA__flaA","step_3TX_species__kmerfinder, step_2AS_mapping__bowtie, step_4AN_AMR__abricate, step_4AN_genes__prokka, step_4AN_AMR__staramr, step_4TY_MLST__mlst, step_4TY_flaA__flaA, step_4TY_cgMLST__chewbbaca","step_3TX_species__kmerfinder","2240","76","8","2","9.7","I'll set up the `module_typing_bacteria` pipeline for your Salmonella enterica paired Illumina FASTQ reads. This will include KmerFinder for species identification along with other bacterial typing steps. I'll proceed with the exact pipeline as suggested.","nextflow.enable.dsl=2

// --- IMPORTS ---

include { step_2AS_mapping__bowtie } from '../steps/step_2AS_mapping__bowtie'

include { step_4TY_MLST__mlst } from '../steps/step_4TY_MLST__mlst'

include { step_4TY_flaA__flaA } from '../steps/step_4TY_flaA__flaA'

include { step_4AN_AMR__abricate } from '../steps/step_4AN_AMR__abricate'

include { extractKey; getEmpty } from '../functions/common.nf'

include { getAssembly; getTrimmedReads } from '../functions/parameters.nf'

include { step_4AN_AMR__staramr } from '../steps/step_4AN_AMR__staramr'

include { step_4TY_cgMLST__chewbbaca } from '../steps/step_4TY_cgMLST__chewbbaca'

include { step_4AN_genes__prokka } from '../steps/step_4AN_genes__prokka'

include { step_3TX_species__kmerfinder } from '../steps/step_3TX_species__kmerfinder'

// --- GLOBALS ---

// --- INLINE PROCESSES ---

// --- SUB WORKFLOWS ---

workflow module_typing_bacteria {
    
    take:
        
        trimmed
        
        assembly
        
    
    main:
        assigned_species = step_3TX_species__kmerfinder(assembly).assigned_species

        if (!params.skip_bestref_mapping) {
          trimmed.cross(assigned_species) { extractKey(it) }.multiMap {
            trimmed: it[0]
            species: it[1][1]
            referencePath: it[1][2]
          }.set { trimAndAndSpecies }
          step_2AS_mapping__bowtie(trimAndAndSpecies.trimmed, trimAndAndSpecies.referencePath)
        }

        step_4AN_AMR__abricate(assembly)

        step_4AN_genes__prokka(assembly.map{ [ it[0], it[1], 'Bacteria', '-', '-', getEmpty() ] })

        assembly.cross(assigned_species) { extractKey(it) }.multiMap {
          assembly: it[0]
          species: it[1][1]
        }.set { assemblyAndSpecies }

        step_4AN_AMR__staramr(assemblyAndSpecies.assembly, assemblyAndSpecies.species)
        step_4TY_MLST__mlst(assemblyAndSpecies.assembly)
        step_4TY_flaA__flaA(assemblyAndSpecies.assembly, assemblyAndSpecies.species)
        step_4TY_cgMLST__chewbbaca(assemblyAndSpecies.assembly, assemblyAndSpecies.species, '')
    
    emit:
        
        genus_species = assigned_species
        
    
}

// --- ENTRYPOINT ---
workflow {
    module_typing_bacteria(getTrimmedReads(true), getAssembly())
}","nextflow.enable.dsl=2

include { getInput; optionalOrDefault; param } from '../functions/parameters.nf'
include { step_3TX_species__kmerfinder } from '../steps/step_3TX_species__kmerfinder'
workflow {
    step_3TX_species__kmerfinder(getInput())
}
"
"R03_mash_sal","R03_mash_sal","R03","mash on paired Illumina FASTQ of Salmonella enterica.","Y","N","file_not_found","WARN: file not found: '/mnt/data/cohesive_llm_bench_scratch/_shared_inputdir/2026/2026.SAL.133.1.1/0SQ_rawreads/DS99999-DT260224_import/result/*.fastq*'","0","1","N","step_1PP_trimming__fastp","","","","step_1PP_trimming__fastp, step_3TX_species__mash","step_3TX_species__mash","925","55","2","2","6.8","I'll proceed with the pipeline for your Salmonella enterica paired Illumina reads. Here's the plan:

1. **Read Preprocessing**: Fastp (`step_1PP_trimming__fastp`) for trimming Illumina reads
2. **Taxonomy**: Mash (`step_3TX_species__mash`) for species identification

Since Mash doesn't emit outputs ","nextflow.enable.dsl=2

// --- IMPORTS ---

include { getInput } from '../functions/parameters.nf'

include { extractKey } from '../functions/common.nf'

// --- GLOBALS ---

// --- INLINE PROCESSES ---

// --- SUB WORKFLOWS ---

workflow step_1PP_trimming__fastp {
    
    take:
        
        rawreads
        
    
    main:
        trimmed = fastp(rawreads).trimmed

        fastqc(trimmed)
        readsCheckInput = rawreads.cross(trimmed) { extractKey(it) }.multiMap {
          rawreads: it[0]
          trimmed: it[1]
        }
        sample_reads_check(readsCheckInput.rawreads, readsCheckInput.trimmed)
    
    emit:
        
        trimmed
        
    
}

workflow step_3TX_species__mash {
    
    take:
        
        reads
        
    
    main:
        mash(reads)
    
}

// --- ENTRYPOINT ---
workflow {
    trimmed = step_1PP_trimming__fastp(getInput()).trimmed
    step_3TX_species__mash(trimmed)
}","nextflow.enable.dsl=2

include { getSingleInput; optionalOrDefault; param } from '../functions/parameters.nf'
include { step_3TX_species__mash } from '../steps/step_3TX_species__mash'
workflow {
    step_3TX_species__mash(getSingleInput())
}
"
"R04_mash_eco","R04_mash_eco","R04","mash on paired Illumina FASTQ of Escherichia coli.","Y","Y","none","","11","1","N","step_2AS_mapping__ivar, step_4TY_lineage__pangolin","step_3TX_species__mash","","step_2AS_mapping__ivar, step_4TY_lineage__pangolin","step_2AS_mapping__ivar, step_4TY_lineage__pangolin","step_3TX_species__mash","1003","44","2","2","10.5","Great! I'll create a pipeline that:
1. Trims the Illumina reads with Fastp
2. Runs Mash for species identification
3. Assembles the genome with SPAdes
4. Annotates with Prokka
5. Performs MLST typing

This will give you a complete analysis of your Escherichia coli paired Illumina reads.","nextflow.enable.dsl=2

// --- IMPORTS ---

include { step_2AS_mapping__ivar } from '../steps/step_2AS_mapping__ivar'

include { getSingleInput } from '../functions/parameters.nf'

include { step_4TY_lineage__pangolin } from '../steps/step_4TY_lineage__pangolin'

// --- GLOBALS ---

def referenceCode = 'NC_045512.2'

def referencePath = ""${params.assets_dir}/module_covid_emergency/NC_045512.fasta""

def referenceRiscd = '220308-020220308005121273-2AS_import-external'

// --- INLINE PROCESSES ---

// --- SUB WORKFLOWS ---

workflow module_covid_emergency {
    
    take:
        
        trimmed
        
    
    main:
        trimmed.multiMap {
            trimmed: it
            reference: [ referenceRiscd, referenceCode, file(referencePath) ]
        }.set { trAndRef }

        ivar_out = step_2AS_mapping__ivar(trAndRef.trimmed, trAndRef.reference)
        step_4TY_lineage__pangolin(ivar_out.consensus)
    
}

// --- ENTRYPOINT ---
workflow {
    module_covid_emergency(getSingleInput())
}","nextflow.enable.dsl=2

include { getSingleInput; optionalOrDefault; param } from '../functions/parameters.nf'
include { step_3TX_species__mash } from '../steps/step_3TX_species__mash'
workflow {
    step_3TX_species__mash(getSingleInput())
}
"
"R05_kraken2_lis","R05_kraken2_lis","R05","kraken2 on paired Illumina FASTQ of Listeria monocytogenes.","N","N","no_code","http exception: HTTPConnectionPool(host='127.0.0.1', port=8765): Read timed out. (read timeout=180)","0","2","N","","step_3TX_class__kraken2","","","","step_3TX_class__kraken2","0","0","0","2","183.3","","","nextflow.enable.dsl=2

include { getSingleInput; optionalOrDefault; param } from '../functions/parameters.nf'
include { step_3TX_class__kraken2 } from '../steps/step_3TX_class__kraken2'
workflow {
    step_3TX_class__kraken2(getSingleInput())
}
"
"R06_kraken2_eco","R06_kraken2_eco","R06","kraken2 on paired Illumina FASTQ of Escherichia coli.","Y","Y","none","","5","2","N","step_1PP_trimming__fastp","","","step_1PP_trimming__fastp, step_3TX_class__kraken2","step_1PP_trimming__fastp, step_3TX_class__kraken2","step_3TX_class__kraken2","715","38","2","2","6.3","Understood. I'll proceed with the pipeline using Fastp for trimming and Kraken2 for taxonomy classification on your paired Illumina FASTQ reads of Escherichia coli.","nextflow.enable.dsl=2

// --- IMPORTS ---

include { step_1PP_trimming__fastp } from '../steps/step_1PP_trimming__fastp'

include { getSingleInput } from '../functions/parameters.nf'

include { step_3TX_class__kraken2 } from '../steps/step_3TX_class__kraken2'

// --- GLOBALS ---

// --- INLINE PROCESSES ---

// --- SUB WORKFLOWS ---

workflow wf_trim_and_classify {
    
    take:
        
        rawreads
        
    
    main:
        trimmed = step_1PP_trimming__fastp(rawreads).trimmed
        kraken2_out = step_3TX_class__kraken2(trimmed)
    
    emit:
        
        genus_report = kraken2_out.genus_report
        
    
}

// --- ENTRYPOINT ---
workflow {
    wf_trim_and_classify(getSingleInput())
}","nextflow.enable.dsl=2

include { getSingleInput; optionalOrDefault; param } from '../functions/parameters.nf'
include { step_3TX_class__kraken2 } from '../steps/step_3TX_class__kraken2'
workflow {
    step_3TX_class__kraken2(getSingleInput())
}
"
"R07_kraken2_sal","R07_kraken2_sal","R07","kraken2 on paired Illumina FASTQ of Salmonella enterica.","Y","N","file_not_found","WARN: file not found: '/mnt/data/cohesive_llm_bench_scratch/_shared_inputdir/2026/2026.SAL.134.1.1/0SQ_rawreads/DS99999-DT260224_import/result/*.fastq*'","0","2","Y","","","","step_3TX_class__kraken2","step_3TX_class__kraken2","step_3TX_class__kraken2","1234","67","1","2","10.9","Great! I'll set up a pipeline with Fastp for trimming your paired Illumina reads, followed by Kraken2 for taxonomic classification of Salmonella enterica. This will give you a genus report from Kraken2.

Here's the plan:
1. **Trimming**: Fastp (`step_1PP_trimming__fastp`) - Input: paired Illumina FA","nextflow.enable.dsl=2

// --- IMPORTS ---

include { extractKey } from '../functions/common.nf'

include { getSingleInput } from '../functions/parameters.nf'

include { step_3TX_class__kraken2 } from '../steps/step_3TX_class__kraken2'

// --- GLOBALS ---

// --- INLINE PROCESSES ---

// --- SUB WORKFLOWS ---

workflow wf_salmonella_classification {
    
    take:
        
        trimmed
        
    
    main:
        trimmed.multiMap {
            trimmed: it
        }.set { trAndRef }

        kraken2_out = step_3TX_class__kraken2(trAndRef.trimmed)
    
    emit:
        
        genus_report = kraken2_out.genus_report
        
    
}

workflow wf_trimming {
    
    take:
        
        rawreads
        
    
    main:
        trimmed = fastp(rawreads).trimmed

        fastqc(trimmed)
        readsCheckInput = rawreads.cross(trimmed) { extractKey(it) }.multiMap {
            rawreads: it[0]
            trimmed: it[1]
        }
        sample_reads_check(readsCheckInput.rawreads, readsCheckInput.trimmed)
    
    emit:
        
        trimmed
        
    
}

// --- ENTRYPOINT ---
workflow {
    rawreads = getSingleInput()
    trimmed = wf_trimming(rawreads).trimmed
    wf_salmonella_classification(trimmed)
}","nextflow.enable.dsl=2

include { getSingleInput; optionalOrDefault; param } from '../functions/parameters.nf'
include { step_3TX_class__kraken2 } from '../steps/step_3TX_class__kraken2'
workflow {
    step_3TX_class__kraken2(getSingleInput())
}
"
"R08_kraken2_cam","R08_kraken2_cam","R08","kraken2 on paired Illumina FASTQ of Campylobacter jejuni.","Y","Y","none","","5","2","N","step_1PP_trimming__fastp","","","step_1PP_trimming__fastp, step_3TX_class__kraken2","step_1PP_trimming__fastp, step_3TX_class__kraken2","step_3TX_class__kraken2","735","38","2","2","7.6","Understood. I will proceed with the following pipeline:

1. **Trimming**: Use Fastp (`step_1PP_trimming__fastp`) to trim the paired-end Illumina reads.
2. **Taxonomic Classification**: Use Kraken2 (`step_3TX_class__kraken2`) to classify the trimmed reads.

This will give you taxonomic classification","nextflow.enable.dsl=2

// --- IMPORTS ---

include { step_1PP_trimming__fastp } from '../steps/step_1PP_trimming__fastp'

include { getSingleInput } from '../functions/parameters.nf'

include { step_3TX_class__kraken2 } from '../steps/step_3TX_class__kraken2'

// --- GLOBALS ---

// --- INLINE PROCESSES ---

// --- SUB WORKFLOWS ---

workflow wf_trimming_and_classification {
    
    take:
        
        rawreads
        
    
    main:
        trimmed = step_1PP_trimming__fastp(rawreads).trimmed
        kraken2_out = step_3TX_class__kraken2(trimmed)
    
    emit:
        
        genus_report = kraken2_out.genus_report
        
    
}

// --- ENTRYPOINT ---
workflow {
    wf_trimming_and_classification(getSingleInput())
}","nextflow.enable.dsl=2

include { getSingleInput; optionalOrDefault; param } from '../functions/parameters.nf'
include { step_3TX_class__kraken2 } from '../steps/step_3TX_class__kraken2'
workflow {
    step_3TX_class__kraken2(getSingleInput())
}
"
"S01_fastp_lis","S01_fastp_lis","S01","fastp read trimming on illumina paired FASTQ of Listeria monocytogenes.","Y","Y","file_not_found","WARN: file not found: '/mnt/data/cohesive_llm_bench_scratch/_shared_inputdir/2026/2026.LIS.139.1.1/0SQ_rawreads/DS99999-DT260224_import/result/*.fastq*'","3","3","Y","","","","step_1PP_trimming__fastp","step_1PP_trimming__fastp","step_1PP_trimming__fastp","1156","57","1","2","7.7","Great! I'll proceed with the fastp trimming step for your Illumina paired FASTQ reads of Listeria monocytogenes.","nextflow.enable.dsl=2

// --- IMPORTS ---

include { getInput; hasEnoughFastqData; hasFastqData } from '../functions/parameters.nf'

include { step_1PP_trimming__fastp } from '../steps/step_1PP_trimming__fastp'

// --- GLOBALS ---

// --- INLINE PROCESSES ---

// --- SUB WORKFLOWS ---

workflow module_reads_processing {
    
    take:
        
        rawReads
        
    
    main:
        rawReads.branch {
            with_data: hasFastqData(it[1])
            no_reads: true
        }.set { ch_raw }

        proc_fastp = step_1PP_trimming__fastp(ch_raw.with_data)

        proc_fastp.trimmed.branch {
            with_data: hasEnoughFastqData(it[1])
            insufficient: true
        }.set { ch_final }

        assembly_result = assembly(ch_final.with_data)

        qc_result = qc_quast(assembly_result)
    
    emit:
        
        no_reads = ch_raw.no_reads
        
        trimmed_with_data = ch_final.with_data
        
        insufficient_number_of_reads = ch_final.insufficient
        
        assembly_result
        
        qc_result
        
    
}

// --- ENTRYPOINT ---
workflow {
    module_reads_processing(getInput())
}","nextflow.enable.dsl=2

include { getInput; optionalOrDefault; param } from '../functions/parameters.nf'
include { step_1PP_trimming__fastp } from '../steps/step_1PP_trimming__fastp'
workflow {
    step_1PP_trimming__fastp(getInput())
}
"
"S02_fastp_sal","S02_fastp_sal","S02","fastp read trimming on illumina paired FASTQ of Salmonella enterica.","Y","Y","file_not_found","WARN: file not found: '/mnt/data/cohesive_llm_bench_scratch/_shared_inputdir/2026/2026.SAL.135.1.1/0SQ_rawreads/DS99999-DT260224_import/result/*.fastq*'","5","3","N","step_0SQ_rawreads__fastq","","","step_0SQ_rawreads__fastq, step_1PP_trimming__fastp","step_0SQ_rawreads__fastq, step_1PP_trimming__fastp","step_1PP_trimming__fastp","711","39","2","2","7.8","Great! I'll proceed with the pipeline using fastp for trimming your Illumina paired FASTQ reads of Salmonella enterica. I'll also include FastQC for quality control before and after trimming.

Here's the plan:
1. Start with raw read quality control using FastQC
2. Trim the reads using fastp
3. Run F","nextflow.enable.dsl=2

// --- IMPORTS ---

include { step_1PP_trimming__fastp } from '../steps/step_1PP_trimming__fastp'

include { getSingleInput } from '../functions/parameters.nf'

include { step_0SQ_rawreads__fastq } from '../steps/step_0SQ_rawreads__fastq'

// --- GLOBALS ---

// --- INLINE PROCESSES ---

// --- SUB WORKFLOWS ---

workflow wf_qc_and_trimming {
    
    take:
        
        rawreads
        
    
    main:
        step_0SQ_rawreads__fastq(rawreads)
        trimmed = step_1PP_trimming__fastp(rawreads).trimmed
        step_0SQ_rawreads__fastq(trimmed)
    
    emit:
        
        trimmed
        
    
}

// --- ENTRYPOINT ---
workflow {
    wf_qc_and_trimming(getSingleInput())
}","nextflow.enable.dsl=2

include { getInput; optionalOrDefault; param } from '../functions/parameters.nf'
include { step_1PP_trimming__fastp } from '../steps/step_1PP_trimming__fastp'
workflow {
    step_1PP_trimming__fastp(getInput())
}
"
"S03_trimmomatic_eco","S03_trimmomatic_eco","S03","trimmomatic read trimming on illumina paired FASTQ of Escherichia coli.","Y","N","silent_no_op","No process placeholders appeared. when: clause filtered everything?","0","3","Y","","","","","step_1PP_trimming__trimmomatic","step_1PP_trimming__trimmomatic","2116","78","1","2","7.7","I will use the `step_1PP_trimming__trimmomatic` component for trimming your Illumina paired FASTQ reads of Escherichia coli. This will output trimmed reads for downstream analysis.

**Pipeline Plan:**
1. Input: Illumina paired FASTQ reads
2. Step: `step_1PP_trimming__trimmomatic` (trimmomatic)
3. Ou","nextflow.enable.dsl=2

// --- IMPORTS ---

include { extractKey; getRisCd; parseMetadataFromFileName } from '../functions/common.nf'

include { getInput; isIlluminaPaired; isIonTorrent } from '../functions/parameters.nf'

// --- GLOBALS ---

// --- INLINE PROCESSES ---

process trimmomatic {
    container 'quay.io/biocontainers/trimmomatic:0.36--6'
    
    input:
    
    tuple val(riscd_input), path(reads)
    
    
    output:
    
    tuple val(riscd), path('*.fastq.gz'), emit: fastq
    
    path '{*trimmomatic.log,*.json}'
    
    path '*.sh', hidden: true
    
    
    script:
    """"""
(r1,r2) = (reads instanceof java.util.Collection) ? reads : [reads, null]
md = parseMetadataFromFileName(r1.getName())
base = ""${md.ds}-${ex.dt}_${md.cmp}""
riscd = getRisCd(md, ex, STEP, METHOD)
if (isIlluminaPaired(reads)) {
  """"""
    trimmomatic PE -threads 2 -phred33 $r1 $r2 ${base}_R1_trimmomatic.fastq.gz ${base}_R1_unpaired.fastq.gz ${base}_R2_trimmomatic.fastq.gz ${base}_R2_unpaired.fastq.gz ILLUMINACLIP:/usr/local/share/trimmomatic-0.36-6/adapters/NexteraPE-PE.fa:2:30:10 LEADING:25 TRAILING:25 SLIDINGWINDOW:20:25 MINLEN:36 2>> ${base}_trimmomatic.log;
    cat ${base}_R1_unpaired.fastq.gz ${base}_R2_unpaired.fastq.gz > ${base}_unpaired_trimmomatic.fastq.gz
    rm  ${base}_R1_unpaired.fastq.gz ${base}_R2_unpaired.fastq.gz
  """"""
} else if (isIonTorrent(reads)) {
  """"""
    trimmomatic SE -threads 2 -phred33 $r1 ${base}_R1_trimmomatic.fastq.gz LEADING:3 TRAILING:3 SLIDINGWINDOW:5:20 MINLEN:55 2>> ${base}_trimmomatic.log
  """"""
}
    """"""
}

// --- SUB WORKFLOWS ---

workflow step_1PP_trimming__trimmomatic {
    
    take:
        
        rawreads
        
    
    main:
        trimmed = trimmomatic(rawreads).fastq;
        fastqc(trimmed)
        readsCheckInput = rawreads.cross(trimmed) { extractKey(it) }.multiMap {
          rawreads: it[0]
          trimmed: it[1]
        }
        sample_reads_check(readsCheckInput.rawreads, readsCheckInput.trimmed)
    
    emit:
        
        trimmed
        
    
}

// --- ENTRYPOINT ---
workflow {
    step_1PP_trimming__trimmomatic(getInput())
}","nextflow.enable.dsl=2

include { getInput; optionalOrDefault; param } from '../functions/parameters.nf'
include { step_1PP_trimming__trimmomatic } from '../steps/step_1PP_trimming__trimmomatic'
workflow {
    step_1PP_trimming__trimmomatic(getInput())
}
"
"S04_trimmomatic_cam","S04_trimmomatic_cam","S04","trimmomatic read trimming on illumina paired FASTQ of Campylobacter jejuni.","Y","N","silent_no_op","No process placeholders appeared. when: clause filtered everything?","0","3","Y","","","","","step_1PP_trimming__trimmomatic","step_1PP_trimming__trimmomatic","2116","78","1","2","7.5","Great! I'll proceed with the Trimmomatic trimming step for your Illumina paired FASTQ reads of Campylobacter jejuni. This will clean up the reads before further analysis.

Here's the plan:
1. Use `step_1PP_trimming__trimmomatic` for read trimming
2. Input: Illumina paired FASTQ reads
3. Output: Trim","nextflow.enable.dsl=2

// --- IMPORTS ---

include { extractKey; getRisCd; parseMetadataFromFileName } from '../functions/common.nf'

include { getInput; isIlluminaPaired; isIonTorrent } from '../functions/parameters.nf'

// --- GLOBALS ---

// --- INLINE PROCESSES ---

process trimmomatic {
    container 'quay.io/biocontainers/trimmomatic:0.36--6'
    
    input:
    
    tuple val(riscd_input), path(reads)
    
    
    output:
    
    tuple val(riscd), path('*.fastq.gz'), emit: fastq
    
    path '{*trimmomatic.log,*.json}'
    
    path '*.sh', hidden: true
    
    
    script:
    """"""
(r1,r2) = (reads instanceof java.util.Collection) ? reads : [reads, null]
md = parseMetadataFromFileName(r1.getName())
base = ""${md.ds}-${ex.dt}_${md.cmp}""
riscd = getRisCd(md, ex, STEP, METHOD)
if (isIlluminaPaired(reads)) {
  """"""
    trimmomatic PE -threads 2 -phred33 $r1 $r2 ${base}_R1_trimmomatic.fastq.gz ${base}_R1_unpaired.fastq.gz ${base}_R2_trimmomatic.fastq.gz ${base}_R2_unpaired.fastq.gz ILLUMINACLIP:/usr/local/share/trimmomatic-0.36-6/adapters/NexteraPE-PE.fa:2:30:10 LEADING:25 TRAILING:25 SLIDINGWINDOW:20:25 MINLEN:36 2>> ${base}_trimmomatic.log;
    cat ${base}_R1_unpaired.fastq.gz ${base}_R2_unpaired.fastq.gz > ${base}_unpaired_trimmomatic.fastq.gz
    rm  ${base}_R1_unpaired.fastq.gz ${base}_R2_unpaired.fastq.gz
  """"""
} else if (isIonTorrent(reads)) {
  """"""
    trimmomatic SE -threads 2 -phred33 $r1 ${base}_R1_trimmomatic.fastq.gz LEADING:3 TRAILING:3 SLIDINGWINDOW:5:20 MINLEN:55 2>> ${base}_trimmomatic.log
  """"""
}
    """"""
}

// --- SUB WORKFLOWS ---

workflow step_1PP_trimming__trimmomatic {
    
    take:
        
        rawreads
        
    
    main:
        trimmed = trimmomatic(rawreads).fastq;
        fastqc(trimmed)
        readsCheckInput = rawreads.cross(trimmed) { extractKey(it) }.multiMap {
          rawreads: it[0]
          trimmed: it[1]
        }
        sample_reads_check(readsCheckInput.rawreads, readsCheckInput.trimmed)
    
    emit:
        
        trimmed
        
    
}

// --- ENTRYPOINT ---
workflow {
    step_1PP_trimming__trimmomatic(getInput())
}","nextflow.enable.dsl=2

include { getInput; optionalOrDefault; param } from '../functions/parameters.nf'
include { step_1PP_trimming__trimmomatic } from '../steps/step_1PP_trimming__trimmomatic'
workflow {
    step_1PP_trimming__trimmomatic(getInput())
}
"
"S05_chopper_lis","S05_chopper_lis","S05","chopper read trimming on nanopore FASTQ of Listeria monocytogenes.","N","N","no_code","http exception: HTTPConnectionPool(host='127.0.0.1', port=8765): Read timed out. (read timeout=180)","0","2","N","","step_1PP_trimming__chopper","","","","step_1PP_trimming__chopper","0","0","0","2","182.9","","","nextflow.enable.dsl=2

include { getInput; optionalOrDefault; param } from '../functions/parameters.nf'
include { step_1PP_trimming__chopper } from '../steps/step_1PP_trimming__chopper'
workflow {
    step_1PP_trimming__chopper(getInput())
}
"
"S06_chopper_sal","S06_chopper_sal","S06","chopper read trimming on nanopore FASTQ of Salmonella enterica.","Y","N","silent_no_op","No process placeholders appeared. when: clause filtered everything?","0","2","N","","step_1PP_trimming__chopper","","","","step_1PP_trimming__chopper","1587","46","0","2","10.0","Great! I'll proceed with the chopper read trimming for your Nanopore FASTQ of Salmonella enterica. This is the correct tool for this sequencing technology and organism.","nextflow.enable.dsl=2

// --- IMPORTS ---

include { optionalOrDefault; param } from '../functions/parameters.nf'

include { multi_clustering__reportree } from '../multi/multi_clustering__reportree'

include { getEmpty } from '../functions/common.nf'

// --- GLOBALS ---

// --- INLINE PROCESSES ---

// --- SUB WORKFLOWS ---

workflow module_surveillance {
    
    main:
        if (getReportreeInputType() == 'alleles') {
          include { multi_clustering__reportree } from ""../multi/multi_clustering__reportree_alleles""
          include { getAlleles as inputFn } from ""../multi/multi_clustering__reportree_alleles""
        } else if (getReportreeInputType() == 'alignment') {
          include { multi_clustering__reportree } from ""../multi/multi_clustering__reportree_alignment""
          include { getInput as inputFn } from '../functions/parameters.nf'
        } else {
          include { multi_clustering__reportree } from ""../multi/multi_clustering__reportree_vcf""
          include { getVCFs as inputFn } from '../functions/parameters.nf'
        }

        def getReportreeInputType() {
            def res = param('multi_clustering__reportree__input')
            if (!(res in ['alleles', 'vcf', 'alignment'])) {
                exit 2, ""params (multi_clustering__reportree__input) not valid""
            }
            return res
        }

        multi_clustering__reportree(inputFn(),  param('metadata'), param('geodata'), optionalOrDefault('multi_clustering__reportree__nomenclature', getEmpty()))
    
}

// --- ENTRYPOINT ---
workflow {
    module_surveillance()
}","nextflow.enable.dsl=2

include { getInput; optionalOrDefault; param } from '../functions/parameters.nf'
include { step_1PP_trimming__chopper } from '../steps/step_1PP_trimming__chopper'
workflow {
    step_1PP_trimming__chopper(getInput())
}
"
"S07_chopper_cam","S07_chopper_cam","S07","chopper read trimming on nanopore FASTQ of Campylobacter jejuni.","Y","Y","none","","2","2","Y","","","","","step_1PP_trimming__chopper","step_1PP_trimming__chopper","1318","80","1","2","6.6","I'll set up a pipeline using `chopper` for trimming your Nanopore FASTQ reads of Campylobacter jejuni. This will output trimmed reads ready for downstream analysis.","nextflow.enable.dsl=2

// --- IMPORTS ---

include { getInput } from '../functions/parameters.nf'

// --- GLOBALS ---

// --- INLINE PROCESSES ---

process chopper {
    container 'quay.io/biocontainers/chopper:0.7.0--hdcf5f25_0'
    
    input:
    
    tuple val(riscd_input), path(reads)
    
    
    output:
    
    path '*'
    
    tuple val(riscd), path('*.fastq.gz'), emit: trimmed
    
    path '{*.sh,*.log}', hidden: true
    
    
    script:
    """"""
zcat $r1 | chopper ${quality} ${minlength} ${maxlength} \
          ${headcrop} ${tailcrop} \
          --threads $task.cpus | gzip > ${base}_R1.fastq.gz
    """"""
}

process nanoplot {
    container 'quay.io/biocontainers/nanoplot:1.41.3--pyhdfd78af_0'
    
    input:
    
    tuple val(riscd_input), path(reads)
    
    
    output:
    
    path '*'
    
    path '{*.sh,*.log}', hidden: true
    
    
    script:
    """"""
NanoPlot -t ${task.cpus} --fastq ${reads} --tsv_stats --no_static -o . -p ${base}_
    """"""
}

// --- SUB WORKFLOWS ---

workflow step_1PP_trimming__chopper {
    
    take:
        
        rawreads
        
    
    main:
        trimmed = chopper(rawreads).trimmed
        nanoplot(trimmed)
    
    emit:
        
        trimmed
        
    
}

// --- ENTRYPOINT ---
workflow {
    step_1PP_trimming__chopper(getInput())
}","nextflow.enable.dsl=2

include { getInput; optionalOrDefault; param } from '../functions/parameters.nf'
include { step_1PP_trimming__chopper } from '../steps/step_1PP_trimming__chopper'
workflow {
    step_1PP_trimming__chopper(getInput())
}
"
